# ID<TAB>Original zh_CN/zh_TW label<TAB>Japanese; generated from signed localization tables
10080000000	选角场景	キャラクター選択画面
10080000000	選角場景	キャラクター選択画面
10080000001	时序之庭	時の庭
10080000001	時序之庭	時の庭
10080000002	特里图拉学院	クリトゥラ学園
10080000002	特里圖拉學院	クリトゥラ学園
10080000003	普隆德拉	プロンテラ
10080000004	伊斯鲁德	イズルード
10080000004	依斯鲁德	イズルード
10080000005	柏伊亚岚岛	バイラン島
10080000005	柏伊亞嵐島	バイラン島
10080000006	旅館	宿屋
10080000006	旅馆	宿屋
10080000007	图书馆	図書館
10080000007	圖書館	図書館
10080000008	大教堂	大聖堂
10080000009	王宫	王宮
10080000010	酒館	酒場
10080000010	酒馆	酒場
10080000011	普隆德拉东门	プロンテラ東門
10080000011	普隆德拉東門	プロンテラ東門
10080000012	普隆德拉南門	プロンテラ南門
10080000012	普隆德拉南门	プロンテラ南門
10080000013	普隆德拉西門	プロンテラ西門
10080000013	普隆德拉西门	プロンテラ西門
10080000014	普隆德拉北門	プロンテラ北門
10080000014	普隆德拉北门	プロンテラ北門
10080000015	海底洞窟 @{1}层	海底トンネル @{1}F
10080000015	海底洞窟 @{1}層	海底トンネル @{1}F
10080000016	下水道@{1}层	地下水路 @{1}階
10080000016	下水道@{1}層	地下水路 @{1}階
10080000017	斐扬	フェイヨン
10080000017	斐揚	フェイヨン
10080000018	弓箭手村	アーチャーの村
10080000019	斐扬南部	南フェイヨン
10080000019	斐揚南部	南フェイヨン
10080000020	波利岛	ポリン島
10080000020	波利島	ポリン島
10080000021	斐扬东南	フェイヨン南東部
10080000021	斐揚東南	フェイヨン南東部
10080000022	斐扬东部	東フェイヨン
10080000022	斐揚東部	東フェイヨン
10080000023	树林深处	ディープフォレスト
10080000023	樹林深處	ディープフォレスト
10080000024	斐扬树林	フェイヨンの森
10080000024	斐揚樹林	フェイヨンの森
10080000025	僵尸洞	フェイヨン洞窟
10080000025	斐揚地下	フェイヨン洞窟
10080000026	废弃村落	廃村
10080000026	廢棄村莊	廃村
10080000027	吉芬	ゲフェン
10080000028	兽人村落	オークの村
10080000028	獸人村落	オークの村
10080000029	克特森林	コルトの森
10080000030	吉芬北門	ゲフェン北門
10080000030	吉芬北门	ゲフェン北門
10080000031	吉芬郊野	ゲフェン郊外
10080000032	吉芬西門	ゲフェン西門
10080000032	吉芬西门	ゲフェン西門
10080000033	吉芬原野	ゲフェンフィールド
10080000033	吉芬旷野	ゲフェンフィールド
10080000034	哥布灵森林	ゴブリンの森
10080000034	哥布靈森林	ゴブリンの森
10080000035	吉芬东门	ゲフェン東門
10080000035	吉芬東門	ゲフェン東門
10080000036	兽人洞穴	オーク洞窟
10080000036	獸人洞穴	オーク洞窟
10080000037	吉芬塔 @{1}层	ゲフェンタワー @{1}F
10080000037	吉芬塔@{1}層	ゲフェンタワー @{1}F
10080000038	妙勒尼花园	ミョルニール庭園
10080000038	妙勒尼花園	ミョルニール庭園
10080000039	妙勒尼山脈	ミョルニール山脈
10080000039	妙勒尼山脉	ミョルニール山脈
10080000040	芋虫峡谷	ラーバキャニオン
10080000040	芋蟲峽谷	ラーバキャニオン
10080000041	迷藏森林	隠れた森
10080000042	废弃矿场	廃坑
10080000042	廢棄礦坑	廃坑
10080000043	夢羅克	モロック
10080000043	梦罗克	モロック
10080000044	沙漠岔道	砂漠の交差路
10080000045	沙漠之桥	砂漠の橋
10080000045	沙漠之橋	砂漠の橋
10080000046	苏克拉特沙漠	ソグラト砂漠
10080000046	蘇克拉特沙漠	ソグラト砂漠
10080000047	夢羅克南部	南モロック
10080000047	梦罗克南部	南モロック
10080000048	苏克拉特南部	ソグラト南部
10080000048	蘇克拉特南部	ソグラト南部
10080000049	夢羅克西部	モロック西部
10080000049	梦罗克西部	モロック西部
10080000050	巴不其卡森林	パプチカの森
10080000051	发乐斯灯塔岛	ファロス灯台
10080000051	發樂斯燈塔島	ファロス灯台
10080000052	蚂蚁密穴	蟻地獄
10080000052	螞蟻密穴	蟻地獄
10080000053	金字塔@{1}楼	ピラミッド @{1}F
10080000053	金字塔@{1}樓	ピラミッド @{1}F
10080000054	史芬克斯密穴 @{1}層	スフィンクスダンジョン @{1}F
10080000054	斯芬克斯密穴 @{1}层	スフィンクスダンジョン @{1}F
10080000055	艾尔贝塔	アルベルタ
10080000055	艾爾貝塔	アルベルタ
10080000056	樱花城	アマツ
10080000056	櫻花城	アマツ
10080000057	昆仑	コンロン
10080000057	昆崙	コンロン
10080000058	洛阳	洛陽
10080000059	哎呦泰雅	アヨタヤ
10080000059	唉唷泰雅	アヨタヤ
10080000060	德瓦他岛村	デワタ村
10080000060	德瓦他島村	デワタ村
10080000061	馬來港	ポートマラヤ
10080000061	马来港	ポートマラヤ
10080000062	沉沒之船	沈没船
10080000062	沉没之船	沈没船
10080000063	沉船迷宫@{1}楼	難破船の迷宮 @{1}F
10080000063	沉船迷宫@{1}樓	難破船の迷宮 @{1}F
10080000064	克雷斯特汉姆古城	古都グラストヘイム
10080000064	克雷斯特漢姆古城	古都グラストヘイム
10080000065	古城修道院	グラストヘイム修道院
10080000066	古城地上@{1}层	グラストヘイム地上 @{1}F
10080000066	古城地上@{1}層	グラストヘイム地上 @{1}F
10080000067	古城地下水道 @{1}楼	グラストヘイム地下水路 @{1}F
10080000067	古城地下水道@{1}樓	グラストヘイム地下水路 @{1}F
10080000068	古城騎士團@{1}樓	グラストヘイム騎士団 @{1}F
10080000068	古城骑士团@{1}楼	グラストヘイム騎士団 @{1}F
10080000069	古城地下洞窟@{1}层	グラストヘイム地下洞窟 @{1}F
10080000069	古城地下洞窟@{1}層	グラストヘイム地下洞窟 @{1}F
10080000070	古城地下公墓	グラストヘイム地下墓地
10080000071	古城地下监狱@{1}楼	グラストヘイム地下監獄 @{1}F
10080000071	古城地下監獄@{1}樓	グラストヘイム地下監獄 @{1}F
10080000072	界域沙盘-@{1}	領域サンドボックス-@{1}
10080000072	界域沙盤-@{1}	領域サンドボックス-@{1}
10080000073	制作人巢穴	プロデューサーの隠れ家
10080000073	製作人巢穴	プロデューサーの隠れ家
10470000000	grant	グラント
10470000000	格蘭特	グラント
10470000001	karl	カール
10470000001	卡爾	カール
10470000002	aldric	アルドリック
10470000002	奧德里克	アルドリック
10470000003	brynn	ブリン
10470000003	布琳	ブリン
10470000004	cedric	セドリック
10470000004	塞德里克	セドリック
10470000005	dara	ダラ
10470000005	妲菈	ダラ
10470000006	eirik	エイリク
10470000006	艾瑞克	エイリク
10470000007	fiona	フィオナ
10470000007	菲歐娜	フィオナ
10470000008	gareth	ガレス
10470000008	蓋瑞斯	ガレス
10470000009	hilda	ヒルダ
10470000009	希爾達	ヒルダ
10470000010	ivan	イヴァン
10470000010	伊凡	イヴァン
10470000011	jana	ヤナ
10470000011	雅娜	ヤナ
10470000012	kael	カエル
10470000012	凱爾	カエル
10470000013	lira	リラ
10470000013	莉拉	リラ
10470000014	magnus	マグナス
10470000014	馬格努斯	マグナス
10470000015	nora	ノラ
10470000015	諾拉	ノラ
10470000016	orion	オリオン
10470000016	奧利恩	オリオン
10470000017	petra	ペトラ
10470000017	佩特拉	ペトラ
10470000018	quinn	クイン
10470000018	昆恩	クイン
10470000019	rhea	レア
10470000019	瑞亞	レア
10470000020	soren	ソレン
10470000020	索倫	ソレン
10470000021	thalia	タリア
10470000021	塔莉雅	タリア
10470000022	ulric	ウルリック
10470000022	烏爾里克	ウルリック
10470000023	vera	ヴェラ
10470000023	薇拉	ヴェラ
10470000024	wren	レン
10470000024	雷恩	レン
10470000025	xara	ザラ
10470000025	薩菈	ザラ
10470000026	yuri	ユーリ
10470000026	尤里	ユーリ
10470000027	zara	ザラ
10470000027	札菈	ザラ
10470000028	asher	アッシャー
10470000028	亞瑟	アッシャー
10470000029	brie	ブリー
10470000029	布莉	ブリー
10470000030	挖宝点NPC	宝探し発掘地点NPC
10470000030	挖寶點NPC	宝探し発掘地点NPC
10470000031	神秘宝箱	謎の宝箱
10470000031	神秘寶箱	謎の宝箱
10470000032	寻宝点定位NPC	宝探しポイント案内NPC
10470000032	尋寶點定位NPC	宝探しポイント案内NPC
10470000033	普隆德拉保卫战工会捐赠NPC	プロンテラ防衛ギルド寄付NPC
10470000033	普隆德拉保衛戰公會捐獻NPC	プロンテラ防衛ギルド寄付NPC
10470000034	觀眾	謁見
10470000034	观众	謁見
10470000035	月夜猫	月夜花
10470000035	月夜貓	月夜花
10470000036	阿尔法	アルファ
10470000036	阿爾法	アルファ
10470000037	尼娅	ニア
10470000037	尼婭	ニア
10470000038	塞班	サイパン
10470000039	莉莉安	リリアン
10470000040	西弗	シフ
10470000041	保尔	ポール
10470000041	保爾	ポール
10470000042	露娜	ルナ
10470000043	任务区域	クエストエリア
10470000043	任務區域	クエストエリア
10470000044	聚光灯	スポットライト
10470000044	聚光燈	スポットライト
10470000045	灯球蓝	ブルーライトオーブ
10470000045	藍色燈球	ブルーライトオーブ
10470000046	灯球紫	パープルライトオーブ
10470000046	紫色燈球	パープルライトオーブ
10470000047	灯球红	レッドライトオーブ
10470000047	紅色燈球	レッドライトオーブ
10470000048	路易	ルイ
10470000049	玛莎	マーサ
10470000049	瑪莎	マーサ
10470000050	凯蒂	ケイティ
10470000050	凱蒂	ケイティ
10470000051	鈴鐺	ベル
10470000051	铃铛	ベル
10470000052	鬼火	ホロン
10470000053	兵蚁	デニーロ
10470000053	兵蟻	デニーロ
10470000054	团长	リーダー
10470000054	團長	リーダー
10470000055	思念粒子装置	メモリーパーティクル装置
10470000055	思念粒子裝置	メモリーパーティクル装置
10470000056	激昂	熱意
10470000057	火种	燃える石炭
10470000057	火種	燃える石炭
10470000058	中級火種	中級ライブコール
10470000058	中级火种	中級ライブコール
10470000059	高級火種	上級の生きた石炭
10470000059	高级火种	上級の生きた石炭
10470000060	火堆	焚火
10470000060	營火	焚火
10470000061	晚会主持人	パーティリーダー
10470000061	晚會主持人	パーティリーダー
10470000062	兽人英雄	オークヒーロー
10470000062	獸人英雄	オークヒーロー
10470000063	天使波利	エンジェリング
10470000064	恶魔波利	デビルリング
10470000064	惡魔波利	デビルリング
10470000065	巴風特	バフォメット
10470000065	巴风特	バフォメット
10470000066	将军魔碑	天下大将軍
10470000066	將軍魔碑	天下大将軍
10470000067	邪恶箱	ミミック
10470000067	邪惡箱	ミミック
10470000068	大嘴鳥蛋	ペコペコの卵
10470000068	大嘴鸟蛋	ペコペコの卵
10470000069	蛋壳小鸡	すごいピッキ
10470000069	蛋殼小雞	すごいピッキ
10470000070	溜溜猴	ヨーヨー
10470000071	狸猫	スモーキー
10470000071	狸貓	スモーキー
10470000072	波波利	ポポリン
10470000073	土波利	ドロップス
10470000074	冰波利	マリン
10470000075	喷射哥布灵	ゴブリンスチームライダー
10470000075	噴射哥布靈	ゴブリンスチームライダー
10470000076	研究笔记	研究ノート
10470000076	研究筆記	研究ノート
10470000077	小女孩	小さな女の子
10470000077	小姑娘	小さな女の子
10470000078	箱子	箱
10470000079	奇怪仪器	奇妙な装置
10470000079	奇怪儀器	奇妙な装置
10470000080	战备物资	軍需物資
10470000080	戰備物資	軍需物資
10470000081	单簇晶华矿石	単結晶鉱石
10470000081	單簇晶華礦石	単結晶鉱石
10470000082	复簇晶华矿石	二重結晶鉱石
10470000082	複簇晶華礦石	二重結晶鉱石
10470000083	多簇晶华矿石	マルチクラスター結晶鉱石
10470000083	多簇晶華礦石	マルチクラスター結晶鉱石
10470000084	晶化矿石	結晶化鉱石
10470000084	晶化礦石	結晶化鉱石
10470000085	領土戰陷阱寶箱	領地戦トラップチェスト
10470000085	领土战陷阱宝箱	領地戦トラップチェスト
10470000086	幻化手冊	変身マニュアル
10470000086	幻化手册	変身マニュアル
10470000087	烟花	花火
10470000087	煙火	花火
10470000088	石头	ストーン
10470000088	石頭	ストーン
10470000089	@{1}級多人測試@{2}/@{3}	Lv. @{1} マルチプレイテスト @{2}/@{3}
10470000089	@{1}级多人测试@{2}/@{3}	Lv. @{1} マルチプレイテスト @{2}/@{3}
10470000090	一次性自动采集测试	単発オート採集テスト
10470000090	一次性自動採集測試	単発オート採集テスト
10470000091	音符線索	音符の手がかり
10470000091	音符线索	音符の手がかり
10470000092	線索寶圖：奧丁雕像	手がかり宝の地図：オーディン像
10470000092	线索宝图：奥丁雕像	手がかり宝の地図：オーディン像
10470000093	線索寶圖：大教堂	手がかり宝の地図：大聖堂
10470000093	线索宝图：大教堂	手がかり宝の地図：大聖堂
10470000094	線索寶圖：旅館	手掛かり宝の地図：宿屋
10470000094	线索宝图：旅馆	手掛かり宝の地図：宿屋
10470000095	線索寶圖：圖書館	手がかり宝の地図：図書館
10470000095	线索宝图：图书馆	手がかり宝の地図：図書館
10470000096	線索寶圖：騎士團	手掛かり地図：騎士団
10470000096	线索宝图：骑士团	手掛かり地図：騎士団
10470000097	線索寶圖：帳篷與營火	手がかり宝の地図：テントと焚き火
10470000097	线索宝图：帐篷与篝火	手がかり宝の地図：テントと焚き火
10470000098	線索寶圖：大橋	手がかり宝の地図：大橋
10470000098	线索宝图：大桥	手がかり宝の地図：大橋
10470000099	線索寶圖：商店	手がかり宝の地図：ショップ
10470000099	线索宝图：商店	手がかり宝の地図：ショップ
10470000100	線索寶圖：鐵匠鋪	手がかり宝の地図：鍛冶屋
10470000100	线索宝图：铁匠铺	手がかり宝の地図：鍛冶屋
10470000101	線索寶圖：市集	手がかり宝の地図：市場
10470000101	线索宝图：市集	手がかり宝の地図：市場
10470000102	線索寶圖：小木桌	手がかり宝の地図：小さな木製テーブル
10470000102	线索宝图：小木桌	手がかり宝の地図：小さな木製テーブル
10470000103	線索寶圖：雕像	手がかり宝の地図：像
10470000103	线索宝图：雕像	手がかり宝の地図：像
10470000104	線索寶圖：木橋	手がかり宝の地図：木橋
10470000104	线索宝图：木桥	手がかり宝の地図：木橋
10470000105	線索寶圖：瞭望台	手がかり宝の地図：見張り塔
10470000105	线索宝图：瞭望塔	手がかり宝の地図：見張り塔
10470000106	線索寶圖：麵包店	手がかり宝の地図：パン屋
10470000106	线索宝图：面包店	手がかり宝の地図：パン屋
10470000107	音符柱（废弃）	ノートピラー（廃止予定）
10470000107	音符柱（廢棄）	ノートピラー（廃止予定）
10470000108	旋律海螺	メロディコンチ
10470000109	旋律海螺@{1}	メロディコンチ@{1}
10470000110	音符柱@{1}	ノートピラー@{1}
10470000111	音符柱@{1}-普隆德拉南門	ノートピラー@{1}-プロンテラ南門
10470000111	音符柱@{1}-普隆德拉南门	ノートピラー@{1}-プロンテラ南門
10470000112	音符柱@{1}-普隆德拉西門	ノートピラー@{1}-プロンテラ西門
10470000112	音符柱@{1}-普隆德拉西门	ノートピラー@{1}-プロンテラ西門
10470000113	音符柱@{1}-普隆德拉北門	ノートピラー@{1}-プロンテラ北門
10470000113	音符柱@{1}-普隆德拉北门	ノートピラー@{1}-プロンテラ北門
10470000114	音符柱@{1}-普隆德拉东门	ノートピラー@{1}-プロンテラ東門
10470000114	音符柱@{1}-普隆德拉東門	ノートピラー@{1}-プロンテラ東門
10470000115	音符柱@{1}-吉芬东门	ノートピラー@{1}-ゲフェン東門
10470000115	音符柱@{1}-吉芬東門	ノートピラー@{1}-ゲフェン東門
10470000116	音符柱@{1}-吉芬北門	ノートピラー@{1}-ゲフェン北門
10470000116	音符柱@{1}-吉芬北门	ノートピラー@{1}-ゲフェン北門
10470000117	音符柱@{1}-吉芬西門	ノートピラー@{1}-ゲフェン西門
10470000117	音符柱@{1}-吉芬西门	ノートピラー@{1}-ゲフェン西門
10470000118	音符柱@{1}-吉芬郊野	ノートピラー@{1}-ゲフェン郊外
10470000119	音符柱@{1}-妙勒尼花园	ノートピラー@{1}-ミョルニール庭園
10470000119	音符柱@{1}-妙勒尼花園	ノートピラー@{1}-ミョルニール庭園
10470000120	音符柱@{1}-夢羅克西部	ノートピラー@{1}-西モロック
10470000120	音符柱@{1}-梦罗克西部	ノートピラー@{1}-西モロック
10470000121	音符柱@{1}-夢羅克南部	ノートピラー@{1}-南モロック
10470000121	音符柱@{1}-梦罗克南部	ノートピラー@{1}-南モロック
10470000122	音符柱@{1}-沙漠岔道	ノートピラー@{1}-砂漠の交差点
10470000123	音符柱@{1}-苏克拉特沙漠	ノートピラー@{1}-ソグラト砂漠
10470000123	音符柱@{1}-蘇克拉特沙漠	ノートピラー@{1}-ソグラト砂漠
10470000124	音符柱@{1}-苏克拉特南部	ノートピラー@{1}-ソグラト南部
10470000124	音符柱@{1}-蘇克拉特南部	ノートピラー@{1}-ソグラト南部
10470000125	音乐球@{1}-普隆德拉	ミュージックオーブ@{1}-プロンテラ
10470000125	音樂球@{1}-普隆德拉	ミュージックオーブ@{1}-プロンテラ
10470000126	音乐球@{1}-伊斯鲁德	音楽オーブ@{1}-イズルード
10470000126	音樂球@{1}-伊斯魯德	音楽オーブ@{1}-イズルード
10470000127	音乐球@{1}-吉芬	音楽オーブ@{1}-ゲフェン
10470000127	音樂球@{1}-吉芬	音楽オーブ@{1}-ゲフェン
10470000128	音乐球@{1}-梦罗克	音楽オーブ@{1}-モロック
10470000128	音樂球@{1}-夢羅克	音楽オーブ@{1}-モロック
10470000129	波利@{1}	ポリン@{1}
10470000130	波波利@{1}	ポポリン@{1}
10470000131	棉花@{1}	コットン@{1}
10470000132	旋律海螺-特殊@{1}	メロディコンチ・スペシャル@{1}
10470000133	音符串-测试	ノート文字列テスト
10470000133	音符串-測試	ノート文字列テスト
10470000134	迅捷騎士	スウィフトナイト
10470000134	迅捷骑士	スウィフトナイト
10470000135	枪骑	ランスナイト
10470000135	槍騎	ランスナイト
10470000136	鋼盾騎士	スティールシールドナイト
10470000136	钢盾骑士	スティールシールドナイト
10470000137	龍騎	ドラゴンナイト
10470000137	龙骑	ドラゴンナイト
10470000138	枪十字	槍クルセイダー
10470000138	槍十字	槍クルセイダー
10470000139	盾十字	シールドクルセイダー
10470000140	讚美祭司	賛美プリースト
10470000140	赞美牧师	賛美プリースト
10470000141	驅魔祭司	エクソサイザー
10470000141	驱魔牧师	エクソサイザー
10470000142	手推車	カートマーチャント
10470000142	手推车	カートマーチャント
10470000143	流浪商人	流浪の商人
10470000144	鐵斧匠人	鉄斧職人
10470000144	铁斧匠人	鉄斧職人
10470000145	偷袭刺客	アンブッシュアサシン
10470000145	偷襲刺客	アンブッシュアサシン
10470000146	潛行刺客	ステルスアサシン
10470000146	潜行刺客	ステルスアサシン
10470000147	心震刺	ソウルブレイカーアサシン
10470000148	回旋流	ローリングカッターアサシン
10470000148	迴旋流	ローリングカッターアサシン
10470000149	陷阱猎人	トラップハンター
10470000149	陷阱獵人	トラップハンター
10470000150	鷹眼獵人	イーグルアイハンター
10470000150	鹰眼猎人	イーグルアイハンター
10470000151	速射	高速ハンター
10470000152	射击	ウィンドウォーカー
10470000152	射擊	ウィンドウォーカー
10470000153	狼猎	ウォーグハンター
10470000153	狼獵	ウォーグハンター
10470000154	冰冻法师	フロストメイジ
10470000154	冰凍法師	フロストメイジ
10470000155	地火	アースファイアメイジ
10470000156	元素法师	エレメンタルメイジ
10470000156	元素法師	エレメンタルメイジ
10470000157	元素	属性
10470000158	吃鸡补给箱	バトルロワイヤル補給箱
10470000158	生存補給箱	バトルロワイヤル補給箱
10470000159	死亡补给箱	死亡時補給箱
10470000159	死亡補給箱	死亡時補給箱
10470000160	丟棄補給箱	放棄された補給箱
10470000160	丢弃补给箱	放棄された補給箱
10470000161	魔眼信使	邪眼の使者
10470000162	通用法阵@{1}	汎用魔法陣@{1}
10470000162	通用法陣@{1}	汎用魔法陣@{1}
10470000163	魔法筛子	マジックダイス
10470000163	魔法骰子	マジックダイス
10470000164	海盗之王	ドレイク
10470000164	海盜之王	ドレイク
10470000165	地雷陷阱	ランドマイン
10470000166	回阳镜	リバイバルミラー
10470000166	回陽鏡	リバイバルミラー
10470000167	波利	ポリン
10470000168	疯兔	ルナティック
10470000168	瘋兔	ルナティック
10470000169	綠棉蟲	ファブル
10470000169	绿棉虫	ファブル
10470000170	10470000170	ステージオブジェクト
10470000170	关卡本体（无需翻译）	ステージオブジェクト
10470000171	树精	ウィロー
10470000171	樹精	ウィロー
10470000172	魔菇	スポア
10470000173	黃金蟲	黄金蟲
10470000173	黄金虫	黄金蟲
10470000174	蚁后	マヤー
10470000174	蟻后	マヤー
10470000175	旗子	旗
10470000176	【貪婪巨龍】法夫納	【貪欲なドラゴン】ファフニール
10470000176	【贪婪巨龙】法夫纳	【貪欲なドラゴン】ファフニール
10470000177	賜福神官	ブレッシングプリースト
10470000177	赐福神官	ブレッシングプリースト
10470000178	毒蛇	アナコンダク
10470000179	暴食蜘蛛	暴食のスパイダー
10470000180	爆炎蝙蝠	エクスプロージョン
10470000181	貪婪火蟻	貪欲なファイアアント
10470000181	贪婪火蚁	貪欲なファイアアント
10470000182	貪婪樹精	貪欲なヤナギ
10470000182	贪婪树精	貪欲なヤナギ
10470000183	貪婪黑鳶	強欲なブラックカイト
10470000183	贪婪黑鸢	強欲なブラックカイト
10470000184	貪婪火爪狼牙	貪欲なフレイムクロウウルフの牙
10470000184	贪婪火爪狼牙	貪欲なフレイムクロウウルフの牙
10470000185	貪婪俄希托斯	貪欲なオシトセ
10470000185	贪婪俄希托斯	貪欲なオシトセ
10470000186	貪婪阿特羅斯	貪欲なアトロセ
10470000186	贪婪阿特罗斯	貪欲なアトロセ
10470000187	貪婪科摩多	貪欲なコモド
10470000187	贪婪科摩多	貪欲なコモド
10470000188	貪婪火焰狼牙	貪欲なフレイムウルフの牙
10470000188	贪婪火焰狼牙	貪欲なフレイムウルフの牙
10470000189	貪婪卡浩	貪欲なカホ
10470000189	贪婪卡浩	貪欲なカホ
10470000190	火蜥蜴	サンショウウオ
10470000191	貪婪無頭騾	貪欲なヘッドレスミュール
10470000191	贪婪无头骡	貪欲なヘッドレスミュール
10470000192	貪婪伊夫利特	貪欲なイフリート
10470000192	贪婪伊夫利特	貪欲なイフリート
10470000193	【物理减伤】贪婪大脚熊	【物理ダメージ軽減】貪欲なビッグフット
10470000193	【物理減傷】貪婪大腳熊	【物理ダメージ軽減】貪欲なビッグフット
10470000194	【魔法减伤】贪婪不死鸟	【魔法ダメージ軽減】貪欲なフェニックス
10470000194	【魔法減傷】貪婪不死鳥	【魔法ダメージ軽減】貪欲なフェニックス
10470000195	【冲锋】炙焰魔	【チャージ】ブレイジングデーモン
10470000195	【衝鋒】炙燄魔	【チャージ】ブレイジングデーモン
10470000196	【分裂】貪婪熔岩波利	【分裂】貪欲なマグマポリン
10470000196	【分裂】贪婪熔岩波利	【分裂】貪欲なマグマポリン
10470000197	熔岩波利	マグマポリン
10470000198	【範圍恢復】貪婪墮天使	【範囲回復】貪欲な堕天使
10470000198	【范围回复】贪婪堕天使	【範囲回復】貪欲な堕天使
10470000199	【追击】绝望心魔	【追跡】絶望の悪魔
10470000199	【追擊】絕望心魔	【追跡】絶望の悪魔
10470000200	【自爆】熔岩蟾蜍	【自爆】マグマトード
10470000201	【首領】貪婪黃金蟲	【BOSS】貪欲な黄金蟲
10470000201	【首领】贪婪黄金虫	【BOSS】貪欲な黄金蟲
10470000202	【首領】貪婪獸人英雄	【BOSS】貪欲なオークヒーロー
10470000202	【首领】贪婪兽人英雄	【BOSS】貪欲なオークヒーロー
10470000203	【首領】貪婪蟻后	【BOSS】強欲なマヤー
10470000203	【首领】贪婪蚁后	【BOSS】強欲なマヤー
10470000204	【首領】貪婪皮里恩	【BOSS】貪欲なフリオニ
10470000204	【首领】贪婪皮里恩	【BOSS】貪欲なフリオニ
10470000205	貪婪盜蟲	貪欲なシーフバグ
10470000205	贪婪盗虫	貪欲なシーフバグ
10470000206	火焰区域污染	フレイムゾーン汚染
10470000206	火焰區域污染	フレイムゾーン汚染
10470000207	炽炎火龙	ブレイジングファイアドラゴン
10470000207	熾炎火龍	ブレイジングファイアドラゴン
10470000208	炮台	砲台
10470000209	弹药箱	弾薬箱
10470000209	彈藥箱	弾薬箱
10470000210	法夫納的鱗片	ファフニールの鱗
10470000210	法夫纳的鳞片	ファフニールの鱗
10470000211	龍鱗盾	ドラゴンスケイルシールド
10470000211	龙鳞盾	ドラゴンスケイルシールド
10470000212	德古拉	ドラキュラ
10470000213	伊尔玛塔之影	イルマタの影
10470000213	伊爾瑪塔之影	イルマタの影
10470000214	傀儡娃娃	マリオネット
10470000215	小恶魔	デビルチ
10470000215	小惡魔	デビルチ
10470000216	恶灵	レイス
10470000216	惡靈	レイス
10470000217	白幽灵	ウィスパー
10470000217	白幽靈	ウィスパー
10470000218	死灵	ドッペルゲンガー
10470000218	死靈	ドッペルゲンガー
10470000219	夢魘	ナイトメア
10470000219	梦魇	ナイトメア
10470000220	風魔巫師	ウィンドゴースト
10470000220	风魔巫师	ウィンドゴースト
10470000221	綠腐屍	グール
10470000221	绿腐尸	グール
10470000222	德古拉的老巢	ドラキュラの隠れ家
10470000223	卡普拉	カプラ
10470000224	自然之神-伊尔玛塔	自然神 - イルマタ
10470000224	自然之神－伊爾瑪塔	自然神 - イルマタ
10470000225	阿尔玛基亚	アルマギア
10470000225	阿爾瑪基亞	アルマギア
10470000227	鋼鐵機甲	鋼鉄のマドギア
10470000227	钢铁机甲	鋼鉄のマドギア
10470000228	骨刺山体	骨棘の山
10470000228	骨刺山體	骨棘の山
10470000229	骨刺藤壶	骨棘のフジツボ
10470000229	骨刺藤壺	骨棘のフジツボ
10470000230	金色符文山体	黄金ルーンの山
10470000230	金色符文山體	黄金ルーンの山
10470000231	空腔水母	ホロージェリーフィッシュ
10470000232	音律幼灵	メロディウィスプ
10470000232	音律幼靈	メロディウィスプ
10470000233	共鳴貝簇	共鳴する貝の群れ
10470000233	共鸣贝簇	共鳴する貝の群れ
10470000234	捕猎者	ハンター
10470000234	捕獵者	ハンター
10470000235	容器守护者（无法攻击）	器の守護者（攻撃不可）
10470000235	容器守護者（無法攻擊）	器の守護者（攻撃不可）
10470000236	強音巨怪	フォルテジャイアント
10470000236	强音巨怪	フォルテジャイアント
10470000237	寄生神躯-伊尔玛塔	寄生する神の器 - イルマタ
10470000237	寄生神軀－伊爾瑪塔	寄生する神の器 - イルマタ
10470000238	(无需翻译)	（翻訳不要）
10470000238	10470000238	（翻訳不要）
10470000239	10470000239	ルーレット外周
10470000239	大转盘外圈【无需翻译】	ルーレット外周
10470000240	10470000240	ルーレット内周
10470000240	大转盘内圈【无需翻译】	ルーレット内周
10470000241	10470000241	雷雲
10470000241	雷云(无需翻译)	雷雲
10470000242	10470000242	中心向きフォースフィールド
10470000242	向中心点力场【无需翻译】	中心向きフォースフィールド
10470000243	传送至目标场地	対象エリアへテレポート
10470000243	傳送至目標場地	対象エリアへテレポート
10470000244	指針法陣	時計針の魔法陣
10470000244	指针法阵	時計針の魔法陣
10470000245	10470000245	中型雷雲
10470000245	雷云中(无需翻译)	中型雷雲
10470000246	10470000246	巨大な雷雲
10470000246	雷云大(无需翻译)	巨大な雷雲
10470000247	10470000247	サンダークラウド・プロ
10470000247	雷云pro(无需翻译)	サンダークラウド・プロ
10470000248	休止巨怪	レストジャイアント
10470000249	重升巨怪	ダブルシャープ・ジャイアント
10470000250	延音巨怪	サステイン・ジャイアント
10470000251	原初混沌-伊尔玛塔	原初の混沌 - イルマタ
10470000251	原初混沌－伊爾瑪塔	原初の混沌 - イルマタ
10470000252	雕像@{1}【无需翻译】	像@{1}
10470000254	10470000254	リング状衝撃波
10470000254	环形冲击波【无需翻译】	リング状衝撃波
10470000255	10470000255	光の領域
10470000255	光明领域【无需翻译】	光の領域
10470000256	10470000256	特定方向へ
10470000256	向某个方向【无需翻译】	特定方向へ
10470000257	10470000257	大型ルーレットレーザー
10470000257	大转盘激光【无需翻译】	大型ルーレットレーザー
10470000258	10470000258	ナイトライト
10470000258	黑夜灯光【无需翻译】	ナイトライト
10470000259	唱歌NPC@{1}【无需翻译】	歌唱NPC@{1}
10470000260	云梯	包囲梯子
10470000260	雲梯	包囲梯子
10470000261	冲车	破城槌
10470000261	攻城車	破城槌
10470000262	哨所	前哨基地
10470000262	哨站	前哨基地
10470000264	城门	城門
10470000265	攻方大門	キャンプ門
10470000265	营门	キャンプ門
10470000266	箭塔	アロータワー
10470000267	工坊	工房
10470000267	车间	工房
10470000268	华丽金属	エンペリウム
10470000268	華麗金屬	エンペリウム
10470000269	加农炮	アームキャノン
10470000269	加農砲	アームキャノン
10470000270	飛鴉	フライングレイブン
10470000270	飞鸦	フライングレイブン
10470000271	高射炮	対空砲
10470000271	高射砲	対空砲
10470000272	火箭炮	ロケットランチャー
10470000272	火箭砲	ロケットランチャー
10470000273	阻碍物	障害物
10470000273	障礙物	障害物
10470000274	10470000274	ポリンキャノン
10470000274	波利加农炮（无需翻译）	ポリンキャノン
10470000275	10470000275	ライトニングレイブン
10470000275	闪电飞鸦（无需翻译）	ライトニングレイブン
10470000276	10470000276	聖なる対空砲
10470000276	神圣高射炮（无需翻译）	聖なる対空砲
10470000277	10470000277	闇の対空砲
10470000277	黑暗高射炮（无需翻译）	闇の対空砲
10470000278	10470000278	ホーリーロケットランチャー
10470000278	神圣火箭炮（无需翻译）	ホーリーロケットランチャー
10470000279	蒸氣坦克	スチームタンク
10470000279	蒸汽坦克	スチームタンク
10470000280	秘銀機甲	ミスリルマドギア
10470000280	秘银机甲	ミスリルマドギア
10470000281	精金机甲	アダマンタイン魔導ギア
10470000281	精金機甲	アダマンタイン魔導ギア
10470000282	喷气背包	ジェットバックパック
10470000282	噴射背包	ジェットバックパック
10470000283	弓手	アーチャー
10470000284	守护者	プロテクター
10470000284	守護者	プロテクター
10470000285	城卫	シティガード
10470000285	守衛	シティガード
10470000286	机甲维修区	魔導ギア修理エリア
10470000286	機甲維修區	魔導ギア修理エリア
10470000287	騎士監護人	ナイトガーディアン
10470000287	骑士监护人	ナイトガーディアン
10470000288	弓箭手监护人	アーチャーガーディアン
10470000288	弓箭手監護人	アーチャーガーディアン
10470000289	守卫监护人	ガード・ガーディアン
10470000289	守衛監護人	ガード・ガーディアン
10470000290	攻城大營	包囲キャンプ
10470000290	攻城大营	包囲キャンプ
10470000291	結界石碑	結界の石碑
10470000291	结界石碑	結界の石碑
10470000292	先鋒	ヴァンガード
10470000292	先锋	ヴァンガード
10470000293	据点旗帜	拠点旗
10470000293	據點旗幟	拠点旗
10470000294	能量暴动	エネルギー暴動
10470000294	能量暴動	エネルギー暴動
10470000295	原型試煉	プロトタイプ試練
10470000295	原型试炼	プロトタイプ試練
10470000296	过载核心	オーバーロードコア
10470000296	過載核心	オーバーロードコア
10470000297	实验傀儡∑型	実験用パペットΣ型
10470000297	實驗傀儡∑型	実験用パペットΣ型
10470000298	10470000298	魔法陣_フリオニ減速エリア
10470000298	法阵_皮里恩减速区域（无需翻译）	魔法陣_フリオニ減速エリア
10470000299	普通鏢車	ノーマルキャラバン
10470000299	普通镖车	ノーマルキャラバン
10470000300	精英宝车	エリート宝物カート
10470000300	菁英寶車	エリート宝物カート
10470000301	森林傀儡α型	森のパペット タイプα
10470000302	森林傀儡β型	森のパペット タイプβ
10470000303	森林傀儡γ型	森のパペット タイプγ
10470000304	蔓型傀儡a型-护卫	ヴァインパペットA型 - ガード
10470000304	蔓型傀儡a型-護衛	ヴァインパペットA型 - ガード
10470000305	蔓型傀儡a型-猎手	ヴァインパペットA型 - ハンター
10470000305	蔓型傀儡a型-獵手	ヴァインパペットA型 - ハンター
10470000306	蔓型傀儡β型-守卫者	ヴァインパペットβ型 - ガーディアン
10470000306	蔓型傀儡β型-守衛者	ヴァインパペットβ型 - ガーディアン
10470000307	沙漠傀儡α型	砂漠のパペット タイプα
10470000308	沙漠傀儡β型	砂漠のパペット タイプβ
10470000309	沙漠傀儡γ型	砂漠のパペット タイプγ
10470000310	沙型傀儡a型-游荡者	サンドパペットA型 - ワンダラー
10470000310	沙型傀儡a型-游蕩者	サンドパペットA型 - ワンダラー
10470000311	沙型傀儡a型-塵暴-	サンドパペットA型 - ダストストーム -
10470000311	沙型傀儡a型-尘暴-	サンドパペットA型 - ダストストーム -
10470000312	沙型傀儡a型-塵暴	サンドパペットA型 - ダストストーム
10470000312	沙型傀儡a型-尘暴	サンドパペットA型 - ダストストーム
10470000313	沙型傀儡β型-守卫者	サンドパペットβ型 - ガーディアン
10470000313	沙型傀儡β型-守衛者	サンドパペットβ型 - ガーディアン
10470000314	山脈傀儡α型	山岳パペット Type α
10470000314	山脉傀儡α型	山岳パペット Type α
10470000315	山脈傀儡β型	山岳パペット Type β
10470000315	山脉傀儡β型	山岳パペット Type β
10470000316	山脈傀儡γ型	山岳パペット Type γ
10470000316	山脉傀儡γ型	山岳パペット Type γ
10470000317	岩型傀儡a型-騎士	ロックパペットA型 - ナイト
10470000317	岩型傀儡a型-骑士	ロックパペットA型 - ナイト
10470000318	岩型傀儡a型-监控者	ロックパペットA型 - ウォッチャー
10470000318	岩型傀儡a型-監控者	ロックパペットA型 - ウォッチャー
10470000319	岩型傀儡β型-守卫者	ロックパペットβ型 - ガーディアン
10470000319	岩型傀儡β型-守衛者	ロックパペットβ型 - ガーディアン
10470000320	熔岩傀儡α型	溶岩パペット・タイプα
10470000321	熔岩傀儡β型	溶岩パペット・タイプβ
10470000322	熔岩傀儡γ型	溶岩パペット・タイプγ
10470000323	蔓型傀儡a型-混乱护卫	ヴァインパペットA型 - カオスガード
10470000323	蔓型傀儡a型-混亂護衛	ヴァインパペットA型 - カオスガード
10470000324	蔓型傀儡a型-混乱猎手	ヴァインパペットA型 - カオスハンター
10470000324	蔓型傀儡a型-混亂獵手	ヴァインパペットA型 - カオスハンター
10470000325	蔓型傀儡β型-破坏者	ヴァインパペットβ型 - デストロイヤー
10470000325	蔓型傀儡β型-破壞者	ヴァインパペットβ型 - デストロイヤー
10470000326	沙型傀儡a型-混乱游荡者	サンドパペットA型 - カオスワンダラー
10470000326	沙型傀儡a型-混亂遊蕩者	サンドパペットA型 - カオスワンダラー
10470000327	沙型傀儡a型-炎暴	サンドパペットA型 - フレイムバースト
10470000328	沙型傀儡β型-破坏者	サンドパペットβ型 - デストロイヤー
10470000328	沙型傀儡β型-破壞者	サンドパペットβ型 - デストロイヤー
10470000329	岩型傀儡a型-混乱骑士	ロックパペットA型 - カオスナイト
10470000329	岩型傀儡a型-混亂騎士	ロックパペットA型 - カオスナイト
10470000330	岩型傀儡a型-混乱监控者	ロックパペットA型 - カオスウォッチャー
10470000330	岩型傀儡a型-混亂監控者	ロックパペットA型 - カオスウォッチャー
10470000331	岩型傀儡β型-破坏者	ロックパペットβ型 - デストロイヤー
10470000331	岩型傀儡β型-破壞者	ロックパペットβ型 - デストロイヤー
10470000332	兽人婴儿	オークベビー
10470000332	獸人嬰兒	オークベビー
10470000333	沙漠幼狼	ベビーデザートウルフ
10470000334	刺刀哥布林	ゴブリン（ダガー）
10470000334	刺刀哥布靈	ゴブリン（ダガー）
10470000335	兽人女战士	オークレディ
10470000335	獸人女戰士	オークレディ
10470000336	兽人战士	オーク戦士
10470000336	獸人戰士	オーク戦士
10470000337	沙漠之狼	デザートウルフ
10470000338	刺鎚哥布靈	ゴブリン（フレイル）
10470000338	刺锤哥布林	ゴブリン（フレイル）
10470000339	腐尸兽人	オークゾンビ
10470000339	腐屍獸人	オークゾンビ
10470000340	米洛斯	ミノタウロス
10470000341	凯美拉	キメラ
10470000341	凱美拉	キメラ
10470000342	哥布林首领	ゴブリンリーダー
10470000342	哥布靈首領	ゴブリンリーダー
10470000343	狂暴米諾斯	怒れるミノタウロス
10470000343	狂暴米诺斯	怒れるミノタウロス
10470000344	蘑菇	キノコ
10470000345	幽灵剑士	レイドリック
10470000345	幽靈劍士	レイドリック
10470000346	海葵	ヒドラ
10470000347	幽灵弓箭手	レイドリック・アーチャー
10470000347	幽靈弓箭手	レイドリック・アーチャー
10470000348	犬妖首領	コボルドリーダー
10470000348	犬妖首领	コボルドリーダー
10470000349	卡利斯格	ハリッツブルグ
10470000350	蛇女	イシス
10470000351	邪骸弓箭手	アーチャースケルトン
10470000352	爆鑽傘蜥	ドリラー
10470000352	爆钻伞蜥	ドリラー
10470000353	邪骸兽人	オークスケルトン
10470000353	邪骸獸人	オークスケルトン
10470000354	邪骸浪人	ワンダーマン
10470000355	泥人	サンドマン
10470000356	邪恶使者	インジャスティス
10470000356	邪惡使者	インジャスティス
10470000357	犬妖弓箭手	コボルドアーチャー
10470000358	狮鹫	グリフォン
10470000358	獅鷲	グリフォン
10470000359	瑞比欧	リビオ
10470000359	瑞比歐	リビオ
10470000360	10470000360	金貨—
10470000360	金币无需翻译	金貨—
10470000361	@{1}級礦脈	Lv. @{1} 鉱脈
10470000361	@{1}级矿脉	Lv. @{1} 鉱脈
10470000362	@{1}級草木	Lv. @{1} 植物
10470000362	@{1}级草木	Lv. @{1} 植物
10470000363	普通树木	一般的な木材
10470000363	普通樹木	一般的な木材
10470000364	輕盈樹木	軽量木材
10470000364	轻盈树木	軽量木材
10470000365	坚实树木	丈夫な木材
10470000365	堅實樹木	丈夫な木材
10470000366	坚硬铁木	ハードアイアンウッド
10470000366	堅硬鐵木	ハードアイアンウッド
10470000367	神圣树木	聖なる木材
10470000367	神聖樹木	聖なる木材
10470000368	虎王	エドガ
10470000369	为爱倾尽所有	愛のためにすべてを
10470000369	為愛傾盡所有	愛のためにすべてを
10470000370	南夢破碎	砕け散った南方の夢
10470000370	南梦破碎	砕け散った南方の夢
10470000371	兔叽妹妹	バニーシスター
10470000371	兔嘰妹妹	バニーシスター
10470000372	法老王	ファラオ
10470000373	金字塔	ピラミッドダンジョン
10470000374	法老王棺材	ファラオの棺
10470000375	我方飛空艇	連合軍の飛行船
10470000375	我方飞空艇	連合軍の飛行船
10470000376	敌方飞空艇	敵の飛行船
10470000376	敵方飛空艇	敵の飛行船
10470000377	邪恶势力团成员战士	邪悪勢力のウォリアー
10470000377	邪惡勢力團戰士	邪悪勢力のウォリアー
10470000378	邪恶势力团成员弓箭手	邪悪勢力のアーチャー
10470000378	邪惡勢力團弓箭手	邪悪勢力のアーチャー
10470000379	邪恶首领	悪の首魁
10470000379	邪惡首領	悪の首魁
10470000380	繩索	ロープ
10470000380	绳索	ロープ
10470000381	火炮	大砲
10470000381	火砲	大砲
10470000382	教授	プロフェッサー
10470000383	波波	ボーボー
10470000384	船長	隊長
10470000384	船长	隊長
10470000385	晤勒	ウール
10470000386	保亚	ボヤ
10470000386	保亞	ボヤ
10470000387	乐园团团长	楽園団長
10470000387	樂園團團長	楽園団長
10470000388	蚁卵	アントの卵
10470000388	蟻卵	アントの卵
10470000389	敌方绳索钉	敵のロープ杭
10470000389	敵方繩索釘	敵のロープ杭
10470000390	邪恶战士	悪の戦士
10470000390	邪惡戰士	悪の戦士
10470000391	邪恶弓箭手	悪魔の射手
10470000391	邪惡弓箭手	悪魔の射手
10470000392	珍藏的宝箱	貴重な宝箱
10470000392	珍藏的寶箱	貴重な宝箱
10470000393	敌方小型飞空艇	小型敵飛行船
10470000393	敵方小型飛空艇	小型敵飛行船
10470000394	邪恶势力团远射弓箭手	邪悪な勢力の狙撃手
10470000394	邪惡勢力團遠程弓箭手	邪悪な勢力の狙撃手
10470000395	︶帅到失眠	︶イケメンすぎて眠れない
10470000395	︶帥到失眠	︶イケメンすぎて眠れない
10470000396	ご血祭葬愛ご	血の儀式、愛の埋葬
10470000396	ご血祭葬爱ご	血の儀式、愛の埋葬
10470000397	旧城人凉	旧市街の冷たい心
10470000397	舊城人涼	旧市街の冷たい心
10470000398	月色随风	そよ風に照る月
10470000398	月色隨風	そよ風に照る月
10470000399	第7個夏天丶	⑦回目の夏
10470000399	第⑦个夏天丶	⑦回目の夏
10470000400	月下妍	月夜の美女
10470000401	爵士少年﹌‖	ジャズボーイ﹌‖
10470000402	鬼寐﹏孤寂	ゴースト﹏ソリチュード
10470000403	深巷℡少年夢	深い路地℡少年の日の夢
10470000403	深巷℡少年梦	深い路地℡少年の日の夢
10470000404	精英大嘴鸟	逃げ足の速いペコペコ
10470000404	菁英大嘴鳥	逃げ足の速いペコペコ
10470000405	鳥巢	古代の巣
10470000405	鸟巢	古代の巣
10470000406	队长	パーティリーダー
10470000407	布拉吉丝	ブラギ
10470000407	布拉吉絲	ブラギ
10470000408	訓練假人普通	トレーニングダミー - ノーマル
10470000408	训练假人普通	トレーニングダミー - ノーマル
10470000409	訓練假人挑戰	トレーニングダミーチャレンジ
10470000409	训练假人挑战	トレーニングダミーチャレンジ
10470000410	小雞	ピッキー
10470000410	小鸡	ピッキー
10470000411	苍蝇	チョンチョン
10470000411	蒼蠅	チョンチョン
10470000412	禿鷹	コンドル
10470000412	秃鹰	コンドル
10470000413	小野猪	サベージベイブ
10470000413	小野豬	サベージベイブ
10470000414	蝗虫	ロッカー
10470000414	蝗蟲	ロッカー
10470000415	罗达蛙	ロダフロッグ
10470000415	羅達蛙	ロダフロッグ
10470000416	森灵	ワームテール
10470000416	森靈	ワームテール
10470000417	蜗牛	アンバーナイト
10470000417	蝸牛	アンバーナイト
10470000418	盗虫	盗蟲
10470000418	盜蟲	盗蟲
10470000419	克瑞米	クリーミー
10470000420	白鼠	タロウ
10470000421	吸血蝙蝠	ファミリアー
10470000422	蝎子	スコーピオン
10470000422	蠍子	スコーピオン
10470000423	浮勒盗虫	雌盗蟲
10470000423	浮勒盜蟲	雌盗蟲
10470000424	曼陀罗魔花	マンドラゴラ
10470000424	曼陀羅魔花	マンドラゴラ
10470000425	玛勒盗虫	雄盗蟲
10470000425	瑪勒盜蟲	雄盗蟲
10470000426	青蛇	ボア
10470000427	毒魔菇	ポイズンスポア
10470000428	鍬形蟲	ホルン
10470000428	锹形虫	ホルン
10470000429	大脚熊	ビッグフット
10470000429	大腳熊	ビッグフット
10470000430	松鼠	ココ
10470000431	盗虫卵	盗蟲の卵
10470000431	盜蟲卵	盗蟲の卵
10470000432	虫蛹	プパ
10470000432	蟲蛹	プパ
10470000433	10470000433	聖別された大地
10470000433	圣化领地【无需翻译】	聖別された大地
10470000434	炸弹波利	ボムポリン
10470000434	炸彈波利	ボムポリン
10470000435	10470000435	闇の領域
10470000435	黑暗领地【无需翻译】	闇の領域
10470000436	訓練假人	トレーニングダミー
10470000436	训练假人	トレーニングダミー
10470000437	@{1}D包围盒测试	@{1}D バウンディングボックステスト
10470000437	@{1}D包圍盒測試	@{1}D バウンディングボックステスト
10470000438	直升机哥布灵	ローターザイロ
10470000438	直升機哥布靈	ローターザイロ
10470000439	猎蝇	ダスティネス
10470000439	獵蠅	ダスティネス
10470000440	轉轉蛋	エギラ
10470000440	转转蛋	エギラ
10470000441	摩卡	ムカ
10470000442	蜂兵	ホーネット
10470000443	邪骸士兵	ソルジャースケルトン
10470000444	木乃伊	マミー
10470000445	腐尸	ゾンビ
10470000445	腐屍	ゾンビ
10470000446	工蚁	ピエール
10470000446	工蟻	ピエール
10470000447	白蚁	アンドレ
10470000447	白蟻	アンドレ
10470000448	黑蚁	ヴィタータ
10470000448	黑蟻	ヴィタータ
10470000449	土拨鼠	マーティン
10470000449	土撥鼠	マーティン
10470000450	基尔瑟	ガイアス
10470000450	基爾瑟	ガイアス
10470000451	邪骸矿工	スケルワーカー
10470000451	邪骸礦工	スケルワーカー
10470000452	紅蝙蝠	ドレインリアー
10470000452	红蝙蝠	ドレインリアー
10470000453	邪骸海盗	パイレーツスケルトン
10470000453	邪骸海盜	パイレーツスケルトン
10470000454	巧克猴	チョコ
10470000455	毕莱特	ベリット
10470000455	畢萊特	ベリット
10470000456	人魚	オボンヌ
10470000456	人鱼	オボンヌ
10470000457	魔鍋蛋	マグノリア
10470000457	魔锅蛋	マグノリア
10470000458	伞蜥	フリルドラ
10470000458	傘蜥	フリルドラ
10470000459	小巴風特	バフォメットJr.
10470000459	小巴风特	バフォメットJr.
10470000460	黑狐	マーター
10470000461	噬人花	フローラ
10470000462	野猪	サベージ
10470000462	野豬	サベージ
10470000463	蛇女伊丝	イシス
10470000463	蛇女伊絲	イシス
10470000464	妖道	ボングン
10470000465	雪熊	サスカッチ
10470000466	瓢虫	レディバグ
10470000466	瓢蟲	レディバグ
10470000467	刺猬虫	ヘッジホッグバグ
10470000467	刺蝟蟲	ヘッジホッグバグ
10470000468	大嘴鳥	ペコペコ
10470000468	大嘴鸟	ペコペコ
10470000469	邪骸战士	スケルトン
10470000469	邪骸戰士	スケルトン
10470000470	白蚁幼虫	アントの卵
10470000470	白蟻幼蟲	アントの卵
10470000471	愤怒波波利	怒れるポポリン
10470000471	憤怒波波利	怒れるポポリン
10470000472	長老樹精	エルダーウィロー
10470000472	长老树精	エルダーウィロー
10470000473	漂浮虫	プランクトン
10470000473	漂浮蟲	プランクトン
10470000474	水母	マリーナ
10470000475	库克雷	ククレ
10470000475	庫克雷	ククレ
10470000476	大斧哥布灵	ゴブリン(斧)
10470000476	大斧哥布靈	ゴブリン(斧)
10470000477	鏈鎚哥布靈	ゴブリン（フレイル）
10470000477	链锤哥布灵	ゴブリン（フレイル）
10470000478	螃蟹	バドン
10470000479	狼	ウルフ
10470000480	达拉蛙	タラ・フロッグ
10470000480	達拉蛙	タラ・フロッグ
10470000481	邪骸食人魚	メガロドン
10470000481	邪骸食人鱼	メガロドン
10470000482	乌贼	マルス
10470000482	烏賊	マルス
10470000483	艾斯蜘蛛	アルゴス
10470000484	綠蒼蠅	スチールチョンチョン
10470000484	绿苍蝇	スチールチョンチョン
10470000485	刺刀哥布灵	ゴブリン（ダガー）
10470000485	刺刀哥布靈	ゴブリン（ダガー）
10470000486	麥斯特	ミスト
10470000486	麦斯特	ミスト
10470000487	气泡虫	マリンスフィア
10470000487	氣泡蟲	マリンスフィア
10470000488	剑鱼	フェン
10470000488	劍魚	フェン
10470000489	兹诺克	ゼノルク
10470000489	茲諾克	ゼノルク
10470000490	巨象甲虫	ビートルキング
10470000490	巨象甲蟲	ビートルキング
10470000491	弓箭哥布灵	ゴブリンアーチャー
10470000491	弓箭哥布靈	ゴブリンアーチャー
10470000492	重金属蝗虫	メタラー
10470000492	重金屬蝗蟲	メタラー
10470000493	馬克	マルク
10470000493	马克	マルク
10470000494	刺錘哥布靈	ゴブリン（メイス）
10470000494	刺锤哥布灵	ゴブリン（メイス）
10470000495	异变鱼	ソードフィッシュ
10470000495	異變魚	ソードフィッシュ
10470000496	榔头哥布灵	ゴブリン（ハンマー）
10470000496	榔頭哥布靈	ゴブリン（ハンマー）
10470000497	兽人腐尸	オークゾンビ
10470000497	獸人腐屍	オークゾンビ
10470000498	僵尸	ムナック
10470000498	殭屍	ムナック
10470000499	人魚士兵	マーマン
10470000499	人鱼士兵	マーマン
10470000500	狄奥斯	デビアス
10470000500	狄奧斯	デビアス
10470000501	巨石怪	ゴーレム
10470000502	赤苍蝇	ハンターフライ
10470000502	赤蒼蠅	ハンターフライ
10470000503	蚯蚓	ホード
10470000504	鬼女	ソヒー
10470000505	螳螂	マンティス
10470000506	土人	ドケビ
10470000507	黑蛇	サイドワインダー
10470000508	傑洛米	ゼロム
10470000508	杰洛米	ゼロム
10470000509	諾可伊	レクイエム
10470000509	诺可伊	レクイエム
10470000510	九尾狐	九尾
10470000511	艾吉欧蜈蚣	アルギオペ
10470000511	艾吉歐蜈蚣	アルギオペ
10470000512	兽人弓箭手	オークアーチャー
10470000512	獸人弓箭手	オークアーチャー
10470000513	梅納海葵	ペノメナ
10470000513	梅纳海葵	ペノメナ
10470000514	卡拉蟹	クラブ
10470000515	卡那多斯	コルヌス
10470000516	奈吉鳥	ラグラ
10470000516	奈吉鸟	ラグラ
10470000517	貝殼魔靈	お化け貝
10470000517	贝壳魔灵	お化け貝
10470000518	海星	ヒトデ
10470000519	綠變色龍	グローブ
10470000519	绿变色龙	グローブ
10470000520	鱷魚人	アリゲーター
10470000520	鳄鱼人	アリゲーター
10470000521	海神	ストルフ
10470000522	南瓜先生	ジャック
10470000523	狂暴野猫	ワイルドローズ
10470000523	狂暴野貓	ワイルドローズ
10470000524	馬爾杜克	マルドゥク
10470000524	马尔杜克	マルドゥク
10470000525	毕帝特飞龙	スカイプチ
10470000525	畢帝特飛龍	スカイプチ
10470000526	帕莎納	パサーナ
10470000526	帕莎纳	パサーナ
10470000527	蓝鼠	クランプ
10470000527	藍鼠	クランプ
10470000528	灰森灵	ステムワーム
10470000528	灰森靈	ステムワーム
10470000529	毕帝特地龙	プチ
10470000529	畢帝特地龍	プチ
10470000530	刺錘犬妖	メイス・コボルト
10470000530	刺锤犬妖	メイス・コボルト
10470000531	榔头犬妖	ハンマーコボルト
10470000531	榔頭犬妖	ハンマーコボルト
10470000532	安毕斯	アヌビス
10470000532	安畢斯	アヌビス
10470000533	大斧犬妖	アックス・コボルト
10470000534	賽杜拉	スキジッテ
10470000534	赛杜拉	スキジッテ
10470000535	深海电鳗	スロフォ
10470000535	深海電鰻	スロフォ
10470000536	狂暴木乃伊	エンシェントマミー
10470000537	酱缸章鱼	ポットドフレ
10470000537	醬缸章魚	ポットドフレ
10470000538	大脚龙虾	キングドラモー
10470000538	大腳龍蝦	キングドラモー
10470000539	狂暴克瑞米	クリーミーフィアー
10470000540	狂暴大脚熊	リーブ・オルマイ
10470000540	狂暴大腳熊	リーブ・オルマイ
10470000541	狂暴螳螂	キラーマンティス
10470000542	新手-白蚁	ノービス - アンドレ
10470000542	新手－白蟻	ノービス - アンドレ
10470000543	卷甲虫	アクラウス
10470000543	捲甲蟲	アクラウス
10470000544	飛行魔書	ライドワード
10470000544	飞行魔书	ライドワード
10470000545	鏡妖	ダークフレーム
10470000545	镜妖	ダークフレーム
10470000546	卡拉特小丑	カラット
10470000547	愛麗絲女僕	メイドのアリス
10470000547	爱丽丝女仆	メイドのアリス
10470000548	賢者蟲	セージワーム
10470000548	贤者虫	セージワーム
10470000549	暗神官	邪悪なドルイド
10470000550	史汀	スティング
10470000551	蝙蝠弓箭手	ガーゴイル
10470000552	腐尸战俘	ゾンビ囚人
10470000552	腐屍戰俘	ゾンビ囚人
10470000553	邪骸战俘	スケルの囚人
10470000553	邪骸戰俘	スケルの囚人
10470000554	艾斯恩魔女	ジールタス
10470000555	阿修罗狂战士	フェンダーク
10470000555	阿修羅狂戰士	フェンダーク
10470000556	虎蜥人	アノリアン
10470000557	疯狂的礼物箱	クレイジーギフトボックス
10470000557	瘋狂的禮物箱	クレイジーギフトボックス
10470000558	善良的大汉	心優しい男
10470000558	善良的大漢	心優しい男
10470000559	勇敢的家兴	勇敢な嘉興
10470000559	勇敢的家興	勇敢な嘉興
10470000560	忠誠的博凱	忠実な望海
10470000560	忠诚的博凯	忠実な望海
10470000561	快乐的亮亮	ハッピー・リャンリャン
10470000561	快樂的亮亮	ハッピー・リャンリャン
10470000562	专注的峰宝	集中フェンバオ
10470000562	專注的峰寶	集中フェンバオ
10470000563	憨厚的亚伟	お人好しのヤウェイ
10470000563	憨厚的亞偉	お人好しのヤウェイ
10470000564	狂暴波利	ベルセルクポリン
10470000565	胆怯波利	臆病なポリン
10470000565	膽怯波利	臆病なポリン
10470000566	10470000566	オシリス・ホロン
10470000566	俄赛里斯鬼火【无需翻译】	オシリス・ホロン
10470000567	10470000567	ゴブリンリーダー槍投げ
10470000567	哥布林首领投枪【无需翻译】	ゴブリンリーダー槍投げ
10470000568	10470000568	バフォメット魔法陣
10470000568	巴风特法阵【无需翻译】	バフォメット魔法陣
10470000569	10470000569	MVPミストレス魔法陣
10470000569	mvp蜂后法阵【无需翻译】	MVPミストレス魔法陣
10470000570	法老之棺	ファラオの棺
10470000571	水龍捲	ウォータートルネード
10470000571	水龙卷	ウォータートルネード
10470000572	图腾	アストラルサイン
10470000572	圖騰	アストラルサイン
10470000573	10470000573	ベル
10470000573	铃铛【无需翻译】	ベル
10470000574	10470000574	レイス ストームガスト魔法陣
10470000574	死灵暴风雪法阵【无需翻译】	レイス ストームガスト魔法陣
10470000575	10470000575	MVPドラキュラ墓石
10470000575	mvp德古拉墓碑【无需翻译】	MVPドラキュラ墓石
10470000576	10470000576	MVP魔法陣_ミストレス鈍足ゾーン
10470000576	MVP法阵_蜂后减速区域【无需翻译】	MVP魔法陣_ミストレス鈍足ゾーン
10470000577	10470000577	トラップハンターボス墓石
10470000577	陷阱boss墓碑【无需翻译】	トラップハンターボス墓石
10470000578	兽人酋长	オークロード
10470000578	獸人酋長	オークロード
10470000579	蜂后	ミストレス
10470000580	俄塞里斯	オシリス
10470000580	俄赛里斯	オシリス
10470000581	皮里恩	フリオニ
10470000582	魔鬼大乌贼	クラーケン
10470000582	魔鬼大烏賊	クラーケン
10470000583	死灵虚影	レイスファントム
10470000583	死靈虛影	レイスファントム
10470000584	测试怪物@{1}	テストモンスター@{1}
10470000584	測試魔物@{1}	テストモンスター@{1}
10470000585	訓練假人@{1}	トレーニングダミー@{1}
10470000585	训练假人@{1}	トレーニングダミー@{1}
10470000586	BOSS木桩	ボスダミー
10470000586	BOSS木樁	ボスダミー
10470000587	减伤木桩	ダメージ軽減ダミー
10470000587	減傷木樁	ダメージ軽減ダミー
10470000588	敌方玩家木桩	敵プレイヤーダミー
10470000588	敵方玩家木樁	敵プレイヤーダミー
10470000589	敌方怪物木桩	敵モンスターダミー
10470000589	敵方魔物木樁	敵モンスターダミー
10470000590	友方玩家木桩	味方プレイヤーダミー
10470000590	我方玩家木樁	味方プレイヤーダミー
10470000591	友方怪物木桩	味方モンスターダミー
10470000591	我方魔物木樁	味方モンスターダミー
10470000592	简单本木桩	簡単ダンジョン用ダミー
10470000592	簡單副本木樁	簡単ダンジョン用ダミー
10470000593	困难本木桩	高難度ダンジョン用ダミー
10470000593	困難副本木樁	高難度ダンジョン用ダミー
10470000594	掉落测试木桩@{1}	ドロップテストダミー@{1}
10470000594	掉落測試木樁@{1}	ドロップテストダミー@{1}
10470000595	无属性木桩	ニュートラルダミー
10470000595	無屬性木樁	ニュートラルダミー
10470000596	風屬性木樁	風ダミー
10470000596	风属性木桩	風ダミー
10470000597	地属性木桩	アースダミー
10470000597	地屬性木樁	アースダミー
10470000598	火属性木桩	ファイアーダミー
10470000598	火屬性木樁	ファイアーダミー
10470000599	水属性木桩	ウォーターダミー
10470000599	水屬性木樁	ウォーターダミー
10470000600	毒属性木桩	ポイズンダミー
10470000600	毒屬性木樁	ポイズンダミー
10470000601	圣属性木桩	ホーリーダミー
10470000601	聖屬性木樁	ホーリーダミー
10470000602	暗属性木桩	シャドウダミー
10470000602	暗屬性木樁	シャドウダミー
10470000603	念属性木桩	ゴーストダミー
10470000603	念屬性木樁	ゴーストダミー
10470000604	不死属性木桩	アンデッドダミー
10470000604	不死屬性木樁	アンデッドダミー
10470000605	近战木桩	近接ダミー
10470000605	近戰木樁	近接ダミー
10470000606	远程木桩	遠距離ダミー
10470000606	遠距木樁	遠距離ダミー
10470000607	@{1}級木樁	Lv. @{1} ダミー
10470000607	@{1}级木桩	Lv. @{1} ダミー
10470000608	测试龙骑	テスト用ドラゴンナイト
10470000608	測試龍騎	テスト用ドラゴンナイト
10470000609	搖滾蝗蟲	ボーカル
10470000609	摇滚蝗虫	ボーカル
10470000610	蓝疯兔	エクリプス
10470000610	藍瘋兔	エクリプス
10470000611	波利之王	マスターリング
10470000612	龍蠅	ドラゴンフライ
10470000612	龙蝇	ドラゴンフライ
10470000613	狂暴蚁后	マヤパープル
10470000613	狂暴蟻后	マヤパープル
10470000614	幽灵波利	ゴーストリング
10470000614	幽靈波利	ゴーストリング
10470000615	流浪之狼	さすらい狼
10470000616	暗黑祭司	ダークプリースト
10470000617	狮鹫兽	グリフォン
10470000617	獅鷲獸	グリフォン
10470000618	蛙王	トード
10470000619	狂暴月夜猫	キャットナインテイル
10470000619	狂暴月夜貓	キャットナインテイル
10470000620	龍蠅法陣	ドラゴンフライ魔法陣
10470000620	龙蝇法阵	ドラゴンフライ魔法陣
10470000621	蛙王法阵	ヒキガエル魔法陣
10470000621	蛙王法陣	ヒキガエル魔法陣
10470000622	皮里恩法阵	フリオニ魔法陣
10470000622	皮里恩減速	フリオニ魔法陣
10470000623	恶魔波利分身	デビルリングの分身
10470000623	惡魔波利分身	デビルリングの分身
10470000624	詭術	策略
10470000624	诡术	策略
10470000625	10470000625	汎用 - ギフト魔法陣
10470000625	通用-礼物法阵【无需翻译】	汎用 - ギフト魔法陣
10470000626	10470000626	汎用 - 豪華ギフト魔法陣
10470000626	通用-大礼物法阵【无需翻译】	汎用 - 豪華ギフト魔法陣
10470000627	法阵_刺客影子	魔法陣_アサシンシャドウ
10470000627	法陣_刺客影子	魔法陣_アサシンシャドウ
10470000628	皮里恩冲锋子弹	フリオニ突進弾
10470000628	皮里恩衝鋒子彈	フリオニ突進弾
10470000629	霞阵法阵	ヘイズフォーメーション魔法陣
10470000629	霞陣法陣	ヘイズフォーメーション魔法陣
10470000630	战斗物资	戦闘物資
10470000630	戰鬥物資	戦闘物資
10470000631	邪骸战士-精英	エリートスケルトン
10470000631	邪骸戰士-菁英	エリートスケルトン
10470000632	邪骸食人魚-菁英	エリートメガロドン
10470000632	邪骸食人鱼-精英	エリートメガロドン
10470000633	邪骸兽人-精英	エリートオークスケルトン
10470000633	邪骸獸人－菁英	エリートオークスケルトン
10470000634	战斗物资 - 大	大型戦闘物資
10470000634	戰鬥物資-大	大型戦闘物資
10470000635	空BOSS	空のボス
10470000636	法夫納	ファフニール
10470000636	法夫纳	ファフニール
10470000637	加攻龍血	ATKドラゴンブラッド
10470000637	加攻龙血	ATKドラゴンブラッド
10470000638	加血龍血	HPドラゴンブラッド
10470000638	加血龙血	HPドラゴンブラッド
10470000639	加盾龍血	シールドドラゴンブラッド
10470000639	加盾龙血	シールドドラゴンブラッド
10470000640	加速龍血	ドラゴンブラッド加速
10470000640	加速龙血	ドラゴンブラッド加速
10470000641	免死龍血	不死のドラゴンブラッド
10470000641	免死龙血	不死のドラゴンブラッド
10470000642	魔龍之魂	魔竜の魂
10470000642	魔龙之魂	魔竜の魂
10470000643	点点	ドッティ
10470000643	點點	ドッティ
10470000644	橘子	北京語
10470000645	花花	フローラ
10470000646	煤球	スーティ
10470000647	小白	スノーウィ
10470000648	可可	カカオ
10470000649	碎星龍儀式管理員	スターシャッタードラゴン儀式管理人
10470000649	碎星龙仪式管理员	スターシャッタードラゴン儀式管理人
10470000650	NPC对白测试员	NPC会話テスター
10470000650	NPC對白測試員	NPC会話テスター
10470000651	卡普拉职员	カプラ職員
10470000651	卡普拉職員	カプラ職員
10470000652	卡普拉投票宣传人员	カプラ投票キャンペーン担当
10470000653	解說員	コメンテーター
10470000653	解说员	コメンテーター
10470000654	准它投票宣传人员	ジュンタ投票キャンペーン担当
10470000655	卖花的少女	フラワーガール
10470000655	賣花的少女	フラワーガール
10470000656	礼物商人	ギフト販売者
10470000656	禮物商人	ギフト販売者
10470000657	道具商人	アイテム商人
10470000658	替尔匹	ティルピ
10470000658	替爾匹	ティルピ
10470000659	小孩	子供
10470000660	保安队长	最高責任者
10470000660	保安隊長	最高責任者
10470000661	亲切的阿姨	親切な女性
10470000661	親切的阿姨	親切な女性
10470000662	小女孩	小さな女の子
10470000663	來自夢羅克的人	モロックからの来訪者
10470000663	来自梦罗克的人	モロックからの来訪者
10470000665	女人	女性
10470000666	特諾	トノ
10470000666	特诺	トノ
10470000667	騎士團工作人員	騎士団管理人
10470000667	骑士团办公人员	騎士団管理人
10470000668	騎士團員	騎士団員
10470000668	骑士团员	騎士団員
10470000669	阿斯泰尔	アステア
10470000669	阿斯泰爾	アステア
10470000670	佑罗	ユラ
10470000670	佑羅	ユラ
10470000671	旅館服務生	宿屋の係員
10470000671	旅馆服务生	宿屋の係員
10470000673	柏坦得	バーテンダー
10470000674	图书馆管理员	司書
10470000674	圖書館管理員	司書
10470000675	奈特比亚	ネットビア
10470000675	奈特比亞	ネットビア
10470000676	流浪汉	放浪者
10470000676	流浪漢	放浪者
10470000677	微笑小姐	ミス・スマイル
10470000678	远道而来的人	遠方からの旅人
10470000678	遠道而來的人	遠方からの旅人
10470000679	肉品商人	ブッチャー
10470000680	水果商人	果物商人
10470000681	宣傳人員	プロモーター
10470000681	广宣人员	プロモーター
10470000682	新生公会长	ノービスギルドマスター
10470000682	新生公會長	ノービスギルドマスター
10470000683	艾莉儿	アリエル
10470000683	艾莉兒	アリエル
10470000684	妮雅	ニア
10470000685	猫绵绵	ニャンニャン
10470000685	貓綿綿	ニャンニャン
10470000686	准它投票 宣传人员	投票応援団
10470000687	吟游诗人	バード
10470000688	辜特伊	愚庭
10470000688	顧特伊	愚庭
10470000689	哈茶布拉	ハチャブラ
10470000690	亚齐	アチ
10470000690	亞齊	アチ
10470000692	阿欧鲁风	オルフェン
10470000692	阿歐魯風	オルフェン
10470000694	宠物商人	ペット販売業者
10470000694	寵物商人	ペット販売業者
10470000695	女子	若い女性
10470000696	繡恩	ウェルシュン
10470000696	绣恩	ウェルシュン
10470000697	研究學者	研究学者
10470000698	善司	セス
10470000699	巴伊斯里特	バイスリスト
10470000700	艾义仆	アイプ
10470000700	艾義僕	アイプ
10470000701	流氓公會情報員	ローグギルドの情報屋
10470000701	流氓工会情报员	ローグギルドの情報屋
10470000702	瑞德	リード
10470000703	西发利司	シファリス
10470000703	西發利司	シファリス
10470000704	肉麻情侣男	ラブラブな彼氏
10470000704	肉麻情侶男	ラブラブな彼氏
10470000705	肉麻情侣女	ラブラブな彼女
10470000705	肉麻情侶女	ラブラブな彼女
10470000706	制造爱好者	製作好き
10470000706	製造愛好者	製作好き
10470000707	爸爸	お父さん
10470000708	妈妈	お母さん
10470000708	媽媽	お母さん
10470000709	孩子	子供
10470000710	結婚小助手	結婚式アシスタント
10470000710	结婚小助手	結婚式アシスタント
10470000711	牛奶商人	牛乳商人
10470000712	虾子商人	エビ商人
10470000712	蝦子商人	エビ商人
10470000713	修理中的鐵匠	修理中のブラックスミス
10470000713	修理中的铁匠	修理中のブラックスミス
10470000714	精炼爱好者	精錬好き
10470000714	精煉愛好者	精錬好き
10470000715	斯普	スプー
10470000716	葛因	ゲイン
10470000717	拉克	ラック
10470000718	痞子	パンク
10470000719	飛空艇乘務員	飛行船の乗客
10470000719	飞空艇乘机员	飛行船の乗客
10470000720	窦加	ドガ
10470000720	竇加	ドガ
10470000721	本妮	ベニー
10470000722	納仁	ナレン
10470000722	纳仁	ナレン
10470000723	库斯可尔	クスケル
10470000723	庫斯可爾	クスケル
10470000724	士兵	兵士
10470000725	护卫队员 佩奈	ガードペナエ
10470000725	護衛隊員ᆞ佩奈	ガードペナエ
10470000726	齊黎	チリ
10470000726	齐黎	チリ
10470000727	克里图拉学院员工勋	クリトゥラ学園職員フーン
10470000727	克里圖拉學院員工勳	クリトゥラ学園職員フーン
10470000728	克里图拉学院学生	クリトゥラ学園生徒
10470000728	克里圖拉學院學生	クリトゥラ学園生徒
10470000729	教官 亚乐库斯	教官アーレックス
10470000729	教官 亞樂庫斯	教官アーレックス
10470000730	男子	男性
10470000731	破烂堆	がらくたの山
10470000731	破爛堆	がらくたの山
10470000732	沙什么盗	砂なんとか盗賊
10470000732	沙什麼盜	砂なんとか盗賊
10470000733	看起來不良的青年	怪しげな青年
10470000733	看起来不良的青年	怪しげな青年
10470000734	伊布拉印	イブラヒム
10470000735	武僧	モンク
10470000735	武道家	モンク
10470000736	修咖巴殷	シュカバイン
10470000737	印象犀利的少年	鋭い目の少年
10470000738	奖励负责人	報酬管理人
10470000738	獎勵負責人	報酬管理人
10470000739	雪兹	セツ
10470000739	雪茲	セツ
10470000740	像个旅行者的人	旅人風の男
10470000740	像個旅行者的人	旅人風の男
10470000741	看起來緊張的吟遊詩人	緊張した吟遊詩人
10470000741	看起来紧张的吟游诗人	緊張した吟遊詩人
10470000742	单身汉	独身男性
10470000742	單身漢	独身男性
10470000743	斯尔泰	ソルテ
10470000743	斯爾泰	ソルテ
10470000744	卡普拉投票 宣传人员	カプラ投票PR担当
10470000745	魔物生态 研究学者	モンスター生態研究学者
10470000745	魔物生態研究學者	モンスター生態研究学者
10470000746	邋遢的男人	ずさんな男
10470000746	邋遢的男子	ずさんな男
10470000747	夢羅克游牧民族	モロックの遊牧民
10470000747	梦罗克游牧民族	モロックの遊牧民
10470000748	夢羅克村民	モロックの村人
10470000748	梦罗克村民	モロックの村人
10470000749	商人	マーチャント
10470000751	珠宝商人	宝石商人
10470000751	珠寶商人	宝石商人
10470000752	搜集品商人	コレクション商人
10470000752	蒐集品商人	コレクション商人
10470000753	阿里	アリ
10470000754	雷亚布连	レヴレン
10470000754	雷亞布連	レヴレン
10470000756	大婶	中年女性
10470000756	大嬸	中年女性
10470000757	徳邱	トック
10470000758	純潔的女性	純真な女性
10470000758	纯洁的女性	純真な女性
10470000759	安久浩	アン・グホ
10470000760	夏珍	ハジン
10470000761	安东尼奥	アントニオ
10470000761	安東尼奧	アントニオ
10470000762	世布亚连	セブヤリアン
10470000762	世布亞連	セブヤリアン
10470000763	凤凰	フェニックス
10470000763	鳳凰	フェニックス
10470000764	葛劳吾提 特卡	グラウティ・テカ
10470000764	葛勞吾提 特卡	グラウティ・テカ
10470000765	大夏	ダイシャ
10470000766	异国商人	外国商人
10470000766	異國商人	外国商人
10470000767	阿娇	アージャオ
10470000767	阿嬌	アージャオ
10470000768	坚的男人	強い男
10470000768	堅的男人	強い男
10470000769	阴森的男子	不気味な男
10470000769	陰森的男子	不気味な男
10470000770	葛豪	ゲホ
10470000771	扫把奶奶	おばあさんほうき
10470000771	掃把奶奶	おばあさんほうき
10470000772	歌手	吟遊詩人
10470000773	克內克內	ケニ
10470000773	克内克内	ケニ
10470000774	卫兵	ガード
10470000774	衛兵	ガード
10470000775	青岳望	忠月望
10470000776	毕寇	ビコ
10470000776	畢寇	ビコ
10470000777	傑依徳	翡翠
10470000777	杰依徳	翡翠
10470000778	子謙	子銭
10470000778	子谦	子銭
10470000779	姍姍	シャンシャン
10470000779	姗姗	シャンシャン
10470000780	商店店員	ショップ店員
10470000780	商店服务员	ショップ店員
10470000782	初心者	ノービス
10470000783	札拉布	ザラブ
10470000784	修女	シスター
10470000785	小狗	子犬
10470000786	教国信徒	アルナフェルツの信徒
10470000786	教國信徒	アルナフェルツの信徒
10470000787	萌萌	モンモン
10470000788	卡魯	カル
10470000788	卡鲁	カル
10470000789	舞娘	ダンサー
10470000789	舞孃	ダンサー
10470000790	咖啡厅服务生	カフェサーバー
10470000790	咖啡廳店員	カフェサーバー
10470000792	猫	ネコ
10470000792	貓	ネコ
10470000793	游客	観光客
10470000793	遊客	観光客
10470000794	男人	男性
10470000794	男子	男性
10470000795	小丑	クラウン
10470000796	大叔	老人
10470000797	冒险者	冒険者
10470000797	冒險者	冒険者
10470000798	魔法师	マジシャン
10470000798	魔法師	マジシャン
10470000799	看书的人	リーダー
10470000799	看書的人	リーダー
10470000800	學生	学生
10470000801	雇佣商人	雇われ商人
10470000801	雇用商人	雇われ商人
10470000802	母亲	母親
10470000803	补考生	追試を受ける生徒
10470000803	補考生	追試を受ける生徒
10470000804	勤奋的人	働き者
10470000804	勤奮的人	働き者
10470000805	玛莉	マリー
10470000805	瑪莉	マリー
10470000806	傑克	ジャック
10470000806	杰克	ジャック
10470000807	看海的人	海を眺める人
10470000808	休息的人	休憩中の人
10470000809	精疲力尽的冒险者	疲れ果てた冒険者
10470000809	精疲力盡的冒險者	疲れ果てた冒険者
10470000810	練基本功的人	基礎練習中の人
10470000810	练基本功的人	基礎練習中の人
10470000811	唉声叹气的商人	ため息をつく商人
10470000811	唉聲嘆氣的商人	ため息をつく商人
10470000812	休息中的商人	休憩中の商人
10470000812	歇脚的商人	休憩中の商人
10470000813	护林员	フォレストレンジャー
10470000813	森林護管員	フォレストレンジャー
10470000814	剑士	ソードマン
10470000814	劍士	ソードマン
10470000815	爷爷	おじいさん
10470000815	爺爺	おじいさん
10470000816	奶奶	おばあさん
10470000817	村裡來的冒險者	村から来た冒険者
10470000817	村里来的冒险者	村から来た冒険者
10470000818	黑帮大叔	ギャング風の老人
10470000818	黑幫大叔	ギャング風の老人
10470000819	工作的人	作業員
10470000819	干活的人	作業員
10470000820	飢餓的人	お腹が空いた人
10470000820	饥饿的人	お腹が空いた人
10470000821	呼呼大睡的人	熟睡中の人
10470000822	小吃攤販	食品ベンダー
10470000822	食物商贩	食品ベンダー
10470000823	地图商贩	マップ露店
10470000823	地圖商人	マップ露店
10470000824	顧客	客
10470000824	顾客	客
10470000825	阿莲	エイリアン
10470000825	阿蓮	エイリアン
10470000826	梅梅	メイメイ
10470000827	商贩	露店
10470000827	攤販	露店
10470000828	阿尔方斯	アルフォンス
10470000828	阿爾方斯	アルフォンス
10470000829	艾昆妮	アイクニ
10470000830	德瓦他女人	デワタウーマン
10470000830	德瓦他女子	デワタウーマン
10470000831	泰拳男人	ムエタイマン
10470000831	泰拳男子	ムエタイマン
10470000832	樱花城城主	アマツの領主
10470000832	櫻花城城主	アマツの領主
10470000833	刺客导师	アサシンの指導者
10470000833	刺客導師	アサシンの指導者
10470000834	凯特斯	ケイツ
10470000834	凱特斯	ケイツ
10470000835	賈提族男子	ジャティ族の男
10470000835	贾提族男人	ジャティ族の男
10470000836	馬來男子	マラヤ人
10470000836	马来男人	マラヤ人
10470000837	馬來女子	マラヤの女性
10470000837	马来女人	マラヤの女性
10470000838	德瓦他男人	デワタマン
10470000838	德瓦他男子	デワタマン
10470000839	昆仑女孩	崑崙の女の子
10470000839	昆崙女孩	崑崙の女の子
10470000840	昆仑男孩	崑崙少年
10470000840	昆崙男孩	崑崙少年
10470000841	馬來女孩	マラヤの女の子
10470000841	马来女孩	マラヤの女の子
10470000842	樱花城男孩	アマツボーイ
10470000842	櫻花城男孩	アマツボーイ
10470000843	樱花城解说员	アマツガイド
10470000843	櫻花城解說員	アマツガイド
10470000844	修行者	スタイリスト
10470000845	将军	一般
10470000845	將軍	一般
10470000846	亲切的女孩	優しい女の子
10470000846	親切的女孩	優しい女の子
10470000847	看似坚强的女人	強そうな女性
10470000847	看似堅強的女人	強そうな女性
10470000848	面具女孩	仮面の少女
10470000849	盗贼导师	盗賊のメンター
10470000849	盜賊導師	盗賊のメンター
10470000850	商人导师	マーチャントの指導者
10470000850	商人導師	マーチャントの指導者
10470000851	服事导师	アコライト教官
10470000851	服事導師	アコライト教官
10470000852	剑士导师	ソードマン教官
10470000852	劍士導師	ソードマン教官
10470000853	魔法师导师	マジシャンの師範
10470000853	魔法師導師	マジシャンの師範
10470000854	弓箭手导师	アーチャーの師範
10470000854	弓箭手導師	アーチャーの師範
10470000855	忽克连	ホルグレン
10470000855	忽克連	ホルグレン
10470000856	生活职业导师	生活スキル教官
10470000856	生活職業導師	生活スキル教官
10470000857	婚礼司仪	結婚式司式者
10470000857	婚禮司儀	結婚式司式者
10470000858	冒险团导师	冒険者ギルド教官
10470000858	冒險團導師	冒険者ギルド教官
10470000859	斯普拉琪	スプラッツィ
10470000859	斯普拉齐	スプラッツィ
10470000860	军需官	補給官
10470000860	軍需官	補給官
10470000861	10470000861	補給官
10470000861	军需官（无需翻译）	補給官
10470000862	传送站管理员	テレポートステーション管理人
10470000862	傳送站管理員	テレポートステーション管理人
10470000863	补给站人员	補給所スタッフ
10470000863	補給站人員	補給所スタッフ
10470000864	军需处员工	補給部隊スタッフ
10470000864	軍需處人員	補給部隊スタッフ
10470000865	10470000865	軍需物資担当
10470000865	军需处人员（无需翻译）	軍需物資担当
10470000866	王宫守卫	宮殿の衛兵
10470000866	王宮守衛	宮殿の衛兵
10470000867	10470000867	クリスタル寄付案内人
10470000867	晶石捐赠情报员（无需翻译）	クリスタル寄付案内人
10470000868	資源管理部人員	資源管理部スタッフ
10470000868	资源管理部员工	資源管理部スタッフ
10470000869	哨站管理员	前哨基地管理人
10470000869	哨站管理員	前哨基地管理人
10470000870	神秘人	謎の人物
10470000871	冒险团之树	冒険者ギルドの木
10470000871	冒險團之樹	冒険者ギルドの木
10470000872	公会物资管理人员	ギルド物資管理人
10470000872	公會物資管理人員	ギルド物資管理人
10470000873	公会服务人员	ギルドサービス担当
10470000873	公會服務人員	ギルドサービス担当
10470000874	普隆德拉	プロンテラ
10470000875	下水道	地下水路
10470000876	下水道@{1}层	地下水路 @{1}階
10470000876	下水道@{1}層	地下水路 @{1}階
10470000877	普隆德拉东门	プロンテラ東門
10470000877	普隆德拉東門	プロンテラ東門
10470000878	普隆德拉南門	プロンテラ南門
10470000878	普隆德拉南门	プロンテラ南門
10470000879	普隆德拉西門	プロンテラ西門
10470000879	普隆德拉西门	プロンテラ西門
10470000880	普隆德拉北門	プロンテラ北門
10470000880	普隆德拉北门	プロンテラ北門
10470000881	伊斯魯德	イズルード
10470000881	伊斯鲁德	イズルード
10470000882	柏伊亚岚岛	バイラン島
10470000882	柏伊亞嵐島	バイラン島
10470000883	海底洞窟	海底トンネル
10470000884	海底洞窟@{1}层	海底トンネル@{1}F
10470000884	海底洞窟@{1}層	海底トンネル@{1}F
10470000885	兽人村落	オークの村
10470000885	獸人村落	オークの村
10470000886	哥布灵森林	ゴブリンの森
10470000886	哥布靈森林	ゴブリンの森
10470000887	妙勒尼花园	ミョルニール庭園
10470000887	妙勒尼花園	ミョルニール庭園
10470000888	迷藏森林	隠れた森
10470000889	沙漠岔道	砂漠の交差路
10470000890	吉芬东门	ゲフェン東門
10470000890	吉芬東門	ゲフェン東門
10470000891	妙勒尼山脈	ミョルニール山脈
10470000891	妙勒尼山脉	ミョルニール山脈
10470000892	芋虫峡谷	ラーバキャニオン
10470000892	芋蟲峽谷	ラーバキャニオン
10470000893	废弃矿场	廃坑
10470000893	廢棄礦場	廃坑
10470000894	吉芬	ゲフェン
10470000895	吉芬北門	ゲフェン北門
10470000895	吉芬北门	ゲフェン北門
10470000896	吉芬西門	ゲフェン西門
10470000896	吉芬西门	ゲフェン西門
10470000897	吉芬原野	ゲフェンフィールド
10470000897	吉芬旷野	ゲフェンフィールド
10470000898	吉芬郊野	ゲフェン郊外
10470000899	克特森林	コルトの森
10470000900	兽人洞穴	オーク洞窟
10470000900	獸人洞穴	オーク洞窟
10470000901	吉芬塔	ゲフェンタワー
10470000902	吉芬塔 @{1}层	ゲフェンタワー @{1}F
10470000902	吉芬塔 @{1}層	ゲフェンタワー @{1}F
10470000903	斐扬	フェイヨン
10470000903	斐揚	フェイヨン
10470000904	弓箭手村	アーチャーの村
10470000905	斐扬东部	東フェイヨン
10470000905	斐揚東部	東フェイヨン
10470000906	树林深处	ディープフォレスト
10470000906	樹林深處	ディープフォレスト
10470000907	波利岛	ポリン島
10470000907	波利島	ポリン島
10470000908	斐扬东南	フェイヨン南東部
10470000908	斐揚東南	フェイヨン南東部
10470000909	斐扬树林	フェイヨンの森
10470000909	斐揚樹林	フェイヨンの森
10470000910	斐扬南部	南フェイヨン
10470000910	斐揚南部	南フェイヨン
10470000911	僵尸洞	フェイヨン洞窟
10470000911	斐揚洞穴	フェイヨン洞窟
10470000912	废弃村落	廃村
10470000912	廢棄村莊	廃村
10470000913	夢羅克	モロック
10470000913	梦罗克	モロック
10470000914	沙漠之桥	砂漠の橋
10470000914	沙漠之橋	砂漠の橋
10470000915	夢羅克西部	モロック西部
10470000915	梦罗克西部	モロック西部
10470000916	夢羅克南部	南モロック
10470000916	梦罗克南部	南モロック
10470000917	苏克拉特沙漠	ソグラト砂漠
10470000917	蘇克拉特沙漠	ソグラト砂漠
10470000918	苏克拉特南部	ソグラト南部
10470000918	蘇克拉特南部	ソグラト南部
10470000919	巴不其卡森林	パプチカの森
10470000920	发乐斯灯塔岛	ファロス灯台
10470000920	發樂斯燈塔島	ファロス灯台
10470000921	蚂蚁密穴	蟻地獄
10470000921	螞蟻密穴	蟻地獄
10470000922	金字塔@{1}楼	ピラミッド @{1}F
10470000922	金字塔@{1}樓	ピラミッド @{1}F
10470000923	史芬克斯密穴	スフィンクスの地下室
10470000923	斯芬克斯密穴	スフィンクスの地下室
10470000924	史芬克斯密穴 @{1}層	スフィンクスダンジョン @{1}F
10470000924	斯芬克斯密穴 @{1}层	スフィンクスダンジョン @{1}F
10470000925	艾尔贝塔	アルベルタ
10470000925	艾爾貝塔	アルベルタ
10470000926	沉沒之船	沈没船
10470000926	沉没之船	沈没船
10470000927	沉船迷宫	難破船の迷宮
10470000927	沉船迷宮	難破船の迷宮
10470000928	沉船迷宫@{1}楼	難破船の迷宮 @{1}F
10470000928	沉船迷宮@{1}樓	難破船の迷宮 @{1}F
10470000929	@{1}层	フロア @{1}
10470000929	@{1}層	フロア @{1}
10470000930	图书馆	図書館
10470000930	圖書館	図書館
10470000931	大教堂	大聖堂
10470000932	王宫	王宮
10470000933	旅館	宿屋
10470000933	旅馆	宿屋
10470000934	普隆德拉-飛行觸發	プロンテラ飛行トリガー
10470000934	普隆德拉-飞行触发	プロンテラ飛行トリガー
10470000935	南門－飛行觸發	南門飛行トリガー
10470000935	南门-飞行触发	南門飛行トリガー
10470000936	伊斯魯德-飛行觸發	イズルード飛行トリガー
10470000936	伊斯鲁德-飞行触发	イズルード飛行トリガー
10470000937	斐扬-飞行触发	フェイヨン飛行トリガー
10470000937	斐揚-飛行觸發	フェイヨン飛行トリガー
10470000938	斐扬东部-飞行触发	フェイヨン東部飛行トリガー
10470000938	斐揚東部-飛行觸發	フェイヨン東部飛行トリガー
10470000939	斐扬东南-飞行触发	フェイヨン南東部飛行トリガー
10470000939	斐揚東南-飛行觸發	フェイヨン南東部飛行トリガー
10470000940	斐扬森林-飞行触发	フェイヨンの森飛行トリガー
10470000940	斐揚森林-飛行觸發	フェイヨンの森飛行トリガー
10470000941	領地爭霸戰-一	領地戦-I
10470000941	领土战-一	領地戦-I
10470000942	領地爭霸戰-二	領地戦-II
10470000942	领土战-二	領地戦-II
10470000943	領地爭霸戰-三	領地戦-III
10470000943	领土战-三	領地戦-III
10470000944	領地爭霸戰-四	領地戦-IV
10470000944	领土战-四	領地戦-IV
10470000945	領地爭霸戰-五	領地戦-V
10470000945	领土战-五	領地戦-V
10470000946	領地爭霸戰-六	領地戦 - 6
10470000946	领土战-六	領地戦 - 6
10470000947	領地爭霸戰-七	領地戦 - 7
10470000947	领土战-七	領地戦 - 7
10470000948	領地爭霸戰-八	領地戦 - 8
10470000948	领土战-八	領地戦 - 8
10470000949	領地爭霸戰-九	領地戦 - 9
10470000949	领土战-九	領地戦 - 9
10470000950	領地爭霸戰-十	領地戦 - 10
10470000950	领土战-十	領地戦 - 10
10470000951	領地爭霸戰-十一	領地戦-11
10470000951	领土战-十一	領地戦-11
10470000952	領地爭霸戰-十二	領地戦 - 12
10470000952	领土战-十二	領地戦 - 12
10470000953	領地爭霸戰-十三	領地戦 - 13
10470000953	领土战-十三	領地戦 - 13
10470000954	領地爭霸戰-十四	領地戦 - 14
10470000954	领土战-十四	領地戦 - 14
10470000955	領地爭霸戰-十五	領地戦 - 15
10470000955	领土战-十五	領地戦 - 15
10470000956	領地爭霸戰-十六	領地戦 - 16
10470000956	领土战-十六	領地戦 - 16
10470000957	領地爭霸戰-十七	領地戦 - 17
10470000957	领土战-十七	領地戦 - 17
10470000958	領地爭霸戰-十八	領地戦 - 18
10470000958	领土战-十八	領地戦 - 18
10470000959	領地爭霸戰-十九	領地戦 - 19
10470000959	领土战-十九	領地戦 - 19
10470000960	領地爭霸戰-二十	領地戦 - 20
10470000960	领土战-二十	領地戦 - 20
10470000961	領地爭霸戰-二一	領地戦 - 21
10470000961	领土战-二一	領地戦 - 21
10470000962	領地爭霸戰-二二	領地戦-22
10470000962	领土战-二二	領地戦-22
10470000963	領地爭霸戰-二三	領地戦-23
10470000963	领土战-二三	領地戦-23
10470000964	領地爭霸戰-二四	領地戦 - 24
10470000964	领土战-二四	領地戦 - 24
10470000965	領地爭霸戰-二五	領地戦-25
10470000965	领土战-二五	領地戦-25
10470000966	領地爭霸戰-二六	領地戦 - 26
10470000966	领土战-二六	領地戦 - 26
10470000967	領地爭霸戰-二七	領地戦 - 27
10470000967	领土战-二七	領地戦 - 27
10470000968	領地爭霸戰-二八	領地戦 - 28
10470000968	领土战-二八	領地戦 - 28
10470000969	領地爭霸戰-二九	領地戦-29
10470000969	领土战-二九	領地戦-29
10470000970	領地爭霸戰-三十	領地戦-30
10470000970	领土战-三十	領地戦-30
10470000971	領地爭霸戰-三一	領地戦-31
10470000971	领土战-三一	領地戦-31
10470000972	領地爭霸戰-三二	領地戦 - 32
10470000972	领土战-三二	領地戦 - 32
10470000973	領地爭霸戰-三三	領地戦 - 33
10470000973	领土战-三三	領地戦 - 33
10470000974	領地爭霸戰-三四	領地戦 - 34
10470000974	领土战-三四	領地戦 - 34
10470000975	領地爭霸戰-三五	領地戦 - 35
10470000975	领土战-三五	領地戦 - 35
10470000976	領地爭霸戰-三六	領地戦 - 36
10470000976	领土战-三六	領地戦 - 36
10470000977	森林深处-飞行触发	森の奥 - 飛行トリガー
10470000977	森林深處-飛行觸發	森の奥 - 飛行トリガー
10470000978	莱茵	ライン
10470000978	萊茵	ライン
10470000979	初心者教官	ノービス教官
10470000980	艾玛	エマ
10470000980	艾瑪	エマ
10470000981	飛空艇工作人員	飛行船スタッフ
10470000981	飞空艇工作人员	飛行船スタッフ
10470000982	霍克	ホーク
10470000983	莱恩教授	ライアン教授
10470000983	萊恩教授	ライアン教授
10470000984	菜鳥劍士	ルーキーソードマン
10470000984	菜鸟剑士	ルーキーソードマン
10470000985	奇怪机器	奇妙な機械
10470000985	奇怪機器	奇妙な機械
10470000986	教廷騎士	教会騎士
10470000986	教廷骑士	教会騎士
10470000988	神器	レリック
10470000989	旅館阿姨	宿屋の主人
10470000989	旅馆阿姨	宿屋の主人
10470000990	施密特	シュミッツ
10470000991	凯瑟琳	キャサリン
10470000991	凱瑟琳	キャサリン
10470000992	特里斯坦三世	トリスタン 3 世
10470000993	巴雷蒙德	バルムント
10470000994	哈因里希	ハインリヒ
10470000995	商队队长	キャラバンパーティリーダー
10470000995	商隊隊長	キャラバンパーティリーダー
10470000996	商队成员	キャラバンメンバー
10470000996	商隊成員	キャラバンメンバー
10470000997	猎人	ハンター
10470000997	獵人	ハンター
10470000998	艾伦	アレン
10470000998	艾倫	アレン
10470000999	头饰商人	頭装備商人
10470000999	頭飾商人	頭装備商人
10470001000	莱蒙	レモン
10470001000	萊蒙	レモン
10470001001	琪琪	キキ
10470001002	格温	グウェン
10470001002	格溫	グウェン
10470001003	鮑伯	ボブ
10470001003	鲍勃	ボブ
10470001004	老铁	バディ
10470001004	鐵哥	バディ
10470001005	賈克斯	ジャックス
10470001005	贾克斯	ジャックス
10470001006	約翰	ジョン
10470001006	约翰	ジョン
10470001007	威廉	ウィリアム
10470001008	乔安	ジョアン
10470001008	喬安	ジョアン
10470001009	約翰的妻子	ジョンの妻
10470001009	约翰的妻子	ジョンの妻
10470001010	威廉的母亲	ウィリアムの母
10470001010	威廉的母親	ウィリアムの母
10470001011	乔安的妻子	ジョアンの妻
10470001011	喬安的妻子	ジョアンの妻
10470001012	巨蚁	ジャイアントアント
10470001012	巨蟻	ジャイアントアント
10470001013	克里弗	クリーバー
10470001014	野猫	ワイルドキャット
10470001014	野貓	ワイルドキャット
10470001015	妮塔	ニタ
10470001016	伊尔玛塔的信徒	イルマタの信奉者
10470001016	伊爾瑪塔的信徒	イルマタの信奉者
10470001017	福金	ジェネシス
10470001018	希莫梅斯	ヒモメス
10470001019	魔物研究冒险者	モンスター研究冒険者
10470001019	魔物研究冒險者	モンスター研究冒険者
10470001020	形跡可疑的男子	不審な男
10470001020	形迹可疑的男人	不審な男
10470001021	普拉斯	プラックス
10470001022	奇特的石制方台	奇妙な石台
10470001022	奇特的石製方台	奇妙な石台
10470001023	空模型	空のモデル
10470001024	三明治	サンドイッチ
10470001025	凶恶的大嘴鸟	凶暴なペコペコ
10470001025	凶惡的大嘴鳥	凶暴なペコペコ
10470001026	互動任務NPC	インタラクションクエストNPC
10470001026	交互任务npc	インタラクションクエストNPC
10470001027	裂隙之石	リフトストーン
10470001028	剑士(怪)@{1}（无需翻译）	ソードマン（モンスター）@{1}
10470001029	传送门	テレポーター
10470001029	傳送門	テレポーター
10470001030	10470001030	カプラ職員
10470001030	卡普拉职员（无需翻译）	カプラ職員
10470001031	10470001031	通りすがり
10470001031	路人（无需翻译）	通りすがり
10470001032	10470001032	ガード
10470001032	守卫（无需翻译）	ガード
10470001033	10470001033	ハト
10470001033	鸽子（无需翻译）	ハト
10470001034	10470001034	マウス
10470001034	老鼠（无需翻译）	マウス
10470001035	10470001035	ホワホワ
10470001035	花花（无需翻译）	ホワホワ
10470001036	10470001036	門番
10470001036	门人（无需翻译）	門番
10470001037	10470001037	ゲート
10470001037	门（无需翻译）	ゲート
10470001038	10470001038	イベントカプラ
10470001038	活动卡普拉（无需翻译）	イベントカプラ
10470001039	10470001039	ソードマン（モンスター）
10470001039	剑士(怪)（无需翻译）	ソードマン（モンスター）
10470001040	普隆德拉保卫战 氛围裂隙	プロンテラ攻防戦・雰囲気リフト
10470001040	普隆德拉保衛戰 氛圍裂隙	プロンテラ攻防戦・雰囲気リフト
10470001041	10470001041	プロンテラ東門へ
10470001041	前往普隆德拉东门（无需翻译）	プロンテラ東門へ
10470001042	10470001042	翻訳不要
10470001042	无需翻译	翻訳不要
10470001043	10470001043	魔法陣_エンジェリングダメージエリア
10470001043	法阵_天使波利伤害圈（无需翻译）	魔法陣_エンジェリングダメージエリア
10470001044	10470001044	魔法陣_オークヒーロー地面斬撃
10470001044	法阵_兽人英雄地面砍刀（无需翻译）	魔法陣_オークヒーロー地面斬撃
10470001045	10470001045	魔法陣_マヤー石化ミスト
10470001045	法阵_蚁后石化迷雾（无需翻译）	魔法陣_マヤー石化ミスト
10470001046	10470001046	魔法陣_空
10470001046	法阵_空（无需翻译）	魔法陣_空
10470001047	10470001047	魔法陣_ミストレス減速エリア
10470001047	法阵_蜂后减速区域（无需翻译）	魔法陣_ミストレス減速エリア
10470001048	10470001048	マンドラゴラ遠距離攻撃
10470001048	曼陀罗魔花远程攻击（无需翻译）	マンドラゴラ遠距離攻撃
10470001049	10470001049	MVP魔法陣_ミストレス鈍足エリア
10470001049	MVP法阵_蜂后减速区域（无需翻译）	MVP魔法陣_ミストレス鈍足エリア
10470001050	10470001050	魔法陣_グレートファイアドラゴンメテオ落下
10470001050	法阵_巨火龙陨石落下（无需翻译）	魔法陣_グレートファイアドラゴンメテオ落下
10470001051	公会场景雕像	ギルドエリア像
10470001051	公會場景雕像	ギルドエリア像
10470001052	摆摊模型	ストールモデル
10470001052	擺攤模型	ストールモデル
10470001053	卡普拉商店	カプラショップ
10470001054	希爾芙風暴裂隙	風の王ストームリフト
10470001054	风领主风暴裂隙	風の王ストームリフト
10470001055	狐球	フォックスボール
10470001056	猫头鹰博士	フクロウ博士
10470001056	貓頭鷹博士	フクロウ博士
10470001057	賽杜拉法陣	スクイジット魔法陣
10470001057	赛杜拉法阵	スクイジット魔法陣
10470001058	古树	古代の木
10470001058	古樹	古代の木
10470001059	熔岩蜥蜴	溶岩トカゲ
10470001060	捕虫堇	ネペンテス
10470001060	捕蟲堇	ネペンテス
10470001061	森林妖精	森の妖精
10470001062	丟雷樓某@{1}	Diu Lei Lou Mou@{1}
10470001062	丢雷楼某@{1}	Diu Lei Lou Mou@{1}
10470001063	銀月魔女	銀月の魔女
10470001063	银月魔女	銀月の魔女
10470001064	恶魔女仆	サキュバス
10470001064	惡魔女僕	サキュバス
10470001065	血蝴蝶	ブラッディバタフライ
10470001066	代行刑者	報復
10470001067	妖仙女	妖精
10470001068	米雅毕	みやび人形
10470001068	米雅畢	みやび人形
10470001069	无颅武士	デュラハン
10470001069	無顱武士	デュラハン
10470001070	愛麗瑟	アリセル
10470001070	爱丽瑟	アリセル
10470001071	兽人战士长	ハイオーク
10470001071	獸人戰士長	ハイオーク
10470001072	死亡女巫	死の魔女
10470001073	愛麗俄	アリオット
10470001073	爱丽俄	アリオット
10470001074	邪心猎人伊芙	ダークハートハンター・イブ
10470001074	邪心獵人伊芙	ダークハートハンター・イブ
10470001075	异形	ホドレムリンソード
10470001075	異形	ホドレムリンソード
10470001076	污染邪骸浪人	堕落したワンダーマン
10470001077	火忍西怒毕	荒れ狂う忍
10470001077	火忍西怒畢	荒れ狂う忍
10470001078	恶魔侍者	インキュバス
10470001078	惡魔侍者	インキュバス
10470001079	邪魔馬	ナイトメア
10470001079	邪魔马	ナイトメア
10470001080	坚硬七彩梦魇	ハーデンド・レインボーナイトメア
10470001080	堅硬七彩夢魘	ハーデンド・レインボーナイトメア
10470001081	小蛇女伊丝	リトル・イシス
10470001081	小蛇女伊絲	リトル・イシス
10470001082	美杜莎	メデューサ
10470001083	独角光辉凯美拉	一角の光輝くキメラ
10470001083	獨角光輝凱美拉	一角の光輝くキメラ
10470001084	鶚梟男爵	オウルバロン
10470001084	鹗枭男爵	オウルバロン
10470001085	侦查巴西利斯克	スカウトバジリスク
10470001085	偵查巴西利斯克	スカウトバジリスク
10470001086	女战士罗拉	女戦士ローラ
10470001086	女戰士羅拉	女戦士ローラ
10470001087	果树龟	果樹ガメ
10470001087	果樹龜	果樹ガメ
10470001088	野猫骑士	山猫の騎士
10470001088	野貓騎士	山猫の騎士
10470001089	皮亚米特	ピアメット
10470001089	皮亞米特	ピアメット
10470001090	监视者	ウォッチャー
10470001090	監視者	ウォッチャー
10470001091	卡仑宝宝	ガルムベイビー
10470001091	卡倫寶寶	ガルムベイビー
10470001092	古鐘魔	クロック
10470001092	古钟魔	クロック
10470001093	祈望女神	希望の女神
10470001094	七彩地龍	レインボーフェルス
10470001094	七彩地龙	レインボーフェルス
10470001095	戴德雷	デイドル
10470001096	狐仙	フォックス・イモータル
10470001097	米谷尔	ミゲル
10470001097	米谷爾	ミゲル
10470001098	魔羌	ヤギ
10470001099	埃琳娜·博克巴	エレナ・ボクバ
10470001099	埃琳娜ᆞ博克巴	エレナ・ボクバ
10470001100	莎拉艾琳	サラ・アイリーン
10470001101	圣化领地	聖域
10470001101	聖化領地	聖域
10470001102	黑暗領地	闇の領域
10470001102	黑暗领地	闇の領域
10470001103	虫洞	ワームホール
10470001103	蟲洞	ワームホール
10470001104	沙塵暴@{1}m	砂嵐@{1}m
10470001104	沙尘暴@{1}m	砂嵐@{1}m
10470001105	未知首領	未知のボス
10470001105	未知首领	未知のボス
10470001106	傀儡	パペット
10470001107	海盗船（子弹）	海賊船（投射物）
10470001107	海盜船（子彈）	海賊船（投射物）
10470001108	海盗之王-困难木桩	ドレイク・ハードダミー
10470001108	海盜之王－困難木樁	ドレイク・ハードダミー
10470001109	水龍捲（子彈）	ウォータートルネード（飛翔体）
10470001109	水龙卷（子弹）	ウォータートルネード（飛翔体）
10470001110	水刃（子弹）	ウォーターブレード（投射物）
10470001110	水刃（子彈）	ウォーターブレード（投射物）
10470001111	蜂巢	蜂の巣
10470001112	一滩蜂蜜	ハチミツの水たまり
10470001112	一灘蜂蜜	ハチミツの水たまり
10470001113	场地特效	面積効果
10470001113	場地特效	面積効果
10470001114	冲锋子弹	チャージ弾
10470001114	衝鋒子彈	チャージ弾
10470001115	行进蜂兵	進軍するホーネット
10470001115	行進蜂兵	進軍するホーネット
10470001116	法阵_蚁后石化迷雾	魔法陣_マヤー石化ミスト
10470001116	法陣_蟻后石化迷霧	魔法陣_マヤー石化ミスト
10470001117	法阵_蚁后沙尘暴	魔法陣_マヤーサンドストーム
10470001117	法陣_蟻后沙塵暴	魔法陣_マヤーサンドストーム
10470001118	法阵_蚁后沙尘暴秒杀区域	魔法陣_マヤー砂嵐即死エリア
10470001118	法陣_蟻后沙塵暴秒殺區域	魔法陣_マヤー砂嵐即死エリア
10470001119	法阵_蚁后石柱	魔法陣_マヤー石柱
10470001119	法陣_蟻后石柱	魔法陣_マヤー石柱
10470001120	子弹_沙尘暴	Projectile_Sandstorm
10470001120	子彈_沙塵暴	Projectile_Sandstorm
10470001121	空单位_召唤用	Empty Unit_Summoning
10470001121	空單位_召喚用	Empty Unit_Summoning
10470001122	法阵_石化迷雾new	魔法陣_新・石化ミスト
10470001122	法陣_石化迷霧New	魔法陣_新・石化ミスト
10470001123	俄塞里斯	オシリス
10470001124	小木乃伊	リトル・ミイラ
10470001125	鬼火子弹	ホロン弾
10470001125	鬼火子彈	ホロン弾
10470001126	並排鬼火	並列ホロン
10470001126	并排鬼火	並列ホロン
10470001127	斗轉星移	アストラルシフト
10470001127	斗转星移	アストラルシフト
10470001128	爆炸	エクスプロージョン
10470001129	月夜猫铃铛牢笼	月夜花ベルケージ
10470001129	月夜貓鈴鐺牢籠	月夜花ベルケージ
10470001130	月夜猫铃铛牢笼亡语	月夜花ベルケージ・死亡時発動
10470001130	月夜貓鈴鐺牢籠亡語	月夜花ベルケージ・死亡時発動
10470001131	月夜猫猜谜铃铛	月夜花なぞなぞベル
10470001131	月夜貓猜謎鈴鐺	月夜花なぞなぞベル
10470001132	月夜猫子弹	月夜花飛翔体
10470001132	月夜貓子彈	月夜花飛翔体
10470001133	月夜猫聚光灯子弹	月夜花スポットライト弾
10470001133	月夜貓聚光燈子彈	月夜花スポットライト弾
10470001134	月夜猫-幻影	月夜花・幻影
10470001134	月夜貓-幻影	月夜花・幻影
10470001135	月夜猫四角铃铛	月夜花・四隅ベル
10470001135	月夜貓四角鈴鐺	月夜花・四隅ベル
10470001136	月夜猫子弹大	月夜花・大型飛翔体
10470001136	月夜貓子彈大	月夜花・大型飛翔体
10470001137	月夜猫-透明锚点	月夜花-透明アンカー
10470001137	月夜貓-透明錨點	月夜花-透明アンカー
10470001138	10470001138	バフォメット範囲魔法陣
10470001138	巴风特aoe法阵【无需翻译】	バフォメット範囲魔法陣
10470001139	P@{1}泡泡NPC	P@{1} バブルNPC
10470001140	紅色泡泡NPC	レッドバブルNPC
10470001140	红色泡泡NPC	レッドバブルNPC
10470001141	黃色泡泡NPC	黄バブルNPC
10470001141	黄色泡泡NPC	黄バブルNPC
10470001142	蓝色泡泡NPC	ブルーバブルNPC
10470001142	藍色泡泡NPC	ブルーバブルNPC
10470001143	綠色泡泡NPC	グリーンバブルNPC
10470001143	绿色泡泡NPC	グリーンバブルNPC
10470001144	紅色跟蹤泡泡npc	レッド追尾バブルNPC
10470001144	红色跟踪泡泡npc	レッド追尾バブルNPC
10470001145	黃色跟蹤泡泡npc	イエロー追尾バブルNPC
10470001145	黄色跟踪泡泡npc	イエロー追尾バブルNPC
10470001146	蓝色跟踪泡泡npc	ブルー追尾バブルNPC
10470001146	藍色跟蹤泡泡npc	ブルー追尾バブルNPC
10470001147	綠色跟蹤泡泡npc	グリーン追尾バブルNPC
10470001147	绿色跟踪泡泡npc	グリーン追尾バブルNPC
10470001148	伊丝缇-困难	イスティ - ハード
10470001148	伊絲緹-困難	イスティ - ハード
10470001149	同色相撞泡泡NPC左	同色衝突バブルNPC・左
10470001150	同色相撞泡泡NPC下	同色衝突バブルNPC・下
10470001151	P@{1}紅色泡泡NPC	P@{1} レッドバブルNPC
10470001151	P@{1}红色泡泡NPC	P@{1} レッドバブルNPC
10470001152	P@{1}黃色泡泡NPC	P@{1} イエローバブルNPC
10470001152	P@{1}黄色泡泡NPC	P@{1} イエローバブルNPC
10470001153	P@{1}蓝色泡泡NPC	P@{1} ブルーバブルNPC
10470001153	P@{1}藍色泡泡NPC	P@{1} ブルーバブルNPC
10470001154	P@{1}綠色泡泡NPC	P@{1} グリーンバブルNPC
10470001154	P@{1}绿色泡泡NPC	P@{1} グリーンバブルNPC
10470001155	出生动作测试	出現アニメーションテスト
10470001155	出生動作測試	出現アニメーションテスト
10470001156	P@{1}紅色泡泡NPC@{2}	P@{1} レッドバブルNPC@{2}
10470001156	P@{1}红色泡泡NPC@{2}	P@{1} レッドバブルNPC@{2}
10470001157	P@{1}黃色泡泡NPC@{2}	P@{1} イエローバブルNPC@{2}
10470001157	P@{1}黄色泡泡NPC@{2}	P@{1} イエローバブルNPC@{2}
10470001158	P@{1}蓝色泡泡NPC@{2}	P@{1} ブルーバブルNPC@{2}
10470001158	P@{1}藍色泡泡NPC@{2}	P@{1} ブルーバブルNPC@{2}
10470001159	P@{1}綠色泡泡NPC@{2}	P@{1} グリーンバブルNPC@{2}
10470001159	P@{1}绿色泡泡NPC@{2}	P@{1} グリーンバブルNPC@{2}
10470001160	伊丝缇-普通	イスティ - ノーマル
10470001160	伊絲緹-普通	イスティ - ノーマル
10470001161	伊丝缇-终末	イスティ - アポカリプス
10470001161	伊絲緹-終末	イスティ - アポカリプス
10470001162	奈莎-困难	ナーシャ - ハード
10470001162	奈莎-困難	ナーシャ - ハード
10470001163	舞女	ダンサー
10470001163	舞孃	ダンサー
10470001164	踩圈法阵	円周踏み魔法陣
10470001164	踩圈法陣	円周踏み魔法陣
10470001166	跳舞机踩点	ダンスマシン・ステップポイント
10470001166	跳舞機踩點	ダンスマシン・ステップポイント
10470001167	黑暗預警圈	ダーク警告サークル
10470001167	黑暗预警圈	ダーク警告サークル
10470001168	测试死亡	テストデス
10470001168	測試死亡	テストデス
10470001169	奈莎-普通	ナーシャ - ノーマル
10470001170	奈莎-終末	ナーシャ - フィナーレ
10470001170	奈莎-终末	ナーシャ - フィナーレ
10470001171	領取紅色音符	レッドノートを集める
10470001171	领取红色音符	レッドノートを集める
10470001172	領取藍色音符	青の音符を集める
10470001172	领取蓝色音符	青の音符を集める
10470001173	領取黃色音符	黄色の音符を集める
10470001173	领取黄色音符	黄色の音符を集める
10470001174	領取綠色音符	緑の音符を集める
10470001174	领取绿色音符	緑の音符を集める
10470001175	伊尔莫-困难	イルモ - ハード
10470001175	伊爾莫-困難	イルモ - ハード
10470001176	伊尔莫-普通	イルモ - ノーマル
10470001176	伊爾莫-普通	イルモ - ノーマル
10470001177	伊尔莫-终末	イルモ - フィナーレ
10470001177	伊爾莫-終末	イルモ - フィナーレ
10470001178	弥尔寇-困难	ミルコ - ハード
10470001178	彌爾寇-困難	ミルコ - ハード
10470001179	弥尔寇-普通	ミルコ - ノーマル
10470001179	彌爾寇-普通	ミルコ - ノーマル
10470001180	弥尔寇-终末	ミルコ - フィナーレ
10470001180	彌爾寇-終末	ミルコ - フィナーレ
10470001181	全场圆	全闘技場サークル
10470001181	全場圓	全闘技場サークル
10470001182	金色号角	ゴールデンホーン
10470001182	金色號角	ゴールデンホーン
10470001183	蓝色竖琴	ブルーハープ
10470001183	藍色豎琴	ブルーハープ
10470001184	黑	黒
10470001186	艾德琳·冯·克雷斯特	アデリン・フォン・クレスト
10470001186	艾德琳ᆞ馮ᆞ克雷斯特	アデリン・フォン・クレスト
10470001187	Demo測試樁	デモ用テストダミー
10470001187	demo测试桩	デモ用テストダミー
10470001188	伊丝缇	イスティ
10470001188	伊絲緹	イスティ
10470001189	奈莎	ナーシャ
10470001190	紅色泡泡	赤い泡
10470001190	红色泡泡	赤い泡
10470001191	黃色泡泡	黄色い泡
10470001191	黄色泡泡	黄色い泡
10470001192	綠色泡泡	グリーンバブル
10470001192	绿色泡泡	グリーンバブル
10470001193	蓝色泡泡	ブルーバブル
10470001193	藍色泡泡	ブルーバブル
10470001194	海浪	ウェーブ
10470001195	@{1}D包围盒测试子弹	@{1}D バウンディングボックステスト弾
10470001195	@{1}D包圍盒測試子彈	@{1}D バウンディングボックステスト弾
10470001196	不稳定的红色泡泡	不安定レッドバブル
10470001196	不穩定的紅色泡泡	不安定レッドバブル
10470001197	不稳定的黄色泡泡	不安定イエローバブル
10470001197	不穩定的黃色泡泡	不安定イエローバブル
10470001198	不稳定的绿色泡泡	不安定なグリーンバブル
10470001198	不穩定的綠色泡泡	不安定なグリーンバブル
10470001199	不稳定的蓝色泡泡	不安定なブルーバブル
10470001199	不穩定的藍色泡泡	不安定なブルーバブル
10470001200	飛刀	クナイ
10470001200	飞刀	クナイ
10470001201	五人副本沙塵暴	5人ダンジョン・サンドストーム
10470001201	五人本沙尘暴	5人ダンジョン・サンドストーム
10470001202	五人副本沙塵暴@{1}	5人ダンジョン砂嵐@{1}
10470001202	五人本沙尘暴@{1}	5人ダンジョン砂嵐@{1}
10470001203	测试？	テスト？
10470001203	測試？	テスト？
10470001204	测试子弹追踪	追尾弾テスト
10470001204	測試子彈追蹤	追尾弾テスト
10470001205	测试子弹直线	直線投射物テスト
10470001205	測試子彈直線	直線投射物テスト
10470001206	测试子弹环型	円形投射物テスト
10470001206	測試子彈環型	円形投射物テスト
10470001207	暴風雪	ストームガスト
10470001207	暴风雪	ストームガスト
10470001208	怒雷強擊	ロードオブヴァーミリオン
10470001208	怒雷强击	ロードオブヴァーミリオン
10470001209	暗之障壁	セイフティウォール
10470001210	火焰之壁	ファイアーウォール
10470001211	泥沼地	クァグマイア
10470001212	火柱攻击	火柱
10470001212	火柱攻擊	火柱
10470001213	陨石术	メテオストーム
10470001213	隕石術	メテオストーム
10470001214	崩裂术	ヘヴンズドライブ
10470001214	崩裂術	ヘヴンズドライブ
10470001215	深紅隕石	クリムゾンロック
10470001215	深红陨石	クリムゾンロック
10470001216	閃電連擊	アークライトニング
10470001216	闪电连击	アークライトニング
10470001217	霜冻新星	フロストノヴァ
10470001217	霜凍新星	フロストノヴァ
10470001218	深淵之握	アビスの沼地
10470001218	深渊之握	アビスの沼地
10470001219	重力原野	グラビテーションフィールド
10470001220	陨石术@{1}	メテオストーム@{1}
10470001220	隕石術@{1}	メテオストーム@{1}
10470001221	光之障壁	プネウマ
10470001222	余烬地带-BD	エンバーゾーン-BD
10470001222	餘燼地帶-流派	エンバーゾーン-BD
10470001223	光耀之堂	サンクチュアリ
10470001224	十字驅魔攻擊	マグヌスエクソシズム
10470001224	十字驱魔攻击	マグヌスエクソシズム
10470001225	进阶伤害增压	上級ヘッドクラッシュ
10470001225	進階傷害增壓	上級ヘッドクラッシュ
10470001226	爆散陷阱	クレイモア・トラップ
10470001227	霜冻陷阱	フリージングトラップ
10470001227	霜凍陷阱	フリージングトラップ
10470001228	定时爆炸陷阱	ブラストマイン
10470001228	定時爆炸陷阱	ブラストマイン
10470001229	強化地雷陷阱	ランドマイン強化
10470001229	强化地雷陷阱	ランドマイン強化
10470001230	強化爆散陷阱	クレイモアトラップ強化
10470001230	强化爆散陷阱	クレイモアトラップ強化
10470001231	強化霜凍陷阱	フリージングトラップ強化
10470001231	强化霜冻陷阱	フリージングトラップ強化
10470001232	強化定時爆炸陷阱	ブラストマイン強化
10470001232	强化定时爆炸陷阱	ブラストマイン強化
10470001233	法阵_圣母之祈福	魔法陣_アスムプティオ
10470001233	法陣_聖母之祈福	魔法陣_アスムプティオ
10470001234	法阵_高阶十字驱魔攻击	魔法陣_上級クロスエクソシスト攻撃
10470001234	法陣_高階十字驅魔攻擊	魔法陣_上級クロスエクソシスト攻撃
10470001235	法阵_圣母之祈福BD	魔法陣_アスムプティオ BD
10470001235	法陣_聖母之祈福流派	魔法陣_アスムプティオ BD
10470001236	法阵_高阶十字驱魔攻击BD	魔法陣_上級クロスエクソシスト攻撃 BD
10470001236	法陣_高階十字驅魔攻擊流派	魔法陣_上級クロスエクソシスト攻撃 BD
10470001237	圣光回廊	ホーリーライトコリドー
10470001237	聖光迴廊	ホーリーライトコリドー
10470001238	像素突刺残影	ピクセルスラスト回避増加
10470001238	像素突刺殘影	ピクセルスラスト回避増加
10470001239	箭雨風暴	アローストーム
10470001239	箭雨风暴	アローストーム
10470001240	法阵_刺客影子S@{1}	魔法陣_アサシンシャドウ S@{1}
10470001240	法陣_刺客影子S@{1}	魔法陣_アサシンシャドウ S@{1}
10470001241	雷諾	レノ
10470001241	雷诺	レノ
10470001242	魯米	ルミ
10470001242	鲁米	ルミ
10470001243	蓝发卡普拉	青髪のカプラ
10470001243	藍髮卡普拉	青髪のカプラ
10470001244	准它社宣传人员	ジュントゥオ代理店PR担当
10470001244	準它社宣傳人員	ジュントゥオ代理店PR担当
10470001245	10470001245	ガイドライン
10470001245	引导线（无需翻译）	ガイドライン
10470001246	10470001246	小移動速度アップ
10470001246	小加速（无需翻译）	小移動速度アップ
10470001247	10470001247	大移動速度アップ
10470001247	大加速（无需翻译）	大移動速度アップ
10470001248	10470001248	フリージングトラップハンター
10470001248	冰冻陷阱（无需翻译）	フリージングトラップハンター
10470001249	10470001249	フレイムトラップハンター
10470001249	火焰陷阱（无需翻译）	フレイムトラップハンター
10470001250	10470001250	アイテムボックス
10470001250	道具箱（无需翻译）	アイテムボックス
10470001251	10470001251	バリケード
10470001251	拒马（无需翻译）	バリケード
10470001252	制作人YU	プロデューサー YU
10470001252	製作人YU	プロデューサー YU
10470001253	10470001253	味方テストダミー
10470001253	友方测试木桩（无需翻译）	味方テストダミー
10470001254	蜂后-简单	ミストレス・イージー
10470001254	蜂后－簡單	ミストレス・イージー
10470001255	蜂后-普通	ミストレス-ノーマル
10470001255	蜂后－普通	ミストレス-ノーマル
10470001256	蜂后-困难	ミストレスハード
10470001256	蜂后－困難	ミストレスハード
10470001257	蜂后-极难	ミストレス-ベリーハード
10470001257	蜂后－極難	ミストレス-ベリーハード
10470001258	蜂后-噩梦	ミストレス-ナイトメア
10470001258	蜂后－夢魘	ミストレス-ナイトメア
10470001259	蜂后-终焉	ミストレス-ファイナル
10470001259	蜂后－終焉	ミストレス-ファイナル
10470001260	蚁后-简单	マヤー（Easy）
10470001260	蟻后－簡單	マヤー（Easy）
10470001261	蚁后-普通	マヤー-ノーマル
10470001261	蟻后－普通	マヤー-ノーマル
10470001262	蚁后-困难	マヤー（Hard）
10470001262	蟻后－困難	マヤー（Hard）
10470001263	蚁后-极难	マヤー-ベリーハード
10470001263	蟻后－極難	マヤー-ベリーハード
10470001264	蚁后-噩梦	マヤー-ナイトメア
10470001264	蟻后－夢魘	マヤー-ナイトメア
10470001265	蚁后-终焉	マヤー-ファイナル
10470001265	蟻后－終焉	マヤー-ファイナル
10470001266	俄塞里斯－簡單	オシリス-イージー
10470001266	俄赛里斯-简单	オシリス-イージー
10470001267	俄塞里斯－普通	オシリス-ノーマル
10470001267	俄赛里斯-普通	オシリス-ノーマル
10470001268	俄塞里斯－困難	オシリスハード
10470001268	俄赛里斯-困难	オシリスハード
10470001269	俄塞里斯－極難	オシリス-ベリーハード
10470001269	俄赛里斯-极难	オシリス-ベリーハード
10470001270	俄塞里斯－夢魘	オシリス-ナイトメア
10470001270	俄赛里斯-噩梦	オシリス-ナイトメア
10470001271	俄塞里斯－終焉	オシリス-ファイナル
10470001271	俄赛里斯-终焉	オシリス-ファイナル
10470001272	月夜猫-简单	月夜花-イージー
10470001272	月夜貓－簡單	月夜花-イージー
10470001273	月夜猫-普通	月夜花-ノーマル
10470001273	月夜貓－普通	月夜花-ノーマル
10470001274	月夜猫-困难	月夜花-ハード
10470001274	月夜貓－困難	月夜花-ハード
10470001275	月夜猫-极难	月夜花-ベリーハード
10470001275	月夜貓－極難	月夜花-ベリーハード
10470001276	月夜猫-噩梦	月夜花-ナイトメア
10470001276	月夜貓－夢魘	月夜花-ナイトメア
10470001277	月夜猫-终焉	月夜花-ファイナル
10470001277	月夜貓－終焉	月夜花-ファイナル
10470001278	法老王-简单	ファラオ-イージー
10470001278	法老王－簡單	ファラオ-イージー
10470001279	法老王-普通	ファラオ-ノーマル
10470001279	法老王－普通	ファラオ-ノーマル
10470001280	法老王-困难	ファラオ・ハード
10470001280	法老王－困難	ファラオ・ハード
10470001281	法老王-极难	ファラオ-ベリーハード
10470001281	法老王－極難	ファラオ-ベリーハード
10470001282	法老王-噩梦	ファラオ-ナイトメア
10470001282	法老王－夢魘	ファラオ-ナイトメア
10470001283	法老王-终焉	ファラオ-ファイナル
10470001283	法老王－終焉	ファラオ-ファイナル
10470001284	巴風特－簡單	バフォメット-イージー
10470001284	巴风特-简单	バフォメット-イージー
10470001285	巴風特－普通	バフォメット-ノーマル
10470001285	巴风特-普通	バフォメット-ノーマル
10470001286	巴風特－困難	バフォメットハード
10470001286	巴风特-困难	バフォメットハード
10470001287	巴風特－極難	バフォメット-ベリーハード
10470001287	巴风特-极难	バフォメット-ベリーハード
10470001288	巴風特－夢魘	バフォメット-ナイトメア
10470001288	巴风特-噩梦	バフォメット-ナイトメア
10470001289	巴風特－終焉	バフォメット-ファイナル
10470001289	巴风特-终焉	バフォメット-ファイナル
10470001290	海盗之王-简单	ドレイク・イージー
10470001290	海盜之王－簡單	ドレイク・イージー
10470001291	海盗之王-普通	ドレイク-ノーマル
10470001291	海盜之王－普通	ドレイク-ノーマル
10470001292	海盗之王-困难	ドレイクハード
10470001292	海盜之王－困難	ドレイクハード
10470001293	海盗之王-极难	ドレイク-ベリーハード
10470001293	海盜之王－極難	ドレイク-ベリーハード
10470001294	海盗之王-噩梦	ドレイク-ナイトメア
10470001294	海盜之王－夢魘	ドレイク-ナイトメア
10470001295	海盗之王-终焉	ドレイク-ファイナル
10470001295	海盜之王－終焉	ドレイク-ファイナル
10470001296	法老王@{1}	ファラオ@{1}
10530000000	波利	ポリン
10530000001	疯兔	ルナティック
10530000001	瘋兔	ルナティック
10530000002	綠棉蟲	ファブル
10530000002	绿棉虫	ファブル
10530000003	小雞	ピッキー
10530000003	小鸡	ピッキー
10530000004	苍蝇	チョンチョン
10530000004	蒼蠅	チョンチョン
10530000005	蛋壳小鸡	すごいピッキ
10530000005	蛋殼小雞	すごいピッキ
10530000006	树精	ウィロー
10530000006	樹精	ウィロー
10530000007	禿鷹	コンドル
10530000007	秃鹰	コンドル
10530000008	小野猪	サベージベイブ
10530000008	小野豬	サベージベイブ
10530000009	蝗虫	ロッカー
10530000009	蝗蟲	ロッカー
10530000010	罗达蛙	ロダフロッグ
10530000010	羅達蛙	ロダフロッグ
10530000011	森灵	ワームテール
10530000011	森靈	ワームテール
10530000012	蜗牛	アンバーナイト
10530000012	蝸牛	アンバーナイト
10530000013	魔菇	スポア
10530000014	盗虫	盗蟲
10530000014	盜蟲	盗蟲
10530000015	克瑞米	クリーミー
10530000016	土波利	ドロップス
10530000017	白鼠	タロウ
10530000018	吸血蝙蝠	ファミリアー
10530000019	沙漠幼狼	ベビーデザートウルフ
10530000020	溜溜猴	ヨーヨー
10530000021	蝎子	スコーピオン
10530000021	蠍子	スコーピオン
10530000022	波波利	ポポリン
10530000023	浮勒盗虫	雌盗蟲
10530000023	浮勒盜蟲	雌盗蟲
10530000024	曼陀罗魔花	マンドラゴラ
10530000024	曼陀羅魔花	マンドラゴラ
10530000025	玛勒盗虫	雄盗蟲
10530000025	瑪勒盜蟲	雄盗蟲
10530000026	狸猫	スモーキー
10530000026	狸貓	スモーキー
10530000027	青蛇	ボア
10530000028	毒魔菇	ポイズンスポア
10530000029	鍬形蟲	ホルン
10530000029	锹形虫	ホルン
10530000030	大脚熊	ビッグフット
10530000030	大腳熊	ビッグフット
10530000031	松鼠	ココ
10530000032	大嘴鳥蛋	ペコペコの卵
10530000032	大嘴鸟蛋	ペコペコの卵
10530000033	盗虫卵	盗蟲の卵
10530000033	盜蟲卵	盗蟲の卵
10530000034	虫蛹	プパ
10530000034	蟲蛹	プパ
10530000035	直升机哥布灵	ローターザイロ
10530000035	直升機哥布靈	ローターザイロ
10530000036	恶灵	レイス
10530000036	惡靈	レイス
10530000037	猎蝇	ダスティネス
10530000037	獵蠅	ダスティネス
10530000038	轉轉蛋	エギラ
10530000038	转转蛋	エギラ
10530000039	摩卡	ムカ
10530000040	小野猪-占位	サベージベベ - プレースホルダー
10530000040	小野豬-佔位	サベージベベ - プレースホルダー
10530000041	邪骸士兵	ソルジャースケルトン
10530000042	木乃伊	マミー
10530000043	腐尸	ゾンビ
10530000043	腐屍	ゾンビ
10530000044	兵蚁	デニーロ
10530000044	兵蟻	デニーロ
10530000045	工蚁	ピエール
10530000045	工蟻	ピエール
10530000046	白蚁	アンドレ
10530000046	白蟻	アンドレ
10530000047	海葵	ヒドラ
10530000048	黑蚁	ヴィタータ
10530000048	黑蟻	ヴィタータ
10530000049	土拨鼠	マーティン
10530000049	土撥鼠	マーティン
10530000050	基尔瑟	ガイアス
10530000050	基爾瑟	ガイアス
10530000051	邪骸矿工	スケルワーカー
10530000051	邪骸礦工	スケルワーカー
10530000052	紅蝙蝠	ドレインリアー
10530000052	红蝙蝠	ドレインリアー
10530000053	邪骸海盗	パイレーツスケルトン
10530000053	邪骸海盜	パイレーツスケルトン
10530000054	巧克猴	チョコ
10530000055	邪骸弓箭手	アーチャースケルトン
10530000056	毕莱特	ベリット
10530000056	畢萊特	ベリット
10530000057	人魚	オボンヌ
10530000057	人鱼	オボンヌ
10530000058	魔鍋蛋	マグノリア
10530000058	魔锅蛋	マグノリア
10530000059	将军魔碑	天下大将軍
10530000059	將軍魔碑	天下大将軍
10530000060	邪恶箱	ミミック
10530000060	邪惡箱	ミミック
10530000061	伞蜥	フリルドラ
10530000061	傘蜥	フリルドラ
10530000062	小巴風特	バフォメットJr.
10530000062	小巴风特	バフォメットJr.
10530000063	黑狐	マーター
10530000064	米洛斯	ミノタウロス
10530000065	噬人花	フローラ
10530000066	野猪	サベージ
10530000066	野豬	サベージ
10530000067	蛇女伊丝	イシス
10530000067	蛇女伊絲	イシス
10530000068	妖道	ボングン
10530000069	雪熊	サスカッチ
10530000070	瓢虫	レディバグ
10530000070	瓢蟲	レディバグ
10530000071	刺猬虫	ヘッジホッグバグ
10530000071	刺蝟蟲	ヘッジホッグバグ
10530000072	大嘴鳥	ペコペコ
10530000072	大嘴鸟	ペコペコ
10530000073	邪骸战士	スケルトン
10530000073	邪骸戰士	スケルトン
10530000074	白蚁幼虫	アントの卵
10530000074	白蟻幼蟲	アントの卵
10530000075	愤怒波波利	怒れるポポリン
10530000075	憤怒波波利	怒れるポポリン
10530000076	長老樹精	エルダーウィロー
10530000076	长老树精	エルダーウィロー
10530000077	冰波利	マリン
10530000078	漂浮虫	プランクトン
10530000078	漂浮蟲	プランクトン
10530000079	水母	マリーナ
10530000080	库克雷	ククレ
10530000080	庫克雷	ククレ
10530000081	大斧哥布灵	ゴブリン(斧)
10530000081	大斧哥布靈	ゴブリン(斧)
10530000082	鏈鎚哥布靈	ゴブリン（フレイル）
10530000082	链锤哥布灵	ゴブリン（フレイル）
10530000083	螃蟹	バドン
10530000084	狼	ウルフ
10530000085	达拉蛙	タラ・フロッグ
10530000085	達拉蛙	タラ・フロッグ
10530000086	兽人婴儿	オークベビー
10530000086	獸人嬰兒	オークベビー
10530000087	兽人战士	オーク戦士
10530000087	獸人戰士	オーク戦士
10530000088	兽人女战士	オークレディ
10530000088	獸人女戰士	オークレディ
10530000089	白幽灵	ウィスパー
10530000089	白幽靈	ウィスパー
10530000090	邪骸食人魚	メガロドン
10530000090	邪骸食人鱼	メガロドン
10530000091	乌贼	マルス
10530000091	烏賊	マルス
10530000092	艾斯蜘蛛	アルゴス
10530000093	綠蒼蠅	スチールチョンチョン
10530000093	绿苍蝇	スチールチョンチョン
10530000094	刺刀哥布灵	ゴブリン（ダガー）
10530000094	刺刀哥布靈	ゴブリン（ダガー）
10530000095	麥斯特	ミスト
10530000095	麦斯特	ミスト
10530000096	气泡虫	マリンスフィア
10530000096	氣泡蟲	マリンスフィア
10530000097	剑鱼	フェン
10530000097	劍魚	フェン
10530000098	兹诺克	ゼノルク
10530000098	茲諾克	ゼノルク
10530000099	巨象甲虫	ビートルキング
10530000099	巨象甲蟲	ビートルキング
10530000100	弓箭哥布灵	ゴブリンアーチャー
10530000100	弓箭哥布靈	ゴブリンアーチャー
10530000101	重金属蝗虫	メタラー
10530000101	重金屬蝗蟲	メタラー
10530000102	馬克	マルク
10530000102	马克	マルク
10530000103	刺錘哥布靈	ゴブリン（メイス）
10530000103	刺锤哥布灵	ゴブリン（メイス）
10530000104	异变鱼	ソードフィッシュ
10530000104	異變魚	ソードフィッシュ
10530000105	邪骸兽人	オークスケルトン
10530000105	邪骸獸人	オークスケルトン
10530000106	榔头哥布灵	ゴブリン（ハンマー）
10530000106	榔頭哥布靈	ゴブリン（ハンマー）
10530000107	兽人腐尸	オークゾンビ
10530000107	獸人腐屍	オークゾンビ
10530000108	僵尸	ムナック
10530000108	殭屍	ムナック
10530000109	人魚士兵	マーマン
10530000109	人鱼士兵	マーマン
10530000110	狄奥斯	デビアス
10530000110	狄奧斯	デビアス
10530000111	綠腐屍	グール
10530000111	绿腐尸	グール
10530000112	泥人	サンドマン
10530000113	巨石怪	ゴーレム
10530000114	赤苍蝇	ハンターフライ
10530000114	赤蒼蠅	ハンターフライ
10530000115	蚯蚓	ホード
10530000116	鬼女	ソヒー
10530000117	螳螂	マンティス
10530000118	爆鑽傘蜥	ドリラー
10530000118	爆钻伞蜥	ドリラー
10530000119	喷射哥布灵	ゴブリンスチームライダー
10530000119	噴射哥布靈	ゴブリンスチームライダー
10530000120	鬼火	ホロン
10530000121	土人	ドケビ
10530000122	夢魘	ナイトメア
10530000122	梦魇	ナイトメア
10530000123	黑蛇	サイドワインダー
10530000124	傑洛米	ゼロム
10530000124	杰洛米	ゼロム
10530000125	諾可伊	レクイエム
10530000125	诺可伊	レクイエム
10530000126	九尾狐	九尾
10530000127	艾吉欧蜈蚣	アルギオペ
10530000127	艾吉歐蜈蚣	アルギオペ
10530000128	兽人弓箭手	オークアーチャー
10530000128	獸人弓箭手	オークアーチャー
10530000129	梅納海葵	ペノメナ
10530000129	梅纳海葵	ペノメナ
10530000130	卡拉蟹	クラブ
10530000131	奈吉鳥	ラグラ
10530000131	奈吉鸟	ラグラ
10530000132	貝殼魔靈	お化け貝
10530000132	贝壳魔灵	お化け貝
10530000133	海星	ヒトデ
10530000134	綠變色龍	グローブ
10530000134	绿变色龙	グローブ
10530000135	鱷魚人	アリゲーター
10530000135	鳄鱼人	アリゲーター
10530000136	海神	ストルフ
10530000137	南瓜先生	ジャック
10530000138	狂暴野猫	ワイルドローズ
10530000138	狂暴野貓	ワイルドローズ
10530000139	馬爾杜克	マルドゥク
10530000139	马尔杜克	マルドゥク
10530000140	毕帝特飞龙	スカイプチ
10530000140	畢帝特飛龍	スカイプチ
10530000141	帕莎納	パサーナ
10530000141	帕莎纳	パサーナ
10530000142	風魔巫師	ウィンドゴースト
10530000142	风魔巫师	ウィンドゴースト
10530000143	蓝鼠	クランプ
10530000143	藍鼠	クランプ
10530000144	灰森灵	ステムワーム
10530000144	灰森靈	ステムワーム
10530000145	毕帝特地龙	プチ
10530000145	畢帝特地龍	プチ
10530000146	傀儡娃娃	マリオネット
10530000147	小恶魔	デビルチ
10530000147	小惡魔	デビルチ
10530000148	刺錘犬妖	メイス・コボルト
10530000148	刺锤犬妖	メイス・コボルト
10530000149	榔头犬妖	ハンマーコボルト
10530000149	榔頭犬妖	ハンマーコボルト
10530000150	沙漠之狼	デザートウルフ
10530000151	安毕斯	アヌビス
10530000151	安畢斯	アヌビス
10530000152	大斧犬妖	アックス・コボルト
10530000153	犬妖弓箭手	コボルドアーチャー
10530000154	賽杜拉	スキジッテ
10530000154	赛杜拉	スキジッテ
10530000155	深海电鳗	スロフォ
10530000155	深海電鰻	スロフォ
10530000156	狂暴木乃伊	エンシェントマミー
10530000157	酱缸章鱼	ポットドフレ
10530000157	醬缸章魚	ポットドフレ
10530000158	大脚龙虾	キングドラモー
10530000158	大腳龍蝦	キングドラモー
10530000159	狂暴克瑞米	クリーミーフィアー
10530000160	狂暴大脚熊	リーブ・オルマイ
10530000160	狂暴大腳熊	リーブ・オルマイ
10530000161	狂暴螳螂	キラーマンティス
10680100000	轉職場景	転職シーン
10680100000	转职场景	転職シーン
10680100001	未知区域	未知の領域
10680100001	未知區域	未知の領域
10680100002	10680100002	テストインスタンス
10680100002	测试位面【无需翻译】	テストインスタンス
10680100003	普隆德拉西門	プロンテラ西門
10680100003	普隆德拉西门	プロンテラ西門
10680100004	普隆德拉北門	プロンテラ北門
10680100004	普隆德拉北门	プロンテラ北門
10680100005	冒险团创建位面	冒険パーティ作成インスタンス
10680100005	冒險團建立位面	冒険パーティ作成インスタンス
10680100006	彩虹錦鯉副本	虹色コイダンジョン
10680100006	彩虹锦鲤副本	虹色コイダンジョン
10680100007	伊斯魯得	イズルード
10680100007	伊斯鲁得	イズルード
10680100008	王宫	王宮
10680100009	下水道@{1}层	地下水路 @{1}階
10680100009	下水道@{1}層	地下水路 @{1}階
10680100010	斐扬	フェイヨン
10680100010	斐揚	フェイヨン
10680100011	斐扬南部	南フェイヨン
10680100011	斐揚南部	南フェイヨン
10680100012	斐扬东部	東フェイヨン
10680100012	斐楊東部	東フェイヨン
10680100013	斐扬树林	フェイヨンの森
10680100013	斐揚樹林	フェイヨンの森
10680100014	斐扬位面	フェイヨンインスタンス
10680100014	斐揚位面	フェイヨンインスタンス
10680100015	吉芬	ゲフェン
10680100016	10680100016	マルチプレイヤーPvP
10680100016	多人PVP【无需翻译】	マルチプレイヤーPvP
10680100017	哥布灵森林	ゴブリンの森
10680100017	哥布靈森林	ゴブリンの森
10680100018	吉芬东门	ゲフェン東門
10680100018	吉芬東門	ゲフェン東門
10680100019	沙漠岔道	砂漠の交差路
10680100020	蚂蚁密穴	蟻地獄
10680100020	螞蟻密穴	蟻地獄
10680100021	精灵之塔	精霊の塔
10680100021	精靈之塔	精霊の塔
10680100022	諸神戰場	神々の戦場
10680100022	诸神战场	神々の戦場
10680100023	10680100023	RO生存者
10680100023	RO幸存者【无需翻译】	RO生存者
10680100024	10680100024	天空領域
10680100024	天空之境【无需翻译】	天空領域
10680100025	10680100025	地下王国
10680100025	地底之国【无需翻译】	地下王国
10680100026	训练场	訓練場
10680100027	公会联赛-主战场	ギルドリーグ - メイン戦場
10680100027	公會聯賽-主戰場	ギルドリーグ - メイン戦場
10680100028	公会联赛-副战场	ギルドリーグ - サブ戦場
10680100028	公會聯賽-副戰場	ギルドリーグ - サブ戦場
10680100029	10680100029	輝け！アルパカガール
10680100029	闪耀！优驼少女【无需翻译】	輝け！アルパカガール
10680100030	模拟对抗战-报名阶段	模擬戦 - 登録フェーズ
10680100030	模擬對抗戰-報名階段	模擬戦 - 登録フェーズ
10680100031	模拟对抗战	模擬戦
10680100031	模擬對抗戰	模擬戦
10680100032	攻城战	攻城戦
10680100032	攻城戰	攻城戦
10680100033	10680100033	多層経路探索
10680100033	多层寻路（无需翻译）	多層経路探索
10680100034	据点争夺	拠点戦
10680100034	據點爭奪	拠点戦
10680100035	10680100035	プロンテラ東部州都
10680100035	普隆德拉东部州府（无需翻译）	プロンテラ東部州都
10680100036	10680100036	プロンテラ西部州都
10680100036	普隆德拉西部州府（无需翻译）	プロンテラ西部州都
10680100037	10680100037	プロンテラ南部州都
10680100037	普隆德拉南部州府（无需翻译）	プロンテラ南部州都
10680100038	10680100038	ゲフェン東部州都
10680100038	吉芬东部州府（无需翻译）	ゲフェン東部州都
10680100039	10680100039	ゲフェン西部州都
10680100039	吉芬西部州府（无需翻译）	ゲフェン西部州都
10680100040	10680100040	ゲフェン南部州都
10680100040	吉芬南部州府（无需翻译）	ゲフェン南部州都
10680100041	10680100041	フェイヨン東部州都
10680100041	斐扬东部州府（无需翻译）	フェイヨン東部州都
10680100042	10680100042	フェイヨン西部州都
10680100042	斐扬西部州府（无需翻译）	フェイヨン西部州都
10680100043	10680100043	フェイヨン南部州都
10680100043	斐扬南部州府（无需翻译）	フェイヨン南部州都
10680100044	10680100044	モロック東部州都
10680100044	梦罗克东部州府（无需翻译）	モロック東部州都
10680100045	10680100045	モロック西部州都
10680100045	梦罗克西部州府（无需翻译）	モロック西部州都
10680100046	10680100046	南モロック州都
10680100046	梦罗克南部州府（无需翻译）	南モロック州都
10680100047	10680100047	イズルード東部州都
10680100047	伊斯鲁德东部州府（无需翻译）	イズルード東部州都
10680100048	10680100048	イズルード西部州都
10680100048	伊斯鲁德西部州府（无需翻译）	イズルード西部州都
10680100049	10680100049	イズルード南部州都
10680100049	伊斯鲁德南部州府（无需翻译）	イズルード南部州都
10680100050	10680100050	アルベルタ東部州都
10680100050	艾尔贝塔东部州府（无需翻译）	アルベルタ東部州都
10680100051	10680100051	アルベルタ西部州都
10680100051	艾尔贝塔西部州府（无需翻译）	アルベルタ西部州都
10680100052	10680100052	アルベルタ南部州都
10680100052	艾尔贝塔南部州府（无需翻译）	アルベルタ南部州都
10680100053	领土战据分格-@{1}（无需翻译）	領地戦グリッド - @{1}
10680100054	据点战白盒	拠点戦ホワイトボックス
10680100054	據點戰白盒	拠点戦ホワイトボックス
10680100055	卡普拉-生存之战	カプラ - サバイバルバトル
10680100055	卡普拉-生存之戰	カプラ - サバイバルバトル
10680100056	10680100056	宝物庫
10680100056	挖宝密室【无需翻译】	宝物庫
10680100057	关卡测试蓝图	ステージテスト設計図
10680100057	關卡測試藍圖	ステージテスト設計図
10680100058	10680100058	ドラゴンハント
10680100058	巨龙围猎【无需翻译】	ドラゴンハント
10680100059	10680100059	封印防衛戦
10680100059	封印守卫战【无需翻译】	封印防衛戦
10680100060	龍槨島之戰	ドラゴンコフィン島の戦い
10680100060	龙椁岛之战	ドラゴンコフィン島の戦い
10680100061	德古拉的巢穴	ドラキュラの隠れ家
10680100062	10680100062	天空神殿（テスト）
10680100062	高空神殿（测试）【无需翻译】	天空神殿（テスト）
10680100063	10680100063	雲海戦（テスト）
10680100063	云海激战（测试）【无需翻译】	雲海戦（テスト）
10680100064	10680100064	ホープビーチ（テスト）
10680100064	希望沙滩（测试）【无需翻译】	ホープビーチ（テスト）
10680100065	10680100065	カオスレルム（テスト）
10680100065	混沌神域（测试）【无需翻译】	カオスレルム（テスト）
10680100066	咏律神殿	律動の神殿
10680100066	詠律神殿	律動の神殿
10680100067	云海之上	雲海の上
10680100067	雲海之上	雲海の上
10680100068	哀鳴灘塗	嘆きの干潟
10680100068	哀鸣滩涂	嘆きの干潟
10680100069	混沌墟庭	カオスコート
10680100070	鯨脊滑道	ホエールバックシュート
10680100070	鲸脊滑道	ホエールバックシュート
10680100071	巨骨荒地	巨骨の荒野
10680100072	10680100072	雲海戦 - スパイラルスライド
10680100072	云海激战-旋转滑梯【无需翻译】	雲海戦 - スパイラルスライド
10680100073	S@{1}-GVE-@{2}boss【无需翻译】	S@{1}-GVE-@{2}ボス
10680100074	神之境界	神々の領域
10680100075	S@{1}十人本@{2}号【无需翻译】	S@{1} 10人ダンジョン No. @{2}
10680100076	S@{1}十人本@{2}号-@{3}【无需翻译】	S@{1}10人レイド No. @{2}-@{3}
10680100077	据点战-@{1}	拠点戦-@{1}
10680100077	據點戰-@{1}	拠点戦-@{1}
10680100078	兽人村落	オークの村
10680100078	獸人村落	オークの村
10680100079	沉默之船	サイレント・シップ
10680100080	妙勒尼山脈	ミョルニール山脈
10680100080	妙勒尼山脉	ミョルニール山脈
10680100081	下水道	地下水路
10680100082	蚂蚁地狱密穴	蟻地獄
10680100082	螞蟻地獄密穴	蟻地獄
10680100083	金字塔迷宫	ピラミッド迷路
10680100083	金字塔迷宮	ピラミッド迷路
10680100084	法老王	ファラオ
10680100085	月夜猫	月夜花
10680100085	月夜貓	月夜花
10680100086	巴風特	バフォメット
10680100086	巴风特	バフォメット
10680100087	狮鹫兽	グリフォン
10680100087	獅鷲獸	グリフォン
10680100088	暗黑祭司	ダークプリースト
10680100089	搖滾蝗蟲	ボーカル
10680100089	摇滚蝗虫	ボーカル
10680100090	蚁后	マヤー
10680100090	蟻后	マヤー
10680100091	兽人英雄	オークヒーロー
10680100091	獸人英雄	オークヒーロー
10680100092	虎王	エドガ
10680100093	俄塞里斯	オシリス
10680100093	俄赛里斯	オシリス
10680100094	海盗船长	海賊船長
10680100094	海盜船長	海賊船長
10680100095	公会	ギルド
10680100095	公會	ギルド
10680100096	环形测试	リングテスト
10680100096	環形測試	リングテスト
10680100097	10680100097	MVPロールプレイパーティ
10680100097	MVP扮演派对【无需翻译】	MVPロールプレイパーティ
10680100098	首領挑戰	ボスチャレンジ
10680100098	首领挑战	ボスチャレンジ
12390000000	疯兔卡片	カード：ルナティック
12390000000	瘋兔卡片	カード：ルナティック
12390000001	小野猪卡片	カード：サベージベイブ
12390000001	小野豬卡片	カード：サベージベイブ
12390000002	綠棉蟲卡片	カード：ファブル
12390000002	绿棉虫卡片	カード：ファブル
12390000003	土波利卡片	カード：ドロップス
12390000004	吸血蝙蝠卡片	カード：ファミリアー
12390000005	浮勒盗虫卡片	カード：雌盗蟲
12390000005	浮勒盜蟲卡片	カード：雌盗蟲
12390000006	邪骸战士卡片	カード：スケルトン
12390000006	邪骸戰士卡片	カード：スケルトン
12390000007	魔鍋蛋卡片	カード：マグノリア
12390000007	魔锅蛋卡片	カード：マグノリア
12390000008	蜂兵卡片	カード：ホーネット
12390000009	巨象甲虫卡片	カード：ビートルキング
12390000009	巨象甲蟲卡片	カード：ビートルキング
12390000010	兹诺克卡片	カード：ゼノルク
12390000010	茲諾克卡片	カード：ゼノルク
12390000011	爆鑽傘蜥卡片	カード：ドリラー
12390000011	爆钻伞蜥卡片	カード：ドリラー
12390000012	木乃伊卡片	カード：マミー
12390000013	蜗牛卡片	カード: アンバーナイト
12390000013	蝸牛卡片	カード: アンバーナイト
12390000014	盗虫卵卡片	カード：盗蟲の卵
12390000014	盜蟲卵卡片	カード：盗蟲の卵
12390000015	蚁卵卡片	カード：アントの卵
12390000015	蟻卵卡片	カード：アントの卵
12390000016	波利卡片	カード：ポリン
12390000017	小雞卡片	カード：ピッキー
12390000017	小鸡卡片	カード：ピッキー
12390000018	蛋壳小鸡卡片	カード：すごいピッキ
12390000018	蛋殼小雞卡片	カード：すごいピッキ
12390000019	虫蛹卡片	カード：プパ
12390000019	蟲蛹卡片	カード：プパ
12390000020	搖滾蝗蟲卡片	カード：ロッカー
12390000020	摇滚蝗虫卡片	カード：ロッカー
12390000021	罗达蛙卡片	カード: ロダフロッグ
12390000021	羅達蛙卡片	カード: ロダフロッグ
12390000022	盗虫卡片	カード: 盗蟲
12390000022	盜蟲卡片	カード: 盗蟲
12390000023	沙漠幼狼卡片	カード：ベビーデザートウルフ
12390000024	禿鷹卡片	カード：コンドル
12390000024	秃鹰卡片	カード：コンドル
12390000025	苍蝇卡片	カード：チョンチョン
12390000025	蒼蠅卡片	カード：チョンチョン
12390000026	腐尸卡片	カード：ゾンビ
12390000026	腐屍卡片	カード：ゾンビ
12390000027	玛勒盗虫卡片	カード：雄盗蟲
12390000027	瑪勒盜蟲卡片	カード：雄盗蟲
12390000028	轉轉蛋卡片	カード：エギラ
12390000028	转转蛋卡片	カード：エギラ
12390000029	森灵卡片	カード: ワームテール
12390000029	森靈卡片	カード: ワームテール
12390000030	魔菇卡片	カード：スポア
12390000031	溜溜猴卡片	カード：ヨーヨー
12390000032	白鼠卡片	カード：タロウ
12390000033	波波利卡片	カード：ポポリン
12390000034	毒魔菇卡片	カード：ポイズンスポア
12390000035	摩卡卡片	カード：ムカ
12390000036	树精卡片	カード：ウィロー
12390000036	樹精卡片	カード：ウィロー
12390000037	大嘴鳥蛋卡片	カード：ペコペコの卵
12390000037	大嘴鸟蛋卡片	カード：ペコペコの卵
12390000038	白蚁卡片	カード：アンドレ
12390000038	白蟻卡片	カード：アンドレ
12390000039	青蛇卡片	ボアカード
12390000040	蝎子卡片	カード: スコーピオン
12390000040	蠍子卡片	カード: スコーピオン
12390000041	曼陀罗魔花卡片	カード: マンドラゴラ
12390000041	曼陀羅魔花卡片	カード: マンドラゴラ
12390000042	漂浮虫卡片	カード: プランクトン
12390000042	漂浮蟲卡片	カード: プランクトン
12390000043	水母卡片	カード：マリーナ
12390000044	狼卡片	カード：ウルフ
12390000045	兽人女战士卡片	カード: オークレディ
12390000045	獸人女戰士卡片	カード: オークレディ
12390000046	重金属蝗虫卡片	カード: メタラー
12390000046	重金屬蝗蟲卡片	カード: メタラー
12390000047	螃蟹卡片	カード：バドン
12390000048	紅蝙蝠卡片	カード: ドレインリアー
12390000048	红蝙蝠卡片	カード: ドレインリアー
12390000049	哥布灵卡片	カード：ゴブリン
12390000049	哥布靈卡片	カード：ゴブリン
12390000050	噬人花卡片	カード：フローラ
12390000051	海葵影繪卡片	シャドウカード：ヒドラ
12390000051	海葵影绘卡片	シャドウカード：ヒドラ
12390000052	米洛斯影繪卡片	シャドウカード：ミノタウロス
12390000052	米洛斯影绘卡片	シャドウカード：ミノタウロス
12390000053	巨石怪卡片	カード：ゴーレム
12390000054	諾可伊卡片	カード：レクイエム
12390000054	诺可伊卡片	カード：レクイエム
12390000055	赤苍蝇卡片	カード: ハンターフライ
12390000055	赤蒼蠅卡片	カード: ハンターフライ
12390000056	邪骸兽人卡片	カード：オークスケルトン
12390000056	邪骸獸人卡片	カード：オークスケルトン
12390000057	海神卡片	カード：ストルフ
12390000058	邪骸矿工影绘卡片	シャドウカード：スケルワーカー
12390000058	邪骸礦工影繪卡片	シャドウカード：スケルワーカー
12390000059	毕帝特地龙卡片	カード：プチ
12390000059	畢帝特地龍卡片	カード：プチ
12390000060	刺猬虫卡片	カード：キャラメル
12390000060	刺蝟蟲卡片	カード：キャラメル
12390000061	卡拉蟹卡片	カード：クラブ
12390000062	貝殼魔靈卡片	カード: お化け貝
12390000062	贝壳魔灵卡片	カード: お化け貝
12390000063	海星卡片	カード：アスター
12390000064	狄奥斯卡片	カード：デビアス
12390000064	狄奧斯卡片	カード：デビアス
12390000065	深海电鳗卡片	カード：スロフォ
12390000065	深海電鰻卡片	カード：スロフォ
12390000066	大脚熊卡片	カード：ビッグフット
12390000066	大腳熊卡片	カード：ビッグフット
12390000067	邪骸食人魚卡片	カード: メガロドン
12390000067	邪骸食人鱼卡片	カード: メガロドン
12390000068	兽人战士卡片	カード：オーク戦士
12390000068	獸人戰士卡片	カード：オーク戦士
12390000069	达拉蛙影绘卡片	シャドウカード：タラ・フロッグ
12390000069	達拉蛙影繪卡片	シャドウカード：タラ・フロッグ
12390000070	僵尸卡片	カード：ムナック
12390000070	殭屍卡片	カード：ムナック
12390000071	毕帝特飞龙卡片	カード: スカイプチ
12390000071	畢帝特飛龍卡片	カード: スカイプチ
12390000072	狂暴木乃伊卡片	カード：エンシェントマミー
12390000073	梅納海葵卡片	カード: ペノメナ
12390000073	梅纳海葵卡片	カード: ペノメナ
12390000074	安毕斯卡片	カード：アヌビス
12390000074	安畢斯卡片	カード：アヌビス
12390000075	野猪卡片	カード：サベージ
12390000075	野豬卡片	カード：サベージ
12390000076	綠蒼蠅卡片	カード: スチールチョンチョン
12390000076	绿苍蝇卡片	カード: スチールチョンチョン
12390000077	大嘴鳥卡片	カード: ペコペコ
12390000077	大嘴鸟卡片	カード: ペコペコ
12390000078	卡那多斯卡片	カード：コルヌス
12390000079	白幽灵卡片	カード：ウィスパー
12390000079	白幽靈卡片	カード：ウィスパー
12390000080	乌贼卡片	カード：マルス
12390000080	烏賊卡片	カード：マルス
12390000081	巧克猴卡片	カード：チョコ
12390000082	蛇女伊丝卡片	カード：イシス
12390000082	蛇女伊絲卡片	カード：イシス
12390000083	猎蝇卡片	カード: ダスティネス
12390000083	獵蠅卡片	カード: ダスティネス
12390000084	蚯蚓卡片	カード：ホード
12390000085	麥斯特卡片	カード：ミスト
12390000085	麦斯特卡片	カード：ミスト
12390000086	伞蜥卡片	カード: フリルドラ
12390000086	傘蜥卡片	カード: フリルドラ
12390000087	南瓜先生卡片	カード: ジャック
12390000088	傀儡娃娃卡片	カード: マリオネット
12390000089	小巴風特卡片	カード：バフォメットJr.
12390000089	小巴风特卡片	カード：バフォメットJr.
12390000090	兽人腐尸卡片	カード: オークゾンビ
12390000090	獸人腐屍卡片	カード: オークゾンビ
12390000091	人魚士兵卡片	カード：マーマン
12390000091	人鱼士兵卡片	カード：マーマン
12390000092	鬼女卡片	カード：ソヒー
12390000093	狂暴野猫卡片	カード: ワイルドローズ
12390000093	狂暴野貓卡片	カード: ワイルドローズ
12390000094	奈吉鳥卡片	カード：ラグラ
12390000094	奈吉鸟卡片	カード：ラグラ
12390000095	黑蚁卡片	カード：ヴィタータ
12390000095	黑蟻卡片	カード：ヴィタータ
12390000096	狸猫卡片	カード：スモーキー
12390000096	狸貓卡片	カード：スモーキー
12390000097	气泡虫卡片	カード：マリンスフィアー
12390000097	氣泡蟲卡片	カード：マリンスフィアー
12390000098	鬼火卡片	カード：ホロン
12390000099	妖道卡片	カード：ボングン
12390000100	将军魔碑卡片	カード：天下大将軍
12390000100	將軍魔碑卡片	カード：天下大将軍
12390000101	邪恶箱卡片	カード：ミミック
12390000101	邪惡箱卡片	カード：ミミック
12390000102	傑洛米卡片	カード：ゼロム
12390000102	杰洛米卡片	カード：ゼロム
12390000103	螳螂卡片	カード：マンティス
12390000104	灰森灵卡片	カード: ステムワーム
12390000104	灰森靈卡片	カード: ステムワーム
12390000105	犬妖卡片	カード：コボルト
12390000106	恶灵卡片	カード：レイス
12390000106	惡靈卡片	カード：レイス
12390000107	風魔巫師卡片	カード: ウィンドゴースト
12390000107	风魔巫师卡片	カード: ウィンドゴースト
12390000108	冰波利卡片	カード：マリン
12390000109	库克雷卡片	カード：ククレ
12390000109	庫克雷卡片	カード：ククレ
12390000110	綠變色龍卡片	カード: グローブ
12390000110	绿变色龙卡片	カード: グローブ
12390000111	鱷魚人卡片	カード: アリゲーター
12390000111	鳄鱼人卡片	カード: アリゲーター
12390000112	松鼠卡片	カード：ココ
12390000113	土拨鼠卡片	カード：マーティン
12390000113	土撥鼠卡片	カード：マーティン
12390000114	瓢虫卡片	カード：レディバグ
12390000114	瓢蟲卡片	カード：レディバグ
12390000115	兽人英雄草绘卡片	スケッチカード: オークヒーロー
12390000115	獸人英雄草繪卡片	スケッチカード: オークヒーロー
12390000116	蜂后草繪卡片	スケッチカード: ミストレス
12390000116	蜂后草绘卡片	スケッチカード: ミストレス
12390000117	法老王草繪卡片	スケッチカード: ファラオ
12390000117	法老王草绘卡片	スケッチカード: ファラオ
12390000118	巴風特草繪卡片	スケッチカード: バフォメット
12390000118	巴风特草绘卡片	スケッチカード: バフォメット
12390000119	黃金蟲草繪卡片	スケッチカード：黄金蟲
12390000119	黄金虫草绘卡片	スケッチカード：黄金蟲
12390000120	蚁后草绘卡片	スケッチカード：マヤー
12390000120	蟻后草繪卡片	スケッチカード：マヤー
12390000121	恶魔波利草绘卡片	スケッチカード: デビルリング
12390000121	惡魔波利草繪卡片	スケッチカード: デビルリング
12390000122	俄塞里斯草繪卡片	スケッチカード：オシリス
12390000122	俄赛里斯草绘卡片	スケッチカード：オシリス
12390000123	虎王草繪卡片	スケッチカード：エドガ
12390000123	虎王草绘卡片	スケッチカード：エドガ
12390000124	長老樹精卡片	カード：エルダーウィロー
12390000124	长老树精卡片	カード：エルダーウィロー
12390000125	月夜猫草绘卡片	スケッチカード：月夜花
12390000125	月夜貓草繪卡片	スケッチカード：月夜花
12390000126	天使波利草繪卡片	スケッチカード: エンジェリング
12390000126	天使波利草绘卡片	スケッチカード: エンジェリング
12390000127	兽人酋长草绘卡片	スケッチカード: オークロード
12390000127	獸人酋長草繪卡片	スケッチカード: オークロード
12390000128	海盗之王草绘卡片	スケッチカード：ドレイク
12390000128	海盜之王草繪卡片	スケッチカード：ドレイク
12390000129	皮里恩草繪卡片	スケッチカード: フリオニ
12390000129	皮里恩草绘卡片	スケッチカード: フリオニ
12390000130	德古拉伯爵草繪卡片	スケッチカード: ドラキュラ
12390000130	德古拉伯爵草绘卡片	スケッチカード: ドラキュラ
12390000131	死灵草绘卡片	スケッチカード：ドッペルゲンガー
12390000131	死靈草繪卡片	スケッチカード：ドッペルゲンガー
12390000132	哥布灵首领草绘卡片	スケッチカード：ゴブリンリーダー
12390000132	哥布靈首領草繪卡片	スケッチカード：ゴブリンリーダー
12390000133	魔鬼大乌贼草绘卡片	スケッチカード：クラーケン
12390000133	魔鬼大烏賊草繪卡片	スケッチカード：クラーケン
12390000134	綠腐屍卡片	カード：グール
12390000134	绿腐尸卡片	カード：グール
12390000135	蓝鼠卡片	カード：クランプ
12390000135	藍鼠卡片	カード：クランプ
12390000136	邪骸士兵卡片	カード：ソルジャースケルトン
12390000137	直升机哥布灵卡片	カード：ローターザイロ
12390000137	直升機哥布靈卡片	カード：ローターザイロ
12390000138	邪骸弓箭手卡片	カード: アーチャースケルトン
12390000139	弓箭哥布灵卡片	カード：ゴブリンアーチャー
12390000139	弓箭哥布靈卡片	カード：ゴブリンアーチャー
12390000140	海葵卡片	カード: ヒドラ
12390000141	米洛斯卡片	カード：ミノタウロス
12390000142	喷射哥布灵卡片	カード：ゴブリンスチームライダー
12390000142	噴射哥布靈卡片	カード：ゴブリンスチームライダー
12390000143	黑蛇卡片	カード：サイドワインダー
12390000144	邪骸矿工卡片	カード: スケルワーカー
12390000144	邪骸礦工卡片	カード: スケルワーカー
12390000145	狮鹫兽卡片	カード：グリフォン
12390000145	獅鷲獸卡片	カード：グリフォン
12390000146	犬妖弓箭手卡片	カード：コボルドアーチャー
12390000147	犬妖首領卡片	カード：コボルドリーダー
12390000147	犬妖首领卡片	カード：コボルドリーダー
12390000148	暗黑祭司卡片	カード：ダークプリースト
12390000149	沙漠之狼卡片	カード：デザートウルフ
12390000150	賽杜拉卡片	カード: スキジッテ
12390000150	赛杜拉卡片	カード: スキジッテ
12390000151	鍬形蟲卡片	カード: ホルン
12390000151	锹形虫卡片	カード: ホルン
12390000152	达拉蛙卡片	カード: タラ・フロッグ
12390000152	達拉蛙卡片	カード: タラ・フロッグ
12390000153	雪熊卡片	カード: サスカッチ
12390000154	泥人卡片	カード：サンドマン
12390000155	馬克卡片	カード: マルク
12390000155	马克卡片	カード: マルク
12390000156	异变鱼卡片	カード: ソードフィッシュ
12390000156	異變魚卡片	カード: ソードフィッシュ
12390000157	土人卡片	カード：ドケビ
12390000158	艾吉欧蜈蚣卡片	カード：アルギオペ
12390000158	艾吉歐蜈蚣卡片	カード：アルギオペ
12390000159	帕莎納卡片	カード：パサーナ
12390000159	帕莎纳卡片	カード：パサーナ
12390000160	幽灵波利卡片	カード: ゴーストリング
12390000160	幽靈波利卡片	カード: ゴーストリング
12390000161	酱缸章鱼卡片	カード: ポットドフレ
12390000161	醬缸章魚卡片	カード: ポットドフレ
12390000162	狂暴螳螂卡片	カード：キラーマンティス
12390000163	蓝疯兔卡片	カード：エクリプス
12390000163	藍瘋兔卡片	カード：エクリプス
12390000164	蝗虫之王卡片	カード：ボーカル
12390000164	蝗蟲之王卡片	カード：ボーカル
12390000165	蛙王卡片	カード: トード
12390000166	龍蠅卡片	カード: ドラゴンフライ
12390000166	龙蝇卡片	カード: ドラゴンフライ
12390000167	波利之王卡片	カード: マスターリング
12390000168	兽人婴儿卡片	カード：オークベビー
12390000168	獸人嬰兒卡片	カード：オークベビー
12390000169	流浪之狼卡片	カード：さすらい狼
12390000170	九尾狐卡片	カード: 九尾狐
12390000171	狂暴克瑞米卡片	カード：クリーミーフィアー
12390000172	木乃伊犬卡片	カード：ベリット
12390000173	黑狐卡片	カード：マーター
12390000174	狂暴月夜猫卡片	カード：キャットナインテイル
12390000174	狂暴月夜貓卡片	カード：キャットナインテイル
12390000175	克瑞米卡片	カード：クリーミー
12390000176	人魚卡片	カード：オボンヌ
12390000176	人鱼卡片	カード：オボンヌ
12390000177	邪骸海盗卡片	カード: パイレーツスケルトン
12390000177	邪骸海盜卡片	カード: パイレーツスケルトン
12390000178	兽人弓箭手卡片	カード: オークアーチャー
12390000178	獸人弓箭手卡片	カード: オークアーチャー
12390000179	剑鱼卡片	カード：フェン
12390000179	劍魚卡片	カード：フェン
12390000180	基尔瑟卡片	カード：ガイアス
12390000180	基爾瑟卡片	カード：ガイアス
12390000181	馬爾杜克卡片	カード：マルドゥク
12390000181	马尔杜克卡片	カード：マルドゥク
12390000182	夢魘卡片	カード: ナイトメア
12390000182	梦魇卡片	カード: ナイトメア
12390000183	小恶魔卡片	カード: デビルチ
12390000183	小惡魔卡片	カード: デビルチ
12390000184	狂暴蚁后卡片	カード：マヤパープル
12390000184	狂暴蟻后卡片	カード：マヤパープル
12390000185	兽人英雄形绘卡片	ポートレートカード：オークヒーロー
12390000185	獸人英雄形繪卡片	ポートレートカード：オークヒーロー
12390000186	蜂后形繪卡片	ポートレートカード：ミストレス
12390000186	蜂后形绘卡片	ポートレートカード：ミストレス
12390000187	法老王形繪卡片	ポートレートカード：ファラオ
12390000187	法老王形绘卡片	ポートレートカード：ファラオ
12390000188	巴風特形繪卡片	ポートレートカード：バフォメット
12390000188	巴风特形绘卡片	ポートレートカード：バフォメット
12390000189	黃金蟲形繪卡片	ポートレートカード：黄金蟲
12390000189	黄金虫形绘卡片	ポートレートカード：黄金蟲
12390000190	蚁后形绘卡片	ポートレートカード：マヤー
12390000190	蟻后形繪卡片	ポートレートカード：マヤー
12390000191	恶魔波利形绘卡片	ポートレートカード：デビルリング
12390000191	惡魔波利形繪卡片	ポートレートカード：デビルリング
12390000192	俄塞里斯形繪卡片	ポートレートカード: オシリス
12390000192	俄赛里斯形绘卡片	ポートレートカード: オシリス
12390000193	虎王形繪卡片	ポートレートカード: エドガ
12390000193	虎王形绘卡片	ポートレートカード: エドガ
12390000194	艾斯蜘蛛卡片	カード：アルゴス
12390000195	大脚龙虾卡片	カード：キングドラモー
12390000195	大腳龍蝦卡片	カード：キングドラモー
12390000196	月夜猫形绘卡片	ポートレートカード：月夜花
12390000196	月夜貓形繪卡片	ポートレートカード：月夜花
12390000197	天使波利形繪卡片	ポートレートカード：エンジェリング
12390000197	天使波利形绘卡片	ポートレートカード：エンジェリング
12390000198	兽人酋长形绘卡片	ポートレートカード：オークロード
12390000198	獸人酋長形繪卡片	ポートレートカード：オークロード
12390000199	海盗之王形绘卡片	ポートレートカード: ドレイク
12390000199	海盜之王形繪卡片	ポートレートカード: ドレイク
12390000200	皮里恩形繪卡片	ポートレートカード：フリオニ
12390000200	皮里恩形绘卡片	ポートレートカード：フリオニ
12390000201	德古拉伯爵形繪卡片	ポートレートカード：ドラキュラ
12390000201	德古拉伯爵形绘卡片	ポートレートカード：ドラキュラ
12390000202	死灵形绘卡片	ポートレートカード：ドッペルゲンガー
12390000202	死靈形繪卡片	ポートレートカード：ドッペルゲンガー
12390000203	哥布灵首领形绘卡片	ポートレートカード：ゴブリンリーダー
12390000203	哥布靈首領形繪卡片	ポートレートカード：ゴブリンリーダー
12390000204	魔鬼大乌贼形绘卡片	ポートレートカード: クラーケン
12390000204	魔鬼大烏賊形繪卡片	ポートレートカード: クラーケン
12390000205	狂暴大脚熊卡片	カード: リーブ・オルマイ
12390000205	狂暴大腳熊卡片	カード: リーブ・オルマイ
12390000206	海盗之王影绘卡片	シャドウカード：ドレイク
12390000206	海盜之王影繪卡片	シャドウカード：ドレイク
12390000207	皮里恩影繪卡片	シャドウカード: フリオニ
12390000207	皮里恩影绘卡片	シャドウカード: フリオニ
12390000208	德古拉伯爵影繪卡片	シャドウカード: ドラキュラ
12390000208	德古拉伯爵影绘卡片	シャドウカード: ドラキュラ
12390000209	死灵影绘卡片	シャドウカード：ドッペルゲンガー
12390000209	死靈影繪卡片	シャドウカード：ドッペルゲンガー
12390000210	巴風特影繪卡片	シャドウカード: バフォメット
12390000210	巴风特影绘卡片	シャドウカード: バフォメット
12390000211	哥布灵首领影绘卡片	シャドウカード：ゴブリンリーダー
12390000211	哥布靈首領影繪卡片	シャドウカード：ゴブリンリーダー
12390000212	黃金蟲影繪卡片	シャドウカード：黄金蟲
12390000212	黄金虫影绘卡片	シャドウカード：黄金蟲
12390000213	蚁后影绘卡片	シャドウカード：マヤー
12390000213	蟻后影繪卡片	シャドウカード：マヤー
12390000214	天使波利影繪卡片	シャドウカード: エンジェリング
12390000214	天使波利影绘卡片	シャドウカード: エンジェリング
12390000215	兽人酋长影绘卡片	シャドウカード: オークロード
12390000215	獸人酋長影繪卡片	シャドウカード: オークロード
12390000216	恶魔波利影绘卡片	シャドウカード: デビルリング
12390000216	惡魔波利影繪卡片	シャドウカード: デビルリング
12390000217	魔鬼大乌贼影绘卡片	シャドウカード：クラーケン
12390000217	魔鬼大烏賊影繪卡片	シャドウカード：クラーケン
12390000218	虎王影繪卡片	シャドウカード：エドガ
12390000218	虎王影绘卡片	シャドウカード：エドガ
12390000219	月夜猫影绘卡片	シャドウカード：月夜花
12390000219	月夜貓影繪卡片	シャドウカード：月夜花
12390000220	俄塞里斯影繪卡片	シャドウカード：オシリス
12390000220	俄赛里斯影绘卡片	シャドウカード：オシリス
12390000221	兽人英雄影绘卡片	シャドウカード: オークヒーロー
12390000221	獸人英雄影繪卡片	シャドウカード: オークヒーロー
12390000222	蜂后影繪卡片	シャドウカード: ミストレス
12390000222	蜂后影绘卡片	シャドウカード: ミストレス
12390000223	法老王影繪卡片	シャドウカード: ファラオ
12390000223	法老王影绘卡片	シャドウカード: ファラオ
12390000224	海盗之王卡片	カード：ドレイク
12390000224	海盜之王卡片	カード：ドレイク
12390000225	皮里恩卡片	カード：フリオニ
12390000226	德古拉伯爵卡片	カード：ドラキュラ
12390000227	死灵卡片	カード：ドッペルゲンガー
12390000227	死靈卡片	カード：ドッペルゲンガー
12390000228	巴風特卡片	カード：バフォメット
12390000228	巴风特卡片	カード：バフォメット
12390000229	哥布灵首领卡片	カード：ゴブリンリーダー
12390000229	哥布靈首領卡片	カード：ゴブリンリーダー
12390000230	黃金蟲卡片	カード：黄金蟲
12390000230	黄金虫卡片	カード：黄金蟲
12390000231	蚁后卡片	カード：マヤー
12390000231	蟻后卡片	カード：マヤー
12390000232	天使波利卡片	カード：エンジェリング
12390000233	兽人酋长卡片	カード：オークロード
12390000233	獸人酋長卡片	カード：オークロード
12390000234	恶魔波利卡片	カード：デビルリング
12390000234	惡魔波利卡片	カード：デビルリング
12390000235	魔鬼大乌贼卡片	カード：クラーケン
12390000235	魔鬼大烏賊卡片	カード：クラーケン
12390000236	虎王卡片	カード：エドガ
12390000237	月夜猫卡片	カード：月夜花
12390000237	月夜貓卡片	カード：月夜花
12390000238	俄塞里斯卡片	カード：オシリス
12390000238	俄赛里斯卡片	カード：オシリス
12390000239	兽人英雄卡片	カード：オークヒーロー
12390000239	獸人英雄卡片	カード：オークヒーロー
12390000240	蜂后卡片	カード：ミストレス
12390000241	法老王卡片	カード：ファラオ
12390000242	Zeny	ゼニー
12390000243	鑄幣	鋳造されたコイン
12390000243	铸币	鋳造されたコイン
12390000244	圣迹水晶	聖遺物クリスタル
12390000244	聖蹟水晶	聖遺物クリスタル
12390000245	信用点	クレジットポイント
12390000245	信用點	クレジットポイント
12390000246	活跃度	活躍度
12390000247	竞技勋章	競技メダル
12390000247	競技勳章	競技メダル
12390000248	生存者之战净胜分	サバイバルバトル純勝利ポイント
12390000248	生存者之戰淨勝分	サバイバルバトル純勝利ポイント
12390000249	生存者之战净胜分保护分	サバイバルバトル純勝利保護ポイント
12390000249	生存者之戰淨勝分保護分數	サバイバルバトル純勝利保護ポイント
12390000250	試煉幣	トライアルコイン
12390000250	试炼币	トライアルコイン
12390000251	MVP币	MVPコイン
12390000251	MVP幣	MVPコイン
12390000252	MVP賽季段位積分	MVPシーズンランクポイント
12390000252	MVP赛季段位分	MVPシーズンランクポイント
12390000253	攻城战赛季段位分	攻城戦シーズンランクポイント
12390000253	攻城戰季段位積分	攻城戦シーズンランクポイント
12390000254	公会联赛赛季段位分	ギルドリーグシーズンランクポイント
12390000254	公會聯賽賽季段位積分	ギルドリーグシーズンランクポイント
12390000255	副职赛季段位分	副職業シーズンランクポイント
12390000255	副職賽季段位積分	副職業シーズンランクポイント
12390000256	战功积分	戦功ポイント
12390000256	戰功積分	戦功ポイント
12390000257	龍槨島淨勝分	ドラゴンコフィン島・勝利ポイント差
12390000257	龙椁岛净胜分	ドラゴンコフィン島・勝利ポイント差
12390000258	龍槨島保護分	ドラゴンコフィン島保護ポイント
12390000258	龙椁岛保护分	ドラゴンコフィン島保護ポイント
12390000259	Base經驗	Base EXP
12390000259	Base经验	Base EXP
12390000260	Job經驗	Job EXP
12390000260	Job经验	Job EXP
12390000261	个人公会贡献	個人ギルド貢献度
12390000261	個人公會貢獻	個人ギルド貢献度
12390000262	公会纹章	ギルドエンブレム
12390000262	公會紋章	ギルドエンブレム
12390000263	公会资金	ギルド資金
12390000263	公會資金	ギルド資金
12390000264	公会威望	ギルド名声
12390000264	公會威望	ギルド名声
12390000265	公会活跃	ギルド活動
12390000265	公會活躍	ギルド活動
12390000266	公会贡献	ギルド貢献度
12390000266	公會貢獻	ギルド貢献度
12390000267	初心者学分	ノービス通貨
12390000267	初心者學分	ノービス通貨
12390000268	图鉴点	収集ポイント
12390000268	圖鑑點	収集ポイント
12390000269	图鉴点（卡片）	図鑑ポイント（カード）
12390000269	圖鑑點（卡片）	図鑑ポイント（カード）
12390000270	图鉴点（书籍）	図鑑ポイント（本）
12390000270	圖鑑點（書籍）	図鑑ポイント（本）
12390000271	图鉴点（怪物）	図鑑ポイント（モンスター）
12390000271	圖鑑點（魔物）	図鑑ポイント（モンスター）
12390000272	图鉴点（怪物-吉芬）	図鑑ポイント（モンスター - ゲフェン）
12390000272	圖鑑點（魔物－吉芬）	図鑑ポイント（モンスター - ゲフェン）
12390000273	图鉴点（怪物-斐扬）	図鑑ポイント（モンスター - フェイヨン）
12390000273	圖鑑點（魔物-斐揚）	図鑑ポイント（モンスター - フェイヨン）
12390000274	图鉴点（怪物-妙勒尼）	図鑑ポイント（モンスター - ミョルニール）
12390000274	圖鑑點（魔物-妙勒尼）	図鑑ポイント（モンスター - ミョルニール）
12390000275	图鉴点（怪物-沙漠）	図鑑ポイント（モンスター - 砂漠）
12390000275	圖鑑點（魔物-沙漠）	図鑑ポイント（モンスター - 砂漠）
12390000276	公会物资	ギルド物資
12390000276	公會物資	ギルド物資
12390000277	时隙银铸	時空裂け目シルバーキャスト
12390000277	時隙銀鑄	時空裂け目シルバーキャスト
12390000278	时隙金铸	時空の裂け目・ゴールドキャスト
12390000278	時隙金鑄	時空の裂け目・ゴールドキャスト
12390000279	竞拍物资	オークション物資
12390000279	競拍物資	オークション物資
12390000280	冒险羁绊值	冒険絆ポイント
12390000280	冒險羈絆值	冒険絆ポイント
12390000281	心意紙鶴	親愛の折り鶴
12390000281	心意纸鹤	親愛の折り鶴
12390000282	通行證經驗	パス経験値
12390000282	通行证经验	パス経験値
12390000283	晶化矿石	結晶化鉱石
12390000283	晶化礦石	結晶化鉱石
12390000284	貢獻者徽章	貢献者バッジ
12390000284	贡献者徽章	貢献者バッジ
12390000285	生活礦工經驗	採掘経験値
12390000285	生活采矿工经验	採掘経験値
12390000286	生活鍛造師經驗	鍛冶経験値
12390000286	生活锻造师经验	鍛冶経験値
12390000287	生活伐木工經驗	ロギングEXP
12390000287	生活伐木工经验	ロギングEXP
12390000288	生活雕刻工经验	彫刻EXP
12390000288	生活雕刻師經驗	彫刻EXP
12390000289	生活园艺师经验	園芸経験値
12390000289	生活園藝師經驗	園芸経験値
12390000290	生活裁縫師經驗	仕立て経験値
12390000290	生活裁衣匠经验	仕立て経験値
12390000291	活力值	活力
12390000292	討伐獎章	討伐メダル
12390000292	讨伐奖章	討伐メダル
12390000293	地区@{1}积分	地域 @{1} ポイント
12390000293	地區@{1}積分	地域 @{1} ポイント
12390000294	战备物资	軍需物資
12390000294	戰備物資	軍需物資
12390000295	帮贡积分	ギルド貢献ポイント
12390000295	幫貢積分	ギルド貢献ポイント
12390000296	普通月卡貨幣	スタンダード月間パス通貨
12390000296	普通月卡货币	スタンダード月間パス通貨
12390000297	至尊月卡貨幣	プレミアム月間パス通貨
12390000297	至尊月卡货币	プレミアム月間パス通貨
12390000298	通行證貨幣	パス通貨
12390000298	通行证货币	パス通貨
12390000299	寻宝活动挖宝次数	宝探し発掘回数
12390000299	尋寶活動挖寶次數	宝探し発掘回数
12390000300	戈尔斯克号角	ゴルスクの角笛
12390000300	戈爾斯克號角	ゴルスクの角笛
12390000301	雪夜旋律盒	雪夜のオルゴール
12390000302	珠泪螺壳	パールティアコンチ
12390000302	珠淚螺殼	パールティアコンチ
12390000303	秩序权杖	秩序のセプター
12390000303	秩序權杖	秩序のセプター
12390000304	白蜡树之喉	トネリコの喉笛
12390000304	白蠟樹之喉	トネリコの喉笛
12390000305	末誓金杯	最後の誓いの聖杯
12390000306	食夢短笛	夢喰いの笛
12390000306	食梦短笛	夢喰いの笛
12390000307	囚者舞鈴	囚人のダンシングベル
12390000307	囚者舞铃	囚人のダンシングベル
12390000308	銀月豎琴	シルバームーンハープ
12390000308	银月竖琴	シルバームーンハープ
12390000309	荒雾风笛	荒涼の霧バグパイプ
12390000309	荒霧風笛	荒涼の霧バグパイプ
12390000310	惊惧之鼓	恐怖のドラム
12390000310	驚懼之鼓	恐怖のドラム
12390000311	极秩序权杖	至高のセプターオブオーダー
12390000311	極秩序權杖	至高のセプターオブオーダー
12390000312	双色-绿蓝	ツートーン - 緑/青
12390000312	雙色－綠藍	ツートーン - 緑/青
12390000313	双色-绿黄	ツートーン - 緑/黄
12390000313	雙色－綠黃	ツートーン - 緑/黄
12390000314	双色-绿红	ツートーン - 緑/赤
12390000314	雙色－綠紅	ツートーン - 緑/赤
12390000315	双色-蓝黄	ツートーン - 青/黄
12390000315	雙色－藍黃	ツートーン - 青/黄
12390000316	双色-蓝红	ツートーン - 青/赤
12390000316	雙色－藍紅	ツートーン - 青/赤
12390000317	双色-黄红	ツートーン - 黄/赤
12390000317	雙色－黃紅	ツートーン - 黄/赤
12390000318	短剑	短剣
12390000318	短劍	短剣
12390000319	新手短剑	初心者のダガー
12390000319	新手短劍	初心者のダガー
12390000320	卡特短剑	カッター
12390000320	卡特短劍	カッター
12390000321	新手卡特短剑	初心者カッター
12390000321	新手卡特短劍	初心者カッター
12390000322	笨拙短剑	メインゴーシュ
12390000322	笨拙短劍	メインゴーシュ
12390000323	新手笨拙短剑	ノービスマインゴーシュ
12390000323	新手笨拙短劍	ノービスマインゴーシュ
12390000324	德克短剑	ダーク
12390000324	德克短劍	ダーク
12390000325	大駒短劍	短剣
12390000325	大驹短剑	短剣
12390000326	長柄短劍	グラディウス
12390000326	长柄短剑	グラディウス
12390000327	大馬士革短劍	ダマスカス
12390000327	大马士革短剑	ダマスカス
12390000328	华丽短剑	華やかな短剣
12390000328	華麗短劍	華やかな短剣
12390000329	双刃短剑	ダブルエッジダガー
12390000329	雙刃短劍	ダブルエッジダガー
12390000330	待定	未定
12390000331	長劍	ソード
12390000331	长剑	ソード
12390000332	新手長劍	ノービスソード
12390000332	新手长剑	ノービスソード
12390000333	厚刃剑	ブレイド
12390000333	厚刃劍	ブレイド
12390000334	新手厚刃剑	ノービスブレード
12390000334	新手厚刃劍	ノービスブレード
12390000335	击刺长剑	レイピア
12390000335	擊刺長劍	レイピア
12390000336	新手击刺长剑	初心者レイピア
12390000336	新手刺擊長劍	初心者レイピア
12390000337	騎兵之劍	サーベル
12390000337	骑兵之剑	サーベル
12390000338	海东剑	海東琴
12390000338	海東劍	海東琴
12390000339	石中剑	エクスキャリバー
12390000339	石中劍	エクスキャリバー
12390000340	寻宝之剑	宝剣
12390000340	尋寶之劍	宝剣
12390000341	狂击之剑	バッシュソード
12390000341	狂擊之劍	バッシュソード
12390000342	首領之劍	別陵音
12390000342	首领之剑	別陵音
12390000343	双手剑	両手剣
12390000343	雙手劍	両手剣
12390000344	新手双手剑	ノービスツーハンドソード
12390000344	新手雙手劍	ノービスツーハンドソード
12390000345	亚尔特剑	ヤルトの剣
12390000345	亞爾特劍	ヤルトの剣
12390000346	新手亚尔特剑	ノービス・ヤルトソード
12390000346	新手亞爾特劍	ノービス・ヤルトソード
12390000347	双手巨剑	大剣
12390000347	雙手巨劍	大剣
12390000348	新手双手巨剑	ノービス・グレートソード
12390000348	新手雙手巨劍	ノービス・グレートソード
12390000349	双手重剑	ヘビーツーハンドソード
12390000349	雙手重劍	ヘビーツーハンドソード
12390000350	十字巨剑	クレイモア
12390000350	十字巨劍	クレイモア
12390000351	巨大双手剑	ジャイアントツーハンドソード
12390000351	巨大雙手劍	ジャイアントツーハンドソード
12390000352	死神之剑	エクスキューショナー
12390000352	死神之劍	エクスキューショナー
12390000353	風靈之劍	ウィンドスピリットソード
12390000353	风灵之剑	ウィンドスピリットソード
12390000354	亚蓝斯之剑	アランの剣
12390000354	亞藍斯之劍	アランの剣
12390000355	長戟	ハルバード
12390000355	长戟	ハルバード
12390000356	長矛	スピア
12390000356	长矛	スピア
12390000357	步兵長矛	パイク
12390000357	步兵长矛	パイク
12390000358	刚尼尔长矛	グングニル
12390000358	剛尼爾長矛	グングニル
12390000359	地灵之矛	アーススピリットスピア
12390000359	地靈之矛	アーススピリットスピア
12390000360	狩猎之矛	狩猟の槍
12390000360	狩獵之矛	狩猟の槍
12390000361	強襲戰矛	バトルフック
12390000361	强袭战矛	バトルフック
12390000362	鐮戟	ハルバード
12390000362	镰戟	ハルバード
12390000363	長角之矛	ロングホーン
12390000363	长角之矛	ロングホーン
12390000364	騎士長矛	ナイトスピア
12390000364	骑士长矛	ナイトスピア
12390000365	新手騎士長矛	ノービスナイトスピア
12390000365	新手骑士长矛	ノービスナイトスピア
12390000366	弯刃长矛	ギザルム
12390000366	彎刃長矛	ギザルム
12390000367	新手弯刃长矛	ノービスギサルメ
12390000367	新手彎刃長矛	ノービスギサルメ
12390000368	長槍	パイク
12390000368	长枪	パイク
12390000369	新手長槍	ノービスパイク
12390000369	新手长枪	ノービスパイク
12390000370	双刃长戟	ダブルブレードハルバード
12390000370	雙刃長戟	ダブルブレードハルバード
12390000371	德瑞尹長戟	ドレイン・ハルバード
12390000371	德瑞尹长戟	ドレイン・ハルバード
12390000372	斧錘長矛	ハルバード
12390000372	斧锤长矛	ハルバード
12390000373	龍戚弩斯長矛	ドラグティンの槍
12390000373	龙戚弩斯长矛	ドラグティンの槍
12390000374	風靈之矛	ウィンドスピリットスピア
12390000374	风灵之矛	ウィンドスピリットスピア
12390000375	修尔特长矛	シュルテ・スピア
12390000375	修爾特長矛	シュルテ・スピア
12390000376	斧頭	斧
12390000377	鐵斧	アイアンアックス
12390000377	铁斧	アイアンアックス
12390000378	双刃斧	ダブルブレードアックス
12390000378	雙刃斧	ダブルブレードアックス
12390000379	兽人斧	オークの斧
12390000379	獸人斧	オークの斧
12390000380	切削之斧	クリーバー
12390000381	希尔之斧	ヒルの斧
12390000381	希爾之斧	ヒルの斧
12390000382	貝克戰斧	ベチェルアックス
12390000382	贝克战斧	ベチェルアックス
12390000383	增能斧	強化された斧
12390000384	血腥战斧	ブラッディバトルアックス
12390000384	血腥戰斧	ブラッディバトルアックス
12390000385	巨斧	バトルアックス
12390000386	新手巨斧	ノービスバトルアックス
12390000387	鋼斧	スティールアックス
12390000387	钢斧	スティールアックス
12390000388	新手鋼斧	ノービススチールアックス
12390000388	新手钢斧	ノービススチールアックス
12390000389	毀滅之斧	バスター
12390000389	毁灭之斧	バスター
12390000390	新手毀滅之斧	ノービスバスター
12390000390	新手毁灭之斧	ノービスバスター
12390000391	血斧	ブラッディアックス
12390000392	克莱伊特斧	グレートアックス
12390000392	克萊伊特斧	グレートアックス
12390000393	斩首之斧	ギロチン
12390000393	斬首之斧	ギロチン
12390000394	超重双手斧	ドゥームスレイヤー
12390000394	超重雙手斧	ドゥームスレイヤー
12390000395	強襲戰斧	バルディッシュ
12390000395	强袭战斧	バルディッシュ
12390000396	風靈之斧	風の精霊の斧
12390000396	风灵之斧	風の精霊の斧
12390000397	木錘	クラブ
12390000397	木锤	クラブ
12390000398	鐵鎚	メイス
12390000398	铁锤	メイス
12390000399	思麥斯鐵錘	スマッシュのハンマー
12390000399	思麦斯铁锤	スマッシュのハンマー
12390000400	昏迷之錘	スタナー
12390000400	昏迷之锤	スタナー
12390000401	日星錘	モーニングスター
12390000401	日星锤	モーニングスター
12390000402	尖刃鐵錘	ソードメイス
12390000402	尖刃铁锤	ソードメイス
12390000403	秘錘 冷月	秘槌：コールドムーン
12390000403	秘锤 冷月	秘槌：コールドムーン
12390000404	黃金之錘	ゴールデンハンマー
12390000404	黄金之锤	ゴールデンハンマー
12390000405	秘銀長錘	ミスリルロングハンマー
12390000405	秘银长锤	ミスリルロングハンマー
12390000406	手杖	ロッド
12390000407	新手手杖	ノービススタッフ
12390000408	橡木魔杖	オークスタッフ
12390000409	新手橡木魔杖	ノービスオークスタッフ
12390000410	智慧魔杖	ロッド
12390000411	新手智慧魔杖	ノービス賢者の杖
12390000412	言灵魔杖	アークワンド
12390000412	言靈魔杖	アークワンド
12390000413	骷髅魔杖	スカルスタッフ
12390000413	骷髏魔杖	スカルスタッフ
12390000414	羽翼之杖	ウイングスタッフ
12390000415	生存的魔杖	サバイバルロッド（DEX）
12390000416	巫妖之骨杖	リッチのボーンスタッフ
12390000417	催眠师的魔杖	ヒプノティストスタッフ
12390000417	催眠師的魔杖	ヒプノティストスタッフ
12390000418	松木短杖	パインウッドロッド
12390000419	槲寄生法杖	ヤドリギスタッフ
12390000420	符文魔杖	ルーンスタッフ
12390000421	灵魂之杖	ソウルスタッフ
12390000421	靈魂之杖	ソウルスタッフ
12390000422	大巫师之杖	ウィザードスタッフ
12390000422	大巫師之杖	ウィザードスタッフ
12390000423	勇士毀滅魔杖	ウォリアー・スタッフオブデストラクション
12390000423	勇士毁灭魔杖	ウォリアー・スタッフオブデストラクション
12390000424	克罗诺斯之杖	クロノス
12390000424	克羅諾斯之杖	クロノス
12390000425	黛雅之杖	ディアスタッフ
12390000426	毀滅之杖	スタッフオブディストラクション
12390000426	毁灭之杖	スタッフオブディストラクション
12390000428	新手弓	ノービスボウ
12390000429	坎普兹弓	複合弓
12390000429	坎普茲弓	複合弓
12390000430	新手坎普兹弓	初心者用コンポジットボウ
12390000431	克罗伊特弓	グレートボウ
12390000431	克羅伊特弓	グレートボウ
12390000432	新手克罗伊特弓	ノービスグレートボウ
12390000432	新手克羅伊特弓	ノービスグレートボウ
12390000433	猎人之弓	ハンターボウ
12390000433	獵人之弓	ハンターボウ
12390000434	天龍之翼	天空竜の翼
12390000434	天龙之翼	天空竜の翼
12390000435	炽天使之弓	ルドラの弓
12390000435	熾天使之弓	ルドラの弓
12390000436	伊克希恩的羽翼	イクシオンウィング
12390000436	伊克西翁之翼	イクシオンウィング
12390000437	亞伯雷弓	エブレレボウ
12390000437	埃布尔雷弓	エブレレボウ
12390000438	露娜弓	ルナボウ
12390000439	拳刃	カタール
12390000440	新手拳刃	ノービスカタール
12390000441	卡塔勒拳刃	カタール
12390000442	新手卡塔勒拳刃	ノービスカタルブレード
12390000443	秘刃 暗啸	秘剣：ダークハウル
12390000443	秘刃 暗嘯	秘剣：ダークハウル
12390000444	新手秘刃 暗啸	ノービス秘剣：ダークハウル
12390000444	新手秘刃 暗嘯	ノービス秘剣：ダークハウル
12390000445	刺藤拳刃	ダスティソーンブッシュのカタール
12390000446	骸灵拳刃	レイス・カタール
12390000446	骸靈拳刃	レイス・カタール
12390000447	刺杀拳刃	インフィルトレーター
12390000447	刺殺拳刃	インフィルトレーター
12390000448	洛奇的指甲	ロキの爪
12390000449	邪恶拳刃	邪悪なカタル
12390000449	邪惡拳刃	邪悪なカタル
12390000450	風靈拳刃	ウィンドスピリットカタール
12390000450	风灵拳刃	ウィンドスピリットカタール
12390000451	鐵盾	ガード
12390000451	铁盾	ガード
12390000452	新手鐵盾	ノービスアイアンシールド
12390000452	新手铁盾	ノービスアイアンシールド
12390000453	圆盾	バックラー
12390000453	圓盾	バックラー
12390000454	新手圆盾	ノービスバックラー
12390000454	新手圓盾	ノービスバックラー
12390000455	鋼盾	シールド
12390000455	钢盾	シールド
12390000456	新手鋼盾	ノービススチールシールド
12390000456	新手钢盾	ノービススチールシールド
12390000457	刺盾	ソーンバックラー
12390000458	石制圆盾	ストーンバックラー
12390000458	石製圓盾	ストーンバックラー
12390000459	瓦尔基里亚钢盾	ヴァルキュリアシールド
12390000459	瓦爾基莉亞鋼盾	ヴァルキュリアシールド
12390000460	坚固盾牌	強い盾
12390000460	堅固盾牌	強い盾
12390000461	大天使之盾	アークエンジェルシールド
12390000462	圣耀之盾	ホーリーガード
12390000462	聖耀之盾	ホーリーガード
12390000463	棉衬衫	コットンシャツ
12390000463	棉襯衫	コットンシャツ
12390000464	新手棉衬衫	ノービスコットンシャツ
12390000464	新手棉襯衫	ノービスコットンシャツ
12390000465	皮製外套	レザージャケット
12390000465	皮质外套	レザージャケット
12390000466	新手皮製外套	ノービスレザージャケット
12390000466	新手皮质外套	ノービスレザージャケット
12390000467	長大衣	コート
12390000467	长大衣	コート
12390000468	新手長大衣	ノービスコート
12390000468	新手长大衣	ノービスコート
12390000469	冒险衣	冒険者のスーツ
12390000469	冒險衣	冒険者のスーツ
12390000470	毛皮大衣	ミンクのコート
12390000471	毛皮大衣-力/敏-攻	ミンクのコート-STR/AGI-ATK
12390000472	毛皮大衣-力/幸-攻	ミンクのコート-STR/LUK-ATK
12390000473	毛皮大衣-力/体-攻	ミンクのコート-STR/VIT-ATK
12390000473	毛皮大衣-力/體-攻	ミンクのコート-STR/VIT-ATK
12390000474	毛皮大衣-智/灵-攻	ミンクのコート-INT/DEX-ATK
12390000474	毛皮大衣-智/靈-攻	ミンクのコート-INT/DEX-ATK
12390000475	毛皮大衣-灵/敏-攻	ミンクのコート-DEX/AGI-ATK
12390000475	毛皮大衣-靈/敏-攻	ミンクのコート-DEX/AGI-ATK
12390000476	毛皮大衣-力/体-御	ミンクのコート-STR/VIT-DEF
12390000476	毛皮大衣-力/體-禦	ミンクのコート-STR/VIT-DEF
12390000477	鐵製鎧甲	アイアンアーマー
12390000477	铁制盔甲	アイアンアーマー
12390000478	鋼鐵鎖子甲	スチールチェインメイル
12390000478	钢铁锁子甲	スチールチェインメイル
12390000479	丝质外袍	シルクローブ
12390000479	絲質外袍	シルクローブ
12390000480	鋼鐵鎧甲	鋼鉄の鎧
12390000480	钢铁盔甲	鋼鉄の鎧
12390000481	连帽护肩	フード付きポールドロン
12390000481	連帽披肩	フード付きポールドロン
12390000482	新手连帽护肩	ノービスフーデッドポールドロン
12390000482	新手連帽披肩	ノービスフーデッドポールドロン
12390000483	护肩	肩当て
12390000483	護肩	肩当て
12390000484	新手护肩	ノービスポールドロン
12390000484	新手護肩	ノービスポールドロン
12390000485	斗篷	肩にかける物
12390000486	新手斗篷	初心者のマント
12390000487	伯爵斗篷	古代のマント
12390000488	生存斗篷	サバイバーのマント
12390000489	护肩甲	装甲ショルダーガード
12390000489	護肩甲	装甲ショルダーガード
12390000490	貝利的斗篷	ヴァリのマント
12390000490	贝利的斗篷	ヴァリのマント
12390000491	邪骸战士的斗篷	ソルジャースケルトンのマント
12390000491	邪骸戰士的斗篷	ソルジャースケルトンのマント
12390000492	猎鹰披肩	ファルコンマント
12390000492	獵鷹披肩	ファルコンマント
12390000493	輕便鞋	サンダル
12390000493	轻便鞋	サンダル
12390000494	新手輕便鞋	ノービスサンダル
12390000494	新手轻便鞋	ノービスサンダル
12390000495	長靴	靴
12390000495	长靴	靴
12390000496	新手長靴	初心者ブーツ
12390000496	新手长靴	初心者ブーツ
12390000497	重靴	グリーブ
12390000498	新手重靴	ノービスグリーブ
12390000499	战士长靴	ブーツ
12390000499	戰士長靴	ブーツ
12390000500	安全鞋	安全靴
12390000501	傅里哥長靴	フリッコの靴
12390000501	傅里哥长靴	フリッコの靴
12390000502	哥夫內軍靴	ゴヴニュのグリーブ
12390000502	哥夫内军靴	ゴヴニュのグリーブ
12390000503	兔子拖鞋	バニースリッパ
12390000504	迪塔乐长靴	ヴィダールのブーツ
12390000504	迪塔樂長靴	ヴィダールのブーツ
12390000505	戒指	リング
12390000506	新手戒指	ノービスリング
12390000507	耳环	イヤリング
12390000507	耳環	イヤリング
12390000508	新手耳环	ノービスイヤリング
12390000508	新手耳環	ノービスイヤリング
12390000509	項鍊	アミュレット
12390000509	项链	アミュレット
12390000510	新手項鍊	ノービスネックレス
12390000510	新手项链	ノービスネックレス
12390000511	手套	手袋
12390000512	別針	クリップ
12390000512	别针	クリップ
12390000513	金戒指	ゴールドリング
12390000514	鑽石戒指	ダイヤモンドリング
12390000514	钻石戒指	ダイヤモンドリング
12390000515	珠鏈	ロザリオ
12390000515	珠链	ロザリオ
12390000516	花戒指	フラワーリング
12390000517	初級手杖	ロッド
12390000517	初级手杖	ロッド
12390000518	初級短劍	基本的なダガー
12390000518	初级短剑	基本的なダガー
12390000519	初級拳刃	基本的なカタル
12390000519	初级拳刃	基本的なカタル
12390000520	初級雙手劍	ベーシックツーハンドソード
12390000520	初级双手剑	ベーシックツーハンドソード
12390000521	初級騎士長矛	基本ナイトスピア
12390000521	初级骑士长矛	基本ナイトスピア
12390000522	初級弓@{1}	基本の弓@{1}
12390000522	初级弓@{1}	基本の弓@{1}
12390000523	初級地靈之矛	基本アーススピリットスピア
12390000523	初级地灵之矛	基本アーススピリットスピア
12390000524	初級貝克戰斧@{1}	基本ベックバトルアックス@{1}
12390000524	初级贝克战斧@{1}	基本ベックバトルアックス@{1}
12390000525	中級手杖	中級ロッド
12390000525	中级手杖	中級ロッド
12390000526	中級短劍	中級ダガー
12390000526	中级短剑	中級ダガー
12390000527	中級拳刃	中級カタル
12390000527	中级拳刃	中級カタル
12390000528	中級雙手劍	中級両手剣
12390000528	中级双手剑	中級両手剣
12390000529	中級騎士長矛	中級ナイトスピア
12390000529	中级骑士长矛	中級ナイトスピア
12390000530	中级弓@{1}	中級弓@{1}
12390000531	中級地靈之矛	中級アーススピリットスピア
12390000531	中级地灵之矛	中級アーススピリットスピア
12390000532	中級貝克戰斧@{1}	中級ベックバトルアックス@{1}
12390000532	中级贝克战斧@{1}	中級ベックバトルアックス@{1}
12390000533	高級手杖	アドバンストロッド
12390000533	高级手杖	アドバンストロッド
12390000534	高級短劍	高級ダガー
12390000534	高级短剑	高級ダガー
12390000535	高級拳刃	高級カタル
12390000535	高级拳刃	高級カタル
12390000536	高級雙手劍	高級両手剣
12390000536	高级双手剑	高級両手剣
12390000537	高級騎士長矛	高級ナイトスピア
12390000537	高级骑士长矛	高級ナイトスピア
12390000538	高級弓@{1}	アドバンストボウ@{1}
12390000538	高级弓@{1}	アドバンストボウ@{1}
12390000539	高級地靈之矛	高級アーススピリットスピア
12390000539	高级地灵之矛	高級アーススピリットスピア
12390000540	高級貝克戰斧@{1}	高級ベックバトルアックス@{1}
12390000540	高级贝克战斧@{1}	高級ベックバトルアックス@{1}
12390000541	頂級手杖	スーペリアロッド
12390000541	顶级手杖	スーペリアロッド
12390000542	頂級短劍	上級ダガー
12390000542	顶级短剑	上級ダガー
12390000543	頂級拳刃	上級カタル
12390000543	顶级拳刃	上級カタル
12390000544	頂級雙手劍	上級両手剣
12390000544	顶级双手剑	上級両手剣
12390000545	頂級騎士長矛	上級ナイトスピア
12390000545	顶级骑士长矛	上級ナイトスピア
12390000546	頂級弓@{1}	スーペリアボウ@{1}
12390000546	顶级弓@{1}	スーペリアボウ@{1}
12390000547	頂級地靈之矛	上級アーススピリットスピア
12390000547	顶级地灵之矛	上級アーススピリットスピア
12390000548	頂級貝克戰斧@{1}	上級ベックバトルアックス@{1}
12390000548	顶级贝克战斧@{1}	上級ベックバトルアックス@{1}
12390000549	超級比武手杖	スーパートーナメントロッド
12390000549	超级比武手杖	スーパートーナメントロッド
12390000550	超級比武短劍	スーパートーナメントダガー
12390000550	超级比武短剑	スーパートーナメントダガー
12390000551	超級比武拳刃	スーパーアリーナカタール
12390000551	超级比武拳刃	スーパーアリーナカタール
12390000552	超級比武雙手劍	スーパーアリーナ両手剣
12390000552	超级比武双手剑	スーパーアリーナ両手剣
12390000553	超級比武騎士長矛	スーパーアリーナナイトスピア
12390000553	超级比武骑士长矛	スーパーアリーナナイトスピア
12390000554	超級比武弓@{1}	スーパーアリーナボウ@{1}
12390000554	超级比武弓@{1}	スーパーアリーナボウ@{1}
12390000555	超級比武地靈之矛	スーパーアリーナ・アーススピリットスピア
12390000555	超级比武地灵之矛	スーパーアリーナ・アーススピリットスピア
12390000556	超級比武貝克戰斧@{1}	スーパーアリーナ・ベックバトルアックス@{1}
12390000556	超级比武贝克战斧@{1}	スーパーアリーナ・ベックバトルアックス@{1}
12390000557	@{1}級短劍	Lv. @{1} ダガー
12390000557	@{1}级短剑	Lv. @{1} ダガー
12390000558	@{1}級單手劍	Lv. @{1} 片手剣
12390000558	@{1}级单手剑	Lv. @{1} 片手剣
12390000559	@{1}級雙手劍	Lv. @{1} 両手剣
12390000559	@{1}级双手剑	Lv. @{1} 両手剣
12390000560	@{1}級單手矛	Lv. @{1} 片手槍
12390000560	@{1}级单手矛	Lv. @{1} 片手槍
12390000561	@{1}級雙手矛	Lv. @{1} 両手槍
12390000561	@{1}级双手矛	Lv. @{1} 両手槍
12390000562	@{1}級單手斧	Lv. @{1} 片手斧
12390000562	@{1}级单手斧	Lv. @{1} 片手斧
12390000563	@{1}級雙手斧	Lv. @{1} 両手斧
12390000563	@{1}级双手斧	Lv. @{1} 両手斧
12390000564	@{1}級鈍器	Lv. @{1} メイス
12390000564	@{1}级钝器	Lv. @{1} メイス
12390000565	@{1}級單手杖	Lv. @{1} 杖
12390000565	@{1}级单手杖	Lv. @{1} 杖
12390000566	@{1}級雙手杖	Lv. @{1} スタッフ
12390000566	@{1}级双手杖	Lv. @{1} スタッフ
12390000567	@{1}級弓	Lv. @{1} 弓
12390000567	@{1}级弓	Lv. @{1} 弓
12390000568	@{1}級拳刃	Lv. @{1} カタル
12390000568	@{1}级拳刃	Lv. @{1} カタル
12390000569	@{1}級盾牌	Lv. @{1} シールド
12390000569	@{1}级盾牌	Lv. @{1} シールド
12390000570	@{1}級@{2}短劍	Lv. @{1} @{2} ダガー
12390000570	@{1}级@{2}短剑	Lv. @{1} @{2} ダガー
12390000571	@{1}級@{2}單手劍	Lv. @{1} @{2} 片手剣
12390000571	@{1}级@{2}单手剑	Lv. @{1} @{2} 片手剣
12390000572	@{1}級@{2}雙手劍	Lv. @{1} @{2} 両手剣
12390000572	@{1}级@{2}双手剑	Lv. @{1} @{2} 両手剣
12390000573	@{1}級@{2}單手矛	Lv. @{1} @{2} 片手槍
12390000573	@{1}级@{2}单手矛	Lv. @{1} @{2} 片手槍
12390000574	@{1}級@{2}雙手矛	Lv. @{1} @{2} 両手槍
12390000574	@{1}级@{2}双手矛	Lv. @{1} @{2} 両手槍
12390000575	@{1}級@{2}單手斧	Lv. @{1} @{2} 片手斧
12390000575	@{1}级@{2}单手斧	Lv. @{1} @{2} 片手斧
12390000576	@{1}級@{2}雙手斧	Lv. @{1} @{2} 両手斧
12390000576	@{1}级@{2}双手斧	Lv. @{1} @{2} 両手斧
12390000577	@{1}級@{2}鈍器	Lv. @{1} @{2} メイス
12390000577	@{1}级@{2}钝器	Lv. @{1} @{2} メイス
12390000578	@{1}級@{2}單手杖	Lv. @{1} @{2} ワンド
12390000578	@{1}级@{2}单手杖	Lv. @{1} @{2} ワンド
12390000579	@{1}級@{2}雙手杖	Lv. @{1} @{2} スタッフ
12390000579	@{1}级@{2}双手杖	Lv. @{1} @{2} スタッフ
12390000580	@{1}級@{2}弓	Lv. @{1} @{2} ボウ
12390000580	@{1}级@{2}弓	Lv. @{1} @{2} ボウ
12390000581	@{1}級@{2}拳刃	Lv. @{1} @{2} カタル
12390000581	@{1}级@{2}拳刃	Lv. @{1} @{2} カタル
12390000582	@{1}級@{2}盾牌	Lv. @{1} @{2} シールド
12390000582	@{1}级@{2}盾牌	Lv. @{1} @{2} シールド
12390000583	@{1}級雙手矛(槍騎專屬)	Lv. @{1} 両手槍（ランスナイト専用）
12390000583	@{1}级双手矛(枪骑专属)	Lv. @{1} 両手槍（ランスナイト専用）
12390000584	@{1}級不帶流派短劍	Lv. @{1} ダガー（BDなし）
12390000584	@{1}级不带BD短剑	Lv. @{1} ダガー（BDなし）
12390000585	@{1}級不帶流派單手劍	Lv. @{1} 片手剣（BDなし）
12390000585	@{1}级不带BD单手剑	Lv. @{1} 片手剣（BDなし）
12390000586	@{1}級不帶流派雙手劍	Lv. @{1} 両手剣（BDなし）
12390000586	@{1}级不带BD双手剑	Lv. @{1} 両手剣（BDなし）
12390000587	@{1}級不帶流派單手矛	Lv. @{1} 片手槍（BDなし）
12390000587	@{1}级不带BD单手矛	Lv. @{1} 片手槍（BDなし）
12390000588	@{1}級不帶流派雙手矛	Lv. @{1} 両手槍（BDなし）
12390000588	@{1}级不带BD双手矛	Lv. @{1} 両手槍（BDなし）
12390000589	@{1}級不帶流派單手斧	Lv. @{1} 片手斧（BDなし）
12390000589	@{1}级不带BD单手斧	Lv. @{1} 片手斧（BDなし）
12390000590	@{1}級不帶流派雙手斧	Lv. @{1} 両手斧（BDなし）
12390000590	@{1}级不带BD双手斧	Lv. @{1} 両手斧（BDなし）
12390000591	@{1}級不帶流派鈍器	Lv. @{1} メイス（BDなし）
12390000591	@{1}级不带BD钝器	Lv. @{1} メイス（BDなし）
12390000592	@{1}級不帶流派單手杖	Lv. @{1} ワンド（BDなし）
12390000592	@{1}级不带BD单手杖	Lv. @{1} ワンド（BDなし）
12390000593	@{1}級不帶流派雙手杖	Lv. @{1} スタッフ（BDなし）
12390000593	@{1}级不带BD双手杖	Lv. @{1} スタッフ（BDなし）
12390000594	@{1}級不帶流派弓	Lv. @{1} 弓（BDなし）
12390000594	@{1}级不带BD弓	Lv. @{1} 弓（BDなし）
12390000595	@{1}級不帶流派拳刃	Lv. @{1} カタール（BDなし）
12390000595	@{1}级不带BD拳刃	Lv. @{1} カタール（BDなし）
12390000596	@{1}級不帶流派盾牌	Lv. @{1} シールド（BDなし）
12390000596	@{1}级不带BD盾牌	Lv. @{1} シールド（BDなし）
12390000597	@{1}級雙手矛槍騎專屬不帶流派	Lv.@{1} 両手槍（ランスナイト専用、BDなし）
12390000597	@{1}级双手矛枪骑专属不带BD	Lv.@{1} 両手槍（ランスナイト専用、BDなし）
12390000598	放輕鬆	テイク・イット・イージー
12390000598	放轻松	テイク・イット・イージー
12390000599	FIRE	火
12390000600	圣诞袜	クリスマスストッキング
12390000600	聖誕襪	クリスマスストッキング
12390000601	星鏈	スターチェーン
12390000601	星链	スターチェーン
12390000603	羽焰	フェザーフレイム
12390000604	羽灵	フェザースピリット
12390000604	羽靈	フェザースピリット
12390000605	初心者药水	初心者ポーション
12390000605	初心者藥水	初心者ポーション
12390000606	赤色药水	オレンジポーション
12390000606	赤色藥水	オレンジポーション
12390000607	黃色藥水	イエローポーション
12390000607	黄色药水	イエローポーション
12390000608	白色药水	白ポーション
12390000608	白色藥水	白ポーション
12390000609	清润调息药剂	リフレッシュブレス薬
12390000609	清潤調息藥劑	リフレッシュブレス薬
12390000610	温和调息药剂	穏やかブレス薬
12390000610	溫和調息藥劑	穏やかブレス薬
12390000611	精品調息藥劑	プレミアムブレス薬
12390000611	精品调息药剂	プレミアムブレス薬
12390000612	強效調息藥劑	強力ブレス薬
12390000612	强效调息药剂	強力ブレス薬
12390000613	急救調息藥劑	応急処置用ブレス薬
12390000613	急救调息药剂	応急処置用ブレス薬
12390000614	浓缩调息药剂	濃縮ブレス薬
12390000614	濃縮調息藥劑	濃縮ブレス薬
12390000615	卓越調息藥劑	上級ブレス薬
12390000615	卓越调息药剂	上級ブレス薬
12390000616	卓越紅色藥水	上級レッドポーション
12390000616	卓越红色药水	上級レッドポーション
12390000617	卓越赤色药水	上級オレンジポーション
12390000617	卓越赤色藥水	上級オレンジポーション
12390000618	卓越黃色藥水	上級イエローポーション
12390000618	卓越黄色药水	上級イエローポーション
12390000619	蓝色药水	青ポーション
12390000619	藍色藥水	青ポーション
12390000620	高級藍色藥水	濃縮ブルーポーション
12390000620	高级蓝色药水	濃縮ブルーポーション
12390000621	綠色藥水	緑ポーション
12390000621	绿色药水	緑ポーション
12390000622	紅色藥水	レッドポーション
12390000622	红色药水	レッドポーション
12390000623	生机药水	活力ポーション
12390000623	生機藥水	活力ポーション
12390000624	圣灵药水	ホーリースピリットポーション
12390000624	聖靈藥水	ホーリースピリットポーション
12390000625	生命之泉	生命の泉
12390000626	卓越綠色藥水	上級グリーンポーション
12390000626	卓越绿色药水	上級グリーンポーション
12390000627	卓越生机药水	上級活力ポーション
12390000627	卓越生機藥水	上級活力ポーション
12390000628	卓越圣灵药水	上級スピリットポーション
12390000628	卓越聖靈藥水	上級スピリットポーション
12390000629	卓越生命之泉	上級生命の泉
12390000630	万能药水	万能薬
12390000630	萬能藥水	万能薬
12390000631	万能药	万能薬
12390000631	萬能藥	万能薬
12390000632	速效白色药水	即効性ホワイトポーション
12390000632	速效白色藥水	即効性ホワイトポーション
12390000633	黑暗料理	ヨルのキッチン特製品
12390000634	番茄浓汤	クリーミートマトスープ
12390000634	番茄濃湯	クリーミートマトスープ
12390000635	菌菇番茄汤	キノコとトマトのスープ
12390000635	蕈菇番茄湯	キノコとトマトのスープ
12390000636	香菇烤串	焼きキノコ串
12390000637	辣椒兽排	激辛ビーストステーキ
12390000637	辣椒獸排	激辛ビーストステーキ
12390000638	辣味肉餅	スパイシーミートパティ
12390000638	辣肉饼	スパイシーミートパティ
12390000639	草莓硬糖	ストロベリーハードキャンディ
12390000640	草莓可可球	ストロベリーココアトリュフ
12390000641	香草热可可	バニラホットココア
12390000641	香草熱可可	バニラホットココア
12390000642	草莓奶昔	ストロベリーミルクシェイク
12390000643	草莓可可热牛乳	ホットストロベリーココアミルク
12390000643	草莓熱可可牛奶	ホットストロベリーココアミルク
12390000644	葡萄酒	ぶどうワイン
12390000645	青檬鸡尾酒	グリーンレモンカクテル
12390000645	青檸雞尾酒	グリーンレモンカクテル
12390000646	清爽柠檬酿	爽やかレモンドリンク
12390000646	清爽檸檬釀	爽やかレモンドリンク
12390000647	葡萄味气泡水	グレープスパークリングウォーター
12390000647	葡萄氣泡水	グレープスパークリングウォーター
12390000648	混合果汁	ミックスフルーツジュース
12390000648	綜合果汁	ミックスフルーツジュース
12390000649	肉包	肉まん
12390000650	药草粥	ハーブ粥
12390000650	藥草粥	ハーブ粥
12390000651	香辣药草卷	スパイシーハーブラップ
12390000651	香辣藥草捲	スパイシーハーブラップ
12390000652	辣味炒飯	スパイシー炒飯
12390000652	辣味炒饭	スパイシー炒飯
12390000653	可可奶冻	ココアプリン
12390000653	可可奶凍	ココアプリン
12390000654	繽紛棒棒糖	カラフルロリポップ
12390000654	缤纷棒棒糖	カラフルロリポップ
12390000655	莓果藥草茶	ベリーハーブティー
12390000655	莓莓药草茶	ベリーハーブティー
12390000656	草莓可可脆棒	ストロベリーココアクランチバー
12390000656	草莓脆可可棒	ストロベリーココアクランチバー
12390000657	純淨檸檬水	ピュアレモンウォーター
12390000657	纯净柠檬水	ピュアレモンウォーター
12390000658	柠檬药草茶	レモンハーブティー
12390000658	檸檬藥草茶	レモンハーブティー
12390000659	葡萄木香飲	ウッディグレープドリンク
12390000659	葡萄木香饮	ウッディグレープドリンク
12390000660	柑木鮮果茶	シトラスウッドフルーツティー
12390000660	柑木鲜果茶	シトラスウッドフルーツティー
12390000661	刃之結晶	ブレードクリスタル
12390000661	刃之结晶	ブレードクリスタル
12390000662	盾之結晶	シールドクリスタル
12390000662	盾之结晶	シールドクリスタル
12390000663	魔力結晶	マナクリスタル
12390000663	魔力结晶	マナクリスタル
12390000664	魔防結晶	魔法DEFクリスタル
12390000664	魔防结晶	魔法DEFクリスタル
12390000665	生命結晶	ライフクリスタル
12390000665	生命结晶	ライフクリスタル
12390000666	生命結晶@{1}	ライフクリスタル@{1}
12390000666	生命结晶@{1}	ライフクリスタル@{1}
12390000667	蝴蝶翅膀	蝶の羽
12390000668	苍蝇翅膀	ハエの羽
12390000668	蒼蠅翅膀	ハエの羽
12390000669	枯树枝	古木の枝
12390000669	枯樹枝	古木の枝
12390000670	血跡樹枝	血まみれの枝
12390000670	血迹树枝	血まみれの枝
12390000671	天地树叶子	イグドラシルの葉
12390000671	天地樹葉子	イグドラシルの葉
12390000672	任务苍蝇翅膀	クエスト用ハエの羽
12390000672	任務蒼蠅翅膀	クエスト用ハエの羽
12390000673	箭矢	矢
12390000674	鋼鐵箭矢	スチールアロー
12390000674	钢铁箭矢	スチールアロー
12390000675	火箭矢	ファイアアロー
12390000676	水灵箭矢	クリスタルアロー
12390000676	水靈箭矢	クリスタルアロー
12390000677	銀箭矢	シルバーアロー
12390000677	银箭矢	シルバーアロー
12390000678	風靈箭矢	風の矢
12390000678	风灵箭矢	風の矢
12390000679	地灵箭矢	ストーンアロー
12390000679	地靈箭矢	ストーンアロー
12390000680	小喇叭	スモールホーン
12390000681	小恶魔喇叭	デビルチの角
12390000681	小惡魔喇叭	デビルチの角
12390000682	疯兔喇叭	ルナティックの角
12390000682	瘋兔喇叭	ルナティックの角
12390000683	閃光氣球	きらめく風船
12390000683	闪光气球	きらめく風船
12390000684	可愛閃光氣球	かわいいキラキラ風船
12390000684	可爱闪光气球	かわいいキラキラ風船
12390000685	幸福閃光氣球	ハッピースパークリングバルーン
12390000685	幸福闪光气球	ハッピースパークリングバルーン
12390000686	仙女棒	花火
12390000687	金色烟花	黄金の花火
12390000687	金色煙火	黄金の花火
12390000688	絢爛煙火	きらめく花火
12390000688	绚烂烟花	きらめく花火
12390000689	普通气球	プレーンバルーン
12390000689	普通氣球	プレーンバルーン
12390000690	加农炮	アームキャノン
12390000690	加農砲	アームキャノン
12390000691	飛鴉	フライングレイブン
12390000691	飞鸦	フライングレイブン
12390000692	高射炮	対空砲
12390000692	高射砲	対空砲
12390000693	火箭炮	ロケットランチャー
12390000693	火箭砲	ロケットランチャー
12390000694	鋼鐵機甲	鋼鉄のマドギア
12390000694	钢铁机甲	鋼鉄のマドギア
12390000695	秘銀機甲	ミスリルマドギア
12390000695	秘银机甲	ミスリルマドギア
12390000696	精金机甲	アダマンタイン魔導ギア
12390000696	精金機甲	アダマンタイン魔導ギア
12390000697	坦克	タンク
12390000698	大嘴鳥	ペコペコ
12390000698	大嘴鸟	ペコペコ
12390000699	机甲维修	魔導ギアパイロット修理
12390000699	機甲維修	魔導ギアパイロット修理
12390000700	波利加农炮	ポリンキャノン
12390000700	波利加農砲	ポリンキャノン
12390000701	神圣火箭炮	ホーリーロケットランチャー
12390000701	神聖火箭砲	ホーリーロケットランチャー
12390000702	閃電飛鴉	ライトニングレイブン
12390000702	闪电飞鸦	ライトニングレイブン
12390000703	神圣高射炮	ホーリーフラックキャノン
12390000703	神聖高射砲	ホーリーフラックキャノン
12390000704	黑暗高射炮	ダークフラックキャノン
12390000704	黑暗高射砲	ダークフラックキャノン
12390000705	哨站之匙	前哨基地の鍵
12390000705	哨站之鑰	前哨基地の鍵
12390000706	传送密钥	テレポートキー
12390000706	傳送密鑰	テレポートキー
12390000707	寻路蚁	先導アリ
12390000707	尋路蟻	先導アリ
12390000708	忽克连的证词	ホルグレンの証言
12390000708	忽克連的證詞	ホルグレンの証言
12390000709	妮塔的證詞	ニタの証言
12390000709	妮塔的证词	ニタの証言
12390000710	克里弗的證詞	クリーバーの証言
12390000710	克里弗的证词	クリーバーの証言
12390000711	高品質黏稠液體	高品質な粘液
12390000711	高品质粘稠液体	高品質な粘液
12390000712	虎王的皮	エッドガ・ハイド
12390000713	呢喃花	ささやく花
12390000714	过期的大饼	期限切れのフラットブレッド
12390000714	過期的大餅	期限切れのフラットブレッド
12390000715	試煉證明	試練の証
12390000715	试炼证明	試練の証
12390000716	教授的笔记	教授のノート
12390000716	教授的筆記	教授のノート
12390000717	思念粒子储存器	メモリーパーティクル保管装置
12390000717	思念粒子儲存器	メモリーパーティクル保管装置
12390000718	树皮	木の樹皮
12390000718	樹皮	木の樹皮
12390000719	蛇胆	ヘビの胆のう
12390000719	蛇膽	ヘビの胆のう
12390000720	大蛇蛋	大蛇の卵
12390000721	主的鬃毛	主のたてがみ
12390000722	巨人卷軸ᆞ雙持－綠	ジャイアントスクロール・二刀流-緑
12390000722	巨人卷轴·双持-绿	ジャイアントスクロール・二刀流-緑
12390000723	鷹眼卷軸ᆞ雙持－綠	イーグルアイスクロール・二刀-緑
12390000723	鹰眼卷轴·双持-绿	イーグルアイスクロール・二刀-緑
12390000724	山峦卷轴·双持-绿	マウンテンスクロール・二刀-緑
12390000724	山巒卷軸ᆞ雙持－綠	マウンテンスクロール・二刀-緑
12390000725	伊米尔卷轴·双持-绿	ユミルスクロール・二刀流-緑
12390000725	伊米爾卷軸ᆞ雙持－綠	ユミルスクロール・二刀流-緑
12390000726	蜂鳥卷軸ᆞ雙持－綠	ハミングバードスクロール・二刀-緑
12390000726	蜂鸟卷轴·双持-绿	ハミングバードスクロール・二刀-緑
12390000727	命运卷轴·双持-绿	デスティニースクロール・二刀流-緑
12390000727	命運卷軸ᆞ雙持－綠	デスティニースクロール・二刀流-緑
12390000728	生命百分比·双持-绿	HP割合・二刀-緑
12390000728	生命百分比ᆞ雙持－綠	HP割合・二刀-緑
12390000729	巨人卷軸ᆞ雙持－藍	ジャイアントスクロール・二刀流-青
12390000729	巨人卷轴·双持-蓝	ジャイアントスクロール・二刀流-青
12390000730	鷹眼卷軸ᆞ雙持－藍	イーグルアイスクロール・二刀-青
12390000730	鹰眼卷轴·双持-蓝	イーグルアイスクロール・二刀-青
12390000731	山峦卷轴·双持-蓝	マウンテンスクロール・二刀流-青
12390000731	山巒卷軸ᆞ雙持－藍	マウンテンスクロール・二刀流-青
12390000732	伊米尔卷轴·双持-蓝	ユミルスクロール・二刀流-青
12390000732	伊米爾卷軸ᆞ雙持－藍	ユミルスクロール・二刀流-青
12390000733	蜂鳥卷軸ᆞ雙持－藍	ハミングバードスクロール・二刀-青
12390000733	蜂鸟卷轴·双持-蓝	ハミングバードスクロール・二刀-青
12390000734	命运卷轴·双持-蓝	デスティニースクロール・二刀流-青
12390000734	命運卷軸ᆞ雙持－藍	デスティニースクロール・二刀流-青
12390000735	生命百分比·双持-蓝	HP割合・二刀流-青
12390000735	生命百分比ᆞ雙持－藍	HP割合・二刀流-青
12390000736	巨人卷軸ᆞ雙持－紫	ジャイアントスクロール・二刀流-紫
12390000736	巨人卷轴·双持-紫	ジャイアントスクロール・二刀流-紫
12390000737	鷹眼卷軸ᆞ雙持－紫	イーグルアイスクロール・二刀流-紫
12390000737	鹰眼卷轴·双持-紫	イーグルアイスクロール・二刀流-紫
12390000738	山峦卷轴·双持-紫	マウンテンスクロール・二刀流-紫
12390000738	山巒卷軸ᆞ雙持－紫	マウンテンスクロール・二刀流-紫
12390000739	伊米尔卷轴·双持-紫	ユミルスクロール・二刀流-紫
12390000739	伊米爾卷軸ᆞ雙持－紫	ユミルスクロール・二刀流-紫
12390000740	蜂鳥卷軸ᆞ雙持－紫	ハミングバードスクロール・二刀-紫
12390000740	蜂鸟卷轴·双持-紫	ハミングバードスクロール・二刀-紫
12390000741	命运卷轴·双持-紫	フェイトスクロール・二刀流-紫
12390000741	命運卷軸ᆞ雙持－紫	フェイトスクロール・二刀流-紫
12390000742	生命百分比·双持-紫	HP割合・二刀流-紫
12390000742	生命百分比ᆞ雙持－紫	HP割合・二刀流-紫
12390000743	巨人卷軸ᆞ雙持－橙	ジャイアントスクロール・二刀流-オレンジ
12390000743	巨人卷轴·双持-橙	ジャイアントスクロール・二刀流-オレンジ
12390000744	鷹眼卷軸ᆞ雙持－橙	イーグルアイスクロール・二刀流-オレンジ
12390000744	鹰眼卷轴·双持-橙	イーグルアイスクロール・二刀流-オレンジ
12390000745	山峦卷轴·双持-橙	マウンテンスクロール・二刀流-オレンジ
12390000745	山巒卷軸ᆞ雙持－橙	マウンテンスクロール・二刀流-オレンジ
12390000746	伊米尔卷轴·双持-橙	ユミルスクロール・二刀流-オレンジ
12390000746	伊米爾卷軸ᆞ雙持－橙	ユミルスクロール・二刀流-オレンジ
12390000747	蜂鳥卷軸ᆞ雙持－橙	ハミングバードスクロール・二刀-オレンジ
12390000747	蜂鸟卷轴·双持-橙	ハミングバードスクロール・二刀-オレンジ
12390000748	命运卷轴·双持-橙	フェイトスクロール・二刀流-オレンジ
12390000748	命運卷軸ᆞ雙持－橙	フェイトスクロール・二刀流-オレンジ
12390000749	生命百分比·双持-橙	HP割合・二刀流-オレンジ
12390000749	生命百分比ᆞ雙持－橙	HP割合・二刀流-オレンジ
12390000750	緋紅破界卷軸ᆞ雙持－紅	クリムゾン境界突破スクロール・二刀流-赤
12390000750	绯红破界卷轴·双持-红	クリムゾン境界突破スクロール・二刀流-赤
12390000751	金黃破界卷軸ᆞ雙持－紅	ゴールデン境界突破スクロール・二刀流-赤
12390000751	金黄破界卷轴·双持-红	ゴールデン境界突破スクロール・二刀流-赤
12390000752	天蓝破界卷轴·双持-红	アズール境界突破スクロール・二刀流-赤
12390000752	天藍破界卷軸ᆞ雙持－紅	アズール境界突破スクロール・二刀流-赤
12390000753	翡綠破界卷軸ᆞ雙持－紅	エメラルド境界突破スクロール・二刀流-赤
12390000753	翡绿破界卷轴·双持-红	エメラルド境界突破スクロール・二刀流-赤
12390000754	巨人卷軸ᆞ單手－綠	ジャイアントスクロール・片手武器-緑
12390000754	巨人卷轴·单手-绿	ジャイアントスクロール・片手武器-緑
12390000755	鷹眼卷軸ᆞ單手－綠	イーグルアイスクロール・片手武器-緑
12390000755	鹰眼卷轴·单手-绿	イーグルアイスクロール・片手武器-緑
12390000756	山峦卷轴·单手-绿	マウンテンスクロール・片手武器-緑
12390000756	山巒卷軸ᆞ單手－綠	マウンテンスクロール・片手武器-緑
12390000757	伊米尔卷轴·单手-绿	ユミルスクロール・片手武器-緑
12390000757	伊米爾卷軸ᆞ單手－綠	ユミルスクロール・片手武器-緑
12390000758	蜂鳥卷軸ᆞ單手－綠	ハチドリスクロール・片手武器-緑
12390000758	蜂鸟卷轴·单手-绿	ハチドリスクロール・片手武器-緑
12390000759	命运卷轴·单手-绿	フェイトスクロール・片手武器-緑
12390000759	命運卷軸ᆞ單手－綠	フェイトスクロール・片手武器-緑
12390000760	巨人卷軸ᆞ單手－藍	ジャイアントスクロール・片手武器-青
12390000760	巨人卷轴·单手-蓝	ジャイアントスクロール・片手武器-青
12390000761	鷹眼卷軸ᆞ單手－藍	イーグルアイスクロール・片手武器-青
12390000761	鹰眼卷轴·单手-蓝	イーグルアイスクロール・片手武器-青
12390000762	山峦卷轴·单手-蓝	マウンテンスクロール・片手武器-青
12390000762	山巒卷軸ᆞ單手－藍	マウンテンスクロール・片手武器-青
12390000763	伊米尔卷轴·单手-蓝	ユミルスクロール・片手武器-青
12390000763	伊米爾卷軸ᆞ單手－藍	ユミルスクロール・片手武器-青
12390000764	蜂鳥卷軸ᆞ單手－藍	ハチドリスクロール・片手武器-青
12390000764	蜂鸟卷轴·单手-蓝	ハチドリスクロール・片手武器-青
12390000765	命运卷轴·单手-蓝	フェイトスクロール・片手武器-青
12390000765	命運卷軸ᆞ單手－藍	フェイトスクロール・片手武器-青
12390000766	巨人卷軸ᆞ單手－紫	ジャイアントスクロール・片手武器-紫
12390000766	巨人卷轴·单手-紫	ジャイアントスクロール・片手武器-紫
12390000767	鷹眼卷軸ᆞ單手－紫	イーグルアイスクロール・片手武器-紫
12390000767	鹰眼卷轴·单手-紫	イーグルアイスクロール・片手武器-紫
12390000768	山峦卷轴·单手-紫	マウンテンスクロール・片手武器-紫
12390000768	山巒卷軸ᆞ單手－紫	マウンテンスクロール・片手武器-紫
12390000769	伊米尔卷轴·单手-紫	ユミルスクロール・片手武器-紫
12390000769	伊米爾卷軸ᆞ單手－紫	ユミルスクロール・片手武器-紫
12390000770	蜂鳥卷軸ᆞ單手－紫	ハミングバードスクロール・片手武器-紫
12390000770	蜂鸟卷轴·单手-紫	ハミングバードスクロール・片手武器-紫
12390000771	命运卷轴·单手-紫	フェイトスクロール・片手武器-紫
12390000771	命運卷軸ᆞ單手－紫	フェイトスクロール・片手武器-紫
12390000772	巨人卷軸ᆞ單手－橙	ジャイアントスクロール・片手武器-オレンジ
12390000772	巨人卷轴·单手-橙	ジャイアントスクロール・片手武器-オレンジ
12390000773	鷹眼卷軸ᆞ單手－橙	イーグルアイスクロール・片手武器-オレンジ
12390000773	鹰眼卷轴·单手-橙	イーグルアイスクロール・片手武器-オレンジ
12390000774	山峦卷轴·单手-橙	マウンテンスクロール・片手武器-オレンジ
12390000774	山巒卷軸ᆞ單手－橙	マウンテンスクロール・片手武器-オレンジ
12390000775	伊米尔卷轴·单手-橙	ユミルスクロール・片手武器-オレンジ
12390000775	伊米爾卷軸ᆞ單手－橙	ユミルスクロール・片手武器-オレンジ
12390000776	蜂鳥卷軸ᆞ單手－橙	ハミングバードスクロール・片手武器-オレンジ
12390000776	蜂鸟卷轴·单手-橙	ハミングバードスクロール・片手武器-オレンジ
12390000777	命运卷轴·单手-橙	フェイトスクロール・片手武器-オレンジ
12390000777	命運卷軸ᆞ單手－橙	フェイトスクロール・片手武器-オレンジ
12390000778	緋紅破界卷軸ᆞ單手－紅	クリムゾン境界突破スクロール・片手武器-赤
12390000778	绯红破界卷轴·单手-红	クリムゾン境界突破スクロール・片手武器-赤
12390000779	金黃破界卷軸ᆞ單手－紅	ゴールデン境界突破スクロール・片手武器-赤
12390000779	金黄破界卷轴·单手-红	ゴールデン境界突破スクロール・片手武器-赤
12390000780	天蓝破界卷轴·单手-红	アズール境界突破スクロール・片手武器-赤
12390000780	天藍破界卷軸ᆞ單手－紅	アズール境界突破スクロール・片手武器-赤
12390000781	翡綠破界卷軸ᆞ單手－紅	エメラルド境界突破スクロール・片手武器-赤
12390000781	翡绿破界卷轴·单手-红	エメラルド境界突破スクロール・片手武器-赤
12390000782	巨人卷軸ᆞ副手－綠	ジャイアントスクロール・サブ装備-緑
12390000782	巨人卷轴·副手-绿	ジャイアントスクロール・サブ装備-緑
12390000783	鷹眼卷軸ᆞ副手－綠	イーグルアイスクロール・サブ装備-緑
12390000783	鹰眼卷轴·副手-绿	イーグルアイスクロール・サブ装備-緑
12390000784	山峦卷轴·副手-绿	マウンテンスクロール・サブ装備-緑
12390000784	山巒卷軸ᆞ副手－綠	マウンテンスクロール・サブ装備-緑
12390000785	伊米尔卷轴·副手-绿	ユミルスクロール・サブ装備-緑
12390000785	伊米爾卷軸ᆞ副手－綠	ユミルスクロール・サブ装備-緑
12390000786	蜂鳥卷軸ᆞ副手－綠	ハチドリスクロール・サブ装備-緑
12390000786	蜂鸟卷轴·副手-绿	ハチドリスクロール・サブ装備-緑
12390000787	命运卷轴·副手-绿	フェイトスクロール・サブ装備-緑
12390000787	命運卷軸ᆞ副手－綠	フェイトスクロール・サブ装備-緑
12390000788	生命百分比·副手-绿	HP割合・サブ装備-緑
12390000788	生命百分比ᆞ副手－綠	HP割合・サブ装備-緑
12390000789	巨人卷軸ᆞ副手－藍	ジャイアントスクロール・サブ装備-青
12390000789	巨人卷轴·副手-蓝	ジャイアントスクロール・サブ装備-青
12390000790	鷹眼卷軸ᆞ副手－藍	イーグルアイスクロール・サブ装備-青
12390000790	鹰眼卷轴·副手-蓝	イーグルアイスクロール・サブ装備-青
12390000791	山峦卷轴·副手-蓝	マウンテンスクロール・サブ装備-青
12390000791	山巒卷軸ᆞ副手－藍	マウンテンスクロール・サブ装備-青
12390000792	伊米尔卷轴·副手-蓝	ユミルスクロール・サブ装備-青
12390000792	伊米爾卷軸ᆞ副手－藍	ユミルスクロール・サブ装備-青
12390000793	蜂鳥卷軸ᆞ副手－藍	ハミングバードスクロール・サブ装備-青
12390000793	蜂鸟卷轴·副手-蓝	ハミングバードスクロール・サブ装備-青
12390000794	命运卷轴·副手-蓝	フェイトスクロール・サブ装備-青
12390000794	命運卷軸ᆞ副手－藍	フェイトスクロール・サブ装備-青
12390000795	生命百分比·副手-蓝	HP割合・サブ装備-青
12390000795	生命百分比ᆞ副手－藍	HP割合・サブ装備-青
12390000796	巨人卷軸ᆞ副手－紫	ジャイアントスクロール・サブ装備-紫
12390000796	巨人卷轴·副手-紫	ジャイアントスクロール・サブ装備-紫
12390000797	鷹眼卷軸ᆞ副手－紫	ホークアイスクロール・サブ装備-紫
12390000797	鹰眼卷轴·副手-紫	ホークアイスクロール・サブ装備-紫
12390000798	山峦卷轴·副手-紫	マウンテンスクロール・サブ装備-紫
12390000798	山巒卷軸ᆞ副手－紫	マウンテンスクロール・サブ装備-紫
12390000799	伊米尔卷轴·副手-紫	ユミルスクロール・サブ装備-紫
12390000799	伊米爾卷軸ᆞ副手－紫	ユミルスクロール・サブ装備-紫
12390000800	蜂鳥卷軸ᆞ副手－紫	ハチドリスクロール・サブ装備-紫
12390000800	蜂鸟卷轴·副手-紫	ハチドリスクロール・サブ装備-紫
12390000801	命运卷轴·副手-紫	フェイトスクロール・サブ装備-紫
12390000801	命運卷軸ᆞ副手－紫	フェイトスクロール・サブ装備-紫
12390000802	生命百分比·副手-紫	HP割合・サブ装備-紫
12390000802	生命百分比ᆞ副手－紫	HP割合・サブ装備-紫
12390000803	巨人卷軸ᆞ副手－橙	ジャイアントスクロール・サブ装備-オレンジ
12390000803	巨人卷轴·副手-橙	ジャイアントスクロール・サブ装備-オレンジ
12390000804	鷹眼卷軸ᆞ副手－橙	ホークアイスクロール・サブ装備-オレンジ
12390000804	鹰眼卷轴·副手-橙	ホークアイスクロール・サブ装備-オレンジ
12390000805	山峦卷轴·副手-橙	マウンテンスクロール・サブ装備-オレンジ
12390000805	山巒卷軸ᆞ副手－橙	マウンテンスクロール・サブ装備-オレンジ
12390000806	伊米尔卷轴·副手-橙	ユミルスクロール・サブ装備-オレンジ
12390000806	伊米爾卷軸ᆞ副手－橙	ユミルスクロール・サブ装備-オレンジ
12390000807	蜂鳥卷軸ᆞ副手－橙	ハチドリスクロール・サブ装備-オレンジ
12390000807	蜂鸟卷轴·副手-橙	ハチドリスクロール・サブ装備-オレンジ
12390000808	命运卷轴·副手-橙	フェイトスクロール・サブ装備-オレンジ
12390000808	命運卷軸ᆞ副手－橙	フェイトスクロール・サブ装備-オレンジ
12390000809	生命百分比·副手-橙	HP割合・サブ装備-オレンジ
12390000809	生命百分比ᆞ副手－橙	HP割合・サブ装備-オレンジ
12390000810	緋紅御界卷軸ᆞ副手－紅	クリムゾンレルムガードスクロール・サブ装備-赤
12390000810	绯红御界卷轴·副手-红	クリムゾンレルムガードスクロール・サブ装備-赤
12390000811	金黃御界卷軸ᆞ副手－紅	ゴールデンレルムガードスクロール・サブ装備-赤
12390000811	金黄御界卷轴·副手-红	ゴールデンレルムガードスクロール・サブ装備-赤
12390000812	天蓝御界卷轴·副手-红	蒼天レルムガードスクロール・サブ装備-赤
12390000812	天藍御界卷軸ᆞ副手－紅	蒼天レルムガードスクロール・サブ装備-赤
12390000813	翡綠御界卷軸ᆞ副手－紅	エメラルドレルムガードスクロール・サブ装備-赤
12390000813	翡绿御界卷轴·副手-红	エメラルドレルムガードスクロール・サブ装備-赤
12390000814	巨人卷軸ᆞ衣服－綠	ジャイアントスクロール・鎧-緑
12390000814	巨人卷轴·衣服-绿	ジャイアントスクロール・鎧-緑
12390000815	鷹眼卷軸ᆞ衣服－綠	ホークアイスクロール・防具-緑
12390000815	鹰眼卷轴·衣服-绿	ホークアイスクロール・防具-緑
12390000816	山峦卷轴·衣服-绿	マウンテンスクロール・防具-緑
12390000816	山巒卷軸ᆞ衣服－綠	マウンテンスクロール・防具-緑
12390000817	伊米尔卷轴·衣服-绿	ユミルスクロール・鎧-緑
12390000817	伊米爾卷軸ᆞ衣服－綠	ユミルスクロール・鎧-緑
12390000818	蜂鳥卷軸ᆞ衣服－綠	ハミングバードスクロール・防具-緑
12390000818	蜂鸟卷轴·衣服-绿	ハミングバードスクロール・防具-緑
12390000819	命运卷轴·衣服-绿	運命スクロール・鎧-緑
12390000819	命運卷軸ᆞ衣服－綠	運命スクロール・鎧-緑
12390000820	生命百分比·衣服-绿	HP割合・防具-緑
12390000820	生命百分比ᆞ衣服－綠	HP割合・防具-緑
12390000821	巨人卷軸ᆞ衣服－藍	ジャイアントスクロール・鎧-青
12390000821	巨人卷轴·衣服-蓝	ジャイアントスクロール・鎧-青
12390000822	鷹眼卷軸ᆞ衣服－藍	ホークアイスクロール・防具-青
12390000822	鹰眼卷轴·衣服-蓝	ホークアイスクロール・防具-青
12390000823	山峦卷轴·衣服-蓝	マウンテンスクロール・防具-青
12390000823	山巒卷軸ᆞ衣服－藍	マウンテンスクロール・防具-青
12390000824	伊米尔卷轴·衣服-蓝	ユミルスクロール・アーマー-青
12390000824	伊米爾卷軸ᆞ衣服－藍	ユミルスクロール・アーマー-青
12390000825	蜂鳥卷軸ᆞ衣服－藍	ハミングバードスクロール・防具-青
12390000825	蜂鸟卷轴·衣服-蓝	ハミングバードスクロール・防具-青
12390000826	命运卷轴·衣服-蓝	運命スクロール・アーマー-青
12390000826	命運卷軸ᆞ衣服－藍	運命スクロール・アーマー-青
12390000827	生命百分比·衣服-蓝	HP割合・防具-青
12390000827	生命百分比ᆞ衣服－藍	HP割合・防具-青
12390000828	巨人卷軸ᆞ衣服－紫	ジャイアントスクロール・防具-紫
12390000828	巨人卷轴·衣服-紫	ジャイアントスクロール・防具-紫
12390000829	鷹眼卷軸ᆞ衣服－紫	ホークアイスクロール・防具-紫
12390000829	鹰眼卷轴·衣服-紫	ホークアイスクロール・防具-紫
12390000830	山峦卷轴·衣服-紫	マウンテンスクロール・防具-紫
12390000830	山巒卷軸ᆞ衣服－紫	マウンテンスクロール・防具-紫
12390000831	伊米尔卷轴·衣服-紫	ユミルスクロール・鎧-紫
12390000831	伊米爾卷軸ᆞ衣服－紫	ユミルスクロール・鎧-紫
12390000832	蜂鳥卷軸ᆞ衣服－紫	ハミングバードスクロール・防具-紫
12390000832	蜂鸟卷轴·衣服-紫	ハミングバードスクロール・防具-紫
12390000833	命运卷轴·衣服-紫	運命スクロール・鎧-紫
12390000833	命運卷軸ᆞ衣服－紫	運命スクロール・鎧-紫
12390000834	生命百分比·衣服-紫	HP割合・防具-紫
12390000834	生命百分比ᆞ衣服－紫	HP割合・防具-紫
12390000835	巨人卷軸ᆞ衣服－橙	ジャイアントスクロール・防具-オレンジ
12390000835	巨人卷轴·衣服-橙	ジャイアントスクロール・防具-オレンジ
12390000836	鷹眼卷軸ᆞ衣服－橙	ホークアイスクロール・防具-オレンジ
12390000836	鹰眼卷轴·衣服-橙	ホークアイスクロール・防具-オレンジ
12390000837	山峦卷轴·衣服-橙	マウンテンスクロール・防具-オレンジ
12390000837	山巒卷軸ᆞ衣服－橙	マウンテンスクロール・防具-オレンジ
12390000838	伊米尔卷轴·衣服-橙	ユミルスクロール・鎧-オレンジ
12390000838	伊米爾卷軸ᆞ衣服－橙	ユミルスクロール・鎧-オレンジ
12390000839	蜂鳥卷軸ᆞ衣服－橙	ハミングバードスクロール・防具-オレンジ
12390000839	蜂鸟卷轴·衣服-橙	ハミングバードスクロール・防具-オレンジ
12390000840	命运卷轴·衣服-橙	運命スクロール・鎧-オレンジ
12390000840	命運卷軸ᆞ衣服－橙	運命スクロール・鎧-オレンジ
12390000841	生命百分比·衣服-橙	HP割合・防具-オレンジ
12390000841	生命百分比ᆞ衣服－橙	HP割合・防具-オレンジ
12390000842	緋紅御界卷軸ᆞ衣服－紅	クリムゾン・レルムガードスクロール・防具-赤
12390000842	绯红御界卷轴·衣服-红	クリムゾン・レルムガードスクロール・防具-赤
12390000843	金黃御界卷軸ᆞ衣服－紅	ゴールデン・レルムガードスクロール・防具-赤
12390000843	金黄御界卷轴·衣服-红	ゴールデン・レルムガードスクロール・防具-赤
12390000844	天蓝御界卷轴·衣服-红	アズール・レルムガードスクロール・防具-赤
12390000844	天藍御界卷軸ᆞ衣服－紅	アズール・レルムガードスクロール・防具-赤
12390000845	翡綠御界卷軸ᆞ衣服－紅	エメラルド・レルムガードスクロール・防具-赤
12390000845	翡绿御界卷轴·衣服-红	エメラルド・レルムガードスクロール・防具-赤
12390000846	橡木卷軸ᆞ披風－綠	オークスクロール・マント-緑
12390000846	橡木卷轴·披风-绿	オークスクロール・マント-緑
12390000847	壁垒卷轴·披风-绿	ブルワークスクロール・マント-緑
12390000847	壁壘卷軸ᆞ披風－綠	ブルワークスクロール・マント-緑
12390000848	御魔卷軸ᆞ披風－綠	マジックワードスクロール・マント-緑
12390000848	御魔卷轴·披风-绿	マジックワードスクロール・マント-緑
12390000849	生命百分比·披风-绿	HP割合・マント-緑
12390000849	生命百分比ᆞ披風－綠	HP割合・マント-緑
12390000850	橡木卷軸ᆞ披風－藍	オークスクロール・マント-青
12390000850	橡木卷轴·披风-蓝	オークスクロール・マント-青
12390000851	壁垒卷轴·披风-蓝	ブルワークスクロール・マント-青
12390000851	壁壘卷軸ᆞ披風－藍	ブルワークスクロール・マント-青
12390000852	御魔卷軸ᆞ披風－藍	マジックワードスクロール・マント-青
12390000852	御魔卷轴·披风-蓝	マジックワードスクロール・マント-青
12390000853	生命百分比·披风-蓝	HP割合・マント-青
12390000853	生命百分比ᆞ披風－藍	HP割合・マント-青
12390000854	橡木卷軸ᆞ披風－紫	オークスクロール・マント-紫
12390000854	橡木卷轴·披风-紫	オークスクロール・マント-紫
12390000855	壁垒卷轴·披风-紫	ブルワークスクロール・マント-紫
12390000855	壁壘卷軸ᆞ披風－紫	ブルワークスクロール・マント-紫
12390000856	御魔卷軸ᆞ披風－紫	マジックワードスクロール・マント-紫
12390000856	御魔卷轴·披风-紫	マジックワードスクロール・マント-紫
12390000857	生命百分比·披风-紫	HP割合・マント-紫
12390000857	生命百分比ᆞ披風－紫	HP割合・マント-紫
12390000858	橡木卷軸ᆞ披風－橙	オークスクロール・マント-オレンジ
12390000858	橡木卷轴·披风-橙	オークスクロール・マント-オレンジ
12390000859	壁垒卷轴·披风-橙	ブルワークスクロール・マント-オレンジ
12390000859	壁壘卷軸ᆞ披風－橙	ブルワークスクロール・マント-オレンジ
12390000860	御魔卷軸ᆞ披風－橙	マジックワードスクロール・マント-オレンジ
12390000860	御魔卷轴·披风-橙	マジックワードスクロール・マント-オレンジ
12390000861	生命百分比·披风-橙	HP割合・マント-オレンジ
12390000861	生命百分比ᆞ披風－橙	HP割合・マント-オレンジ
12390000862	緋紅御界卷軸ᆞ披風－紅	クリムゾンレルムガードスクロール・マント-赤
12390000862	绯红御界卷轴·披风-红	クリムゾンレルムガードスクロール・マント-赤
12390000863	金黃御界卷軸ᆞ披風－紅	黄金レルムガードスクロール・マント-赤
12390000863	金黄御界卷轴·披风-红	黄金レルムガードスクロール・マント-赤
12390000864	天蓝御界卷轴·披风-红	アズール・レルムガードスクロール・マント-赤
12390000864	天藍御界卷軸ᆞ披風－紅	アズール・レルムガードスクロール・マント-赤
12390000865	翡綠御界卷軸ᆞ披風－紅	エメラルドレルムガードスクロール・マント-赤
12390000865	翡绿御界卷轴·披风-红	エメラルドレルムガードスクロール・マント-赤
12390000866	橡木卷軸ᆞ鞋子－綠	オークスクロール・靴-緑
12390000866	橡木卷轴·鞋子-绿	オークスクロール・靴-緑
12390000867	壁垒卷轴·鞋子-绿	ブルワークスクロール・靴-緑
12390000867	壁壘卷軸ᆞ鞋子－綠	ブルワークスクロール・靴-緑
12390000868	御魔卷軸ᆞ鞋子－綠	マジックワードスクロール・靴-緑
12390000868	御魔卷轴·鞋子-绿	マジックワードスクロール・靴-緑
12390000869	生命百分比·鞋子-绿	HP割合・靴-緑
12390000869	生命百分比ᆞ鞋子－綠	HP割合・靴-緑
12390000870	橡木卷軸ᆞ鞋子－藍	オークスクロール・靴-青
12390000870	橡木卷轴·鞋子-蓝	オークスクロール・靴-青
12390000871	壁垒卷轴·鞋子-蓝	ブルワークスクロール・靴-青
12390000871	壁壘卷軸ᆞ鞋子－藍	ブルワークスクロール・靴-青
12390000872	御魔卷軸ᆞ鞋子－藍	マジックワードスクロール・靴-青
12390000872	御魔卷轴·鞋子-蓝	マジックワードスクロール・靴-青
12390000873	生命百分比·鞋子-蓝	HP割合・靴-青
12390000873	生命百分比ᆞ鞋子－藍	HP割合・靴-青
12390000874	橡木卷軸ᆞ鞋子－紫	オークスクロール・靴-紫
12390000874	橡木卷轴·鞋子-紫	オークスクロール・靴-紫
12390000875	壁垒卷轴·鞋子-紫	ブルワークスクロール・靴-紫
12390000875	壁壘卷軸ᆞ鞋子－紫	ブルワークスクロール・靴-紫
12390000876	御魔卷軸ᆞ鞋子－紫	マジックワードスクロール・靴-紫
12390000876	御魔卷轴·鞋子-紫	マジックワードスクロール・靴-紫
12390000877	生命百分比·鞋子-紫	HP割合・靴-紫
12390000877	生命百分比ᆞ鞋子－紫	HP割合・靴-紫
12390000878	橡木卷軸ᆞ鞋子－橙	オークスクロール・靴-オレンジ
12390000878	橡木卷轴·鞋子-橙	オークスクロール・靴-オレンジ
12390000879	壁垒卷轴·鞋子-橙	ブルワークスクロール・靴-オレンジ
12390000879	壁壘卷軸ᆞ鞋子－橙	ブルワークスクロール・靴-オレンジ
12390000880	御魔卷軸ᆞ鞋子－橙	マジックワードスクロール・靴-オレンジ
12390000880	御魔卷轴·鞋子-橙	マジックワードスクロール・靴-オレンジ
12390000881	生命百分比·鞋子-橙	HP割合・靴-オレンジ
12390000881	生命百分比ᆞ鞋子－橙	HP割合・靴-オレンジ
12390000882	緋紅御界卷軸ᆞ鞋子－紅	クリムゾンレルムガードスクロール・靴-赤
12390000882	绯红御界卷轴·鞋子-红	クリムゾンレルムガードスクロール・靴-赤
12390000883	金黃御界卷軸ᆞ鞋子－紅	黄金レルムガードスクロール・靴-赤
12390000883	金黄御界卷轴·鞋子-红	黄金レルムガードスクロール・靴-赤
12390000884	天蓝御界卷轴·鞋子-红	アズール・レルムガードスクロール・靴-赤
12390000884	天藍御界卷軸ᆞ鞋子－紅	アズール・レルムガードスクロール・靴-赤
12390000885	翡綠御界卷軸ᆞ鞋子－紅	エメラルドレルムガードスクロール・靴-赤
12390000885	翡绿御界卷轴·鞋子-红	エメラルドレルムガードスクロール・靴-赤
12390000886	橡木卷軸ᆞ飾品－綠	オークスクロール・アクセサリー-緑
12390000886	橡木卷轴·饰品-绿	オークスクロール・アクセサリー-緑
12390000887	战神卷轴·饰品-绿	軍神スクロール・アクセサリー-緑
12390000887	戰神卷軸ᆞ飾品－綠	軍神スクロール・アクセサリー-緑
12390000888	秘法卷軸ᆞ飾品－綠	アーケインスクロール・アクセサリー-緑
12390000888	秘法卷轴·饰品-绿	アーケインスクロール・アクセサリー-緑
12390000889	破城卷軸ᆞ飾品－綠	シージブレイカースクロール・アクセサリー-緑
12390000889	破城卷轴·饰品-绿	シージブレイカースクロール・アクセサリー-緑
12390000890	破魔卷軸ᆞ飾品－綠	マジックブレイカースクロール・アクセサリー-緑
12390000890	破魔卷轴·饰品-绿	マジックブレイカースクロール・アクセサリー-緑
12390000891	生命百分比·饰品-绿	HP割合・アクセサリー-緑
12390000891	生命百分比ᆞ飾品－綠	HP割合・アクセサリー-緑
12390000892	橡木卷軸ᆞ飾品－藍	オークスクロール・アクセサリー-青
12390000892	橡木卷轴·饰品-蓝	オークスクロール・アクセサリー-青
12390000893	战神卷轴·饰品-蓝	軍神スクロール・アクセサリー-青
12390000893	戰神卷軸ᆞ飾品－藍	軍神スクロール・アクセサリー-青
12390000894	秘法卷軸ᆞ飾品－藍	アーケインスクロール・アクセサリー-青
12390000894	秘法卷轴·饰品-蓝	アーケインスクロール・アクセサリー-青
12390000895	破城卷軸ᆞ飾品－藍	シージブレイカースクロール・アクセサリー-青
12390000895	破城卷轴·饰品-蓝	シージブレイカースクロール・アクセサリー-青
12390000896	破魔卷軸ᆞ飾品－藍	マジックブレイカースクロール・アクセサリー-青
12390000896	破魔卷轴·饰品-蓝	マジックブレイカースクロール・アクセサリー-青
12390000897	生命百分比·饰品-蓝	HP割合・アクセサリー-青
12390000897	生命百分比ᆞ飾品－藍	HP割合・アクセサリー-青
12390000898	橡木卷軸ᆞ飾品－紫	オークスクロール・アクセサリー-紫
12390000898	橡木卷轴·饰品-紫	オークスクロール・アクセサリー-紫
12390000899	战神卷轴·饰品-紫	軍神スクロール・アクセサリー-紫
12390000899	戰神卷軸ᆞ飾品－紫	軍神スクロール・アクセサリー-紫
12390000900	秘法卷軸ᆞ飾品－紫	アーケインスクロール・アクセサリー-紫
12390000900	秘法卷轴·饰品-紫	アーケインスクロール・アクセサリー-紫
12390000901	破城卷軸ᆞ飾品－紫	シージブレイカースクロール・アクセサリー-紫
12390000901	破城卷轴·饰品-紫	シージブレイカースクロール・アクセサリー-紫
12390000902	破魔卷軸ᆞ飾品－紫	マジックブレイカースクロール・アクセサリー-紫
12390000902	破魔卷轴·饰品-紫	マジックブレイカースクロール・アクセサリー-紫
12390000903	生命百分比·饰品-紫	HP割合・アクセサリー-紫
12390000903	生命百分比ᆞ飾品－紫	HP割合・アクセサリー-紫
12390000904	橡木卷軸ᆞ飾品－橙	オークスクロール・アクセサリー-オレンジ
12390000904	橡木卷轴·饰品-橙	オークスクロール・アクセサリー-オレンジ
12390000905	战神卷轴·饰品-橙	軍神スクロール・アクセサリー-オレンジ
12390000905	戰神卷軸ᆞ飾品－橙	軍神スクロール・アクセサリー-オレンジ
12390000906	秘法卷軸ᆞ飾品－橙	アーケインスクロール・アクセサリー-オレンジ
12390000906	秘法卷轴·饰品-橙	アーケインスクロール・アクセサリー-オレンジ
12390000907	破城卷軸ᆞ飾品－橙	シージブレイカースクロール・アクセサリー-オレンジ
12390000907	破城卷轴·饰品-橙	シージブレイカースクロール・アクセサリー-オレンジ
12390000908	破魔卷軸ᆞ飾品－橙	マジックブレイカースクロール・アクセサリー-オレンジ
12390000908	破魔卷轴·饰品-橙	マジックブレイカースクロール・アクセサリー-オレンジ
12390000909	生命百分比·饰品-橙	HP割合・アクセサリー-オレンジ
12390000909	生命百分比ᆞ飾品－橙	HP割合・アクセサリー-オレンジ
12390000910	緋紅破界卷軸ᆞ飾品－紅	クリムゾン境界突破スクロール・アクセサリー-赤
12390000910	绯红破界卷轴·饰品-红	クリムゾン境界突破スクロール・アクセサリー-赤
12390000911	金黃破界卷軸ᆞ飾品－紅	ゴールデン・レルムブレイカースクロール・アクセサリー-赤
12390000911	金黄破界卷轴·饰品-红	ゴールデン・レルムブレイカースクロール・アクセサリー-赤
12390000912	天蓝破界卷轴·饰品-红	アズール・レルムブレイカースクロール・アクセサリー-赤
12390000912	天藍破界卷軸ᆞ飾品－紅	アズール・レルムブレイカースクロール・アクセサリー-赤
12390000913	翡綠破界卷軸ᆞ飾品－紅	エメラルド境界突破スクロール・アクセサリー-赤
12390000913	翡绿破界卷轴·饰品-红	エメラルド境界突破スクロール・アクセサリー-赤
12390000914	通行證贈禮	パスギフト
12390000914	通行证赠礼	パスギフト
12390000915	冒险币	冒険コイン
12390000915	冒險幣	冒険コイン
12390000916	痛之結晶	苦痛のクリスタル
12390000916	痛之结晶	苦痛のクリスタル
12390000917	悅之結晶	喜びの結晶
12390000917	悦之结晶	喜びの結晶
12390000918	惑之結晶	混乱のクリスタル
12390000918	惑之结晶	混乱のクリスタル
12390000919	憾之結晶	後悔のクリスタル
12390000919	憾之结晶	後悔のクリスタル
12390000920	誓之結晶	誓いのクリスタル
12390000920	誓之结晶	誓いのクリスタル
12390000921	未來之匣	未来の箱
12390000921	未来之匣	未来の箱
12390000922	普通寶藏圖	標準宝の地図
12390000922	普通藏宝图	標準宝の地図
12390000923	珍奇藏宝图	希少な宝の地図
12390000923	珍奇藏寶圖	希少な宝の地図
12390000924	宝图碎片（预兆）	宝の地図の欠片（兆し）
12390000924	藏寶圖碎片（預兆）	宝の地図の欠片（兆し）
12390000925	宝图碎片（指引）	宝の地図の欠片（ガイド）
12390000925	藏寶圖碎片（指引）	宝の地図の欠片（ガイド）
12390000926	宝图碎片（归宿）	宝の地図の欠片（目的地）
12390000926	藏寶圖碎片（歸宿）	宝の地図の欠片（目的地）
12390000927	宝藏线索：末路秘藏	宝の手がかり：行き止まりの隠し場所
12390000927	寶藏線索：末路秘藏	宝の手がかり：行き止まりの隠し場所
12390000928	宝藏线索：修士赠礼	宝の手がかり：モンクの贈り物
12390000928	寶物線索：修士贈禮	宝の手がかり：モンクの贈り物
12390000929	宝藏线索：庭院秘藏	宝の手がかり：中庭の隠し場所
12390000930	宝藏线索：书架遗物	宝の手がかり：本棚の遺物
12390000930	寶藏線索：書架遺物	宝の手がかり：本棚の遺物
12390000931	宝藏线索：银甲暗影	宝の手がかり：銀装の影
12390000931	寶藏線索：銀甲暗影	宝の手がかり：銀装の影
12390000932	宝藏线索：营地余烬	宝の手がかり：キャンプの残り火
12390000932	寶物線索：營地餘燼	宝の手がかり：キャンプの残り火
12390000933	宝藏线索：桥心秘藏	宝の手がかり：橋中央の隠し場所
12390000934	宝藏线索：蝶栖之约	宝の手がかり：蝶の約束
12390000934	寶藏線索：橋心秘藏	宝の手がかり：蝶の約束
12390000935	宝藏线索：匠心遗藏	宝の手がかり：職人の遺産
12390000935	寶藏線索：匠心遺藏	宝の手がかり：職人の遺産
12390000936	宝藏线索：商贾的暗格	宝の手がかり：商人の隠し収納
12390000936	寶藏線索：商賈的暗格	宝の手がかり：商人の隠し収納
12390000937	宝藏线索：未赴之约	宝の手がかり：果たされなかった約束
12390000937	寶藏線索：未赴之約	宝の手がかり：果たされなかった約束
12390000938	宝藏线索：石像暗格	宝の手がかり：像の秘密収納
12390000938	寶藏線索：石像暗格	宝の手がかり：像の秘密収納
12390000939	宝藏线索：桥缝藏珍	宝の手がかり：橋の亀裂に隠された宝
12390000939	寶藏線索：橋縫藏珍	宝の手がかり：橋の亀裂に隠された宝
12390000940	宝藏线索：木桩旧契	宝の手がかり：ダミーの古い契約
12390000940	寶物線索：木樁舊契	宝の手がかり：ダミーの古い契約
12390000941	宝藏线索：墙根秘藏	宝の手がかり：壁際の隠し場所
12390000941	寶藏線索：牆根秘藏	宝の手がかり：壁際の隠し場所
12390000942	音符·Do	音符・ド
12390000942	音符ᆞDo	音符・ド
12390000943	音符·Re	音符・レ
12390000943	音符ᆞRe	音符・レ
12390000944	音符·Mi	音符・ミ
12390000944	音符ᆞMi	音符・ミ
12390000945	音符·Fa	音符・ファ
12390000945	音符ᆞFa	音符・ファ
12390000946	音符·So	音符・ソ
12390000946	音符ᆞSo	音符・ソ
12390000947	音符·La	音符・ラ
12390000947	音符ᆞLa	音符・ラ
12390000948	音符·Ti	音符・シ
12390000948	音符ᆞSi	音符・シ
12390000949	旋律海螺	メロディコンチ
12390000950	南門重聚邀請函	南門再会招待
12390000950	南门重聚邀请函	南門再会招待
12390000951	神之金属	オリデオコン
12390000951	神之金屬	オリデオコン
12390000952	浓缩神之金属	濃縮オリデオコン
12390000952	濃縮神之金屬	濃縮オリデオコン
12390000953	鋁	エルニウム
12390000953	铝	エルニウム
12390000954	浓缩铝	濃縮エルニウム
12390000954	濃縮鋁	濃縮エルニウム
12390000955	高浓缩神之金属	高密度濃縮オリデコン
12390000955	高濃縮神之金屬	高密度濃縮オリデコン
12390000956	高浓缩铝	高密度濃縮エルニウム
12390000956	高濃縮鋁	高密度濃縮エルニウム
12390000957	受祝福的武器礦石	祝福された武器鉱石
12390000957	武器受祝福的矿石	祝福された武器鉱石
12390000958	传说的武器矿石	伝説の武器鉱石
12390000958	傳說的武器礦石	伝説の武器鉱石
12390000959	受祝福的防具礦石	祝福された防具鉱石
12390000959	防具受祝福的矿石	祝福された防具鉱石
12390000960	传说的防具矿石	伝説の防具鉱石
12390000960	傳說的防具礦石	伝説の防具鉱石
12390000961	配飾受祝福的礦石	祝福されたアクセサリー鉱石
12390000961	配饰受祝福的矿石	祝福されたアクセサリー鉱石
12390000962	传说的配饰矿石	伝説のアクセサリージェム
12390000962	傳說的配飾礦石	伝説のアクセサリージェム
12390000963	一級星鑽石	スターダイヤモンドⅠ
12390000963	一级星钻石	スターダイヤモンドⅠ
12390000964	二級星鑽石	スターダイヤモンドII
12390000964	二级星钻石	スターダイヤモンドII
12390000965	三級星鑽石	スターダイヤモンドIII
12390000965	三级星钻石	スターダイヤモンドIII
12390000966	四級星鑽石	スターダイヤモンドIV
12390000966	四级星钻石	スターダイヤモンドIV
12390000967	五級星鑽石	スターダイヤモンドV
12390000967	五级星钻石	スターダイヤモンドV
12390000968	六級星鑽石	スターダイヤモンドVI
12390000968	六级星钻石	スターダイヤモンドVI
12390000969	七級星鑽石	スターダイヤモンドVII
12390000969	七级星钻石	スターダイヤモンドVII
12390000970	八級星鑽石	スターダイヤ VIII
12390000970	八级星钻石	スターダイヤ VIII
12390000971	九級星鑽石	スターダイヤモンドIX
12390000971	九级星钻石	スターダイヤモンドIX
12390000972	一级星光丝	スターライトシルク I
12390000972	一级星光絲	スターライトシルク I
12390000973	二級星光絲	星光の絹 II
12390000973	二级星光丝	星光の絹 II
12390000974	三級星光絲	スターライトシルク III
12390000974	三级星光丝	スターライトシルク III
12390000975	四級星光絲	星光の絹 IV
12390000975	四级星光丝	星光の絹 IV
12390000976	五級星光絲	スターライトシルク V
12390000976	五级星光丝	スターライトシルク V
12390000977	六級星光絲	星光の絹 VI
12390000977	六级星光丝	星光の絹 VI
12390000978	七級星光絲	スターライトシルク VII
12390000978	七级星光丝	スターライトシルク VII
12390000979	八級星光絲	スターライトシルク VIII
12390000979	八级星光丝	スターライトシルク VIII
12390000980	九級星光絲	星光の絹 IX
12390000980	九级星光丝	星光の絹 IX
12390000981	素質輪迴石（暫無功能）	ステータスリセットストーン（未実装）
12390000981	素质轮回石（暂无功能）	ステータスリセットストーン（未実装）
12390000982	技能重置棒（暂无功能）	スキルリセットロッド（未実装）
12390000982	技能重置棒（暫無功能）	スキルリセットロッド（未実装）
12390000983	背包扩建券（暂无功能）	バックパック拡張券（機能未実装）
12390000983	背包擴建券（暫無功能）	バックパック拡張券（機能未実装）
12390000984	仓库扩建券（暂无功能）	倉庫拡張券（未実装）
12390000984	倉庫擴建券（暫無功能）	倉庫拡張券（未実装）
12390000985	蓝绿卡片碎片	青緑カードフラグメント
12390000985	藍綠卡片碎片	青緑カードフラグメント
12390000986	紫色卡片碎片	エピックカードの欠片
12390000987	橙色卡片碎片	オレンジカードの欠片
12390000988	紅色卡片碎片	赤カードの欠片
12390000988	红色卡片碎片	赤カードの欠片
12390000989	金刚石	ダイヤ
12390000989	金剛石	ダイヤ
12390000990	高級金剛石	上級ダイヤモンド
12390000990	高级金刚石	上級ダイヤモンド
12390000991	低级打造图腾	基本鍛造トーテム
12390000991	低階打造圖騰	基本鍛造トーテム
12390000992	中級打造圖騰	中級鍛造トーテム
12390000992	中级打造图腾	中級鍛造トーテム
12390000993	高級打造圖騰	上級鍛造トーテム
12390000993	高级打造图腾	上級鍛造トーテム
12390000994	装备晶石	装備クリスタル
12390000994	裝備晶石	装備クリスタル
12390000995	@{1}級裝備晶石	Lv. @{1} 装備クリスタル
12390000995	@{1}级装备晶石	Lv. @{1} 装備クリスタル
12390000996	精魔矿石	秘術の鉱石
12390000996	精魔礦石	秘術の鉱石
12390000997	銳利鱗片	シャープスケール
12390000997	锐利鳞片	シャープスケール
12390000998	幻影碎片	ファントムの欠片
12390000999	热可可	ホットココア
12390000999	熱可可	ホットココア
12390001000	姜面包	ジンジャーブレッド
12390001000	薑麵包	ジンジャーブレッド
12390001001	精酿	クラフトビール
12390001001	精釀	クラフトビール
12390001002	幽冥-破碎之塔	冥界 - 崩壊した塔
12390001002	幽冥ᆞ破碎之塔	冥界 - 崩壊した塔
12390001003	棱形星核-灰	プリズムスターコア - 灰
12390001004	棱形星核-蓝	プリズムスターコア - 青
12390001004	棱形星核-藍	プリズムスターコア - 青
12390001005	棱形星核-綠	プリズムスターコア - 緑
12390001005	棱形星核-绿	プリズムスターコア - 緑
12390001006	棱形星核-紫	プリズムスターコア - 紫
12390001007	棱形星核-橙	プリズムスターコア - オレンジ
12390001008	棱形星核-紅	プリズムスターコア - 赤
12390001008	棱形星核-红	プリズムスターコア - 赤
12390001009	太阳星核-灰	ソーラースターコア - 灰
12390001009	太陽星核-灰	ソーラースターコア - 灰
12390001010	太阳星核-蓝	サンスターコア - 青
12390001010	太陽星核-藍	サンスターコア - 青
12390001011	太阳星核-绿	サンスターコア - 緑
12390001011	太陽星核-綠	サンスターコア - 緑
12390001012	太阳星核-紫	サンスターコア - パープル
12390001012	太陽星核-紫	サンスターコア - パープル
12390001013	太阳星核-橙	サンスターコア - オレンジ
12390001013	太陽星核-橙	サンスターコア - オレンジ
12390001014	太阳星核-红	太陽のスターコア - 赤
12390001014	太陽星核-紅	太陽のスターコア - 赤
12390001015	月亮星核-灰	ムーンスターコア - 灰
12390001016	月亮星核-蓝	ムーンスターコア - 青
12390001016	月亮星核-藍	ムーンスターコア - 青
12390001017	月亮星核-綠	ムーンスターコア - 緑
12390001017	月亮星核-绿	ムーンスターコア - 緑
12390001018	月亮星核-紫	ムーンスターコア - 紫
12390001019	月亮星核-橙	ムーンスターコア - オレンジ
12390001020	月亮星核-紅	ムーンスターコア - 赤
12390001020	月亮星核-红	ムーンスターコア - 赤
12390001021	水滴星核-灰	ウォータードロップスターコア - 灰
12390001022	水滴星核-蓝	ウォータードロップスターコア - 青
12390001022	水滴星核-藍	ウォータードロップスターコア - 青
12390001023	水滴星核-綠	ウォータードロップスターコア - 緑
12390001023	水滴星核-绿	ウォータードロップスターコア - 緑
12390001024	水滴星核-紫	ウォータードロップスターコア - 紫
12390001025	水滴星核-橙	ウォータードロップスターコア - オレンジ
12390001026	水滴星核-紅	ウォータードロップスターコア - 赤
12390001026	水滴星核-红	ウォータードロップスターコア - 赤
12390001027	十字星核-灰	クロススターコア - 灰
12390001028	十字星核-蓝	クロススターコア - 青
12390001028	十字星核-藍	クロススターコア - 青
12390001029	十字星核-綠	クロススターコア - 緑
12390001029	十字星核-绿	クロススターコア - 緑
12390001030	十字星核-紫	クロススターコア - 紫
12390001031	十字星核-橙	クロススターコア - オレンジ
12390001032	十字星核-紅	クロススターコア - 赤
12390001032	十字星核-红	クロススターコア - 赤
12390001033	普通助燃剂	基本点火剤
12390001033	普通助燃劑	基本点火剤
12390001034	中級助燃劑	中級点火剤
12390001034	中级助燃剂	中級点火剤
12390001035	高級助燃劑	上級点火剤
12390001035	高级助燃剂	上級点火剤
12390001036	原初幻化手冊	原初転換マニュアル
12390001036	原初幻化手册	原初転換マニュアル
12390001037	公会图案-自然之神	ギルドデザイン - 自然神
12390001037	公會圖案－自然之神	ギルドデザイン - 自然神
12390001038	公会图案-原初混沌	ギルド設計 - 原初の混沌
12390001038	公會圖案－原初混沌	ギルド設計 - 原初の混沌
12390001039	公会图案-万城归序	ギルドデザイン - 全都市秩序
12390001039	公會圖案－萬城歸序	ギルドデザイン - 全都市秩序
12390001040	12390001040	ギルドエンブレム - 盾
12390001040	公会徽章-盾牌（占位-无需翻译）	ギルドエンブレム - 盾
12390001041	12390001041	ギルドエンブレム - 城
12390001041	公会徽章-城堡（占位-无需翻译）	ギルドエンブレム - 城
12390001042	12390001042	ギルドエンブレム - 小花
12390001042	公会徽章-小花（占位-无需翻译）	ギルドエンブレム - 小花
12390001043	狩猎之证·巡守者	狩りの証・番人
12390001043	狩獵之證ᆞ巡守者	狩りの証・番人
12390001044	狩猎之证·追索者	狩りの証・追跡者
12390001044	狩獵之證ᆞ追索者	狩りの証・追跡者
12390001045	狩猎之证·征服者	狩りの証・征服者
12390001045	狩獵之證ᆞ征服者	狩りの証・征服者
12390001046	狩猎之证·处决者	狩りの証・処刑人
12390001046	狩獵之證ᆞ處決者	狩りの証・処刑人
12390001047	公会徽章-霜穹环	ギルドエンブレム - フロストスカイリング
12390001047	公會徽章－霜穹環	ギルドエンブレム - フロストスカイリング
12390001048	公会徽章-暗晶环	ギルドエンブレム - ダーククリスタルリング
12390001048	公會徽章－暗晶環	ギルドエンブレム - ダーククリスタルリング
12390001049	公会徽章-星冕环	ギルドエンブレム - スタークラウンリング
12390001049	公會徽章－星冕環	ギルドエンブレム - スタークラウンリング
12390001050	狩猎徽记·巡守者	狩猟エンブレム・守護者
12390001050	狩獵徽記ᆞ巡守者	狩猟エンブレム・守護者
12390001051	狩猎徽记·追索者	狩猟エンブレム・追跡者
12390001051	狩獵徽記ᆞ追索者	狩猟エンブレム・追跡者
12390001052	狩猎徽记·征服者	狩猟エンブレム・征服者
12390001052	狩獵徽記ᆞ征服者	狩猟エンブレム・征服者
12390001053	狩猎徽记·处决者	狩猟エンブレム・処刑者
12390001053	狩獵徽記ᆞ處決者	狩猟エンブレム・処刑者
12390001054	公会全员礼包初级	基本全員向けギルドギフトパック
12390001054	公會全員禮包初級	基本全員向けギルドギフトパック
12390001055	公会全员礼包中级	中級全員向けギルドギフトパック
12390001055	公會全員禮包中級	中級全員向けギルドギフトパック
12390001056	公会全员礼包高级	上級・ギルド全員ギフトパック
12390001056	公會全員禮包高級	上級・ギルド全員ギフトパック
12390001057	通用表情解鎖	共通エモート解放
12390001057	通用表情解锁	共通エモート解放
12390001058	通用表情解鎖（限時）	共通エモート解放（期間限定）
12390001058	通用表情解锁（限时）	共通エモート解放（期間限定）
12390001059	恶魔波利表情包	デビルリング絵文字
12390001059	惡魔波利表情包	デビルリング絵文字
12390001060	摩卡表情包	ムカのエモートパック
12390001060	摩卡貼圖	ムカのエモートパック
12390001061	坚硬外壳	ソリッドシェル
12390001061	堅硬外殼	ソリッドシェル
12390001063	动物外皮	動物の皮
12390001063	動物外皮	動物の皮
12390001064	牛奶	ミルク
12390001065	鳥嘴	鳥のくちばし
12390001065	鸟嘴	鳥のくちばし
12390001066	霉菌粉末	モールドパウダー
12390001066	黴菌粉末	モールドパウダー
12390001067	柔軟的毛	やわらかな毛
12390001067	柔软的毛	やわらかな毛
12390001068	枯木汁	腐った樹液
12390001069	植物梗	植物の茎
12390001070	空瓶	空のボトル
12390001071	傑勒比結晶	ゼロピー
12390001071	杰勒比结晶	ゼロピー
12390001072	狐狸尾巴	キツネの尾
12390001073	三叶幸运草	三つ葉のクローバー
12390001073	三葉幸運草	三つ葉のクローバー
12390001074	虎掌	虎の足皮
12390001075	愛麗絲的圍裙	アリスのエプロン
12390001075	爱丽丝的围裙	アリスのエプロン
12390001076	鋼鐵	鋼鉄
12390001076	钢铁	鋼鉄
12390001077	小恶魔角	小さなデビルチの角
12390001077	小惡魔角	小さなデビルチの角
12390001078	单细胞	単一細胞
12390001078	單細胞	単一細胞
12390001079	妖精胡须	妖精のひげ
12390001079	妖精鬍鬚	妖精のひげ
12390001080	幻想花	幻想の花
12390001081	刹勒空结晶	サイファール
12390001082	黃金	ゴールド
12390001082	黄金	ゴールド
12390001083	龍鱗	ドラゴンの鱗
12390001083	龙鳞	ドラゴンの鱗
12390001084	人魚之心	オボーヌの心臓
12390001084	人鱼之心	オボーヌの心臓
12390001085	銀色毛皮	シルバーファー
12390001085	银色毛皮	シルバーファー
12390001086	玛哪树枝	木の心臓
12390001086	瑪那樹枝	木の心臓
12390001087	神之手	神の手
12390001088	四叶幸运草	四つ葉のクローバー
12390001088	四葉幸運草	四つ葉のクローバー
12390001089	玻璃珠	ガラスビーズ
12390001090	太阳神的象征	太陽神の紋章
12390001090	太陽神的象徵	太陽神の紋章
12390001091	星星的粉末	星の粉
12390001092	珍珠	真珠
12390001093	紅寶石	ルビー
12390001093	红宝石	ルビー
12390001094	蓝宝石	カイヤナイト
12390001094	藍寶石	カイヤナイト
12390001095	白宝石	オパール
12390001095	白寶石	オパール
12390001096	黃寶石	トパーズ
12390001096	黄宝石	トパーズ
12390001097	青綠寶石	ジルコン
12390001097	青绿宝石	ジルコン
12390001098	紫宝石	アメジスト
12390001098	紫寶石	アメジスト
12390001099	綠寶石	エメラルド
12390001099	绿宝石	エメラルド
12390001100	呆呆的粉色宝石	ドーピーピンクジェム
12390001100	呆呆的粉色寶石	ドーピーピンクジェム
12390001101	宠物初级经验书	ペット育成日記I
12390001101	寵物初級經驗書	ペット育成日記I
12390001102	宠物中级经验书	ペット育成日記 II
12390001102	寵物中級經驗書	ペット育成日記 II
12390001103	宠物高级经验书	ペット育成日記 III
12390001103	寵物高級經驗書	ペット育成日記 III
12390001104	公会改名卡	ギルド名変更カード
12390001104	公會改名卡	ギルド名変更カード
12390001105	宠物蛋	ペットの卵
12390001105	寵物蛋	ペットの卵
12390001106	寵物幣	かわいいペットコイン
12390001106	萌宠币	かわいいペットコイン
12390001107	华丽金属	エンペリウム
12390001107	華麗金屬	エンペリウム
12390001108	宠物自选礼盒	ペット選択ギフトボックス
12390001108	寵物自選禮盒	ペット選択ギフトボックス
12390001109	小紅花	小さな赤い花
12390001109	小红花	小さな赤い花
12390001110	喵呜鱼干	ニャーフィッシュジャーキー
12390001110	喵嗚魚乾	ニャーフィッシュジャーキー
12390001111	星芒石	スターライトストーン
12390001112	宠物顶级经验书	最上級ペットEXPブック
12390001112	寵物頂級經驗書	最上級ペットEXPブック
12390001113	宠物特级经验书	最高級ペットEXPブック
12390001113	寵物特級經驗書	最高級ペットEXPブック
12390001114	渡鴉尾羽	ワタリガラスの尾羽
12390001114	渡鸦尾羽	ワタリガラスの尾羽
12390001115	不腐之根	不滅の根
12390001116	巨人盐粒	巨大な塩の粒
12390001116	巨人鹽粒	巨大な塩の粒
12390001117	乙太催化劑	エーテル触媒
12390001117	以太催化剂	エーテル触媒
12390001118	苍白沉淀	青白い沈殿物
12390001118	蒼白沉澱	青白い沈殿物
12390001119	苔化組織	苔むした組織
12390001119	苔化组织	苔むした組織
12390001120	脂質觸手	脂肪の触手
12390001120	脂质‌触手	脂肪の触手
12390001121	晶化骨片	結晶化した骨の欠片
12390001122	脈動團塊	脈動する塊
12390001122	脉动团块	脈動する塊
12390001123	哲人之核	賢者の核
12390001124	菁純源露	純粋な源泉の雫
12390001124	菁纯源露	純粋な源泉の雫
12390001125	游历之章	旅路の紋章
12390001125	遊歷之章	旅路の紋章
12390001126	冒险之章	冒険の紋章
12390001126	冒險之章	冒険の紋章
12390001127	征服之章	征服の紋章
12390001128	自由之章	自由の紋章
12390001129	月之章	月の紋章
12390001130	日之章	太陽の紋章
12390001131	英雄之章	英雄の紋章
12390001132	英雄令	ヒーロートークン
12390001133	天賦殘痕	才能の残滓
12390001133	天赋残痕	才能の残滓
12390001134	天賦印記	タレントマーク
12390001134	天赋印记	タレントマーク
12390001135	@{1}克拉鑽石	@{1}カラットダイヤモンド
12390001135	@{1}克拉钻石	@{1}カラットダイヤモンド
12390001136	黃玉碎片	闘志
12390001136	黄玉碎片	闘志
12390001137	布里刊	ブリガン
12390001138	光粒	ライト顆粒
12390001139	慧眼	知恵の目
12390001140	賽依伐	サイファール
12390001140	赛依伐	サイファール
12390001141	加勒結晶	ガーレット
12390001141	加勒结晶	ガーレット
12390001142	昆虫外壳	ワームの皮むき
12390001142	昆蟲外殼	ワームの皮むき
12390001143	死人遗骨	スケルトンボーン
12390001143	死人遺骨	スケルトンボーン
12390001144	坚硬外皮	ソリッドシェル
12390001144	堅硬外皮	ソリッドシェル
12390001145	剎勒空结晶	ザーゴン
12390001146	苹果汁	アップルジュース
12390001146	蘋果汁	アップルジュース
12390001147	柔毛	羽毛
12390001148	粘稠液体	粘着性の粘液
12390001148	黏稠液體	粘着性の粘液
12390001149	蜂蜜	ハチミツ
12390001150	透明之布	透明な布
12390001151	受损的钻石	ひび割れたダイヤモンド
12390001151	受損的鑽石	ひび割れたダイヤモンド
12390001152	水晶碎片	クリスタルの欠片
12390001153	雪勒結晶	セル
12390001153	雪勒结晶	セル
12390001154	欧拉欧拉	オイラー オイラー
12390001154	歐拉歐拉	オイラー オイラー
12390001155	小恶魔翅膀	小悪魔の翼
12390001155	小惡魔翅膀	小悪魔の翼
12390001156	巨大傑勒比結晶	大きなゼリー
12390001156	巨大杰勒比结晶	大きなゼリー
12390001157	蜂胶	ローヤルゼリー
12390001157	蜂膠	ローヤルゼリー
12390001158	大嘴鳥之羽	ペコペコの羽
12390001158	大嘴鸟之羽	ペコペコの羽
12390001159	怀表	懐中時計
12390001159	懷錶	懐中時計
12390001160	蜜餞香蕉	スイートバナナ
12390001160	蜜饯香蕉	スイートバナナ
12390001161	柔軟的羽毛	ソフトフェザー
12390001161	柔软的羽毛	ソフトフェザー
12390001162	圆形外皮	ラウンドシェル
12390001162	圓形外皮	ラウンドシェル
12390001163	昆虫硬壳	硬い昆虫の殻
12390001163	昆蟲硬殼	硬い昆虫の殻
12390001164	黃水晶	シトリン
12390001164	黄水晶	シトリン
12390001165	巨大雪勒結晶	大きなセル
12390001165	巨大雪勒结晶	大きなセル
12390001166	荧光色的液体	蛍光液
12390001166	螢光色的液體	蛍光液
12390001167	泯滅之心	忘却のネックレス
12390001167	泯灭之心	忘却のネックレス
12390001168	忠誠之證	騎士道のエンブレム
12390001168	忠诚之证	騎士道のエンブレム
12390001169	超坚硬外皮	超堅固な殻
12390001169	超堅硬外皮	超堅固な殻
12390001170	光泽杰勒比结晶	つややかなゼロピー
12390001170	光澤傑勒比結晶	つややかなゼロピー
12390001171	彩色昆虫外壳	色鮮やかな虫の抜け殻
12390001171	彩色昆蟲外殼	色鮮やかな虫の抜け殻
12390001172	发光的水晶	輝くクリスタル
12390001172	發光的水晶	輝くクリスタル
12390001173	光泽雪勒结晶	光沢のあるセル
12390001173	光澤雪勒結晶	光沢のあるセル
12390001174	閃耀的液體	きらめく液体
12390001174	闪耀的液体	きらめく液体
12390001175	波利的药材	ポリンの薬草
12390001175	波利的藥材	ポリンの薬草
12390001176	綠棉蟲的黏液	ファブル粘液
12390001176	绿棉虫的粘液	ファブル粘液
12390001177	飛艇船票	飛行船チケット
12390001177	飞艇船票	飛行船チケット
12390001178	波波	ボーボー
12390001179	紙箱貓砂盆	段ボール製猫トイレ
12390001179	纸箱猫砂盆	段ボール製猫トイレ
12390001180	虎皮	タイガーの毛皮
12390001181	能量控制閥	エネルギー制御バルブ
12390001181	能量控制阀	エネルギー制御バルブ
12390001182	时序罗盘	時空コンパス
12390001182	時序羅盤	時空コンパス
12390001183	思念粒子装置	メモリーパーティクル装置
12390001183	思念粒子裝置	メモリーパーティクル装置
12390001184	被丟棄的制服	捨てられた制服
12390001184	被丢弃的制服	捨てられた制服
12390001185	沾满猫毛的性感背心	猫の毛まみれのセクシーベスト
12390001185	沾滿貓毛的性感背心	猫の毛まみれのセクシーベスト
12390001186	孵蛋器	孵化器
12390001187	紅色小領結	赤い蝶ネクタイ
12390001187	红色小领结	赤い蝶ネクタイ
12390001188	@{1}阶图纸 - 武器	Tier @{1} 設計図 - 武器
12390001188	@{1}階設計圖-武器	Tier @{1} 設計図 - 武器
12390001189	@{1}阶图纸 - 盾牌	Tier @{1} 設計図 - シールド
12390001189	@{1}階設計圖-盾牌	Tier @{1} 設計図 - シールド
12390001190	@{1}阶图纸 - 铠甲	Tier @{1} 設計図 - 防具
12390001190	@{1}階設計圖-鎧甲	Tier @{1} 設計図 - 防具
12390001191	@{1}阶图纸 - 披肩	Tier @{1} 設計図 - マフラー
12390001191	@{1}階設計圖-披肩	Tier @{1} 設計図 - マフラー
12390001192	@{1}阶图纸 - 鞋子	Tier @{1} 設計図 - 靴
12390001192	@{1}階設計圖-鞋子	Tier @{1} 設計図 - 靴
12390001193	@{1}阶图纸 - 饰品	Tier @{1} 設計図 - アクセサリー
12390001193	@{1}階設計圖-飾品	Tier @{1} 設計図 - アクセサリー
12390001194	@{1}阶绿色武器	Tier @{1} 緑武器
12390001194	@{1}階綠色武器	Tier @{1} 緑武器
12390001195	@{1}阶蓝色装备	Tier @{1} 青装備
12390001195	@{1}階藍色裝備	Tier @{1} 青装備
12390001196	@{1}阶紫色装备	Tier @{1} 紫装備
12390001196	@{1}階紫色裝備	Tier @{1} 紫装備
12390001197	神术图腾	神術トーテム
12390001197	神術圖騰	神術トーテム
12390001198	神术图腾技能书	神術トーテムスキルブック
12390001198	神術圖騰技能書	神術トーテムスキルブック
12390001199	灵魂残响	ソウルエコー
12390001199	靈魂殘響	ソウルエコー
12390001200	蓝色卡片	ブルーカード
12390001200	藍色卡片	ブルーカード
12390001201	紫色卡片	パープルカード
12390001202	橙色卡片	オレンジカード
12390001203	紅色卡片	レッドカード
12390001203	红色卡片	レッドカード
12390001204	橙色神术图腾	オレンジ神術トーテム
12390001204	橙色神術圖騰	オレンジ神術トーテム
12390001205	高阶图腾技能书	上級トーテムスキルブック
12390001205	高階圖騰技能書	上級トーテムスキルブック
12390001206	橙色灵魂残响	オレンジのソウルエコー
12390001206	橙色靈魂殘響	オレンジのソウルエコー
12390001207	橙色灵魂残响（双同色）	オレンジソウルエコー（同色2個）
12390001207	橙色靈魂殘響（雙同色）	オレンジソウルエコー（同色2個）
12390001208	天賦神術圖騰	タレント神術トーテム
12390001208	天赋神术图腾	タレント神術トーテム
12390001209	綠色卡片	グリーンカード
12390001209	绿色卡片	グリーンカード
12390001210	卡片	カード
12390001211	轉職武器	転職用武器
12390001211	转职武器	転職用武器
12390001212	装备打造图纸	装備製造設計図
12390001212	裝備打造設計圖	装備製造設計図
12390001213	@{1}阶蓝色武器	Tier @{1} 青武器
12390001213	@{1}階藍色武器	Tier @{1} 青武器
12390001214	装备打造材料	装備製造素材
12390001214	裝備打造材料	装備製造素材
12390001215	@{1}阶装备打造图纸	Tier @{1} 装備鍛造設計図
12390001215	@{1}階裝備打造設計圖	Tier @{1} 装備鍛造設計図
12390001216	@{1}阶装备打造图纸套装	Tier @{1}装備製造設計図セット
12390001216	@{1}階裝備打造設計圖套裝	Tier @{1}装備製造設計図セット
12390001217	綠色頭飾材料	緑の頭装備素材
12390001217	绿色头饰材料	緑の頭装備素材
12390001218	蓝色头饰材料	青ヘッドギア素材
12390001218	藍色頭飾材料	青ヘッドギア素材
12390001219	紫色头饰材料	紫頭装備素材
12390001219	紫色頭飾材料	紫頭装備素材
12390001220	橙色头饰材料	オレンジ頭装備素材
12390001220	橙色頭飾材料	オレンジ頭装備素材
12390001221	紫色神术图腾	紫神術トーテム
12390001221	紫色神術圖騰	紫神術トーテム
12390001222	@{1}阶装备图纸	Tier @{1} 装備設計図
12390001222	@{1}階裝備設計圖	Tier @{1} 装備設計図
12390001223	紫色灵魂残响	紫のソウルエコー
12390001223	紫色靈魂殘響	紫のソウルエコー
12390001224	低阶图腾技能书	初級トーテムスキルブック
12390001224	低階圖騰技能書	初級トーテムスキルブック
12390001225	MVP时装	MVP コスチューム
12390001225	MVP時裝	MVP コスチューム
12390001226	坐騎	乗り物
12390001226	坐骑	乗り物
12390001227	蓝色头饰	青い帽子
12390001227	藍色頭飾	青い帽子
12390001228	紫色头饰	紫の帽子
12390001228	紫色頭飾	紫の帽子
12390001229	橙色头饰	オレンジの帽子
12390001229	橙色頭飾	オレンジの帽子
12390001230	精炼材料	精錬素材
12390001230	精煉材料	精錬素材
12390001231	@{1}阶装备打造套装	Tier @{1} 装備製造セット
12390001231	@{1}階裝備打造套裝	Tier @{1} 装備製造セット
12390001232	綠色裝備	緑の装備
12390001232	绿色装备	緑の装備
12390001233	@{1}阶绿色装备	Tier @{1} 緑装備
12390001233	@{1}階綠色裝備	Tier @{1} 緑装備
12390001234	蓝色装备	青品質装備
12390001234	藍色裝備	青品質装備
12390001235	紫色装备	紫装備
12390001235	紫色裝備	紫装備
12390001236	橙色装备	オレンジ装備
12390001236	橙色裝備	オレンジ装備
12390001237	@{1}阶橙色装备	Tier @{1} オレンジ装備
12390001237	@{1}階橙色裝備	Tier @{1} オレンジ装備
12390001238	紅色裝備	赤い装備
12390001238	红色装备	赤い装備
12390001239	@{1}阶红色装备	Tier @{1} 赤装備
12390001239	@{1}階紅色裝備	Tier @{1} 赤装備
12390001240	@{1}阶装备	Tier @{1} 装備
12390001240	@{1}階裝備	Tier @{1} 装備
12390001241	觀想之燭	黙想のろうそく
12390001241	观想之烛	黙想のろうそく
12390001242	灵思余烬	洞察の残り火
12390001242	靈思餘燼	洞察の残り火
12390001243	灵思火种	洞察の燃えさし
12390001243	靈思火種	洞察の燃えさし
12390001244	灵思源火	叡智の源火
12390001244	靈思源火	叡智の源火
12390001245	觀想之燭-生命	思索のキャンドル - HP
12390001245	观想之烛-生命	思索のキャンドル - HP
12390001246	觀想之燭-物攻	思索のキャンドル - PATK
12390001246	观想之烛-物攻	思索のキャンドル - PATK
12390001247	觀想之燭-魔攻	思索のキャンドル - MATK
12390001247	观想之烛-魔攻	思索のキャンドル - MATK
12390001248	图腾碎片	トーテムの欠片
12390001248	圖騰碎片	トーテムの欠片
12390001249	无主灵魂碎片	主なきソウルフラグメント
12390001249	無主靈魂碎片	主なきソウルフラグメント
12390001250	无主灵魂结晶	主なきソウルクリスタル
12390001250	無主靈魂結晶	主なきソウルクリスタル
12390001251	无主灵魂核心	主なきソウルコア
12390001251	無主靈魂核心	主なきソウルコア
12390001252	押鏢物資	護衛物資
12390001252	押镖物资	護衛物資
12390001253	面罩	フェイスマスク
12390001254	战备物资（普通）	軍需物資（通常）
12390001254	戰備物資（普通）	軍需物資（通常）
12390001255	战备物资（中级）	軍需物資（中級）
12390001255	戰備物資（中級）	軍需物資（中級）
12390001256	战备物资（高级）	軍需物資（上級）
12390001256	戰備物資（高級）	軍需物資（上級）
12390001257	碎裂的金属	砕けた金属
12390001257	碎裂的金屬	砕けた金属
12390001258	普通粉末	コモンパウダー
12390001259	黑色星泪石碎片	黒きすすり泣くスターライトの欠片
12390001259	黑色星淚石碎片	黒きすすり泣くスターライトの欠片
12390001260	魔力粉末	魔法の粉
12390001261	特殊的鬃毛	特別なたてがみ
12390001262	狼指甲	狼の爪
12390001263	兽人犬齿	オークの牙
12390001263	獸人犬齒	オークの牙
12390001264	亡者指甲	死人の爪
12390001265	銳利麟片	シャープスケール
12390001265	锐利麟片	シャープスケール
12390001266	星星的角	スタークラム
12390001267	星泪石的碎片	嘆きのスターライトの欠片
12390001267	星淚石的碎片	嘆きのスターライトの欠片
12390001268	乌龟外壳	亀の甲羅
12390001268	烏龜外殼	亀の甲羅
12390001269	传说的毛皮	伝説の毛皮
12390001269	傳說的毛皮	伝説の毛皮
12390001270	匠紋徽章	職人の印章バッジ
12390001270	匠纹徽章	職人の印章バッジ
12390001271	工艺手札	製作メモ
12390001271	工藝手扎	製作メモ
12390001272	匠师证书	マスタークラフトマン認定証
12390001272	匠師證書	マスタークラフトマン認定証
12390001273	活力药水	ビビファイポーション
12390001273	活力藥水	ビビファイポーション
12390001274	鐵礦石	鉄鉱石
12390001274	铁矿石	鉄鉱石
12390001275	煤矿石	石炭
12390001275	煤礦石	石炭
12390001276	粗糙的石头	原石
12390001276	粗糙的石頭	原石
12390001277	星泪石	すすり泣く星明かり
12390001277	星淚石	すすり泣く星明かり
12390001278	秘銀礦石	ミスリル鉱石
12390001278	秘银矿石	ミスリル鉱石
12390001279	輝金礦石	発光する金鉱石
12390001279	辉金矿石	発光する金鉱石
12390001280	坚固的石头	硬い石
12390001280	堅固的石頭	硬い石
12390001281	猫眼石	ムーンゲイズジェム
12390001281	貓眼石	ムーンゲイズジェム
12390001282	陨星矿石	隕石鉱石
12390001282	隕星礦石	隕石鉱石
12390001283	鐵塊	鉄のインゴット
12390001283	铁块	鉄のインゴット
12390001284	煤块	石炭塊
12390001284	煤塊	石炭塊
12390001285	鋼塊	鋼鉄インゴット
12390001285	钢块	鋼鉄インゴット
12390001286	秘銀塊	ミスリルインゴット
12390001286	秘银块	ミスリルインゴット
12390001287	粗制砂轮	粗い砥石
12390001287	粗製砂輪	粗い砥石
12390001288	秘銀握柄	ミスリルグリップ
12390001288	秘银握柄	ミスリルグリップ
12390001289	輝金塊	ルミナスゴールドインゴット
12390001289	辉金块	ルミナスゴールドインゴット
12390001290	輝金鋒刃	ルミナスゴールドブレード
12390001290	辉金锋刃	ルミナスゴールドブレード
12390001291	緻密輝金塊	高密度ルミナスゴールドインゴット
12390001291	致密辉金块	高密度ルミナスゴールドインゴット
12390001292	輝金握柄	輝く黄金の柄
12390001292	辉金握柄	輝く黄金の柄
12390001293	精密砂輪	精密研磨ホイール
12390001293	精密砂轮	精密研磨ホイール
12390001294	陨星块	メテオライトの塊
12390001294	隕星塊	メテオライトの塊
12390001295	陨星锋刃	メテオライトブレード
12390001295	隕星鋒刃	メテオライトブレード
12390001296	緻密隕星塊	高密度隕石の塊
12390001296	致密陨星块	高密度隕石の塊
12390001297	陨星握柄	メテオライトグリップ
12390001297	隕星握柄	メテオライトグリップ
12390001298	淬鋒石	ホーニングストーン
12390001298	淬锋石	ホーニングストーン
12390001299	銳化淬鋒石	研ぎ澄まされた砥石
12390001299	锐化淬锋石	研ぎ澄まされた砥石
12390001300	淬鋒鐵	ホーニングアイロン
12390001300	淬锋铁	ホーニングアイロン
12390001301	聚能淬鋒鐵	活性化研磨鉄
12390001301	聚能淬锋铁	活性化研磨鉄
12390001302	紅色藥草	赤ハーブ
12390001302	红色药草	赤ハーブ
12390001303	黃色藥草	黄ハーブ
12390001303	黄色药草	黄ハーブ
12390001304	白色药草	ホワイトハーブ
12390001304	白色藥草	ホワイトハーブ
12390001305	綠色藥草	グリーンハーブ
12390001305	绿色药草	グリーンハーブ
12390001306	谷物	穀物
12390001307	紅辣椒	赤唐辛子
12390001307	红辣椒	赤唐辛子
12390001308	葡萄	ブドウ
12390001309	可可豆	カカオ豆
12390001310	番茄	トマト
12390001311	香菇	シイタケ
12390001312	兽肉	獣の肉
12390001312	獸肉	獣の肉
12390001313	糖	砂糖
12390001314	柠檬	レモン
12390001314	檸檬	レモン
12390001315	酒精	アルコール
12390001316	草莓	イチゴ
12390001317	盐	塩
12390001317	鹽	塩
12390001318	实木芯	堅木コア
12390001318	實木木芯	堅木コア
12390001319	实木别针模具	無垢材ピン型
12390001319	實木別針模具	無垢材ピン型
12390001320	鐵木木塊	アイアンウッドの塊
12390001320	铁木块	アイアンウッドの塊
12390001321	鐵木料	アイアンウッド材
12390001321	铁木坯件	アイアンウッド材
12390001322	高級塗層	上級コーティング
12390001322	高级涂层	上級コーティング
12390001323	鐵木木芯	アイアンウッドコア
12390001323	铁木芯	アイアンウッドコア
12390001324	铁木戒指模具	アイアンウッドリング型
12390001325	鐵木包覆層	鉄木の包材
12390001325	铁木裹层	鉄木の包材
12390001326	神圣木块	聖木の欠片
12390001326	神聖木木塊	聖木の欠片
12390001327	神圣木坯件	聖木の素材
12390001327	神聖木木胚	聖木の素材
12390001328	神圣木芯	聖なる木材コア
12390001328	神聖木木芯	聖なる木材コア
12390001329	神圣戒指模具	聖なるリング型
12390001330	神圣木裹层	聖なる木材の包装
12390001330	神聖木包覆層	聖なる木材の包装
12390001331	雕文	グリフ
12390001331	雕紋	グリフ
12390001332	灵雕文	スピリットグリフ
12390001332	靈雕紋	スピリットグリフ
12390001333	圣雕文	セイクリッドグリフ
12390001333	聖雕紋	セイクリッドグリフ
12390001334	祝福圣雕文	祝福された聖なるグリフ
12390001334	祝福聖雕紋	祝福された聖なるグリフ
12390001335	亚麻叶	亜麻の葉
12390001335	亞麻葉	亜麻の葉
12390001336	棉花团	コットンタフト
12390001336	棉花團	コットンタフト
12390001337	蓬松的絮团	ふわふわ繊維束
12390001337	蓬鬆的絮團	ふわふわ繊維束
12390001338	灵气鳞梗	スピリットスケイルの茎
12390001338	靈氣鱗梗	スピリットスケイルの茎
12390001339	毛苔	ウーリーモス
12390001340	灵丝	スピリットシルク
12390001340	靈絲	スピリットシルク
12390001341	精緻的纖維團	上質な繊維束
12390001341	精致的纤团	上質な繊維束
12390001342	神圣汁液	聖なる樹液
12390001342	神聖汁液	聖なる樹液
12390001343	神圣丝	神聖な絹
12390001343	神聖絲	神聖な絹
12390001344	麻布卷	リネンロール
12390001345	粗棉布卷	粗綿ロール
12390001346	毛呢布卷	毛織物ロール
12390001347	普通丝线	標準糸
12390001347	普通絲線	標準糸
12390001348	毛呢內襯	ウール中綿
12390001348	毛呢衬垫	ウール中綿
12390001349	丝绸布卷	絹の反物
12390001349	絲綢布卷	絹の反物
12390001350	丝绸衬垫	シルクパッド
12390001350	絲綢內襯	シルクパッド
12390001351	丝绸衣坯件	シルク衣装素材
12390001351	絲綢衣衣料	シルク衣装素材
12390001352	丝绸肩坯件	シルク肩装備の素体
12390001352	絲綢肩衣料	シルク肩装備の素体
12390001353	丝绸足坯件	シルク靴の素体
12390001353	絲綢足衣料	シルク靴の素体
12390001354	高級絲線	上級糸
12390001354	高级丝线	上級糸
12390001355	神圣布卷	聖布ロール
12390001355	神聖布卷	聖布ロール
12390001356	神圣衬垫	聖なる中綿
12390001356	神聖內襯	聖なる中綿
12390001357	神圣衣坯件	聖衣の素体
12390001357	神聖衣衣料	聖衣の素体
12390001358	神圣肩坯件	聖なるショルダーウェア素体
12390001358	神聖肩衣料	聖なるショルダーウェア素体
12390001359	神圣足坯件	聖なる靴素材
12390001359	神聖足衣料	聖なる靴素材
12390001360	护甲片	アーマープレート
12390001360	護甲片	アーマープレート
12390001361	加強護甲片	強化アーマープレート
12390001361	加强护甲片	強化アーマープレート
12390001362	圣甲片	聖なる防具プレート
12390001362	聖甲片	聖なる防具プレート
12390001363	高韌性聖甲片	高耐久の聖なる防具プレート
12390001363	高韧性圣甲片	高耐久の聖なる防具プレート
12390001364	虾子	エビ
12390001364	蝦子	エビ
12390001365	蛤蜊	バシラッククラム
12390001366	青花鱼	サバ
12390001366	鯖魚	サバ
12390001367	青蟹	ワタリガニ
12390001368	鯉魚	コイ
12390001368	鲤鱼	コイ
12390001369	鰻魚	ウナギ
12390001369	鳗鱼	ウナギ
12390001370	跳跳蛙	ホッピングカエル
12390001371	海星星	ヒトデ
12390001372	烏鱧	ライギョ
12390001372	黑鱼	ライギョ
12390001373	鱖魚	マンダリンフィッシュ
12390001373	鳜鱼	マンダリンフィッシュ
12390001374	鯛魚	タイ
12390001374	鲷鱼	タイ
12390001375	章魚	タコの斧
12390001375	章鱼	タコの斧
12390001376	刺球海胆	トゲウニ
12390001376	刺球海膽	トゲウニ
12390001377	海蓝鱼	蒼い魚
12390001377	海藍魚	蒼い魚
12390001378	月亮水母	ムーンクラゲ
12390001379	金枪鱼	マグロ
12390001379	鮪魚	マグロ
12390001380	三文鱼	サーモン
12390001380	鮭魚	サーモン
12390001381	惊喜礼盒(废弃)	サプライズパック（廃止予定）
12390001381	驚喜禮盒(廢棄)	サプライズパック（廃止予定）
12390001382	神秘宝箱(废弃)	謎のチェスト（廃止予定）
12390001382	神秘寶箱(廢棄)	謎のチェスト（廃止予定）
12390001383	高級寶箱(廢棄)	上級チェスト（廃止予定）
12390001383	高级宝箱(废弃)	上級チェスト（廃止予定）
12390001384	豪华礼盒(废弃)	デラックスパック（廃止予定）
12390001384	豪華禮盒(廢棄)	デラックスパック（廃止予定）
12390001385	普通礼盒(废弃)	ベーシックパック（廃止予定）
12390001385	普通禮盒(廢棄)	ベーシックパック（廃止予定）
12390001386	打造礼包	クラフトパック
12390001386	打造禮包	クラフトパック
12390001387	豪华礼盒	デラックスギフトボックス
12390001387	豪華禮盒	デラックスギフトボックス
12390001388	黃金蟲的饋贈	黄金蟲のギフト
12390001388	黄金虫的馈赠	黄金蟲のギフト
12390001389	成長饋贈@{1}	成長ギフト @{1}
12390001389	成长馈赠@{1}	成長ギフト @{1}
12390001390	強化禮盒	強化パック
12390001390	强化礼盒	強化パック
12390001391	主線完結禮盒	メインストーリー完了パック
12390001391	主线完结礼盒	メインストーリー完了パック
12390001392	灵魂残响宝箱	ソウルエコーチェスト
12390001392	靈魂殘響寶箱	ソウルエコーチェスト
12390001393	每日活跃礼盒	デイリー活動パック
12390001393	每日活躍禮盒	デイリー活動パック
12390001394	神术图腾技能书宝箱	神術トーテムスキルブックチェスト
12390001394	神術圖騰技能書寶箱	神術トーテムスキルブックチェスト
12390001395	觀想之燭禮盒	思索のキャンドルパック
12390001395	观想之烛礼盒	思索のキャンドルパック
12390001396	初心者宝箱--@{1}级	ノービスチェスト--Lv. @{1}
12390001396	初心者寶箱--@{1}級	ノービスチェスト--Lv. @{1}
12390001397	职业武器自选宝箱	職業武器選択チェスト
12390001397	職業武器自選寶箱	職業武器選択チェスト
12390001398	T@{1}橙色装备部位自选箱	T@{1} オレンジ装備スロット選択チェスト
12390001398	T@{1}橙色裝備部位自選箱	T@{1} オレンジ装備スロット選択チェスト
12390001399	测试道具重复获取功能	テストアイテム重複取得機能
12390001399	測試道具重複獲得功能	テストアイテム重複取得機能
12390001400	豪华礼盒-测试跨赛季清除	デラックスパック-テスト用クロスシーズン削除
12390001400	豪華禮盒-測試跨賽季清除	デラックスパック-テスト用クロスシーズン削除
12390001401	豪华礼盒-测试跨赛季失效	デラックスパック-クロスシーズン期限切れテスト
12390001401	豪華禮盒-測試跨賽季失效	デラックスパック-クロスシーズン期限切れテスト
12390001402	豪华礼盒-测试跨赛季白名单	デラックスパック-テスト用クロスシーズン許可リスト
12390001402	豪華禮盒-測試跨賽季白名單	デラックスパック-テスト用クロスシーズン許可リスト
12390001403	豪华礼盒-测试跨赛季使用	デラックスパック-クロスシーズン使用テスト
12390001403	豪華禮盒-測試跨賽季使用	デラックスパック-クロスシーズン使用テスト
12390001404	神之金属-清除	オリデオコン・クリア
12390001404	神之金屬-清除	オリデオコン・クリア
12390001405	浓缩神之金属-失效	濃縮オリデコン-期限切れ
12390001405	濃縮神之金屬-失效	濃縮オリデコン-期限切れ
12390001406	鋁-使用	エルニウム使用
12390001406	铝-使用	エルニウム使用
12390001407	武器受祝福的矿石-清除	祝福された武器鉱石-クリア
12390001407	武器受祝福的礦石-清除	祝福された武器鉱石-クリア
12390001408	传说的武器矿石-失效	伝説の武器鉱石-期限切れ
12390001408	傳說的武器礦石-失效	伝説の武器鉱石-期限切れ
12390001409	防具受祝福的矿石-使用	祝福された防具鉱石・使用
12390001409	防具受祝福的礦石-使用	祝福された防具鉱石・使用
12390001410	测试-奖励投放的赛季化改造宝箱	テスト-シーズン報酬配布改修チェスト
12390001410	測試-獎勵投放的賽季化改造寶箱	テスト-シーズン報酬配布改修チェスト
12390001411	无主灵魂结晶宝箱	未受取ソウルクリスタルチェスト
12390001411	無主靈魂結晶寶箱	未受取ソウルクリスタルチェスト
12390001412	普通打造材料宝箱	基本クラフト素材チェスト
12390001412	普通打造材料寶箱	基本クラフト素材チェスト
12390001413	橙色灵魂残响宝箱	オレンジソウルエコーチェスト
12390001413	橙色靈魂殘響寶箱	オレンジソウルエコーチェスト
12390001414	紀念章A	記念メダル A
12390001414	纪念章A	記念メダル A
12390001415	紀念章B	記念メダル B
12390001415	纪念章B	記念メダル B
12390001416	紀念章C	記念メダル C
12390001416	纪念章C	記念メダル C
12390001417	紀念章D	記念メダル D
12390001417	纪念章D	記念メダル D
12390001418	紀念章E	記念メダル E
12390001418	纪念章E	記念メダル E
12390001419	奢華藥水禮包	ホエールポーションパック
12390001419	神豪药水礼包	ホエールポーションパック
12390001420	主力药水礼包	主力ポーションパック
12390001420	實用藥水禮包	主力ポーションパック
12390001421	常用藥水禮包	働き者ポーションパック
12390001421	牛马药水礼包	働き者ポーションパック
12390001422	随机卡片礼包	ランダムカードパック
12390001422	隨機卡片禮包	ランダムカードパック
12390001423	@{1}阶橙色武器宝箱	Tier @{1} オレンジ武器チェスト
12390001423	@{1}階橙色武器寶箱	Tier @{1} オレンジ武器チェスト
12390001424	T@{1}宠物碎片自选宝箱	T@{1} ペットの欠片選択チェスト
12390001424	T@{1}寵物碎片自選寶箱	T@{1} ペットの欠片選択チェスト
12390001425	征服者礼盒	征服者パック
12390001425	征服者禮盒	征服者パック
12390001426	历战者礼盒	ベテランパック
12390001426	歷戰者禮盒	ベテランパック
12390001427	随机紫色卡片礼包	ランダム紫カードパック
12390001427	隨機紫色卡片禮包	ランダム紫カードパック
12390001428	小野猪卡片宝箱	カード：サベージベイブチェスト
12390001428	小野豬卡片寶箱	カード：サベージベイブチェスト
12390001429	精炼材料宝箱	精錬素材チェスト
12390001429	精煉材料寶箱	精錬素材チェスト
12390001430	T@{1}橙色武器自选箱	T@{1} オレンジ武器選択チェスト
12390001430	T@{1}橙色武器自選箱	T@{1} オレンジ武器選択チェスト
12390001431	蓝色卡片自选宝箱	ブルーカード選択チェスト
12390001431	藍色卡片自選寶箱	ブルーカード選択チェスト
12390001432	头饰材料宝箱	頭装備素材チェスト
12390001432	頭飾材料寶箱	頭装備素材チェスト
12390001433	头饰宝箱	頭装備箱
12390001433	頭飾寶箱	頭装備箱
12390001434	精炼祝福宝箱	精錬祝福チェスト
12390001434	精煉祝福寶箱	精錬祝福チェスト
12390001435	精炼材料包	精錬素材パック
12390001435	精煉材料包	精錬素材パック
12390001436	残响材料包	エコー素材パック
12390001436	殘響材料包	エコー素材パック
12390001437	Zeny袋子	ゼニー袋
12390001438	鑄幣袋子	コイン袋
12390001438	铸币袋子	コイン袋
12390001439	随机卡册	ランダムカード帖
12390001439	隨機卡冊	ランダムカード帖
12390001440	随机神术图腾	ランダム神術トーテム
12390001440	隨機神術圖騰	ランダム神術トーテム
12390001441	惊喜宝箱	サプライズチェスト
12390001441	驚喜寶箱	サプライズチェスト
12390001442	集换卡册	トレーディングカードアルバム
12390001442	集換卡冊	トレーディングカードアルバム
12390001443	紫色卡片自选宝箱	紫カード選択チェスト
12390001443	紫色卡片自選寶箱	紫カード選択チェスト
12390001444	九色梵音时装礼盒	九音真言コスチュームギフトボックス
12390001444	九色梵音時裝禮盒	九音真言コスチュームギフトボックス
12390001445	T@{1}紅色上衣自選箱	T@{1} 赤トップ選択ボックス
12390001445	T@{1}红色上衣自选箱	T@{1} 赤トップ選択ボックス
12390001446	寻宝-精致宝箱	発掘 - 極上宝箱
12390001446	尋寶-精緻寶箱	発掘 - 極上宝箱
12390001447	寻宝-珍贵宝箱	発掘 - 貴重な宝箱
12390001447	尋寶-珍貴寶箱	発掘 - 貴重な宝箱
12390001448	寻宝-协力宝箱	発掘 - 協力宝箱
12390001448	尋寶-協力寶箱	発掘 - 協力宝箱
12390001449	成長禮盒ᆞ一日	成長ギフトボックス・1日目
12390001449	成长礼盒·一日	成長ギフトボックス・1日目
12390001450	成長禮盒ᆞ二日	成長ギフトボックス・2日目
12390001450	成长礼盒·二日	成長ギフトボックス・2日目
12390001451	成長禮盒ᆞ三日	成長ギフトボックス・3日目
12390001451	成长礼盒·三日	成長ギフトボックス・3日目
12390001452	成長禮盒ᆞ四日	成長ギフトボックス・4日目
12390001452	成长礼盒·四日	成長ギフトボックス・4日目
12390001453	成長禮盒ᆞ五日	成長ギフトボックス・5日目
12390001453	成长礼盒·五日	成長ギフトボックス・5日目
12390001454	成長禮盒ᆞ六日	成長ギフトボックス・6日目
12390001454	成长礼盒·六日	成長ギフトボックス・6日目
12390001455	成長禮盒ᆞ七日	成長ギフトボックス・7日目
12390001455	成长礼盒·七日	成長ギフトボックス・7日目
12390001456	附贈秘禮ᆞ一日	ボーナス秘密ギフト・1日目
12390001456	附赠秘礼·一日	ボーナス秘密ギフト・1日目
12390001457	附贈秘禮ᆞ二日	ボーナス秘密ギフト・2日目
12390001457	附赠秘礼·二日	ボーナス秘密ギフト・2日目
12390001458	附贈秘禮ᆞ三日	ボーナス秘密ギフト・3日目
12390001458	附赠秘礼·三日	ボーナス秘密ギフト・3日目
12390001459	附贈秘禮ᆞ四日	ボーナス秘密ギフト・4日目
12390001459	附赠秘礼·四日	ボーナス秘密ギフト・4日目
12390001460	附贈秘禮ᆞ五日	ボーナス秘密ギフト・5日目
12390001460	附赠秘礼·五日	ボーナス秘密ギフト・5日目
12390001461	附贈秘禮ᆞ六日	ボーナス秘密ギフト・6日目
12390001461	附赠秘礼·六日	ボーナス秘密ギフト・6日目
12390001462	附贈秘禮ᆞ七日	ボーナス秘密ギフト・7日目
12390001462	附赠秘礼·七日	ボーナス秘密ギフト・7日目
12390001463	老旧收集册	古いカード帖
12390001463	老舊收集冊	古いカード帖
12390001464	惊喜礼盒@{1}(废弃)	サプライズパック@{1}（廃止予定）
12390001464	驚喜禮盒@{1}(廢棄)	サプライズパック@{1}（廃止予定）
12390001465	神秘宝箱@{1}(废弃)	謎の宝箱@{1}（廃止予定）
12390001465	神秘寶箱@{1}(廢棄)	謎の宝箱@{1}（廃止予定）
12390001466	高級寶箱@{1}(廢棄)	上級宝箱@{1}（廃止予定）
12390001466	高级宝箱@{1}(废弃)	上級宝箱@{1}（廃止予定）
12390001467	豪华礼盒@{1}(废弃)	デラックスギフトボックス@{1}（廃止予定）
12390001467	豪華禮盒@{1}(廢棄)	デラックスギフトボックス@{1}（廃止予定）
12390001468	普通礼盒@{1}(废弃)	通常ギフトボックス@{1}（廃止予定）
12390001468	普通禮盒@{1}(廢棄)	通常ギフトボックス@{1}（廃止予定）
12390001469	初級卡冊@{1}(廢棄)	基本カードアルバム@{1}（廃止予定）
12390001469	初级卡册@{1}(废弃)	基本カードアルバム@{1}（廃止予定）
12390001470	卡片收集冊	カードアルバム
12390001470	卡片收集册	カードアルバム
12390001471	随机卡片礼盒	ランダムカードギフトボックス
12390001471	隨機卡片禮盒	ランダムカードギフトボックス
12390001472	标准酬金箱	通常補償チェスト
12390001472	標準酬金箱	通常補償チェスト
12390001473	【裂隙危机】特派嘉奖	［リフトクライシス］特別表彰
12390001473	【裂隙危機】特派嘉獎	［リフトクライシス］特別表彰
12390001474	【裂隙危机】表彰礼盒	［リフトクライシス］表彰ギフトボックス
12390001474	【裂隙危機】表彰禮盒	［リフトクライシス］表彰ギフトボックス
12390001475	MVP战利品宝箱	MVP戦利品箱
12390001475	MVP戰利品寶箱	MVP戦利品箱
12390001476	魔能晶石	秘術のクリスタル
12390001477	雷根貝勒之星	レケンベルの星
12390001477	雷根贝勒之星	レケンベルの星
12390001479	创世诗篇	ジェネシス・カンティクル
12390001479	創世詩篇	ジェネシス・カンティクル
12390001480	契約的勝利	盟約の勝利
12390001480	契约的胜利	盟約の勝利
12390001481	空之裂隙	天空の裂け目
12390001482	十大英雄（@{1}小时）废弃	トップ10英雄（@{1}時間）廃止
12390001482	十大英雄（@{1}小時）	トップ10英雄（@{1}時間）廃止
12390001483	初心者的驕傲	ノービスの誇り
12390001483	初心者的骄傲	ノービスの誇り
12390001484	精灵征服者（@{1}小时）	スピリットコンカラー（@{1}時間）
12390001484	精靈征服者（@{1}小時）	スピリットコンカラー（@{1}時間）
12390001485	勇者名录（@{1}小时）废弃	ヒーロー登録（@{1}時間）終了
12390001485	勇者名錄（@{1}小時）廢棄	ヒーロー登録（@{1}時間）終了
12390001486	时尚盛典（@{1}小时）	ファッションガラ（@{1}時間）
12390001486	時尚盛典（@{1}小時）	ファッションガラ（@{1}時間）
12390001487	测试名片@{1}-永久	テストネームカード@{1}-永久
12390001487	測試名片@{1}-永久	テストネームカード@{1}-永久
12390001488	英灵币	エインヘルヤルコイン
12390001488	英靈幣	エインヘルヤルコイン
12390001489	冒险之路	冒険の道
12390001489	冒險之路	冒険の道
12390001490	鈴蘭之地	スズランの地
12390001490	铃兰之地	スズランの地
12390001492	喵呜	ニャー
12390001492	喵嗚	ニャー
12390001493	启航	出航
12390001493	啟航	出航
12390001494	碎星龍	スターシャッタードラゴン
12390001494	碎星龙	スターシャッタードラゴン
12390001495	太阳战车	ソーラーチャリオット
12390001495	太陽戰車	ソーラーチャリオット
12390001496	幽兰水榭	オーキッド水辺の東屋
12390001496	幽蘭水榭	オーキッド水辺の東屋
12390001497	綿綿兔	ふわふわバニー
12390001497	绵绵兔	ふわふわバニー
12390001498	飛機頭	リーゼント
12390001498	飞机头	リーゼント
12390001499	哥布灵气球	ゴブリンバルーン
12390001499	哥布靈氣球	ゴブリンバルーン
12390001500	发条摇椅	ゼンマイ式ロッキングチェア
12390001500	發條搖椅	ゼンマイ式ロッキングチェア
12390001501	蛋壳胖胖鸡	卵殻ぽっちゃりヒヨコ
12390001501	蛋殼胖胖雞	卵殻ぽっちゃりヒヨコ
12390001502	夢馬	ドリームスティード
12390001502	梦马	ドリームスティード
12390001503	大波利	大きなポリン
12390001504	狮子	ライオン
12390001504	獅子	ライオン
12390001505	羊駝	アルパカ
12390001505	羊驼	アルパカ
12390001506	鬣狗	ハイエナ
12390001507	狐狸	キツネ
12390001508	鴕鳥	オーストリッチ
12390001508	鸵鸟	オーストリッチ
12390001509	野猪	サベージ
12390001509	野豬	サベージ
12390001510	碎星龍-限定	スターシャッタードラゴン - 期間限定
12390001510	碎星龙-限定	スターシャッタードラゴン - 期間限定
12390001511	太阳战车-限定	サンチャリオット - 期間限定
12390001511	太陽戰車-限定	サンチャリオット - 期間限定
12390001512	幽兰水榭-限定	蘭亭 - 期間限定
12390001512	幽蘭水榭－限定	蘭亭 - 期間限定
12390001513	綿綿兔－限定	ふわふわバニー - 期間限定
12390001513	绵绵兔-限定	ふわふわバニー - 期間限定
12390001514	飛機頭-限定	ポンパドール - 期間限定
12390001514	飞机头-限定	ポンパドール - 期間限定
12390001515	哥布灵气球-限定	ゴブリンバルーン - 期間限定
12390001515	哥布靈氣球-限定	ゴブリンバルーン - 期間限定
12390001516	发条摇椅-限定	ゼンマイ式ロッキングチェア - 期間限定
12390001516	發條搖椅-限定	ゼンマイ式ロッキングチェア - 期間限定
12390001517	蛋壳胖胖鸡-限定	卵殻ぽっちゃりヒヨコ - 期間限定
12390001517	蛋殼胖胖雞-限定	卵殻ぽっちゃりヒヨコ - 期間限定
12390001518	夢馬－限定	ドリームホース - 期間限定
12390001518	梦马-限定	ドリームホース - 期間限定
12390001519	哥布灵气球飞行版-限时版	フライングゴブリンバルーン - 期間限定
12390001519	哥布靈氣球飛行版-限時版	フライングゴブリンバルーン - 期間限定
12390001520	哥布灵气球飞行版	空飛ぶゴブリンバルーン
12390001520	哥布靈氣球飛行版	空飛ぶゴブリンバルーン
12390001521	蟹蟹你	カニに感謝！
12390001522	北冥有魚	北の深海魚
12390001522	北冥有鱼	北の深海魚
12390001523	鯤寶寶	ベイビーくん
12390001523	鲲宝宝	ベイビーくん
12390001524	魔毯	魔法のじゅうたん
12390001525	一本书第一章	本の第1章
12390001525	一本書第一章	本の第1章
12390001526	一本书第二章	本の第2章
12390001526	一本書第二章	本の第2章
12390001527	普隆德拉秘史@{1}之@{2}	知られざるプロンテラ物語@{1}：@{2}
12390001528	狂暴月夜猫碎片	キャットナインテイルの欠片
12390001528	狂暴月夜貓碎片	キャットナインテイルの欠片
12390001529	火忍西怒毕碎片	火忍シノビの欠片
12390001529	火忍西怒畢碎片	火忍シノビの欠片
12390001530	銀月魔女碎片	シルバームーンウィッチの欠片
12390001530	银月魔女碎片	シルバームーンウィッチの欠片
12390001531	恶魔女仆碎片	デーモンメイドのかけら
12390001531	惡魔女僕碎片	デーモンメイドのかけら
12390001532	异形碎片	異形の欠片
12390001532	異形碎片	異形の欠片
12390001533	美杜莎碎片	メデューサの欠片
12390001534	野猫骑士碎片	ワイルドローズナイトの欠片
12390001534	野貓騎士碎片	ワイルドローズナイトの欠片
12390001535	恶魔侍者碎片	デーモンサーヴァントの欠片
12390001535	惡魔侍者碎片	デーモンサーヴァントの欠片
12390001536	独角光辉凯美拉碎片	輝くユニコーンキメラの欠片
12390001536	獨角光輝凱美拉碎片	輝くユニコーンキメラの欠片
12390001537	死亡女巫碎片	デスウィッチの欠片
12390001538	男爵碎片	バロンの欠片
12390001539	狂暴木乃伊碎片	エンシェントマミーの欠片
12390001540	鬼女碎片	ペットの欠片: ソヒ
12390001541	愛麗俄碎片	エリオの欠片
12390001541	爱丽俄碎片	エリオの欠片
12390001542	艾斯恩魔女碎片	ゼルトシュのかけら
12390001543	祈望女神碎片	希望の女神の欠片
12390001544	污染邪骸浪人碎片	堕落したワンダーマンの欠片
12390001545	妖仙女碎片	邪妖精のかけら
12390001546	戴德雷碎片	ペットの欠片：デッドレ
12390001547	米雅毕碎片	ペットの欠片：雅人形
12390001547	米雅畢碎片	ペットの欠片：雅人形
12390001548	邪魔馬碎片	ペットの欠片: ナイトメア
12390001548	邪魔马碎片	ペットの欠片: ナイトメア
12390001549	兽人战士长碎片	ペットの欠片：ハイオーク
12390001549	獸人戰士長碎片	ペットの欠片：ハイオーク
12390001550	小蛇女伊丝碎片	ペットの欠片: ベビーイシス
12390001550	小蛇女伊絲碎片	ペットの欠片: ベビーイシス
12390001551	监视者碎片	ペットの欠片：ウォッチャー
12390001551	監視者碎片	ペットの欠片：ウォッチャー
12390001552	邪心猎人伊芙碎片	ペットの欠片：ダークハートハンター・イヴ
12390001552	邪心獵人伊芙碎片	ペットの欠片：ダークハートハンター・イヴ
12390001553	女战士罗拉碎片	ペットの欠片：戦士ローラ
12390001553	女戰士羅拉碎片	ペットの欠片：戦士ローラ
12390001554	无颅武士碎片	ペットの欠片：デュラハン
12390001554	無顱武士碎片	ペットの欠片：デュラハン
12390001555	天使波利碎片	ペットの欠片：エンジェリング
12390001556	博克巴碎片	ペットの欠片: ボクバ
12390001557	坚硬七彩梦魇碎片	ペットの欠片：タフ・レインボーナイトメア
12390001557	堅硬七彩夢魘碎片	ペットの欠片：タフ・レインボーナイトメア
12390001558	米谷尔碎片	ペットの欠片：ミゲル
12390001558	米谷爾碎片	ペットの欠片：ミゲル
12390001559	皮亚米特碎片	ペットの欠片：ピアメット
12390001559	皮亞米特碎片	ペットの欠片：ピアメット
12390001560	血蝴蝶碎片	ペットの欠片：ブラッドバタフライ
12390001561	莎拉艾琳碎片	ペットの欠片：サラ・アイリーン
12390001562	愛麗瑟碎片	ペットの欠片：アリセル
12390001562	爱丽瑟碎片	ペットの欠片：アリセル
12390001563	代行刑者碎片	ペットの欠片：リトリビューション
12390001564	七彩地龍碎片	ペットの欠片：レインボーアースドラゴン
12390001564	七彩地龙碎片	ペットの欠片：レインボーアースドラゴン
12390001565	狐仙碎片	ペットの欠片：月夜花
12390001566	傀儡娃娃碎片	ペットの欠片：マリオネット
12390001567	小巴風特碎片	ペットの欠片：バフォメットJr.
12390001567	小巴风特碎片	ペットの欠片：バフォメットJr.
12390001568	侦查巴西利斯克碎片	ペットの欠片：バジリスクスカウト
12390001568	偵查巴西利斯克碎片	ペットの欠片：バジリスクスカウト
12390001569	魔羌碎片	ペットの欠片: ヤギ
12390001570	果树龟碎片	ペットの欠片：フルーツツリータートル
12390001570	果樹龜碎片	ペットの欠片：フルーツツリータートル
12390001571	卡仑宝宝碎片	ペットの欠片: ガルムベビー
12390001571	卡倫寶寶碎片	ペットの欠片: ガルムベビー
12390001572	古树碎片	ペットの欠片：エンシェントツリー
12390001572	古樹碎片	ペットの欠片：エンシェントツリー
12390001573	熔岩蜥蜴碎片	ペットの欠片：ラヴァリザード
12390001574	捕虫堇碎片	ペットの欠片: ネペンテス
12390001574	捕蟲堇碎片	ペットの欠片: ネペンテス
12390001575	森林妖精碎片	ペットの欠片：フォレストフェアリー
12390001576	賽杜拉碎片	ペットの欠片：スクイジット
12390001576	赛杜拉碎片	ペットの欠片：スクイジット
12390001577	妖道碎片	ペットの欠片：ボンゴン
12390001578	愛麗絲女僕碎片	ペットの欠片：メイドのアリス
12390001578	爱丽丝女仆碎片	ペットの欠片：メイドのアリス
12390001579	古鐘魔碎片	ペットの欠片: クロック
12390001579	古钟魔碎片	ペットの欠片: クロック
12390001580	巧克猴碎片	ペットの欠片: チョコ
12390001581	波利碎片	ペットの欠片：ポリン
12390001582	狂暴野猫碎片	ペットの欠片: ワイルドローズ
12390001582	狂暴野貓碎片	ペットの欠片: ワイルドローズ
12390001583	搖滾蝗蟲碎片	ペットの欠片: ボーカル
12390001583	摇滚蝗虫碎片	ペットの欠片: ボーカル
12390001584	沙羅曼達碎片	ペットの欠片: 炎の王
12390001584	火领主碎片	ペットの欠片: 炎の王
12390001585	水领主碎片	ペットの欠片：ウォーターロード
12390001585	溫蒂妮碎片	ペットの欠片：ウォーターロード
12390001586	希爾芙碎片	ペットの欠片: 風の王
12390001586	风领主碎片	ペットの欠片: 風の王
12390001587	土领主碎片	ペットの欠片：アースロード
12390001587	葛羅姆碎片	ペットの欠片：アースロード
12390001588	魔法之刃	マジックブレード
12390001589	魔法标记	マジックマーク
12390001589	魔法標記	マジックマーク
12390001590	野蛮之刃	サベージブレード
12390001590	野蠻之刃	サベージブレード
12390001591	战意	決意
12390001591	戰意	決意
12390001592	神灵寄语	神託
12390001592	神靈寄語	神託
12390001593	自然賜福	自然の祝福
12390001593	自然赐福	自然の祝福
12390001594	神圣守护	ホーリーガード
12390001594	神聖守護	ホーリーガード
12390001595	寒冰守护	アイスガーディアン
12390001595	寒冰守護	アイスガーディアン
12390001596	破势之力	モメンタムブレイカー
12390001596	破勢之力	モメンタムブレイカー
12390001597	神圣堡垒	聖なる要塞
12390001597	神聖堡壘	聖なる要塞
12390001598	低阶终结	初級ターミネート
12390001598	低階終結	初級ターミネート
12390001599	低阶复仇魔能	初級・復讐の魔力
12390001599	低階復仇魔能	初級・復讐の魔力
12390001600	低阶充沛魔能	初級・豊富な魔力
12390001600	低階充沛魔能	初級・豊富な魔力
12390001601	低阶魔法回响	初級マジックエコー
12390001601	低階魔法迴響	初級マジックエコー
12390001602	低阶斩杀	初級エグゼキューション
12390001602	低階斬殺	初級エグゼキューション
12390001603	低阶复仇之力	初級・復讐の力
12390001603	低階復仇之力	初級・復讐の力
12390001604	低阶充沛力量	初級STR強化
12390001604	低階充沛力量	初級STR強化
12390001605	低阶多重打击	初級マルチストライク
12390001605	低階多重打擊	初級マルチストライク
12390001606	低阶急救	初級応急処置
12390001606	低階急救	初級応急処置
12390001607	低阶充沛治疗	初級回復強化
12390001607	低階充沛治療	初級回復強化
12390001608	低阶连续治疗	初級継続回復
12390001608	低階連續治療	初級継続回復
12390001609	低阶坚毅防御	初級不屈防御
12390001609	低階堅毅防禦	初級不屈防御
12390001610	低阶绝境防御	初級ラストスタンド防御
12390001610	低階絕境防禦	初級ラストスタンド防御
12390001611	低阶连续护盾	初級持続シールド
12390001611	低階連續護盾	初級持続シールド
12390001612	低阶魔法攻击	初級魔法攻撃
12390001612	低階魔法攻擊	初級魔法攻撃
12390001613	低阶物理攻击	初級物理攻撃
12390001613	低階物理攻擊	初級物理攻撃
12390001614	低阶魔法防御	初級魔法防御
12390001614	低階魔法防禦	初級魔法防御
12390001615	低阶物理防御	初級物理防御
12390001615	低階物理防禦	初級物理防御
12390001616	低阶生命	低Tier HP
12390001616	低階生命	低Tier HP
12390001617	低阶物理穿透	初級物理貫通
12390001617	低階物理穿透	初級物理貫通
12390001618	低阶魔法穿透	初級魔法貫通
12390001618	低階魔法穿透	初級魔法貫通
12390001619	低阶命中	低層ヒット
12390001619	低階命中	低層ヒット
12390001620	低阶闪避	低Tier FLEE
12390001620	低階閃避	低Tier FLEE
12390001621	低阶无属性抗性	初級無属性耐性
12390001621	低階無屬性抗性	初級無属性耐性
12390001622	低阶风属性抗性	風属性耐性低下
12390001622	低階風屬性抗性	風属性耐性低下
12390001623	低阶地属性抗性	地属性耐性・小
12390001623	低階地屬性抗性	地属性耐性・小
12390001624	低阶火属性抗性	火属性耐性・小
12390001624	低階火屬性抗性	火属性耐性・小
12390001625	低阶水属性抗性	水属性耐性・小
12390001625	低階水屬性抗性	水属性耐性・小
12390001626	低阶毒属性抗性	毒属性耐性（小）
12390001626	低階毒屬性抗性	毒属性耐性（小）
12390001627	低阶圣属性抗性	聖属性耐性・小
12390001627	低階聖屬性抗性	聖属性耐性・小
12390001628	低阶暗属性抗性	闇属性耐性（小）
12390001628	低階暗屬性抗性	闇属性耐性（小）
12390001629	低阶念属性抗性	念属性耐性（小）
12390001629	低階念屬性抗性	念属性耐性（小）
12390001630	低阶不死属性抗性	初級不死属性耐性
12390001630	低階不死屬性抗性	初級不死属性耐性
12390001631	低阶全职业克制	全職業へのダメージ（小）
12390001631	低階全職業克制	全職業へのダメージ（小）
12390001632	低阶全职业抵抗	全職業からのダメージ軽減（小）
12390001632	低階全職業抵抗	全職業からのダメージ軽減（小）
12390001633	低阶狩猎技巧	基礎狩猟技術
12390001633	低階狩獵技巧	基礎狩猟技術
12390001634	低阶狩猎防护	低級狩猟防御
12390001634	低階狩獵防護	低級狩猟防御
12390001635	魔伤上限	魔法ダメージ上限
12390001635	魔傷上限	魔法ダメージ上限
12390001636	物伤上限	物理ダメージ上限
12390001636	物傷上限	物理ダメージ上限
12390001637	防御上限	ディフェンスキャップ
12390001637	防禦上限	ディフェンスキャップ
12390001638	治疗上限	ヒーリングキャップ
12390001638	治療上限	ヒーリングキャップ
12390001639	魔能增幅	魔法攻撃増幅
12390001640	近战增幅	近接攻撃増幅
12390001640	近戰增幅	近接攻撃増幅
12390001641	远程增幅	遠距離強化
12390001641	遠距增幅	遠距離強化
12390001642	防御增幅	防御力アップ
12390001642	防禦增幅	防御力アップ
12390001643	治疗增幅	回復増幅
12390001643	治療增幅	回復増幅
12390001644	終結	終了
12390001644	终结	終了
12390001645	复仇魔能	復讐の魔力
12390001645	復仇魔能	復讐の魔力
12390001646	充沛魔能	豊穣の魔力
12390001647	魔法回响	マジックリバーブレーション
12390001647	魔法迴響	マジックリバーブレーション
12390001648	斩杀	斬首
12390001648	斬殺	斬首
12390001649	复仇之力	復讐の力
12390001649	復仇之力	復讐の力
12390001650	充沛力量	満ちる力
12390001651	多重打击	マルチストライク
12390001651	多重打擊	マルチストライク
12390001652	急救	治療
12390001653	充沛治疗	豊富な回復
12390001653	充沛治療	豊富な回復
12390001654	连续治疗	持続回復
12390001654	連續治療	持続回復
12390001655	坚毅防御	不屈の防御
12390001655	堅毅防禦	不屈の防御
12390001656	絕境防禦	決死の防御
12390001656	绝境防御	決死の防御
12390001657	连续护盾	持続シールド
12390001657	連續護盾	持続シールド
12390001658	魔法攻击	魔法攻撃
12390001658	魔法攻擊	魔法攻撃
12390001659	物理攻击	物理攻撃
12390001659	物理攻擊	物理攻撃
12390001660	魔法防禦	魔法防御
12390001661	物理防禦	物理防御
12390001662	生命	HP
12390001663	物理穿透	物理貫通
12390001664	魔法穿透	魔法貫通
12390001665	命中	HIT
12390001666	閃避	回避
12390001666	闪避	回避
12390001667	无属性抗性	無属性耐性
12390001667	無屬性抗性	無属性耐性
12390001668	風屬性抗性	風属性耐性
12390001668	风属性抗性	風属性耐性
12390001669	地属性抗性	地属性耐性
12390001669	地屬性抗性	地属性耐性
12390001670	火属性抗性	火属性耐性
12390001670	火屬性抗性	火属性耐性
12390001671	水属性抗性	水耐性
12390001671	水屬性抗性	水耐性
12390001672	毒属性抗性	毒耐性
12390001672	毒屬性抗性	毒耐性
12390001673	圣属性抗性	聖属性耐性
12390001673	聖屬性抗性	聖属性耐性
12390001674	暗属性抗性	闇耐性
12390001674	暗屬性抗性	闇耐性
12390001675	念属性抗性	念属性耐性
12390001675	念屬性抗性	念属性耐性
12390001676	不死属性抗性	不死属性耐性
12390001676	不死屬性抗性	不死属性耐性
12390001677	全职业克制	ダメージ vs 全ジョブ
12390001677	全職業克制	ダメージ vs 全ジョブ
12390001678	全职业抵抗	全職業から受けるダメージ軽減
12390001678	全職業抵抗	全職業から受けるダメージ軽減
12390001679	狩猎技巧	狩猟マスタリー
12390001679	狩獵技巧	狩猟マスタリー
12390001680	狩猎防护	ハンティング保護
12390001680	狩獵防護	ハンティング保護
12390001681	暴击	クリティカル
12390001681	暴擊	クリティカル
12390001682	暴击伤害	Criダメージ
12390001682	暴擊傷害	Criダメージ
12390001683	暴击抵抗	Cri耐性
12390001683	暴擊抵抗	Cri耐性
12390001684	暴伤减免	クリティカルダメージ軽減
12390001684	爆傷減免	クリティカルダメージ軽減
12390001685	黃昏角聲	黄昏の角笛
12390001685	黄昏角声	黄昏の角笛
12390001686	流蜜鹿角	蜜漬けの角
12390001687	符文之牙	ルーンの牙
12390001688	八足天馬	八本脚の軍馬
12390001688	八足天马	八本脚の軍馬
12390001689	野猪设宴	猪の饗宴
12390001689	野豬設宴	猪の饗宴
12390001690	衔尾蛇	ウロボロス
12390001690	銜尾蛇	ウロボロス
12390001691	全知渡鴉	すべてを見通すカラス
12390001691	全知渡鸦	すべてを見通すカラス
12390001692	神羊之哺	聖なるヤギの乳
12390001693	永恆之槍	グングニル
12390001693	永恒之枪	グングニル
12390001694	武神羽衣	戦神の装束
12390001695	伪装戏法	変装トリック
12390001695	偽裝戲法	変装トリック
12390001696	流浪老者	さすらいの長老
12390001697	噬日之狼	太陽を喰らう狼
12390001698	至高王座	至高の玉座
12390001699	生命之木	生命の樹
12390001700	审讯之火	審問の炎
12390001700	審訊之火	審問の炎
12390001701	欺詐之鎖	欺瞞の鎖
12390001701	欺诈之锁	欺瞞の鎖
12390001702	智慧泉水	知恵の泉
12390001703	倒吊者	吊るされた男
12390001704	狩猎时节	狩猟の季節
12390001704	狩獵時節	狩猟の季節
12390001705	屠龍之劍	ドラゴンスレイヤー
12390001705	屠龙之剑	ドラゴンスレイヤー
12390001706	灵感蜜酒	ひらめきの蜂蜜酒
12390001706	靈感蜜酒	ひらめきの蜂蜜酒
12390001707	无尽金环	無限の黄金リング
12390001707	無盡金環	無限の黄金リング
12390001708	勝利之劍	勝利の剣
12390001708	胜利之剑	勝利の剣
12390001709	临别赠礼	餞別の贈り物
12390001709	臨別贈禮	餞別の贈り物
12390001710	水果皮帽	フルーツピールハット
12390001711	面包纸袋帽	ブレッドバッグハット
12390001711	麵包紙袋帽	ブレッドバッグハット
12390001712	蛋壳帽	卵の殻
12390001712	蛋殼帽	卵の殻
12390001713	普隆德拉军帽	アーミーキャップ
12390001713	普隆德拉軍帽	アーミーキャップ
12390001714	魔法师帽	マジシャンの帽子
12390001714	魔法師帽	マジシャンの帽子
12390001715	學生帽	学生帽
12390001716	太阳眼镜	サングラス
12390001716	太陽眼鏡	サングラス
12390001717	眼罩	目隠し
12390001718	白胡须	白ひげ
12390001718	白鬍鬚	白ひげ
12390001719	雞喙	チキンビーク
12390001719	鸡喙	チキンビーク
12390001720	七彩大嘴鳥髮飾	グランペコのヘアアクセサリー
12390001720	七彩大嘴鸟发饰	グランペコのヘアアクセサリー
12390001721	兔耳发圈	うさ耳ヘアバンド
12390001721	兔耳髮圈	うさ耳ヘアバンド
12390001722	羽毛帽	フェザーボンネット
12390001723	防風皮革眼鏡	ゴーグル
12390001723	防风皮革眼镜	ゴーグル
12390001724	俏皮蕾丝小猫发带	遊び心あるレース猫カチューシャ
12390001724	俏皮蕾絲小貓髮帶	遊び心あるレース猫カチューシャ
12390001725	懒洋洋的猫	たれ猫
12390001725	懶洋洋的貓	たれ猫
12390001726	护士帽	ナースキャップ
12390001726	護士帽	ナースキャップ
12390001727	小恶魔帽	デビルーチハット
12390001727	小惡魔帽	デビルーチハット
12390001728	苹果头饰	リンゴの帽子
12390001728	蘋果頭飾	リンゴの帽子
12390001729	戏剧帽子	シアターハット
12390001729	戲劇帽子	シアターハット
12390001730	香蕉帽	バナナハット
12390001731	先賢石盔	賢者の石の兜
12390001731	先贤石盔	賢者の石の兜
12390001732	黑猫耳朵	黒猫耳
12390001732	黑貓耳朵	黒猫耳
12390001733	急需治疗	緊急治療が必要です
12390001733	急需治療	緊急治療が必要です
12390001734	独眼龙眼罩	眼帯
12390001734	獨眼龍眼罩	眼帯
12390001735	旋轉眼鏡	スピニングアイズ
12390001735	旋转眼镜	スピニングアイズ
12390001736	笑脸面具	スマイリーマスク
12390001736	笑臉面具	スマイリーマスク
12390001737	紅暈	赤面
12390001737	红晕	赤面
12390001738	紅色小髮帶	小さなリボン
12390001738	红色小发带	小さなリボン
12390001739	愛心眼罩	かわいいアイマスク
12390001739	爱心眼罩	かわいいアイマスク
12390001740	小丑鼻子	クラウンの鼻
12390001741	甜甜糖果	スイートキャンディ
12390001742	草叶	ロマンティックリーフ
12390001742	草葉	ロマンティックリーフ
12390001743	幸运草	ラッキークローバー
12390001743	幸運草	ラッキークローバー
12390001744	吐司	トースト
12390001745	小孩奶嘴	赤ちゃんのおしゃぶり
12390001746	紅色面罩	炎のスカーフ
12390001746	红色面罩	炎のスカーフ
12390001747	毛毛尾巴	ふわふわしっぽ
12390001748	老旧电视机	古いテレビ
12390001748	老舊電視機	古いテレビ
12390001749	伟大航路	大航海
12390001749	偉大航路	大航海
12390001750	学生书包	学生バックパック
12390001750	學生書包	学生バックパック
12390001751	天使发圈	エンジェルウィング
12390001751	天使髮圈	エンジェルウィング
12390001752	黃金帽	黄金の頭飾り
12390001752	黄金帽	黄金の頭飾り
12390001753	恶魔发圈	悪魔の羽
12390001753	惡魔髮圈	悪魔の羽
12390001754	兽人英雄的头具	オークヒーローの兜
12390001754	獸人英雄的頭具	オークヒーローの兜
12390001755	后冠	ティアラ
12390001756	領導者頭箍	グランドサークレット
12390001756	领导者头箍	グランドサークレット
12390001757	海盗船长帽	海賊船長の帽子
12390001757	海盜船長帽	海賊船長の帽子
12390001758	黃金冠冕	黄金の宝冠
12390001758	黄金冠冕	黄金の宝冠
12390001759	王冠	クラウン
12390001760	人面狮身帽	スフィンクスの帽子
12390001760	人面獅身帽	スフィンクスの帽子
12390001761	尖角发圈	尖った角のヘアバンド
12390001761	尖角髮圈	尖った角のヘアバンド
12390001762	首領冠冕	ジュエルクラウン
12390001762	首领冠冕	ジュエルクラウン
12390001763	山羊头盔	雄大なヤギ
12390001763	山羊頭盔	雄大なヤギ
12390001764	月夜猫帽子	月夜花の帽子
12390001764	月夜貓帽子	月夜花の帽子
12390001765	吸血鬼发夹	ヴァンパイアヘアピン
12390001765	吸血鬼髮夾	ヴァンパイアヘアピン
12390001766	海星发夹	ヒトデのヘアピン
12390001766	海星髮夾	ヒトデのヘアピン
12390001767	太阳神头盔	太陽神の兜
12390001767	太陽神頭盔	太陽神の兜
12390001768	粪便帽	プープーハット
12390001768	糞便帽	プープーハット
12390001769	狐狸假面	キツネの仮面
12390001770	暗夜荆棘	ナイトソーン
12390001770	暗夜荊棘	ナイトソーン
12390001771	符文之冕	ルーンクラウン
12390001772	整人面具	いたずらマスク
12390001773	哥布灵首领假面	ゴブリンリーダーマスク
12390001773	哥布靈首領假面	ゴブリンリーダーマスク
12390001774	恶魔翅膀耳饰	邪悪な翼の耳
12390001774	惡魔翅膀耳飾	邪悪な翼の耳
12390001775	天使翅膀耳飾	天使の羽イヤリング
12390001775	天使翅膀耳饰	天使の羽イヤリング
12390001776	愤怒的嘴	怒ったうなり声
12390001776	憤怒的嘴	怒ったうなり声
12390001777	烟斗	パイプ
12390001777	菸斗	パイプ
12390001778	叼在嘴裡的魚	口の中の魚
12390001778	叼在嘴里的鱼	口の中の魚
12390001779	繁花精灵	ブロッサムスプライト
12390001779	繁花精靈	ブロッサムスプライト
12390001780	时空之轮	時の輪
12390001780	時空之輪	時の輪
12390001781	死神鐮刀	死神の大鎌
12390001781	死神镰刀	死神の大鎌
12390001782	疯狂兔宝宝	クレイジーベビーバニー
12390001782	瘋狂兔寶寶	クレイジーベビーバニー
12390001783	疯兔家族气球	クレイジーバニーファミリーバルーン
12390001783	瘋兔家族氣球	クレイジーバニーファミリーバルーン
12390001784	巨型蝴蝶結圍巾	ジャイアントボウスカーフ
12390001784	巨型蝴蝶结围巾	ジャイアントボウスカーフ
12390001785	灼世之羽·金乌	世界を焦がす羽・金烏
12390001785	灼世之羽ᆞ金烏	世界を焦がす羽・金烏
12390001786	灼世之羽	ワールドスコーチフェザー
12390001787	灼世之羽·焚翼	ワールドスコーチフェザー：バーニングウィング
12390001787	灼世之羽ᆞ焚翼	ワールドスコーチフェザー：バーニングウィング
12390001788	灼世之羽·烬灰	ワールドスコーチフェザー：灰燼
12390001788	灼世之羽ᆞ燼灰	ワールドスコーチフェザー：灰燼
12390001789	甜心茶会·舒芙蕾	スイートハート・ティーパーティ・スフレ
12390001789	甜心茶會ᆞ舒芙蕾	スイートハート・ティーパーティ・スフレ
12390001790	甜心茶会	スイートハート・ティーパーティ
12390001790	甜心茶會	スイートハート・ティーパーティ
12390001791	邦尼的午后	ボニーの午後
12390001791	邦尼的午後	ボニーの午後
12390001792	猫咪尾巴	キティテール
12390001792	貓咪尾巴	キティテール
12390001793	草莓馬卡龍	ストロベリーマカロン
12390001793	草莓马卡龙	ストロベリーマカロン
12390001794	甜蜜圆舞曲	スイートワルツ
12390001794	甜蜜圓舞曲	スイートワルツ
12390001795	暗夜审判·假面	夜の審判・マスク
12390001795	暗夜審判ᆞ假面	夜の審判・マスク
12390001796	暗夜审判-假面	夜の審判 - マスク
12390001796	暗夜審判－假面	夜の審判 - マスク
12390001797	暗夜审判	夜の審判
12390001797	暗夜審判	夜の審判
12390001798	銀翼聖約－秩序	シルバーウィングの盟約・秩序
12390001798	银翼圣约-秩序	シルバーウィングの盟約・秩序
12390001799	銀翼聖約－戒律	シルバーウィングの盟約 - 規律
12390001799	银翼圣约-戒律	シルバーウィングの盟約 - 規律
12390001800	九色梵音·风华	九音真言・優雅
12390001800	九色梵音ᆞ風華	九音真言・優雅
12390001801	銀翼聖約	シルバーウィングの盟約
12390001801	银翼圣约	シルバーウィングの盟約
12390001802	九色梵音	九音真言
12390001803	銀翼聖約－真理	シルバーウィングの盟約・真実
12390001803	银翼圣约-真理	シルバーウィングの盟約・真実
12390001804	銀翼聖約－禱言	シルバーウィングの盟約 - 祈り
12390001804	银翼圣约-祷言	シルバーウィングの盟約 - 祈り
12390001805	九色梵音·霓裳	九音真言：虹の衣
12390001805	九色梵音ᆞ霓裳	九音真言：虹の衣
12390001806	九色梵音·飞天	九彩の聖なる旋律・天女
12390001806	九色梵音ᆞ飛天	九彩の聖なる旋律・天女
12390001807	晚宴之約ᆞ輕盈	宴会招待・ライト
12390001807	晚宴之约·轻盈	宴会招待・ライト
12390001808	晚宴之約	ディナーデート
12390001808	晚宴之约	ディナーデート
12390001809	午后漫步·暖阳	午後の散歩・暖かな陽射し
12390001809	午後漫步ᆞ暖陽	午後の散歩・暖かな陽射し
12390001810	午后漫步	午後の散歩
12390001810	午後漫步	午後の散歩
12390001811	学园日记·课间	アカデミー日誌：休み時間
12390001811	學園日記ᆞ課間	アカデミー日誌：休み時間
12390001812	学园日记	アカデミー日誌
12390001812	學園日記	アカデミー日誌
12390001813	游戏的主人	ゲームの達人
12390001813	遊戲的主人	ゲームの達人
12390001814	喵喵出擊	キティのチャージ
12390001814	喵喵的出击	キティのチャージ
10110200000	天使之賜福	ブレス
10110200000	天使之赐福	ブレス
10110200001	天使之光	シグナム・クルシス
10110200002	光猎	ルワッハ
10110200002	光獵	ルワッハ
10110200003	治愈术	ヒール
10110200003	治癒術	ヒール
10110200004	加速术	速度増加
10110200004	加速術	速度増加
10110200005	神圣之光	ホーリーライト
10110200005	神聖之光	ホーリーライト
10110200006	天使之击	エンジェルストライク
10110200006	天使之擊	エンジェルストライク
10110200007	天使之护	天使の加護
10110200007	天使之護	天使の加護
10110200008	治疗术	治癒スキル
10110200008	治療術	治癒スキル
10110200009	天使之障壁	アンジェラス
10110200010	緩速術	減速
10110200010	缓速术	減速
10110200011	光之障壁	プネウマ
10110200012	临时复活术	一時復活
10110200012	臨時復活術	一時復活
10110200013	鈍器熟練度	メイスマスタリー
10110200013	钝器熟练度	メイスマスタリー
10110200014	天使之怒	レックス・エテルナ
10110200015	禅心	SP回復量増加
10110200015	禪心	SP回復量増加
10110200016	痊愈术	回復
10110200016	痊癒術	回復
10110200017	圣母之颂歌	マニフィカト
10110200017	聖母之頌歌	マニフィカト
10110200018	幸运之颂歌	グロリア
10110200018	幸運之頌歌	グロリア
10110200019	十字驅魔攻擊	マグヌスエクソシズム
10110200019	十字驱魔攻击	マグヌスエクソシズム
10110200020	复活术	リザレクション
10110200020	復活術	リザレクション
10110200021	撒水祈福	アスペルシオ
10110200022	光耀之堂	サンクチュアリ
10110200023	霸邪之阵	キリエエレイソン
10110200023	霸邪之陣	キリエエレイソン
10110200024	轉生術	ターンアンデッド
10110200024	转生术	ターンアンデッド
10110200025	神威祈福	イムポシティオマヌス
10110200026	沉默之术	レックス・ディヴィナ
10110200026	沉默之術	レックス・ディヴィナ
10110200027	暗之障壁	セイフティウォール
10110200028	牺牲祈福	サフラギウム
10110200028	犧牲祈福	サフラギウム
10110200029	圣母之祈福	アサンプティオ
10110200029	聖母之祈福	アサンプティオ
10110200030	冥想	メディタティオ
10110200031	魔力减免	マナリチャージ
10110200031	魔力減免	マナリチャージ
10110200032	神圣殿堂	バシリカ
10110200032	神聖殿堂	バシリカ
10110200033	秘术精通	アーケインマスタリー
10110200033	秘術精通	アーケインマスタリー
10110200034	耀光轉生	輝く復活
10110200034	耀光转生	輝く復活
10110200035	圣十字惩戒	ホーリークロスジャッジメント
10110200035	聖十字懲戒	ホーリークロスジャッジメント
10110200036	轉生術【額外觸發】	ターンアンデッド【追加発動】
10110200036	转生术【额外触发】	ターンアンデッド【追加発動】
10110200037	耀光圣庭	輝けるサンクチュアリ
10110200037	耀光聖庭	輝けるサンクチュアリ
10110200038	神光打击	ディバインライトストライク
10110200038	神光打擊	ディバインライトストライク
10110200039	圣光钝击	ホーリーライトブロウ
10110200039	聖光鈍擊	ホーリーライトブロウ
10110200040	圣光转生	ホーリーライトリザレクション
10110200040	聖光轉生	ホーリーライトリザレクション
10110200041	净耀光环	浄化の光オービット
10110200041	淨耀光環	浄化の光オービット
10110200042	神圣治愈	セイクリッドディバインライト
10110200042	神聖治癒	セイクリッドディバインライト
10110200043	高阶治愈术	ハイネスヒール
10110200043	高階治癒術	ハイネスヒール
10110200044	羔羊歌頌	子羊の賛歌
10110200044	羔羊颂歌	子羊の賛歌
10110200045	灿烂圣光	輝けるホーリーライト
10110200045	燦爛聖光	輝けるホーリーライト
10110200046	圣洁百合	セイクリッドリリー
10110200046	聖潔百合	セイクリッドリリー
10110200047	圣灵降临祈祷	聖霊の祈り
10110200047	聖靈降臨祈禱	聖霊の祈り
10110200048	感恩祈祷	感謝の祈り
10110200048	感恩祈禱	感謝の祈り
10110200049	树灵加护	ウッドスピリットの加護
10110200049	樹靈加護	ウッドスピリットの加護
10110200050	重生	リスポーン
10110200051	审判	ジュデックス
10110200051	審判	ジュデックス
10110200052	謳歌	ホーリーレコニング
10110200052	讴歌	ホーリーレコニング
10110200053	二道圣光	ダブルホーリーライト
10110200053	二道聖光	ダブルホーリーライト
10110200054	圣灵涌现	ホーリースピリットサージ
10110200054	聖靈湧現	ホーリースピリットサージ
10110200055	天罚	ディバインリトリビューション
10110200055	天罰	ディバインリトリビューション
10110200056	圣痕	ホーリースティグマ
10110200056	聖痕	ホーリースティグマ
10110200057	奉献颂歌	献身の賛歌
10110200057	奉獻頌歌	献身の賛歌
10110200058	二道圣光：物理	ダブルホーリーライト：物理
10110200058	二道聖光：物理	ダブルホーリーライト：物理
10110200059	二道圣光：魔法	ダブルホーリーライト：魔法
10110200059	二道聖光：魔法	ダブルホーリーライト：魔法
10110200060	打开	開く
10110200060	打開	開く
10110200061	低价买进	ディスカウント
10110200061	低價買進	ディスカウント
10110200062	高价卖出	オーバーチャージ
10110200062	高價賣出	オーバーチャージ
10110200063	手推車使用	カート使用
10110200063	手推车使用	カート使用
10110200064	改装手推车	カート改造
10110200064	改裝手推車	カート改造
10110200065	露天商店	露店
10110200066	手推車攻擊	カートレボリューション
10110200066	手推车攻击	カートレボリューション
10110200067	金錢攻擊	メマーナイト
10110200067	金钱攻击	メマーナイト
10110200068	大声呐喊	クレイジーアップロア
10110200068	大聲吶喊	クレイジーアップロア
10110200069	金錢投擲	お金を投げる
10110200069	金钱投掷	お金を投げる
10110200070	火药投掷	火薬投げ
10110200070	火藥投擲	火薬投げ
10110200071	武器保有	ヒルトバインディング
10110200073	強化火屬性	スキンテンパリング
10110200073	强化火属性	スキンテンパリング
10110200074	大地之击	ハンマーフォール
10110200074	大地之擊	ハンマーフォール
10110200075	速度激发	アドレナリンラッシュ
10110200075	速度激發	アドレナリンラッシュ
10110200076	凶砍	パワースラスト
10110200077	武器值最大化	マキシマイズパワー
10110200078	大地之刺	アーススパイク
10110200079	手推車加速	カートブースト
10110200079	手推车加速	カートブースト
10110200080	手推車終結技	ハイスピードカートラム
10110200080	手推车终结技	ハイスピードカートラム
10110200081	手推車終結技－強化	ハイスピードカートラム - 強化
10110200081	手推车终结技-强化	ハイスピードカートラム - 強化
10110200082	野蛮凶砍	メルトダウン
10110200082	野蠻凶砍	メルトダウン
10110200083	凶砍最大值	オーバートラストマックス
10110200084	爆裂一击	爆裂攻撃
10110200084	爆裂一擊	爆裂攻撃
10110200085	手推車衝撞	カートクラッシュ
10110200085	手推车冲撞	カートクラッシュ
10110200086	火和大地研究	火・地属性研究
10110200086	火與大地研究	火・地属性研究
10110200087	斧头修炼	アックスマスタリー
10110200087	斧頭鍛鍊	アックスマスタリー
10110200088	应急处理	応急手当
10110200088	應急處理	応急手当
10110200089	战斧飓风	アックストルネード
10110200089	戰斧颶風	アックストルネード
10110200090	战斧飓风-强化	アックストルネード - 強化
10110200090	戰斧颶風－強化	アックストルネード - 強化
10110200091	挥斧重击	ヘビーアックススマッシュ
10110200091	揮斧重擊	ヘビーアックススマッシュ
10110200092	回旋飞斧	スピニングアックス
10110200092	迴旋斧	スピニングアックス
10110200093	強力衝擊	高エネルギーインパクト
10110200093	高能冲击	高エネルギーインパクト
10110200094	孤月斩轮	三日月ホイール
10110200094	孤月斬輪	三日月ホイール
10110200095	魔导机甲驾驶执照	魔導ギアパイロット
10110200095	魔導機甲執照	魔導ギアパイロット
10110200096	喷射飞拳	ナックルブースト
10110200096	噴射飛拳	ナックルブースト
10110200097	加农炮	アームキャノン
10110200097	加農砲	アームキャノン
10110200098	加农炮-强化	アームキャノン - 強化
10110200098	加農砲－強化	アームキャノン - 強化
10110200099	火神炮	バルカンアーム
10110200099	火神砲	バルカンアーム
10110200100	冲击锥	パイルバンカー
10110200100	衝擊椎	パイルバンカー
10110200101	火焰喷射	フレイムランチャー
10110200101	火焰噴射器	フレイムランチャー
10110200102	高速推进	高速推進
10110200103	能量释放	エネルギー放出
10110200103	能量釋放	エネルギー放出
10110200104	高空轟炸	空中砲撃
10110200104	高空轰炸	空中砲撃
10110200105	高能脈衝	高エネルギーパルス
10110200105	高能脉冲	高エネルギーパルス
10110200106	动能战斧装配	キネティックバトルアックス組立
10110200106	動能戰斧裝配	キネティックバトルアックス組立
10110200107	高速移动	ファストトラベル
10110200108	取回仪器	楽器を回収
10110200108	取回儀器	楽器を回収
10110200109	騎乘	騎乗
10110200109	骑乘	騎乗
10110200118	投入火種	燃える石炭を投げる
10110200118	投火种	燃える石炭を投げる
10110200119	投助燃剂	促進剤を投げる
10110200119	投擲助燃劑	促進剤を投げる
10110200120	採集火種	生きた炭を集める
10110200120	采集火种	生きた炭を集める
10110200121	怪物果	モンスターフルーツ
10110200121	魔物果	モンスターフルーツ
10110200122	原初怪物果	原初のモンスターフルーツ
10110200122	原初魔物果	原初のモンスターフルーツ
10110200123	波波利分裂	ポポリンスプリット
10110200124	土波利分裂	アースポリン分裂
10110200125	冰波利分裂	マリンスプリット
10110200126	地鼠传送	モグラテレポート
10110200126	地鼠傳送	モグラテレポート
10110200127	採集	収集
10110200127	采集	収集
10110200128	取消变身	変身を解除
10110200128	取消變身	変身を解除
10110200130	变大	拡大
10110200130	變大	拡大
10110200131	变小	シュリンク
10110200131	縮小	シュリンク
10110200132	牵红线	赤い糸でリンク
10110200132	牽紅線	赤い糸でリンク
10110200133	狂击	バッシュ
10110200133	狂擊	バッシュ
10110200134	雷鳴術	ユピテルサンダー
10110200134	雷鸣术	ユピテルサンダー
10110200135	普通攻击	通常攻撃
10110200135	普通攻擊	通常攻撃
10110200136	扣SP	SP減少
10110200136	扣蓝	SP減少
10110200137	伪装	変装
10110200137	偽裝	変装
10110200138	怒爆	マグナムブレイク
10110200139	施毒	インベナム
10110200140	火狩	サイト
10110200141	潛擊	サイトレス・マインド
10110200141	潜击	サイトレス・マインド
10110200142	魔法吸收-卡片	魔法吸収 - カード
10110200142	魔法吸收－卡片	魔法吸収 - カード
10110200143	溅射-卡片	スプラッシュ - カード
10110200143	濺射－卡片	スプラッシュ - カード
10110200144	魔法反射-卡片	魔法反射 - カード
10110200144	魔法反射－卡片	魔法反射 - カード
10110200145	物理反射-卡片	物理反射 - カード
10110200145	物理反射－卡片	物理反射 - カード
10110200146	矛系使用熟練度	スピアマスタリー
10110200146	矛系熟练度	スピアマスタリー
10110200147	矛攻速增加	槍攻撃速度増加
10110200148	騎乘術	騎乗
10110200148	骑乘术	騎乗
10110200149	自动防御	オートガード
10110200149	自動防禦	オートガード
10110200150	盾击	スマイト
10110200150	盾擊	スマイト
10110200151	反射盾	シールドリフレクト
10110200152	圣十字攻击	ホーリークロス
10110200152	聖十字攻擊	ホーリークロス
10110200153	圣十字审判	グランドクロス
10110200153	聖十字審判	グランドクロス
10110200154	牺牲	ディボーション
10110200154	犧牲	ディボーション
10110200155	神佑之光	プロビデンス
10110200155	神祐之光	プロビデンス
10110200156	光之盾	ディフェンスオーラ
10110200157	退縮	反動
10110200157	退缩	反動
10110200158	信任	フェイス
10110200159	回旋盾击	シールドブーメラン
10110200159	迴旋盾擊	シールドブーメラン
10110200160	反射盾反击	シールドリフレクト・オートカウンター
10110200160	反射盾反擊	シールドリフレクト・オートカウンター
10110200161	退縮反擊	リコイルオートカウンター
10110200161	退缩反击	リコイルオートカウンター
10110200162	怪物抵御	モンスター耐性
10110200162	魔物抵禦	モンスター耐性
10110200163	十字爆破	クロスブラスト
10110200164	十字突刺	クロススラスト
10110200165	絕對審判	アブソリュート・ジュデックス
10110200165	绝对审判	アブソリュート・ジュデックス
10110200166	回旋盾连击	シールドブーメランコンボ
10110200166	迴旋盾連擊	シールドブーメランコンボ
10110200167	双倍威压	ダブルプレッシャー
10110200167	雙倍威壓	ダブルプレッシャー
10110200168	神之威压	グロリア・ドミニ
10110200168	神之威壓	グロリア・ドミニ
10110200169	神之惩戒	神罰
10110200169	神之懲戒	神罰
10110200170	连续盾追击	シールド追撃
10110200170	連續盾追擊	シールド追撃
10110200171	连续盾击	シールドチェイン
10110200171	連續盾擊	シールドチェイン
10110200172	捨命攻擊	サクリファイス
10110200172	舍命攻击	サクリファイス
10110200173	圣音	ゴスペル
10110200173	聖音	ゴスペル
10110200174	生命源泉	生命の泉
10110200175	光之紋章	光の紋章
10110200175	光之纹章	光の紋章
10110200176	进阶怪物抵御	上級モンスター耐性
10110200176	進階怪物抵禦	上級モンスター耐性
10110200177	驅逐點刺	バニシングスラスト
10110200177	驱逐点刺	バニシングスラスト
10110200178	重炮枪击	ヘビーキャノンショット
10110200178	重砲槍擊	ヘビーキャノンショット
10110200179	精准穿刺	ピンポイントアタック
10110200179	精準穿刺	ピンポイントアタック
10110200180	枪阵-血十字	スピアフォーメーション - ブラッドクロス
10110200180	槍陣-血十字	スピアフォーメーション - ブラッドクロス
10110200181	枪阵-圆月	ムーンスラッシャー
10110200181	槍陣-圓月	ムーンスラッシャー
10110200182	蓄势待发	スナイピングショット
10110200182	蓄勢待發	スナイピングショット
10110200183	黃昏之光	トワイライト
10110200183	黄昏之光	トワイライト
10110200184	盾牌压制	シールドプレス
10110200184	盾牌壓制	シールドプレス
10110200185	荆棘光环	ダメージ反射
10110200185	荊棘光環	ダメージ反射
10110200186	盾牌咏唱	シールドキャスト
10110200186	盾牌詠唱	シールドキャスト
10110200187	圣光压制	ホーリーライトサプレッション
10110200187	聖光壓制	ホーリーライトサプレッション
10110200188	大地猛击	アースドライブ
10110200188	大地猛擊	アースドライブ
10110200189	王之守护	キングス・グレース
10110200189	王之守護	キングス・グレース
10110200190	架盾防御	シールド防御
10110200190	架盾防禦	シールド防御
10110200191	联合	ユニオン
10110200191	聯合	ユニオン
10110200192	虔誠	パイエティ
10110200192	虔诚	パイエティ
10110200193	圣灵感应	ディバインインサイト
10110200193	聖靈感應	ディバインインサイト
10110200194	荆棘	トゲ
10110200194	荊棘	トゲ
10110200195	护盾破碎	シールドブレイク
10110200195	護盾破碎	シールドブレイク
10110200196	荆棘光环被动	ダメージ反射パッシブ
10110200196	荊棘光環被動	ダメージ反射パッシブ
10110200197	長槍反擊	スピアオートカウンター
10110200197	长枪反击	スピアオートカウンター
10110200198	蓄势一击	チャージアップストライク
10110200198	蓄勢一擊	チャージアップストライク
10110200199	盾击强化	シールドバッシュ強化
10110200199	盾擊強化	シールドバッシュ強化
10110200200	无畏冲锋	恐れなき突撃
10110200200	無畏衝鋒	恐れなき突撃
10110200201	翻天覆地	アースシェイカー
10110200202	枪阵-旋月	槍陣 - 三日月
10110200202	槍陣-旋月	槍陣 - 三日月
10110200203	強力盾擊	パワフルシールドバッシュ
10110200203	强力盾击	パワフルシールドバッシュ
10110200204	超強力盾擊	ウルトラシールドバッシュ
10110200204	超强力盾击	ウルトラシールドバッシュ
10110200205	高阶怪物抵御	上級モンスター耐性
10110200205	高階怪物抵禦	上級モンスター耐性
10110200206	盾牌格挡	シールドブロック
10110200206	盾牌格擋	シールドブロック
10110200207	盾牌反击	シールドオートカウンター
10110200207	盾牌反擊	シールドオートカウンター
10110200208	強力反擊	強力オートカウンター
10110200208	强力反击	強力オートカウンター
10110200209	格挡受击	ブロックインパクト
10110200209	格擋受擊	ブロックインパクト
10110200210	测试技能@{1}	テストスキル@{1}
10110200210	測試技能@{1}	テストスキル@{1}
10110200211	测试技能@{1}*	テストスキル@{1}*
10110200211	測試技能@{1}*	テストスキル@{1}*
10110200212	立体空间	空間次元
10110200212	立體空間	空間次元
10110200213	弹射空间	跳弾の次元
10110200213	彈射空間	跳弾の次元
10110200214	火焰冲击	フレイムサージ
10110200214	火焰衝擊	フレイムサージ
10110200215	冰冻空间	氷結の次元
10110200215	冰凍空間	氷結の次元
10110200216	石化空間（未投放）	石化ディメンション（未実装）
10110200216	石化空间（未投放）	石化ディメンション（未実装）
10110200217	睡眠空間	スリープディメンション
10110200217	睡眠空间	スリープディメンション
10110200218	沉默空間	沈黙の次元
10110200218	沉默空间	沈黙の次元
10110200219	定身空間	移動不能ディメンション
10110200219	定身空间	移動不能ディメンション
10110200220	黑暗空間	闇の次元
10110200220	黑暗空间	闇の次元
10110200221	捕猎陷阱	ハンティングトラップ
10110200221	捕獵陷阱	ハンティングトラップ
10110200222	火焰空間（未投放）	フレイムディメンション（未実装）
10110200222	火焰空间（未投放）	フレイムディメンション（未実装）
10110200223	迟滞空间	スローディメンション
10110200223	遲滯空間	スローディメンション
10110200224	猎鹰巡查	ファルコンパトロール
10110200224	獵鷹巡查	ファルコンパトロール
10110200225	创造自动贩卖车	露店カートを作成
10110200225	創造自動販賣車	露店カートを作成
10110200226	创造救护车	救護車を作成
10110200226	創造救護車	救護車を作成
10110200227	伪装空间（未投放）	クロークディメンション（未実装）
10110200227	偽裝空間（未投放）	クロークディメンション（未実装）
10110200228	刺客普攻	アサシン通常攻撃
10110200229	暗影步	シャドウステップ
10110200230	心灵震波	ソウルブレイカー
10110200230	心靈震波	ソウルブレイカー
10110200231	伪装强化	強化クローキング
10110200231	偽裝強化	強化クローキング
10110200232	黑暗瞬間	メテオアサルト
10110200232	黑暗瞬间	メテオアサルト
10110200233	回旋刀刃	ローリングカッター
10110200233	迴旋刀刃	ローリングカッター
10110200234	黑色幻影	ダークイリュージョン
10110200235	恶灵威胁	悪霊の脅威
10110200235	惡靈威脅	悪霊の脅威
10110200236	音速切割	ソニックスラッシュ
10110200237	裂空冲击	リフトインパクト
10110200237	裂空衝擊	リフトインパクト
10110200238	斩劈挥砍	クリービングスラッシュ
10110200238	斬劈揮砍	クリービングスラッシュ
10110200239	幻象突刺	ファントムスラスト
10110200240	百矛穿刺	レインオブスピア
10110200241	法师普攻	マジシャン通常攻撃
10110200241	法師普攻	マジシャン通常攻撃
10110200242	元素漩涡	テトラ ボルテックス
10110200242	元素漩渦	テトラ ボルテックス
10110200243	破坏彗星	コメット
10110200243	破壞彗星	コメット
10110200244	霹雳雷霆	雷鳴
10110200244	霹靂雷霆	雷鳴
10110200245	深紅隕石	クリムゾンロック
10110200245	深红陨石	クリムゾンロック
10110200246	毀滅烈焰（廢棄）	破壊の炎（廃止予定）
10110200246	毁灭烈焰（废弃）	破壊の炎（廃止予定）
10110200247	石化詛咒（廢棄）	石化の呪い（廃止予定）
10110200247	石化诅咒（废弃）	石化の呪い（廃止予定）
10110200248	霜冻爆破	ジャックフロスト
10110200248	霜凍爆破	ジャックフロスト
10110200249	冰雾	アイスフォグ
10110200249	冰霧	アイスフォグ
10110200250	大地扭曲	アースストレイン
10110200251	重力原野	グラビテーションフィールド
10110200252	念力连击	ナパームバルカン
10110200252	念力連擊	ナパームバルカン
10110200253	牧师普攻	プリースト通常攻撃
10110200253	祭司普攻	プリースト通常攻撃
10110200254	圣灵降临祈祷(废弃)	聖霊降臨の祈り（廃止予定）
10110200254	聖靈降臨祈禱(廢棄)	聖霊降臨の祈り（廃止予定）
10110200255	圣痕(废弃)	スティグマ（廃止予定）
10110200255	聖痕(廢棄)	スティグマ（廃止予定）
10110200256	天罚(废弃)	ディバインリトリビューション（廃止予定）
10110200256	天罰(廢棄)	ディバインリトリビューション（廃止予定）
10110200257	謳歌(廢棄)	ホーリーレコニング（廃止予定）
10110200257	讴歌(废弃)	ホーリーレコニング（廃止予定）
10110200258	弓箭攻击	アローアタック
10110200258	弓箭攻擊	アローアタック
10110200259	冲锋箭	チャージアロー
10110200259	衝鋒箭	チャージアロー
10110200260	箭雨風暴	アローストーム
10110200260	箭雨风暴	アローストーム
10110200261	猎鹰寻敌	探知中
10110200261	獵鷹尋敵	探知中
10110200262	千星逐月	千の星が月を追う
10110200263	定位陷阱	アンクルスネア
10110200264	強光陷阱	フラッシャー
10110200264	强光陷阱	フラッシャー
10110200265	瞄准射击	集中アローストライク
10110200265	瞄準射擊	集中アローストライク
10110200266	加农炮强化	アームキャノン強化
10110200266	加農砲強化	アームキャノン強化
10110200267	喷射飞拳（废弃）	ナックルブースト（廃止予定）
10110200267	噴射飛拳（廢棄）	ナックルブースト（廃止予定）
10110200268	极速回复	テンション・リラックス
10110200268	極速恢復	テンション・リラックス
10110200269	群体霸体	範囲耐久
10110200269	群體霸體	範囲耐久
10110200270	怒雷強擊	ロードオブヴァーミリオン
10110200270	怒雷强击	ロードオブヴァーミリオン
10110200271	暴風雪	ストームガスト
10110200271	暴风雪	ストームガスト
10110200272	風之步	ウィンドウォーカー
10110200272	风之步	ウィンドウォーカー
10110200273	猎鹰之眼	ファルコンズアイ
10110200273	獵鷹之眼	ファルコンズアイ
10110200274	后退回避	バックスライド
10110200274	後退迴避	バックスライド
10110200275	躲猫猫	かくれんぼ
10110200275	躲貓貓	かくれんぼ
10110200277	風遁－龍捲風	風属性 - トルネード
10110200277	风遁-龙卷风	風属性 - トルネード
10110200278	土遁-钻地	地属性 - 潜行
10110200278	土遁－鑽地	地属性 - 潜行
10110200279	体术-倍化术	体術 - 拡張
10110200279	體術－倍化術	体術 - 拡張
10110200280	火遁-火焰喷射	火遁 - 火炎噴射
10110200280	火遁－火焰噴射	火遁 - 火炎噴射
10110200281	雷遁-天雷滚滚	雷遁 - ローリングサンダー
10110200281	雷遁－天雷滾滾	雷遁 - ローリングサンダー
10110200282	風遁－季風	風属性 - モンスーン
10110200282	风遁-季风	風属性 - モンスーン
10110200283	嘴遁-季风	トークスタイル - モンスーン
10110200283	嘴遁－季風	トークスタイル - モンスーン
10110200284	雷遁-天雷滚滚（实际伤害）	雷遁 - ローリングサンダー（実ダメージ）
10110200284	雷遁－天雷滾滾（實際傷害）	雷遁 - ローリングサンダー（実ダメージ）
10110200285	倍化术判断	拡張術チェック
10110200285	倍化術判定	拡張術チェック
10110200286	身份牌复活	身分証カード復活
10110200286	身份牌復活	身分証カード復活
10110200287	波利魔术	ポリンマジック
10110200287	波利魔術	ポリンマジック
10110200288	演出結束	パフォーマンス終了
10110200288	演出结束	パフォーマンス終了
10110200289	第二个表情	2番目のエモート
10110200289	第二個表情	2番目のエモート
10110200290	飛行魔法	フライングマジック
10110200290	飞行魔法	フライングマジック
10110200291	传送魔法	テレポーテーション
10110200291	傳送魔法	テレポーテーション
10110200292	乒乓波利	ピンポンポリン
10110200292	桌球波利	ピンポンポリン
10110200293	波利回击	ポリンカウンター
10110200293	波利回擊	ポリンカウンター
10110200294	掷出车辆	投擲車両
10110200294	擲出車輛	投擲車両
10110200295	拾取	拾う
10110200296	急速飛馳	高速運転
10110200296	急速飞驰	高速運転
10110200297	卸下	解除
10110200298	車載隱形	車両ステルス
10110200298	车载隐形	車両ステルス
10110200299	車載護盾	搭乗物シールド
10110200299	车载护盾	搭乗物シールド
10110200300	車載爆破裝置	車両爆発装置
10110200300	车载爆破装置	車両爆発装置
10110200301	区域探测	範囲検知
10110200301	區域探測	範囲検知
10110200302	群体传送	グループワープ
10110200302	群體傳送	グループワープ
10110200303	冲锋	突撃
10110200303	衝鋒	突撃
10110200304	号令	コマンド
10110200304	號令	コマンド
10110200305	鏢車爆炸	護送カート爆発
10110200305	镖车爆炸	護送カート爆発
10110200306	交付烟花	花火を届ける
10110200306	交付煙火	花火を届ける
10110200307	灵魂爆发	ソウルエクスパンション
10110200307	靈魂爆發	ソウルエクスパンション
10110200308	白色监狱	ホワイトインプリズン
10110200308	白色監獄	ホワイトインプリズン
10110200309	強念傳動	インテンス・テレキネシス
10110200309	强念传动	インテンス・テレキネシス
10110200310	灵魂爆发(复制)	ソウルエクスパンション（コピー）
10110200310	靈魂爆發（複製）	ソウルエクスパンション（コピー）
10110200311	念力精通	サイキックマスタリー
10110200312	引力冲击	重力衝撃
10110200312	引力衝擊	重力衝撃
10110200313	念动星体	念動アストラルボディ
10110200313	念動星體	念動アストラルボディ
10110200314	引力冲击(复制)	グラビテーショナルインパクト（コピー）
10110200314	引力衝擊（複製）	グラビテーショナルインパクト（コピー）
10110200315	設定藍方	ブルーチームを設定する
10110200315	设置蓝方	ブルーチームを設定する
10110200316	設定紅方	レッドチームを設定する
10110200316	设置红方	レッドチームを設定する
10110200317	光明庇护	光の祝福
10110200317	光明庇護	光の祝福
10110200318	黑暗詛咒	闇の呪い
10110200318	黑暗诅咒	闇の呪い
10110200319	祝福之風	祝福の風
10110200319	祝福之风	祝福の風
10110200320	裂地之撼	大地を揺るがす裂け目
10110200321	烈焰風暴	フレイムストーム
10110200321	烈焰风暴	フレイムストーム
10110200322	怒浪浩劫	怒涛の大波
10110200323	水晶囚牢	クリスタルプリズン
10110200324	夺命烈刃	デッドリーフレイムブレード
10110200324	奪命烈刃	デッドリーフレイムブレード
10110200325	水之庇佑	水の祝福
10110200326	火之綻放	ブルーミングフレイム
10110200326	火之绽放	ブルーミングフレイム
10110200327	普攻	通常攻撃
10110200328	龍裔獻祭	竜族の生贄
10110200328	龙裔献祭	竜族の生贄
10110200329	炽热龙息	灼熱のドラゴンブレス
10110200329	熾熱龍息	灼熱のドラゴンブレス
10110200330	火焰浪潮	炎の波
10110200331	熔金龍息	溶金のドラゴンブレス
10110200331	熔金龙息	溶金のドラゴンブレス
10110200332	貪婪之怒	強欲の怒り
10110200332	贪婪之怒	強欲の怒り
10110200333	火焰连击	炎コンボ
10110200333	火焰連擊	炎コンボ
10110200334	俯冲轰炸-AOE	急降下爆撃 - AOE
10110200334	俯衝轟炸－範圍效果	急降下爆撃 - AOE
10110200335	火墙-AOE	ファイアウォール - AOE
10110200335	火牆－範圍效果	ファイアウォール - AOE
10110200336	盾牌-AOE	シールド - 範囲
10110200336	盾牌－範圍效果	シールド - 範囲
10110200337	法夫納－跳撲	ファフニール - 跳躍突進
10110200337	法夫纳-跳扑	ファフニール - 跳躍突進
10110200338	通用-自杀	汎用 - 自爆
10110200338	通用-自殺	汎用 - 自爆
10110200339	小龍普攻@{1}	幼竜通常攻撃@{1}
10110200339	小龙普攻@{1}	幼竜通常攻撃@{1}
10110200340	小龍吐火球	幼竜のファイアボール
10110200340	小龙吐火球	幼竜のファイアボール
10110200341	小龍衝撞	幼竜チャージ
10110200341	小龙冲撞	幼竜チャージ
10110200342	盾牌出场掉血@{1}%	シールド生成時HP -@{1}%
10110200342	盾牌出場損失@{1}%HP	シールド生成時HP -@{1}%
10110200343	小龍隨機普攻殼	幼竜ランダム通常攻撃ラッパー
10110200343	小龙随机普攻壳	幼竜ランダム通常攻撃ラッパー
10110200344	法夫納-火牆機制跳邊上	ファフニール - 火壁ギミック・端へジャンプ
10110200344	法夫纳-火墙机制跳边上	ファフニール - 火壁ギミック・端へジャンプ
10110200345	法夫納－召喚小龍機制跳中	ファフニール - 幼竜召喚ギミック・中央へジャンプ
10110200345	法夫纳-召唤小龙机制跳中	ファフニール - 幼竜召喚ギミック・中央へジャンプ
10110200346	法夫納-全螢幕火焰機制跳中	ファフニール - 全画面炎ギミック・中央へジャンプ
10110200346	法夫纳-全屏火焰机制跳中	ファフニール - 全画面炎ギミック・中央へジャンプ
10110200347	法夫納－絕招機制跳中	ファフニール - 奥義ギミック・中央へジャンプ
10110200347	法夫纳-终极大招机制跳中	ファフニール - 奥義ギミック・中央へジャンプ
10110200348	通用-出场掉血@{1}%	汎用 - 生成時HP減少@{1}%
10110200348	通用-出場掉血@{1}%	汎用 - 生成時HP減少@{1}%
10110200349	法夫納-巨龍吼叫（表演）	ファフニール - ドラゴンロア（演出）
10110200349	法夫纳-巨龙吼叫（表演）	ファフニール - ドラゴンロア（演出）
10110200350	俯冲喷火-警示圈	急降下ファイアブレス - 警告エリア
10110200350	俯衝噴火-警示圈	急降下ファイアブレス - 警告エリア
10110200351	法夫納－召喚盾牌	ファフニール - シールド召喚
10110200351	法夫纳-召唤盾牌	ファフニール - シールド召喚
10110200352	火墙-出生	ファイアウォール - スポーン
10110200352	火牆-出生	ファイアウォール - スポーン
10110200353	盾牌-出生	シールド - 出現
10110200353	盾牌－出生	シールド - 出現
10110200354	法夫納－召喚小龍	ファフニール - 幼竜召喚
10110200354	法夫纳-召唤小龙	ファフニール - 幼竜召喚
10110200355	給大龍加技能增傷BUFF	ドラゴンにスキルダメージバフを適用
10110200355	给大龙加技能增伤buff	ドラゴンにスキルダメージバフを適用
10110200356	火圈AOE	リング・オブ・ファイアAOE
10110200356	火圈範圍效果	リング・オブ・ファイアAOE
10110200357	火圈警示圈	火炎リング警告エリア
10110200357	火圈警示範圍	火炎リング警告エリア
10110200358	矩形火焰aoe@{1}	長方形炎範囲攻撃@{1}
10110200358	矩形火焰範圍攻擊@{1}	長方形炎範囲攻撃@{1}
10110200359	巨龍吼叫（表演）矩形範圍攻擊	ドラゴンロア（演出）長方形範囲攻撃
10110200359	巨龙吼叫（表演）矩形aoe	ドラゴンロア（演出）長方形範囲攻撃
10110200360	火龍檢查是否有小龍存活	ファイアドラゴン - 生存している幼竜を確認
10110200360	火龙检查有没有小龙存活	ファイアドラゴン - 生存している幼竜を確認
10110200362	回血	HP回復
10110200363	擊殺	討伐
10110200363	杀人	討伐
10110200365	挣扎	もがく
10110200365	掙扎	もがく
10110200366	全屏火前置起飞	全画面炎展開 - 離陸
10110200366	全螢幕火前置起飛	全画面炎展開 - 離陸
10110200367	全屏火前置蓄力	全画面炎設定 - チャージ
10110200367	全螢幕火前置蓄力	全画面炎設定 - チャージ
10110200368	捡起鳞片	ピックアップスケール
10110200368	撿起鱗片	ピックアップスケール
10110200369	丟棄鱗片	スケールを捨てる
10110200369	丢弃鳞片	スケールを捨てる
10110200370	建造盾墙	シールドウォールを構築
10110200370	建造盾牆	シールドウォールを構築
10110200371	搬运炮弹	砲弾を運ぶ
10110200371	搬運砲彈	砲弾を運ぶ
10110200372	修理炮台	修理タレット
10110200372	修理砲台	修理タレット
10110200373	战斗npc炮台施法技能（外壳）	戦闘NPCタレット詠唱スキル（砲弾）
10110200373	戰鬥NPC砲台施放技能（外殼）	戦闘NPCタレット詠唱スキル（砲弾）
10110200374	乘坐炮台	マウントタレット
10110200374	乘坐砲台	マウントタレット
10110200375	开炮！	発射！
10110200375	開砲！	発射！
10110200376	离开炮台	砲台から降りる
10110200376	離開砲台	砲台から降りる
10110200377	填裝砲彈	砲弾を装填
10110200377	装填炮弹	砲弾を装填
10110200378	战斗npc炮台施法技能（单体）	戦闘NPCタレット・単体スキル詠唱
10110200378	戰鬥NPC砲台施放技能（單體）	戦闘NPCタレット・単体スキル詠唱
10110200379	战斗npc炮台施法技能（AOE）	戦闘NPCタレット・範囲スキル詠唱
10110200379	戰鬥NPC砲台施放技能（範圍攻擊）	戦闘NPCタレット・範囲スキル詠唱
10110200380	同步BUFF層數	バフ階層を同期
10110200380	同步buff层数	バフ階層を同期
10110200381	战斗npc冰炮台施法技能（单体）	戦闘NPCアイスタレット詠唱スキル（単体）
10110200381	戰鬥NPC冰砲台施放技能（單體）	戦闘NPCアイスタレット詠唱スキル（単体）
10110200382	战斗npc冰炮台施法技能（AOE）	戦闘NPCアイスタレット詠唱スキル（範囲）
10110200382	戰鬥NPC冰砲台施放技能（範圍攻擊）	戦闘NPCアイスタレット詠唱スキル（範囲）
10110200383	丟棄砲彈	砲弾を投棄
10110200383	丢弃炮弹	砲弾を投棄
10110200384	火炮同步状态特效	ファイアタレット同期ステータス効果
10110200384	火砲同步狀態特效	ファイアタレット同期ステータス効果
10110200385	切换冰炮	アイスタレットに切り替え
10110200385	切換冰砲	アイスタレットに切り替え
10110200386	切换火炮	火炎砲台に切り替え
10110200386	切換火砲	火炎砲台に切り替え
10110200387	喷射火焰	火炎放射
10110200387	噴射火焰	火炎放射
10110200388	刺骨寒冰	骨まで凍る冷気
10110200389	连环闪电	チェーンライトニング
10110200389	連環閃電	チェーンライトニング
10110200390	賜福天使互動	祝福の天使インタラクション
10110200390	赐福天使交互	祝福の天使インタラクション
10110200391	落雷	ライトニングストライク
10110200392	传递炸弹	ダイナマイトを渡す
10110200392	傳遞炸彈	ダイナマイトを渡す
10110200393	炸弹爆炸	ダイナマイト爆発
10110200393	炸彈爆炸	ダイナマイト爆発
10110200394	传递炸弹实际生效	パス用ダイナマイト効果を適用
10110200394	傳遞炸彈實際生效	パス用ダイナマイト効果を適用
10110200395	炎爆术	パイロブラスト
10110200395	炎爆術	パイロブラスト
10110200396	熔岩热浪	溶岩熱波
10110200396	熔岩熱浪	溶岩熱波
10110200397	破胆怒吼	恐怖の咆哮
10110200397	破膽怒吼	恐怖の咆哮
10110200398	刀刃旋風	ブレードワールウィンド
10110200398	刀刃旋风	ブレードワールウィンド
10110200399	旋刃打击	回転ブレード攻撃
10110200399	旋刃打擊	回転ブレード攻撃
10110200400	碎刃	シャッターブレード
10110200401	碎石击	ロックシャッター
10110200401	碎石擊	ロックシャッター
10110200402	石字斩	ストーングリフスラッシュ
10110200403	石化順劈	石化斬り
10110200403	石化顺劈	石化斬り
10110200404	石化迷雾	石化ミスト
10110200404	石化迷霧	石化ミスト
10110200405	沙暴	サンドストーム
10110200406	吞噬之舌	貪食の舌
10110200408	腐烂爆炸	腐敗爆発
10110200408	腐爛爆炸	腐敗爆発
10110200409	酸液喷射	酸スプレー
10110200409	酸液噴射	酸スプレー
10110200410	強力吸取	強力ドレイン
10110200410	强力吸取	強力ドレイン
10110200411	盗虫召唤	盗蟲を召喚
10110200411	盜蟲召喚	盗蟲を召喚
10110200412	狂暴	バーサーク
10110200413	黃金蟲普攻－火	黄金蟲通常攻撃 - 火属性
10110200413	黄金虫普攻-火	黄金蟲通常攻撃 - 火属性
10110200414	兽人英雄普攻-地	オークヒーロー通常攻撃 - 地属性
10110200414	獸人英雄普攻-地	オークヒーロー通常攻撃 - 地属性
10110200415	蚁后普攻-地	マヤー通常攻撃 - 地属性
10110200415	蟻后普攻-地	マヤー通常攻撃 - 地属性
10110200416	皮里恩普攻-无	フリオニ通常攻撃 - 無属性
10110200416	皮里恩普攻-無	フリオニ通常攻撃 - 無属性
10110200417	高达AOE特效表现	ガンダム範囲エフェクト
10110200417	高達範圍攻擊特效表現	ガンダム範囲エフェクト
10110200418	天上落陨石	メテオフォール
10110200418	天上落隕石	メテオフォール
10110200419	跳跃	跳躍
10110200420	跳跃@{1}	跳躍@{1}
10110200438	攻击增幅	攻撃力アップ
10110200438	攻擊增幅	攻撃力アップ
10110200439	防御增幅	防御力アップ
10110200439	防禦增幅	防御力アップ
10110200440	冷却衰减	クールダウン短縮
10110200440	冷卻衰減	クールダウン短縮
10110200441	暴击增幅	クリティカルブースト
10110200441	暴擊增幅	クリティカルブースト
10110200442	移動速度增幅	移動速度アップ
10110200442	移速增幅	移動速度アップ
10110200443	生命恢復	HP回復
10110200443	血量回复	HP回復
10110200444	深淵磁石	アビスマグネット
10110200444	深渊磁石	アビスマグネット
10110200445	鎖鏈禁錮	チェーンバインド
10110200445	锁链禁锢	チェーンバインド
10110200446	噩夢魔盒	ナイトメアミステリーボックス
10110200446	噩梦魔盒	ナイトメアミステリーボックス
10110200447	浓缩墨鱼汁	濃縮イカ墨
10110200447	濃縮墨魚汁	濃縮イカ墨
10110200448	防御针剂	DEFインジェクション
10110200448	防禦針劑	DEFインジェクション
10110200449	狂暴針劑	バーサーク注射
10110200449	狂暴针剂	バーサーク注射
10110200450	粘稠机油	粘性機械油
10110200450	黏稠機油	粘性機械油
10110200451	压缩气罐	圧縮ガスキャニスター
10110200451	壓縮氣罐	圧縮ガスキャニスター
10110200452	黃銅護身符	真鍮のタリスマン
10110200452	黄铜护身符	真鍮のタリスマン
10110200453	虚弱	弱
10110200453	虛弱	弱
10110200454	所有玩家上特效	全プレイヤーに効果適用
10110200509	水母远程攻击	クラゲ遠距離攻撃
10110200509	水母遠距攻擊	クラゲ遠距離攻撃
10110200510	水母出生	クラゲ召喚
10110200511	音律幼灵攻击	メロディスプライト攻撃
10110200511	音律幼靈攻擊	メロディスプライト攻撃
10110200512	音律幼灵出生	メロディースプライト出現
10110200512	音律幼靈出生	メロディースプライト出現
10110200513	共鳴貝簇攻擊	共鳴弾クラスター攻撃
10110200513	共鸣贝簇攻击	共鳴弾クラスター攻撃
10110200514	共鳴貝簇出生	共鳴弾クラスター生成
10110200514	共鸣贝簇出生	共鳴弾クラスター生成
10110200515	捕猎者冲锋	ハンターチャージ
10110200515	捕獵者衝鋒	ハンターチャージ
10110200516	捕猎者挥砍	ハンタースラッシュ
10110200516	捕獵者揮砍	ハンタースラッシュ
10110200517	捕猎者旋转	ハンタースピン
10110200517	捕獵者旋轉	ハンタースピン
10110200518	捕猎者普攻	ハンター通常攻撃
10110200518	捕獵者普攻	ハンター通常攻撃
10110200519	捕猎者出生	ハンタースポーン
10110200519	捕獵者出生	ハンタースポーン
10110200520	捕猎者冲锋@{1}	ハンターチャージ@{1}
10110200520	捕獵者衝鋒@{1}	ハンターチャージ@{1}
10110200521	捕猎者大逃杀回旋	ハンター・バトルロイヤルスピン
10110200521	捕獵者大逃殺迴旋	ハンター・バトルロイヤルスピン
10110200522	捕猎者水遁	ハンター水遁
10110200522	捕獵者水遁	ハンター水遁
10110200559	捕猎者死亡	ハンターデス
10110200559	捕獵者死亡	ハンターデス
10110200561	捕猎者蓄力回旋	ハンターチャージスピン
10110200561	捕獵者蓄力迴旋	ハンターチャージスピン
10110200562	召唤飞艇怪物	飛行船モンスターを召喚
10110200562	召喚飛空艇魔物	飛行船モンスターを召喚
10110200563	召唤飞艇怪物-普通	飛行船モンスター召喚-ノーマル
10110200563	召喚飛空艇魔物-普通	飛行船モンスター召喚-ノーマル
10110200564	駕駛	パイロット
10110200564	驾驶	パイロット
10110200632	圣光轰击	ホーリーライトストライク
10110200632	聖光轟擊	ホーリーライトストライク
10110200633	雷霆坠击	サンダーフォール
10110200633	雷霆墜擊	サンダーフォール
10110200634	深冰封鎖	ディープフリーズ
10110200634	深冰封锁	ディープフリーズ
10110200635	变身龙卷风	竜巻に変身
10110200635	變身龍捲風	竜巻に変身
10110200636	周期爆炸-效果	周期爆発 - 効果
10110200636	週期爆炸－效果	周期爆発 - 効果
10110200637	巨大範圍治療	広範囲大回復
10110200637	巨大范围治疗	広範囲大回復
10110200638	减伤	ダメージ軽減
10110200638	減傷	ダメージ軽減
10110200639	攻击加成	攻撃力アップ
10110200639	攻擊加成	攻撃力アップ
10110200640	錘擊	ハンマーストライク
10110200640	锤击	ハンマーストライク
10110200641	震地	地震
10110200642	旋風斬	ワーウィンド
10110200642	旋风斩	ワーウィンド
10110200643	群体加速	AOE加速
10110200643	群體加速	AOE加速
10110200644	裂地重击	大地を裂く一撃
10110200644	裂地重擊	大地を裂く一撃
10110200645	爆炎阵	灼熱陣
10110200645	爆炎陣	灼熱陣
10110200646	化身龍捲	トルネードインカーネーション
10110200646	化身龙卷	トルネードインカーネーション
10110200647	回魂环	ソウルリコールリング
10110200647	回魂環	ソウルリコールリング
10110200648	护身盾	プロテクトシールド
10110200648	護身盾	プロテクトシールド
10110200649	凝神剑	集中ブレード
10110200649	凝神劍	集中ブレード
10110200650	召唤机甲	魔導ギアパイロットを召喚
10110200650	召喚機甲	魔導ギアパイロットを召喚
10110200651	ID段尾	IDセクション終了
10110200653	建造炮台	タレットを構築する
10110200653	建造砲台	タレットを構築する
10110200654	开炮	ファイヤーキャノン
10110200654	開砲	ファイヤーキャノン
10110200655	机甲维修	魔導ギアパイロット修理
10110200655	機甲維修	魔導ギアパイロット修理
10110200656	跳上城墙	城壁へ飛び乗る
10110200656	跳上城牆	城壁へ飛び乗る
10110200657	跳下城墙	城壁から飛び降りる
10110200657	跳下城牆	城壁から飛び降りる
10110200658	发射飞弹	ミサイル発射
10110200658	發射飛彈	ミサイル発射
10110200667	战斗命令	戦闘コマンド
10110200667	戰鬥命令	戦闘コマンド
10110200668	坚守荣耀	栄光を守れ
10110200668	堅守榮耀	栄光を守れ
10110200669	紧急呼叫	緊急招集
10110200669	緊急召喚	緊急招集
10110200680	鶚梟之眼	ふくろうの目
10110200680	鹗枭之眼	ふくろうの目
10110200681	苍鹰之眼	ワシの目
10110200681	蒼鷹之眼	ワシの目
10110200682	二连矢	ダブルストレイフィング
10110200682	二連矢	ダブルストレイフィング
10110200683	箭雨	アローシャワー
10110200684	心神凝聚	安定したフォーカス
10110200685	馴鷹術	鷹匠マスタリー
10110200685	驯鹰术	鷹匠マスタリー
10110200686	閃電衝擊	ブリッツビート
10110200686	闪电冲击	ブリッツビート
10110200687	动物杀手	ビーストベイン
10110200687	動物殺手	ビーストベイン
10110200688	鋼製喙	スチールクロウ
10110200688	钢制喙	スチールクロウ
10110200689	爆散陷阱	クレイモア・トラップ
10110200690	霜冻陷阱	フリージングトラップ
10110200690	霜凍陷阱	フリージングトラップ
10110200691	猎鹰突击	ファルコンアサルト
10110200691	獵鷹突擊	ファルコンアサルト
10110200692	狙杀瞄准	トゥルーサイト
10110200692	狙殺瞄準	トゥルーサイト
10110200693	銳利射擊	シャープシューティング
10110200693	锐利射击	シャープシューティング
10110200694	极速连击	ラピッドコンボ
10110200694	極速連擊	ラピッドコンボ
10110200695	连锁闪电	チェーンライトニング
10110200695	連鎖閃電	チェーンライトニング
10110200696	三连矢	トリプルストレイフィング
10110200696	三連矢	トリプルストレイフィング
10110200697	爆炸箭矢	エクスプローシブアロー
10110200698	猎鹰一击	ファルコンストライク
10110200698	獵鷹一擊	ファルコンストライク
10110200699	星陨箭雨	メテオアローシャワー
10110200699	星隕箭雨	メテオアローシャワー
10110200700	猎鹰冲刺	ファルコンラッシュ
10110200700	獵鷹衝刺	ファルコンラッシュ
10110200701	游侠的决心	レンジャーの決意
10110200701	遊俠的決心	レンジャーの決意
10110200702	微風恐懼	フィアーブリーズ
10110200702	微风恐惧	フィアーブリーズ
10110200703	瞄准射击（无限射击）	集中アローストライク（無限射撃）
10110200703	瞄準射擊（無限射擊）	集中アローストライク（無限射撃）
10110200704	无限射击	アンリミテッドシューティング
10110200704	無限射擊	アンリミテッドシューティング
10110200705	敏銳嗅覺	鋭い感覚
10110200705	敏锐嗅觉	鋭い感覚
10110200706	馴狼術	オオカミを飼いならす
10110200706	驯狼术	オオカミを飼いならす
10110200707	狼突击	ウォーグストライク
10110200707	狼突擊	ウォーグストライク
10110200708	狼吼	ウォーグハウリング
10110200709	狼爪击	ウォーグストライク
10110200709	狼爪擊	ウォーグストライク
10110200710	狼牙	狼の牙
10110200711	群狼之王	群れの王
10110200712	狼狩猎	ウォーグハント
10110200712	狼狩獵	ウォーグハント
10110200713	強化狼狩獵	ウォーグハント強化
10110200713	强化狼狩猎	ウォーグハント強化
10110200714	狼咬	ウォーグバイト
10110200714	狼撕咬	ウォーグバイト
10110200715	疾狼术	スウィフトウォーグ
10110200715	疾狼術	スウィフトウォーグ
10110200716	狼跟班（狼突击）	ウォーグコンパニオン（ウォーグストライク）
10110200716	狼跟班（狼突擊）	ウォーグコンパニオン（ウォーグストライク）
10110200717	狼跟班（狼咬）	ウォーグコンパニオン（ウォーグバイト）
10110200717	狼跟班（狼撕咬）	ウォーグコンパニオン（ウォーグバイト）
10110200718	狼狩猎（近）	ウォーグハント（近接）
10110200718	狼狩獵（近）	ウォーグハント（近接）
10110200719	強化狼狩獵（近）	ウォーグハント強化（近接）
10110200719	强化狼狩猎（近）	ウォーグハント強化（近接）
10110200720	狼狩猎（远）	ウォーグハント（遠距離）
10110200720	狼狩獵（遠）	ウォーグハント（遠距離）
10110200721	強化狼狩獵（遠）	ウォーグハント強化（遠距離）
10110200721	强化狼狩猎（远）	ウォーグハント強化（遠距離）
10110200722	天地树叶	イグドラシルの葉
10110200722	天地樹葉子	イグドラシルの葉
10110200723	脫離卡死	脱出
10110200723	脱离卡死	脱出
10110200734	寻宝	掘る
10110200734	尋寶	掘る
10110200735	挖矿	採掘
10110200735	採礦	採掘
10110200736	伐木	伐採
10110200737	对话	会話
10110200737	對話	会話
10110200738	挑衅	プロボック
10110200738	挑釁	プロボック
10110200739	火箭术	ファイアーボルト
10110200739	火箭術	ファイアーボルト
10110200740	雷击术	ライトニングボルト
10110200740	雷擊術	ライトニングボルト
10110200741	冰箭术	コールドボルト
10110200741	冰箭術	コールドボルト
10110200742	音速投掷	ソニックブロー
10110200743	塗毒	インベナム
10110200743	涂毒	インベナム
10110200745	跳下洞穴	洞窟へ飛び込む
10110200746	救下波波	ボボを救出する
10110200747	解开蚁卵	アントエッグを解放
10110200747	解開蟻卵	アントエッグを解放
10110200748	搀扶教授	教授を起こすのを手伝う
10110200748	攙扶教授	教授を起こすのを手伝う
10110200749	打开宝箱	開く
10110200749	開啟寶箱	開く
10110200750	离开	脱退
10110200750	離開	脱退
10110200751	投喂	餌やり
10110200751	餵食	餌やり
10110200752	上炮	大砲に乗る
10110200752	上砲	大砲に乗る
10110200753	波波泡泡	ボボバブル
10110200754	波波泡泡表现	ボボバブルアニメーション
10110200754	波波泡泡表現	ボボバブルアニメーション
10110201054	超級雷電術	スーパーライトニングボルト
10110201054	超级雷电术	スーパーライトニングボルト
10110201055	@{1}%血	@{1}% HP
10110201056	強攻	スマイト
10110201056	强攻	スマイト
10110201057	紧急治疗	応急手当
10110201057	緊急治療	応急手当
10110201058	強化狼爪擊	強化ウォーグストライク
10110201058	强化狼爪击	強化ウォーグストライク
10110201059	長劍重擊	ソードスマッシュ
10110201059	长剑重击	ソードスマッシュ
10110201060	技能队列	スキルバー
10110201060	技能隊列	スキルバー
10110201061	法术重击	スペルスマッシュ
10110201061	法術重擊	スペルスマッシュ
10110201062	弓箭重击	アロースマッシュ
10110201062	弓箭重擊	アロースマッシュ
10110201063	权杖重击	スタッフスマッシュ
10110201063	權杖重擊	スタッフスマッシュ
10110201064	利刃重击	ブレードスマッシュ
10110201064	利刃重擊	ブレードスマッシュ
10110201065	战斧重击	バトルアックススマッシュ
10110201065	戰斧重擊	バトルアックススマッシュ
10110201066	普通挥拳	ノーマルパンチ
10110201066	普通揮拳	ノーマルパンチ
10110201067	打坐	メディタティオ
10110201068	死亡鐮刀	デスサイズ
10110201068	死亡镰刀	デスサイズ
10110201069	邪恶巫术	ダークソーサリー
10110201069	邪惡巫術	ダークソーサリー
10110201070	巨鐮通靈	大鎌チャネリング
10110201070	巨镰通灵	大鎌チャネリング
10110201071	精准手术	精密手術
10110201071	精確手術	精密手術
10110201072	创伤汲取	トラウマドレイン
10110201072	創傷汲取	トラウマドレイン
10110201073	群体手术	AoE 手術
10110201073	群體手術	AoE 手術
10110201074	灵蛇守护	蛇霊の加護
10110201074	靈蛇守護	蛇霊の加護
10110201075	蛇灵萦绕	蛇霊の抱擁
10110201075	蛇靈縈繞	蛇霊の抱擁
10110201076	魅影屏障	ファントムバリア
10110201077	邪心鐮刃	シニスターサイズ
10110201077	邪心镰刃	シニスターサイズ
10110201078	邪心鎖鏈	シニスターチェイン
10110201078	邪心锁链	シニスターチェイン
10110201079	鎌刃斬擊	サイススラッシュ
10110201079	镰刃斩击	サイススラッシュ
10110201080	天使輝環	エンジェルヘイロー
10110201080	天使辉环	エンジェルヘイロー
10110201081	圣灵治愈	聖霊の神聖な光
10110201082	圣光治愈	ホーリーディヴァインライト
10110201083	清風	クリアブリーズ
10110201083	清风	クリアブリーズ
10110201084	狐戾	フォックスフューリー
10110201085	狂風席捲	レイジングゲイル
10110201085	狂风席卷	レイジングゲイル
10110201086	嘲諷戲弄	挑発
10110201086	嘲风戏弄	挑発
10110201087	收割鐮刀	収穫の大鎌
10110201087	收割镰刀	収穫の大鎌
10110201088	詛咒斬擊	カーススラッシュ
10110201088	诅咒斩击	カーススラッシュ
10110201089	波波守护	ボボの加護
10110201089	波波守護	ボボの加護
10110201090	鈴鐺狂暴	ベルランペイジ
10110201090	铃铛狂暴	ベルランペイジ
10110201091	月夜詛咒	月夜の呪い
10110201091	月夜诅咒	月夜の呪い
10110201092	鈴鐺奇蹟	ベルの奇跡
10110201092	铃铛奇迹	ベルの奇跡
10110201093	被动触发技	パッシブ発動スキル
10110201093	被動觸發技	パッシブ発動スキル
10110201094	夜幕絕唱	夜幕のフィナーレ
10110201094	夜幕绝唱	夜幕のフィナーレ
10110201095	鞭花乱舞	ワーリングウィップ
10110201095	鞭花亂舞	ワーリングウィップ
10110201096	艾斯恩处决	エセンの処刑
10110201096	艾斯恩處決	エセンの処刑
10110201097	艾斯恩屠戮	エセンの虐殺
10110201098	兽人咆哮	オークの咆哮
10110201098	獸人咆哮	オークの咆哮
10110201099	碎甲战吼	アーマー破壊の雄叫び
10110201099	碎甲戰吼	アーマー破壊の雄叫び
10110201100	兽人践踏	オークストンプ
10110201100	獸人踐踏	オークストンプ
10110201101	岚牙	ストームファング
10110201101	嵐牙	ストームファング
10110201102	虎啸裂断	裂虎の咆哮
10110201102	虎嘯裂斷	裂虎の咆哮
10110201103	暴怒虎啸	激昂する虎の咆哮
10110201103	暴怒虎嘯	激昂する虎の咆哮
10110201104	野蛮护盾	サベージシールド
10110201104	野蠻護盾	サベージシールド
10110201105	蛮族守护	部族の加護
10110201105	蠻族守護	部族の加護
10110201106	魔羌守护	ヤギの加護
10110201106	魔羌守護	ヤギの加護
10110201107	崩裂术	ヘヴンズドライブ
10110201107	崩裂術	ヘヴンズドライブ
10110201108	震眩	スタニングトレマー
10110201109	根须爆发	ルートバースト
10110201109	根鬚爆發	ルートバースト
10110201110	妖气喷涌	魔気奔流
10110201110	妖氣噴湧	魔気奔流
10110201111	妖咒	悪魔の呪い
10110201112	妖气爆发	魔気爆発
10110201112	妖氣爆發	魔気爆発
10110201113	巧克猴戏	チョコのおふざけ
10110201113	巧克猴戲	チョコのおふざけ
10110201114	灵敏歌唱	アジリティーソング
10110201114	靈敏歌唱	アジリティーソング
10110201115	迅捷把戏	スウィフトトリック
10110201115	迅捷花招	スウィフトトリック
10110201116	异形之刃	忌まわしき刃
10110201116	異形之刃	忌まわしき刃
10110201117	异吼	忌まわしき咆哮
10110201117	異吼	忌まわしき咆哮
10110201118	异形尖啸	忌まわしき絶叫
10110201118	異形尖嘯	忌まわしき絶叫
10110201119	溅射	スプラッシュ
10110201119	濺射	スプラッシュ
10110201120	永恆詛咒	永遠の呪い
10110201120	永恒诅咒	永遠の呪い
10110201121	詛咒蔓延	拡散する呪い
10110201121	诅咒蔓延	拡散する呪い
10110201122	流沙陷阱	流砂トラップハンター
10110201123	恶意之咒	悪意の呪い
10110201123	惡意之咒	悪意の呪い
10110201124	木乃伊之咒	ミイラの呪い
10110201125	魂之庇护	魂の加護
10110201125	魂之庇護	魂の加護
10110201126	幽魂庇佑	スペクトラルプロテクション
10110201127	幽魂游荡	亡霊彷徨
10110201127	幽魂遊蕩	亡霊彷徨
10110201128	浊魂斩	穢れた魂斬り
10110201128	濁魂斬	穢れた魂斬り
10110201129	浊魂冲击	堕落した魂の衝撃
10110201129	濁魂衝擊	堕落した魂の衝撃
10110201130	狂風拂斬	ゲイルスラッシュ
10110201130	狂风拂斩	ゲイルスラッシュ
10110201131	邪駭浪人斬	ワンダーマンスラッシュ
10110201131	邪骸浪人斩	ワンダーマンスラッシュ
10110201132	拔刀斩	スラッシュ
10110201132	拔刀斬	スラッシュ
10110201133	污染邪骸浪人核心被动	堕落したワンダーマン・コアパッシブ
10110201133	污染邪骸浪人核心被動	堕落したワンダーマン・コアパッシブ
10110201134	幽影蹄印	影の蹄跡
10110201135	邪恶啼鸣	邪悪な叫び
10110201135	邪惡啼鳴	邪悪な叫び
10110201136	幽影召唤	影の召喚
10110201136	幽影召喚	影の召喚
10110201137	夺命之舞	死のダンス
10110201137	奪命之舞	死のダンス
10110201138	枪雾重伤	銃煙・重傷
10110201138	槍霧重傷	銃煙・重傷
10110201139	火力倾泻	フルバラージ
10110201139	火力傾瀉	フルバラージ
10110201140	夢魘纏繞	ナイトメア拘束
10110201140	梦魇缠绕	ナイトメア拘束
10110201141	恐惧再临	恐怖の再来
10110201141	恐懼再臨	恐怖の再来
10110201142	夢魘踐踏	ナイトメアストンプ
10110201142	梦魇践踏	ナイトメアストンプ
10110201143	火拳暴走	ブレイジングフィスト暴走
10110201144	烈火再燃	再燃する炎
10110201145	烈火突刺	ブレイジングスラスト
10110201146	炎拳	フレイムフィスト
10110201147	詛咒傀儡	呪いの人形
10110201147	诅咒傀儡	呪いの人形
10110201148	心神恐吓	心の恐怖
10110201148	心神恐嚇	心の恐怖
10110201149	古树缠绕	エンシェントツリー拘束
10110201149	古樹纏繞	エンシェントツリー拘束
10110201150	树枝守护	ブランチガード
10110201150	樹枝守護	ブランチガード
10110201151	古树普攻	古木通常攻撃
10110201151	古樹普攻	古木通常攻撃
10110201152	烈焰喷发	フレイムエラプション
10110201152	烈焰噴發	フレイムエラプション
10110201153	熔岩侵蚀	溶岩の浸食
10110201153	熔岩侵蝕	溶岩の浸食
10110201154	气息残留	残り香
10110201154	氣息殘留	残り香
10110201155	挥洒雷电	ライトニングサージ
10110201155	揮灑雷電	ライトニングサージ
10110201156	召雷	雷を召喚
10110201157	冥影裂隙	ネザーリフト
10110201158	亡灵趋附	アンデッド収束
10110201158	亡靈趨附	アンデッド収束
10110201159	冥影鬼影	ネザーファントム
10110201160	戴德雷：被动触发	デイドル：パッシブ発動
10110201160	戴德雷：被動觸發	デイドル：パッシブ発動
10110201161	鐵球大暴走	鉄球乱舞
10110201161	铁球大暴走	鉄球乱舞
10110201162	顱內震盪	脳震盪
10110201162	颅内震荡	脳震盪
10110201163	鐵球重擊	アイアンボールスマッシュ
10110201163	铁球重击	アイアンボールスマッシュ
10110201164	多重伤害	多段ダメージ
10110201164	多重傷害	多段ダメージ
10110201165	凶刃	激しい刃
10110201166	利刃暴走	ブレードランペイジ
10110201167	利刃飛舞	ダンシングブレード
10110201167	利刃飞舞	ダンシングブレード
10110201168	警覺偵查	警戒偵察
10110201168	警觉侦查	警戒偵察
10110201169	远视显露	遠見の啓示
10110201169	遠視顯露	遠見の啓示
10110201170	藤蔓打击	ヴァインストライク
10110201170	藤蔓打擊	ヴァインストライク
10110201171	花果疗愈	果実の花の回復
10110201171	花果療癒	果実の花の回復
10110201172	森林賜福	森の祝福
10110201172	森林赐福	森の祝福
10110201173	树之妖咒	木霊の呪い
10110201173	樹之妖咒	木霊の呪い
10110201174	鐘聲迴響	響く鐘
10110201174	钟声回响	響く鐘
10110201175	余音萦绕	残響
10110201175	餘音繚繞	残響
10110201176	时间封锁	タイムロック
10110201176	時間封鎖	タイムロック
10110201177	忍法·迷踪	忍法：消える足跡
10110201177	忍法ᆞ迷蹤	忍法：消える足跡
10110201178	忍法烟幕	忍法：煙幕
10110201178	忍法煙幕	忍法：煙幕
10110201179	忍法·连环爆破	忍術：チェインブラスト
10110201179	忍法ᆞ連環爆破	忍術：チェインブラスト
10110201180	火忍黑暗	火忍の闇
10110201181	银月降临	銀月降臨
10110201182	璀璨之月	輝く月
10110201183	銀月打擊	銀月の一撃
10110201183	银月打击	銀月の一撃
10110201184	邪恶汲取	ヴァイル・ドレイン
10110201184	邪惡汲取	ヴァイル・ドレイン
10110201185	静默无声	デッドサイレンス
10110201185	靜默無聲	デッドサイレンス
10110201186	致命誘惑	致命の誘惑
10110201186	致命诱惑	致命の誘惑
10110201187	恶魔低语	悪魔の囁き
10110201187	惡魔低語	悪魔の囁き
10110201188	陷阵冲锋	バトルチャージ
10110201188	陷陣衝鋒	バトルチャージ
10110201189	猫骑士守护	キャットナイトの護り
10110201189	貓騎士守護	キャットナイトの護り
10110201190	飛魚衝擊	フライングフィッシュインパクト
10110201190	飞鱼冲击	フライングフィッシュインパクト
10110201191	被动周身检测	パッシブ近接検知
10110201191	被動全身偵測	パッシブ近接検知
10110201192	魔气环绕	悪魔のオーラ
10110201192	魔氣環繞	悪魔のオーラ
10110201193	炼狱祝祷	地獄の祈り
10110201193	煉獄祝禱	地獄の祈り
10110201194	恶魔魔气	悪魔の瘴気
10110201194	惡魔魔氣	悪魔の瘴気
10110201195	圣光领域	光の領域
10110201195	聖光領域	光の領域
10110201196	光輝灼灼	灼熱の輝き
10110201196	光辉灼灼	灼熱の輝き
10110201197	圣光穿刺	ホーリーライトピアース
10110201197	聖光穿刺	ホーリーライトピアース
10110201198	圣光降临	ホーリーライト降臨
10110201198	聖光降臨	ホーリーライト降臨
10110201199	被动	パッシブ
10110201199	被動	パッシブ
10110201200	妖仙女之舞	マヴカのダンス
10110201201	妖仙女之护	フェアリーウォード
10110201201	妖仙女之護	フェアリーウォード
10110201202	兔兔降临	バニーの到着
10110201202	兔兔降臨	バニーの到着
10110201203	兔群出动	バニー旅団
10110201203	兔群出動	バニー旅団
10110201204	大兔兔來囉	でっかいウサギが来るぞ！
10110201204	大兔兔来啦	でっかいウサギが来るぞ！
10110201205	血色風暴	クリムゾン・ストーム
10110201205	血色风暴	クリムゾン・ストーム
10110201206	悸动本能	本能的な高揚
10110201206	悸動本能	本能的な高揚
10110201207	血蝴蝶之舞	ブラッドバタフライダンス
10110201208	行刑时刻	実行時間
10110201208	行刑時刻	実行時間
10110201209	行刑命途	処刑の道
10110201210	行刑之刃	処刑人の刃
10110201211	蝗虫摇滚	ロッカーロック
10110201211	蝗蟲搖滾	ロッカーロック
10110201212	回复渴望	回復への渇望
10110201212	恢復渴望	回復への渇望
10110201213	石化凝視	石化の視線
10110201213	石化凝视	石化の視線
10110201214	蛇妖咒术	サーペントソーサリー
10110201214	蛇妖咒術	サーペントソーサリー
10110201215	秘术银蛇	アーケインシルバーサーペント
10110201215	秘術銀蛇	アーケインシルバーサーペント
10110201216	祈望烈焰	希望の炎
10110201217	神之祈望	ディヴァインホープ
10110201218	祈望穿刺	希望を貫く
10110201219	无形缠绕	無形の束縛
10110201219	無形纏繞	無形の束縛
10110201220	灵魂祷告	魂の祈り
10110201220	靈魂禱告	魂の祈り
10110201221	灵魂汲取	ソウルサイフォン
10110201221	靈魂汲取	ソウルサイフォン
10110201222	连带监察	集団監視
10110201222	連帶監察	集団監視
10110201223	审视光芒	審判の光
10110201223	審視光芒	審判の光
10110201224	审视之眼	鑑識の眼
10110201224	審視之眼	鑑識の眼
10110201225	蓄意裂伤	意図的裂傷
10110201225	蓄意裂傷	意図的裂傷
10110201226	武士之怒	サムライの怒り
10110201227	武士冲锋	サムライチャージ
10110201227	武士衝鋒	サムライチャージ
10110201228	火焰喷吐	フレイムブレス
10110201228	火焰噴吐	フレイムブレス
10110201229	故技重施	いつもの手
10110201230	霜冻蔓延	広がる霜
10110201230	霜凍蔓延	広がる霜
10110201231	冰霜吐息	フロストブレス
10110201232	潮汐頌歌	潮の賛歌
10110201232	潮汐颂歌	潮の賛歌
10110201233	海怪之舞	海獣の舞
10110201234	清洁时间	清掃時間
10110201234	清潔時間	清掃時間
10110201235	愛麗絲守護	アリスの加護
10110201235	爱丽丝守护	アリスの加護
10110201236	女仆的礼节	メイドのたしなみ
10110201236	女僕的禮節	メイドのたしなみ
10110201298	鑽入蟲洞	ワームホールに入る
10110201298	钻入虫洞	ワームホールに入る
10110201328	弹刀	ブレードディフレクション
10110201328	彈刀	ブレードディフレクション
10110201329	巨刃斩击	グレートブレードスラッシュ
10110201329	巨刃斬擊	グレートブレードスラッシュ
10110201336	獲得巨刃	グレートブレードを入手
10110201336	获取巨刃	グレートブレードを入手
10110201337	獲得盾牌	シールドを入手する
10110201337	获取盾牌	シールドを入手する
10110201380	蚁后普攻	マヤー通常攻撃
10110201380	蟻后普攻	マヤー通常攻撃
10110201384	吐丝	糸吐き
10110201384	吐絲	糸吐き
10110201385	玩家连线	プレイヤーリンク
10110201385	玩家連線	プレイヤーリンク
10110201387	连线距离检测	リンク距離チェック
10110201387	連線距離檢測	リンク距離チェック
10110201388	反向十字斬	逆ストーングリフスラッシュ
10110201388	反向石字斩	逆ストーングリフスラッシュ
10110201389	沙塵暴教學版	サンドストームチュートリアル版
10110201389	沙尘暴教学版	サンドストームチュートリアル版
10110201391	十字斬點名	ストーングリフスラッシュ照準
10110201391	石字斩点名	ストーングリフスラッシュ照準
10110201392	石柱追踪点名	石柱追尾対象
10110201392	石柱追蹤點名	石柱追尾対象
10110201393	石柱随机选点	石柱ランダム地点選択
10110201393	石柱隨機選點	石柱ランダム地点選択
10110201394	石化迷雾追踪	石化ミスト追尾
10110201394	石化迷霧追蹤	石化ミスト追尾
10110201395	石化順劈-四向	石化斬り - 四方向
10110201395	石化顺劈-四向	石化斬り - 四方向
10110201396	石化順劈-追蹤	石化斬り - 追尾
10110201396	石化顺劈-追踪	石化斬り - 追尾
10110201397	新大招	ニューアルティメット
10110201397	新絕招	ニューアルティメット
10110201398	玩家连线@{1}	プレイヤーリンク@{1}
10110201398	玩家連線@{1}	プレイヤーリンク@{1}
10110201399	连线距离检测@{1}	リンク距離チェック@{1}
10110201399	連線距離檢測@{1}	リンク距離チェック@{1}
10110201400	吐丝@{1}	シルクスピット@{1}
10110201400	吐絲@{1}	シルクスピット@{1}
10110201401	沙暴@{1}	砂嵐@{1}
10110201402	新大招@{1}	新アルティメット@{1}
10110201402	新絕招@{1}	新アルティメット@{1}
10110201403	吐丝教学	糸吐きチュートリアル
10110201403	吐絲教學	糸吐きチュートリアル
10110201404	场地技	フィールドスキル
10110201404	場地技	フィールドスキル
10110201405	石化迷雾追踪-简单	追尾石化ミスト - イージー
10110201405	石化迷霧追蹤－簡單	追尾石化ミスト - イージー
10110201406	十字斬點名－簡單	ストーングリフスラッシュ照準 - イージー
10110201406	石字斩点名-简单	ストーングリフスラッシュ照準 - イージー
10110201407	大招-简单	アルティメット - イージー
10110201407	絕招-簡單	アルティメット - イージー
10110201408	十字斬@{1}	ストーングリフスラッシュ@{1}
10110201408	石字斩@{1}	ストーングリフスラッシュ@{1}
10110201409	吐丝@{1}人	シルクスピット@{1} プレイヤー
10110201409	吐絲@{1}人	シルクスピット@{1} プレイヤー
10110201410	连线变红检测@{1}	リンクレッド状態チェック@{1}
10110201410	連線變紅檢測@{1}	リンクレッド状態チェック@{1}
10110201411	连线拖拽	リンクドラッグ
10110201411	連線拖移	リンクドラッグ
10110201415	召唤鬼火	ホロンを召喚する
10110201415	召喚鬼火	ホロンを召喚する
10110201416	黑暗脈衝	ダークパルス
10110201416	黑暗脉冲	ダークパルス
10110201417	鬼火分裂	ホロン スプリット
10110201418	召唤木乃伊	ミイラを召喚する
10110201418	召喚木乃伊	ミイラを召喚する
10110201419	繃帶鞭撻	包帯ラッシュ
10110201419	绷带鞭挞	包帯ラッシュ
10110201420	斗轉星移	アストラルシフト
10110201420	斗转星移	アストラルシフト
10110201421	鬼火追踪	ホロン追尾
10110201421	鬼火追蹤	ホロン追尾
10110201424	繃帶鞭撻@{1}	包帯ラッシュ@{1}
10110201424	绷带鞭挞@{1}	包帯ラッシュ@{1}
10110201425	鬼火分裂@{1}	ホロンスプリット@{1}
10110201426	黑暗脈衝@{1}	ダークパルス@{1}
10110201426	黑暗脉冲@{1}	ダークパルス@{1}
10110201427	刷新鬼火	ホロンを更新
10110201427	重置鬼火	ホロンを更新
10110201428	召唤鬼火@{1}	ホロン召喚@{1}
10110201428	召喚鬼火@{1}	ホロン召喚@{1}
10110201429	斗轉星移前分裂	アストラルシフト前分裂
10110201429	斗转星移前分裂	アストラルシフト前分裂
10110201430	鬼火脈衝	ホロンパルス
10110201430	鬼火脉冲	ホロンパルス
10110201431	黑暗脈衝旋轉	回転ダークパルス
10110201431	黑暗脉冲旋转	回転ダークパルス
10110201432	cd占位技能	クールダウン用プレースホルダースキル
10110201432	冷卻時間佔位技能	クールダウン用プレースホルダースキル
10110201433	居中传送	中央へテレポート
10110201433	居中傳送	中央へテレポート
10110201434	cd占位技能@{1}秒	クールダウン用プレースホルダースキル@{1}秒
10110201434	冷卻時間佔位技能@{1}秒	クールダウン用プレースホルダースキル@{1}秒
10110201435	法老王普攻	ファラオ通常攻撃
10110201436	召唤金字塔	ピラミッド召喚
10110201436	召喚金字塔	ピラミッド召喚
10110201437	召唤棺材	召喚棺
10110201437	召喚棺材	召喚棺
10110201438	棺材喷发	コフィンエラプション
10110201438	棺材噴發	コフィンエラプション
10110201439	亡者之握	死者の掌握
10110201440	裹尸布	シュラウド
10110201440	裹屍布	シュラウド
10110201441	撕开裹尸布	覆いを引き剥がす
10110201441	撕開裹屍布	覆いを引き剥がす
10110201442	裹尸布检测	シュラウド検知
10110201442	裹屍布檢測	シュラウド検知
10110201443	棺材喷发@{1}	コフィンエラプション@{1}
10110201443	棺材噴發@{1}	コフィンエラプション@{1}
10110201444	神光涤荡	ディバインライト浄化
10110201444	神光滌蕩	ディバインライト浄化
10110201445	增加免伤	ダメージ軽減を増加
10110201445	增加免傷	ダメージ軽減を増加
10110201446	激光召唤	レーザー召喚
10110201446	雷射召喚	レーザー召喚
10110201447	召唤棺材+绷带	棺＋包帯を召喚
10110201447	召喚棺材+繃帶	棺＋包帯を召喚
10110201448	棺材繃帶束縛目標	棺包帯拘束
10110201448	棺材绷带困人	棺包帯拘束
10110201449	棺材困人@{1}移除隐身	棺拘束@{1}ステルス解除
10110201449	棺材困人@{1}移除隱身	棺拘束@{1}ステルス解除
10110201450	法老王大招	ファラオ・アルティメット
10110201450	法老王絕招	ファラオ・アルティメット
10110201451	法老王大招伤害	ファラオ必殺技ダメージ
10110201451	法老王絕招傷害	ファラオ必殺技ダメージ
10110201452	瞬移	まばたき
10110201453	金字塔技能被打断	ピラミッドスキル中断
10110201453	金字塔技能被打斷	ピラミッドスキル中断
10110201454	死亡射線	デスレイ
10110201454	死亡射线	デスレイ
10110201455	金字塔激光伤害	ピラミッドレーザーダメージ
10110201455	金字塔雷射傷害	ピラミッドレーザーダメージ
10110201456	激光	レーザー
10110201456	雷射	レーザー
10110201457	解除詛咒	呪いを解く
10110201457	解除诅咒	呪いを解く
10110201458	激光射棺材	レーザー棺桶ショット
10110201458	雷射射棺材	レーザー棺桶ショット
10110201459	激光召唤棺材	レーザーが棺を召喚
10110201459	雷射召喚棺材	レーザーが棺を召喚
10110201460	木乃伊普攻	マミー通常攻撃
10110201461	木乃伊扇形	マミー扇状攻撃
10110201462	繃帶偷襲@{1}	包帯奇襲@{1}
10110201462	绷带偷袭@{1}	包帯奇襲@{1}
10110201486	P@{1}每@{2}s发射@{3}个泡泡	P@{1}が@{2}秒ごとに@{3}個のバブルを発射
10110201486	P@{1}每@{2}s發射@{3}個泡泡	P@{1}が@{2}秒ごとに@{3}個のバブルを発射
10110201487	EsteP@{1}随机泡泡	EsteP@{1} ランダムバブル
10110201487	EsteP@{1}隨機泡泡	EsteP@{1} ランダムバブル
10110201488	同色对撞泡泡	同色バブル衝突
10110201488	同色對撞泡泡	同色バブル衝突
10110201489	並排加@{1}個異色泡泡	異なる色のバブルを@{1}個横並びで追加
10110201489	并排加@{1}个异色泡泡	異なる色のバブルを@{1}個横並びで追加
10110201490	发射红色泡泡	赤バブル発射
10110201490	發射紅色泡泡	赤バブル発射
10110201491	发射黄色泡泡	イエローバブルを発射
10110201491	發射黃色泡泡	イエローバブルを発射
10110201492	发射蓝色泡泡	青バブル発射
10110201492	發射藍色泡泡	青バブル発射
10110201493	发射绿色泡泡	緑のバブルを発射
10110201493	發射綠色泡泡	緑のバブルを発射
10110201494	发射追踪泡泡	追尾バブルを発射
10110201494	發射追蹤泡泡	追尾バブルを発射
10110201495	发射海浪	ウェーブを起動する
10110201495	發射海浪	ウェーブを起動する
10110201496	全场波浪	全アリーナウェーブ
10110201496	全場波浪	全アリーナウェーブ
10110201497	浪花飛濺	ウェーブスプラッシュ
10110201497	浪花飞溅	ウェーブスプラッシュ
10110201498	扇形波浪	扇形ウェーブ
10110201499	创建@{1}个井字泡泡	@{1}個のグリッドバブルを生成
10110201499	建立@{1}個井字泡泡	@{1}個のグリッドバブルを生成
10110201500	创建@{1}个追踪泡泡	追尾バブルを@{1}個生成
10110201500	建立@{1}個追蹤泡泡	追尾バブルを@{1}個生成
10110201501	创建@{1}个异色交叉泡泡	異色クロスバブルを@{1}個生成
10110201501	建立@{1}個異色交叉泡泡	異色クロスバブルを@{1}個生成
10110201502	创建@{1}个同色交叉泡泡	同色クロスバブルを@{1}個生成
10110201502	產生@{1}個同色十字泡泡	同色クロスバブルを@{1}個生成
10110201503	发射红色追踪泡泡	レッド追尾バブルを発射
10110201503	發射紅色追蹤泡泡	レッド追尾バブルを発射
10110201504	发射黄色追踪泡泡	イエロー追尾バブルを発射
10110201504	發射黃色追蹤泡泡	イエロー追尾バブルを発射
10110201505	发射蓝色追踪泡泡	ブルー追尾バブルを発射
10110201505	發射藍色追蹤泡泡	ブルー追尾バブルを発射
10110201506	发射绿色追踪泡泡	グリーン追尾バブルを発射
10110201506	發射綠色追蹤泡泡	グリーン追尾バブルを発射
10110201507	发送关卡消息@{1}	ステージメッセージ送信@{1}
10110201507	發送關卡消息@{1}	ステージメッセージ送信@{1}
10110201508	发射原地红色泡泡	固定レッドバブルを発射
10110201508	發射原地紅色泡泡	固定レッドバブルを発射
10110201509	发射原地黄色泡泡	固定イエローバブルを発射
10110201509	發射原地黃色泡泡	固定イエローバブルを発射
10110201510	发射原地蓝色泡泡	固定ブルーバブルを発射
10110201510	發射原地藍色泡泡	固定ブルーバブルを発射
10110201511	发射原地绿色泡泡	固定グリーンバブルを発射
10110201511	發射原地綠色泡泡	固定グリーンバブルを発射
10110201512	普攻@{1}	通常攻撃@{1}
10110201513	点名原地泡泡	指定位置固定バブル
10110201513	點名原地泡泡	指定位置固定バブル
10110201514	追踪泡泡动作	追尾バブルアクション
10110201514	追蹤泡泡動作	追尾バブルアクション
10110201515	直線泡泡動作	直線バブルアクション
10110201515	直线泡泡动作	直線バブルアクション
10110201516	发射水柱	ウォータージェット発射
10110201516	發射水柱	ウォータージェット発射
10110201517	P@{1}加BUFF	P@{1} バフ付与
10110201517	P@{1}加buff	P@{1} バフ付与
10110201518	直線泡泡動作@{1}	直線バブルアクション@{1}
10110201518	直线泡泡动作@{1}	直線バブルアクション@{1}
10110201519	P@{1}动作	P@{1} アクション
10110201519	P@{1}動作	P@{1} アクション
10110201520	P@{1}紅色泡泡	P@{1} レッドバブル
10110201520	P@{1}红色泡泡	P@{1} レッドバブル
10110201521	P@{1}黃色泡泡	P@{1} イエローバブル
10110201521	P@{1}黄色泡泡	P@{1} イエローバブル
10110201522	P@{1}蓝色泡泡	P@{1} 青バブル
10110201522	P@{1}藍色泡泡	P@{1} 青バブル
10110201523	P@{1}綠色泡泡	P@{1} 緑バブル
10110201523	P@{1}绿色泡泡	P@{1} 緑バブル
10110201524	不稳定的红色泡泡	不安定レッドバブル
10110201524	不穩定的紅色泡泡	不安定レッドバブル
10110201525	不稳定的黄色泡泡	不安定イエローバブル
10110201525	不穩定的黃色泡泡	不安定イエローバブル
10110201526	不稳定的蓝色泡泡	不安定なブルーバブル
10110201526	不穩定的藍色泡泡	不安定なブルーバブル
10110201527	不稳定的绿色泡泡	不安定なグリーンバブル
10110201527	不穩定的綠色泡泡	不安定なグリーンバブル
10110201528	P@{1}紅色泡泡@{2}	P@{1} レッドバブル@{2}
10110201528	P@{1}红色泡泡@{2}	P@{1} レッドバブル@{2}
10110201529	P@{1}黃色泡泡@{2}	P@{1} イエローバブル@{2}
10110201529	P@{1}黄色泡泡@{2}	P@{1} イエローバブル@{2}
10110201530	P@{1}蓝色泡泡@{2}	P@{1} ブルーバブル@{2}
10110201530	P@{1}藍色泡泡@{2}	P@{1} ブルーバブル@{2}
10110201531	P@{1}綠色泡泡@{2}	P@{1} グリーンバブル@{2}
10110201531	P@{1}绿色泡泡@{2}	P@{1} グリーンバブル@{2}
10110201532	连线特效	リンク効果
10110201532	連線特效	リンク効果
10110201533	八方向海浪	8方向ウェーブ
10110201534	水柱伤害	ウォータージェットダメージ
10110201534	水柱傷害	ウォータージェットダメージ
10110201535	地面紅色泡泡	地上赤バブル
10110201535	地面红色泡泡	地上赤バブル
10110201536	地面黃色泡泡	地上イエローバブル
10110201536	地面黄色泡泡	地上イエローバブル
10110201537	地面蓝色泡泡	地上青バブル
10110201537	地面藍色泡泡	地上青バブル
10110201538	地面綠色泡泡	地上グリーンバブル
10110201538	地面绿色泡泡	地上グリーンバブル
10110201539	创建@{1}个地面泡泡	地上バブルを@{1}個生成
10110201539	建立@{1}個地面泡泡	地上バブルを@{1}個生成
10110201540	创建@{1}个不同颜色追踪泡泡	異なる色の追尾バブルを@{1}個生成
10110201540	建立@{1}個不同顏色追蹤泡泡	異なる色の追尾バブルを@{1}個生成
10110201541	创建@{1}个同颜色追踪泡泡	同色追尾バブルを@{1}個生成
10110201541	建立@{1}個同顏色追蹤泡泡	同色追尾バブルを@{1}個生成
10110201542	BOSS移動偵測	ボス移動検知
10110201542	Boss移动检测	ボス移動検知
10110201543	@{1}色追@{2}人	@{1}色の軌跡で@{2}人を追跡
10110201544	普攻壳	通常攻撃弾
10110201544	普攻殼	通常攻撃弾
10110201545	回旋舞步	旋回ダンスステップ
10110201545	迴旋舞步	旋回ダンスステップ
10110201546	炫目舞步	華麗なダンスステップ
10110201547	重踏舞步	踏み鳴らすダンスステップ
10110201548	共鳴舞步	共鳴ダンスステップ
10110201548	共鸣舞步	共鳴ダンスステップ
10110201549	跳舞机	ダンスマシン
10110201549	跳舞機	ダンスマシン
10110201550	音游交互	リズムゲーム操作
10110201550	音遊互動	リズムゲーム操作
10110201551	舞动	ダンスムーブ
10110201551	舞動	ダンスムーブ
10110201552	上_触发判定	Up_Triggerチェック
10110201552	上_觸發判定	Up_Triggerチェック
10110201553	下_触发判定	Down_Triggerチェック
10110201553	下_觸發判定	Down_Triggerチェック
10110201554	左_触发判定	Left_Triggerチェック
10110201554	左_觸發判定	Left_Triggerチェック
10110201555	右_触发判定	Right_Trigger チェック
10110201555	右_觸發判定	Right_Trigger チェック
10110201556	跳舞机_移除变身buff	ダンスマシン_変身バフ解除
10110201556	跳舞機_移除變身BUFF	ダンスマシン_変身バフ解除
10110201557	佔用格子的派生技能@{1}	タイル占有派生スキル@{1}
10110201557	占用格子的派生技能@{1}	タイル占有派生スキル@{1}
10110201558	愤怒一击	フューリアスストライク
10110201558	憤怒一擊	フューリアスストライク
10110201559	跳舞机_移除变身buff[连续变身修正]	ダンスマシン_変身バフ解除[連続変身修正]
10110201559	跳舞機_移除變身BUFF[連續變身修正]	ダンスマシン_変身バフ解除[連続変身修正]
10110201560	BOSS身上	ボス出現
10110201560	Bosss上	ボス出現
10110201561	BOSS下	ボス討伐
10110201561	Bosss下	ボス討伐
10110201562	BOSS左	ボス残存
10110201562	Bosss左	ボス残存
10110201563	BOSS右	ボス右
10110201563	Bosss右	ボス右
10110201564	上下左右-正确反馈	上下左右-正解フィードバック
10110201564	上下左右-正確回饋	上下左右-正解フィードバック
10110201565	上下左右-失敗回饋	上下左右-失敗フィードバック
10110201565	上下左右-失败反馈	上下左右-失敗フィードバック
10110201566	技能@{1}_閃光彈(變種)選點	スキル@{1}_フラッシュボム（派生）ターゲティング
10110201566	技能@{1}_闪光弹(变种)选点	スキル@{1}_フラッシュボム（派生）ターゲティング
10110201567	技能@{1}_閃光彈(變種)傷害	スキル@{1}_フラッシュボム（派生）ダメージ
10110201567	技能@{1}_闪光弹(变种)伤害	スキル@{1}_フラッシュボム（派生）ダメージ
10110201568	技能@{1}_召唤X@{2}十字压缩空间	スキル@{1}_X@{2}クロス圧縮ゾーン召喚
10110201568	技能@{1}_召喚X@{2}十字壓縮空間	スキル@{1}_X@{2}クロス圧縮ゾーン召喚
10110201569	技能@{1}_召唤X十@{2}字压缩空间	スキル@{1}_Xクロス@{2}圧縮ゾーン召喚
10110201569	技能@{1}_召喚X十@{2}字壓縮空間	スキル@{1}_Xクロス@{2}圧縮ゾーン召喚
10110201570	技能@{1}_召唤米字压缩空间	スキル@{1}_八方向圧縮ゾーン召喚
10110201570	技能@{1}_召喚米字壓縮空間	スキル@{1}_八方向圧縮ゾーン召喚
10110201571	技能@{1}_閃光彈地獄模式	スキル@{1}_フラッシュボム ヘルモード
10110201571	技能@{1}_闪光弹地狱模式	スキル@{1}_フラッシュボム ヘルモード
10110201572	節奏大師@{1}s	リズミック・ムーンリットチャレンジャー@{1}s
10110201572	节奏大师@{1}s	リズミック・ムーンリットチャレンジャー@{1}s
10110201573	技能@{1}_跳舞机_新	スキル@{1}_ダンスマシン_New
10110201573	技能@{1}_跳舞機_新	スキル@{1}_ダンスマシン_New
10110201574	技能@{1}_玩家变身跳舞NPC	スキル@{1}_プレイヤーがダンスNPCに変身
10110201574	技能@{1}_玩家變身跳舞NPC	スキル@{1}_プレイヤーがダンスNPCに変身
10110201575	技能@{1}_跳舞NPC离场播放特效	スキル@{1}_ダンスNPC退出時VFX再生
10110201575	技能@{1}_跳舞NPC離場播放特效	スキル@{1}_ダンスNPC退出時VFX再生
10110201576	BOSS建立互動法陣	ボスがインタラクション魔法陣を生成
10110201576	boss创建交互法阵	ボスがインタラクション魔法陣を生成
10110201577	黃色互動踩圈	イエローインタラクションサークル
10110201577	黄色交互踩圈	イエローインタラクションサークル
10110201578	節奏踩踏	リズミックストンプ
10110201578	节奏踩踏	リズミックストンプ
10110201579	创建交互法阵@{1}	インタラクション魔法陣を生成@{1}
10110201579	建立互動法陣@{1}	インタラクション魔法陣を生成@{1}
10110201580	创建交互法阵(变形)@{1}	インタラクション魔法陣（変形）を生成@{1}
10110201580	建立互動法陣（變形）@{1}	インタラクション魔法陣（変形）を生成@{1}
10110201581	紫色互動踩圈	パープルインタラクションサークル
10110201581	紫色交互踩圈	パープルインタラクションサークル
10110201582	拖住技能特效	スキルVFXを保持
10110201583	技能@{1}(新)_召唤压缩空间	スキル@{1}(新)_圧縮ゾーン召喚
10110201583	技能@{1}(新)_召喚壓縮空間	スキル@{1}(新)_圧縮ゾーン召喚
10110201584	技能@{1}_地狱模式@{2}	スキル@{1}_ヘルモード@{2}
10110201584	技能@{1}_地獄模式@{2}	スキル@{1}_ヘルモード@{2}
10110201585	技能@{1}(新)_压缩空间伤害	スキル@{1}(新)_圧縮ゾーンダメージ
10110201585	技能@{1}(新)_壓縮空間傷害	スキル@{1}(新)_圧縮ゾーンダメージ
10110201586	技能@{1}_召唤十字压缩空间	スキル@{1}_クロス圧縮ゾーン召喚
10110201586	技能@{1}_召喚十字壓縮空間	スキル@{1}_クロス圧縮ゾーン召喚
10110201587	技能@{1}_十字压缩空间玩家伤害	スキル@{1}_クロス圧縮ゾーン・プレイヤーダメージ
10110201587	技能@{1}_十字壓縮空間玩家傷害	スキル@{1}_クロス圧縮ゾーン・プレイヤーダメージ
10110201588	技能@{1}_召唤X字压缩空间	スキル@{1}_X字圧縮ゾーン召喚
10110201588	技能@{1}_召喚X字壓縮空間	スキル@{1}_X字圧縮ゾーン召喚
10110201589	技能@{1}_困难模式@{2}	スキル@{1}_ハードモード@{2}
10110201589	技能@{1}_困難模式@{2}	スキル@{1}_ハードモード@{2}
10110201590	技能@{1}_召唤圈@{2}+变身+踩圈交互技能	スキル@{1}_召喚サークル@{2}+変身+サークル踏破インタラクションスキル
10110201590	技能@{1}_召喚圈@{2}+變身+踩圈互動技能	スキル@{1}_召喚サークル@{2}+変身+サークル踏破インタラクションスキル
10110201591	技能@{1}_召唤圈@{2}	スキル@{1}_召喚サークル@{2}
10110201591	技能@{1}_召喚圈@{2}	スキル@{1}_召喚サークル@{2}
10110201592	技能@{1}_移除踩圈互動技能	スキル@{1}_円周踏みインタラクションスキル解除
10110201592	技能@{1}_移除踩圈交互技能	スキル@{1}_円周踏みインタラクションスキル解除
10110201593	技能@{1}蓄势	スキル@{1}チャージアップ
10110201593	技能@{1}蓄勢	スキル@{1}チャージアップ
10110201594	技能@{1}蓄势多段	スキル@{1}マルチヒットチャージ
10110201594	技能@{1}蓄勢多段	スキル@{1}マルチヒットチャージ
10110201595	技能@{1}蓄势超级多段	スキル@{1}スーパー・マルチヒットチャージ
10110201595	技能@{1}蓄勢超級多段	スキル@{1}スーパー・マルチヒットチャージ
10110201596	技能@{1}吶喊	スキル@{1}シャウト
10110201596	技能@{1}呐喊	スキル@{1}シャウト
10110201597	技能@{1}吶喊@{2}	スキル@{1}シャウト@{2}
10110201597	技能@{1}呐喊@{2}	スキル@{1}シャウト@{2}
10110201598	技能@{1}流星雨	スキル@{1}メテオシャワー
10110201599	技能@{1}流星雨@{2}	スキル@{1}メテオシャワー@{2}
10110201600	技能@{1}音律之火@{2}	スキル@{1}メロディックフレイム@{2}
10110201601	技能@{1}呼唤@{2}	スキル@{1}コール@{2}
10110201601	技能@{1}呼喚@{2}	スキル@{1}コール@{2}
10110201602	技能@{1}記憶遊戲	スキル@{1}メモリーゲーム
10110201602	技能@{1}记忆游戏	スキル@{1}メモリーゲーム
10110201603	技能@{1}記憶遊戲_法陣技能	スキル@{1}メモリーゲーム_魔法陣スキル
10110201603	技能@{1}记忆游戏_法阵技能	スキル@{1}メモリーゲーム_魔法陣スキル
10110201604	技能@{1}鼓点牢笼	スキル@{1}ドラムビートケージ
10110201604	技能@{1}鼓點牢籠	スキル@{1}ドラムビートケージ
10110201605	技能@{1}鼓点牢笼_范围击退	スキル@{1}ドラムビートケージ_範囲ノックバック
10110201605	技能@{1}鼓點牢籠_範圍擊退	スキル@{1}ドラムビートケージ_範囲ノックバック
10110201606	技能@{1}陶醉	スキル@{1}酩酊
10110201607	技能@{1}狂暴倒數計時	スキル@{1}激怒カウントダウン
10110201607	技能@{1}狂暴倒计时	スキル@{1}激怒カウントダウン
10110201608	技能@{1}轉階段表演	スキル@{1}フェーズ遷移演奏
10110201608	技能@{1}转阶段表演	スキル@{1}フェーズ遷移演奏
10110201609	獲得紅色音符	レッドノートを入手
10110201609	获得红色音符	レッドノートを入手
10110201610	獲得藍色音符	ブルーノートを入手
10110201610	获得蓝色音符	ブルーノートを入手
10110201611	獲得黃色音符	黄の音符を入手
10110201611	获得黄色音符	黄の音符を入手
10110201612	獲得綠色音符	緑の音符を入手
10110201612	获得绿色音符	緑の音符を入手
10110201613	譜寫樂章	作曲ムーブメント
10110201613	谱写乐章	作曲ムーブメント
10110201614	執行樂章	演奏ムーブメント
10110201614	执行乐章	演奏ムーブメント
10110201615	最終樂章	ファイナルムーブメント
10110201615	最终乐章	ファイナルムーブメント
10110201623	技能@{1}	スキル@{1}
10110201628	连线技能	連動スキル
10110201628	連線技能	連動スキル
10110201629	连线衍生技能@{1}	リンクスキル派生@{1}
10110201629	連線衍生技能@{1}	リンクスキル派生@{1}
10110201632	騎士音符@{1}	ナイトノート@{1}
10110201632	骑士音符@{1}	ナイトノート@{1}
10110201633	十字军音符@{1}	クルセイダーノート@{1}
10110201633	十字軍音符@{1}	クルセイダーノート@{1}
10110201634	法师音符@{1}	メイジノート@{1}
10110201634	法師音符@{1}	メイジノート@{1}
10110201635	猎人音符@{1}	ハンターノート@{1}
10110201635	獵人音符@{1}	ハンターノート@{1}
10110201636	圣音同谐-协和音	バトルチャント・ハーモニー - コンソナンス
10110201636	聖音同諧－協和音	バトルチャント・ハーモニー - コンソナンス
10110201637	音流	メロディックフロー
10110201638	圣音同谐-韵律	バトルチャント・ハーモニー - リズム
10110201638	聖音同諧－韻律	バトルチャント・ハーモニー - リズム
10110201639	圣音同谐-共鸣	バトルチャント・ハーモニー - 共鳴
10110201639	聖音同諧－共鳴	バトルチャント・ハーモニー - 共鳴
10110201640	圣音同谐-诗篇	バトルチャント・ハーモニー - 詩篇
10110201640	聖音同諧－詩篇	バトルチャント・ハーモニー - 詩篇
10110201641	圣音同谐-合唱	バトルチャント・ハーモニー - コーラス
10110201641	聖音同諧-合唱	バトルチャント・ハーモニー - コーラス
10110201642	苦难谏歌-奥尔加农	苦難の諫歌 - オルガヌム
10110201642	苦難諫歌－奧爾加農	苦難の諫歌 - オルガヌム
10110201643	苦难谏歌-低鸣	苦難の諫歌 - ローハム
10110201643	苦難諫歌－低鳴	苦難の諫歌 - ローハム
10110201644	苦难谏歌-洗礼	苦難の諫歌 - バプティズム
10110201644	苦難諫歌-洗禮	苦難の諫歌 - バプティズム
10110201645	苦难谏歌-圣乐真身	苦難の諫歌 - 聖なる音楽の化身
10110201645	苦難諫歌－聖樂真身	苦難の諫歌 - 聖なる音楽の化身
10110201646	乐句	楽句
10110201646	樂句	楽句
10110201647	牧师音符@{1}	プリーストノート@{1}
10110201647	祭司音符@{1}	プリーストノート@{1}
10110201648	刺客音符@{1}	アサシンノート@{1}
10110201649	商人音符@{1}	マーチャントノート@{1}
10110201650	永寂慰藉	永遠の静寂の慰め
10110201651	音律战斧飓风	メロディックアックストルネード
10110201651	音律戰斧颶風	メロディックアックストルネード
10110201652	音律战斧飓风-强化	メロディックアックストルネード - 強化
10110201652	音律戰斧颶風-強化	メロディックアックストルネード - 強化
10110201653	音律強力衝擊	メロディック高エネルギー衝撃
10110201653	音律高能冲击	メロディック高エネルギー衝撃
10110201654	音律加农炮	メロディキャノン
10110201654	音律加農砲	メロディキャノン
10110201655	音律加农炮-强化	メロディキャノン - 強化
10110201655	音律加農砲-強化	メロディキャノン - 強化
10110201656	音律火神炮	メロディバルカン
10110201656	音律火神砲	メロディバルカン
10110201657	音律轟炸	メロディ・ボンバードメント
10110201657	音律轰炸	メロディ・ボンバードメント
10110201658	音律爆发	メロディバースト
10110201658	音律爆發	メロディバースト
10110201659	音律冲击	メロディインパクト
10110201659	音律衝擊	メロディインパクト
10110201660	音律漩涡	メロディーヴォルテックス
10110201660	音律漩渦	メロディーヴォルテックス
10110201661	音律颶風	メロディハリケーン
10110201661	音律飓风	メロディハリケーン
10110201662	音律巨浪	メロディ・タイダルウェーブ
10110201663	強化盾牌壓制	強化シールドプレス
10110201663	强化盾牌压制	強化シールドプレス
10110201664	月下回响	月明かりのエコー
10110201664	月下迴響	月明かりのエコー
10110201665	光芒綻放	ラディアントブルーム
10110201665	光芒绽放	ラディアントブルーム
10110201666	金色月輪	ゴールデンムーンリング
10110201666	金色月轮	ゴールデンムーンリング
10110201667	璀璨新星	ブリリアントノヴァ
10110201668	守护之力	守護者の力
10110201668	守護之力	守護者の力
10110201669	不屈意志	不屈の意志
10110201670	絕對防禦	絶対防御
10110201670	绝对防御	絶対防御
10110201671	重音強襲	アクセントアサルト
10110201671	重音强袭	アクセントアサルト
10110201672	強化瞄準射擊	強化フォーカストアロー
10110201672	强化瞄准射击	強化フォーカストアロー
10110201673	強化瞄準射擊（無限射擊）	強化集中アローストライク（無限射撃）
10110201673	强化瞄准射击（无限射击）	強化集中アローストライク（無限射撃）
10110201674	舞动狼群	ダンスムーブ: ウルフパック
10110201674	舞動狼群	ダンスムーブ: ウルフパック
10110201675	联合狩猎	連携狩猟
10110201675	聯合狩獵	連携狩猟
10110201676	律动群狼之王	リズミックウルフキング
10110201676	律動群狼之王	リズミックウルフキング
10110201677	律动之狼跟班（狼突击）	リズミックウォーグミニオン（ウォーグチャージ）
10110201677	律動之狼跟班（狼突擊）	リズミックウォーグミニオン（ウォーグチャージ）
10110201678	律动之狼跟班（狼撕咬）	リズミックウォーグミニオン（ウォーグバイト）
10110201678	律動之狼跟班（狼撕咬）	リズミックウォーグミニオン（ウォーグバイト）
10110201679	律动矢音	リズミックアロー
10110201679	律動矢音	リズミックアロー
10110201680	无限狂想	インフィニットラプソディ
10110201680	無限狂想	インフィニットラプソディ
10110201681	疾風節拍	ゲイルビート
10110201681	疾风节拍	ゲイルビート
10110201682	星穹交响	セレスティアルシンフォニー
10110201682	星穹交響	セレスティアルシンフォニー
10110201683	群狼迪斯可	ウルフパックディスコ
10110201683	群狼迪斯科	ウルフパックディスコ
10110201684	律动之狼	リズミックウォーグ
10110201684	律動之狼	リズミックウォーグ
10110201685	風壓飛刃	風圧ブレード
10110201685	风压飞刃	風圧ブレード
10110201686	強化百矛穿刺	ハンドレッドスピア - 強化
10110201686	强化百矛穿刺	ハンドレッドスピア - 強化
10110201687	終極百矛穿刺	アルティメットハンドレッドスピア
10110201687	终极百矛穿刺	アルティメットハンドレッドスピア
10110201688	精准刺击	精密突き
10110201688	精準刺擊	精密突き
10110201689	音速爆裂	ソニックバースト
10110201690	巨龍降臨	ドラゴンズ・ディセント
10110201690	巨龙降临	ドラゴンズ・ディセント
10110201691	半龍化	半竜形態
10110201691	半龙化	半竜形態
10110201692	横扫千军	スイープアタック
10110201692	橫掃千軍	スイープアタック
10110201693	魔王再临	魔王の帰還
10110201693	魔王再臨	魔王の帰還
10110201694	像素突刺	ピクセル推力
10110201695	音符跳动	ビートバウンス
10110201695	音符跳動	ビートバウンス
10110201696	电子摇滚	エレクトロ・ロック
10110201696	電子搖滾	エレクトロ・ロック
10110201697	双倍音量	ダブルボリューム
10110201697	雙倍音量	ダブルボリューム
10110201698	影回环	シャドウループ
10110201698	影迴環	シャドウループ
10110201699	流影	流れる影
10110201700	千影	サウザンドシャドウ
10110201701	御影	シャドウガード
10110201702	穿影	ピアシングシャドウ
10110201703	后退回影	後退シャドウエコー
10110201703	後退迴影	後退シャドウエコー
10110201704	回旋十字斩	クロスリッパースラッシャー
10110201704	迴旋十字斬	クロスリッパースラッシャー
10110201705	搖滾步	ロックステップ
10110201705	摇滚步	ロックステップ
10110201706	街头涂鸦	グラフィティマスタリー
10110201706	街頭塗鴉	グラフィティマスタリー
10110201707	托馬斯迴旋	トーマス・フレア
10110201707	托马斯回旋	トーマス・フレア
10110201708	DJ混響	DJリバーブ
10110201708	打碟混响	DJリバーブ
10110201709	三连押	トリプルライム
10110201709	三連押	トリプルライム
10110201710	嘻哈模仿秀	ヒップホップものまね
10110201711	安可	アンコール
10110201712	自由式說唱	フリースタイルラップ
10110201712	自由式说唱	フリースタイルラップ
10110201713	石化詛咒	石化の呪い
10110201713	石化诅咒	石化の呪い
10110201714	毀滅烈焰	破滅の炎
10110201714	毁灭烈焰	破滅の炎
10110201715	霜冻爆破(复制)	ジャックフロスト（コピー）
10110201715	霜凍爆破（複製）	ジャックフロスト（コピー）
10110201716	大地扭曲(复制)	アースストレイン（コピー）
10110201716	大地扭曲（複製）	アースストレイン（コピー）
10110201717	深紅隕石（複製）	クリムゾンロック（コピー）
10110201717	深红陨石(复制)	クリムゾンロック（コピー）
10110201718	霹雳雷霆(复制)	サンダークラップ（コピー）
10110201718	霹靂雷霆（複製）	サンダークラップ（コピー）
10110201719	破坏彗星(复制)	コメット（コピー）
10110201719	破壞彗星（複製）	コメット（コピー）
10110201720	元素漩涡(复制)	テトラボルテックス（コピー）
10110201720	元素漩渦（複製）	テトラボルテックス（コピー）
10110201721	流星	メテオ
10110201722	流星(复制)	メテオ（コピー）
10110201722	流星（複製）	メテオ（コピー）
10110201723	白色监狱触发	ホワイトインプリズン発動
10110201723	白色監獄觸發	ホワイトインプリズン発動
10110201724	念动星体(复制)	念動アストラルボディ（コピー）
10110201724	念動星體（複製）	念動アストラルボディ（コピー）
10110201725	混音共鳴	リミックスレゾナンス
10110201725	混音共鸣	リミックスレゾナンス
10110201726	灵魂之音	魂の声
10110201726	靈魂之音	魂の声
10110201727	共振焦点	レゾナンスフォーカス
10110201727	共振焦點	レゾナンスフォーカス
10110201728	聚光霓虹	ネオンスポットライト
10110201729	終場衝擊	フィナーレインパクト
10110201729	终场冲击	フィナーレインパクト
10110201730	元素合奏	エレメンタルアンサンブル
10110201731	五彩流星	プリズマティックメテオ
10110201733	重音迪斯可	ディスコアクセント
10110201733	重音迪斯科	ディスコアクセント
10110201734	天使加身	天使の化身
10110201735	启蒙	啓蒙
10110201735	啟蒙	啓蒙
10110201736	恶灵附身	悪霊憑依
10110201736	惡靈附身	悪霊憑依
10110201737	圣裁	聖なる裁き
10110201737	聖裁	聖なる裁き
10110201738	黑羽爆发	ブラックフェザーバースト
10110201738	黑羽爆發	ブラックフェザーバースト
10110201739	光晦交織：物理	光と闇の交錯：物理
10110201739	光晦交织：物理	光と闇の交錯：物理
10110201740	光晦交織：魔法	光と闇の交錯：魔法
10110201740	光晦交织：魔法	光と闇の交錯：魔法
10110201741	勻賜	平等の恵み
10110201741	匀赐	平等の恵み
10110201742	显化	顕現
10110201742	顯化	顕現
10110201743	神性残留	ディバイン・レムナント
10110201743	神性殘留	ディバイン・レムナント
10110201744	意志自由	フリーウィル
10110201745	协同攻击	連携攻撃
10110201745	協同攻擊	連携攻撃
10110201746	黑羽倾泻	黒羽バラージ
10110201746	黑羽傾瀉	黒羽バラージ
10110201747	讚美詩：勻賜	賛美プリースト賛歌：平等の恵み
10110201747	赞美诗：匀赐	賛美プリースト賛歌：平等の恵み
10110201748	讚美詩：顯化	賛美司祭の聖歌：顕現
10110201748	赞美诗：显化	賛美司祭の聖歌：顕現
10110201749	讚美詩：神性殘留	賛美司祭の聖歌：神聖な残滓
10110201749	赞美诗：神性残留	賛美司祭の聖歌：神聖な残滓
10110201750	讚美詩：天使加身	賛美プリースト賛歌：天使の化身
10110201750	赞美诗：天使加身	賛美プリースト賛歌：天使の化身
10110201751	驅魔咒：啟蒙	エクソシスト呪文：エンライトメント
10110201751	驱魔咒：启蒙	エクソシスト呪文：エンライトメント
10110201752	驅魔咒：意志自由	エクソシスト呪文：フリーウィル
10110201752	驱魔咒：意志自由	エクソシスト呪文：フリーウィル
10110201753	驅魔咒：墮落	エクソシスト呪文：コラプション
10110201753	驱魔咒：堕落	エクソシスト呪文：コラプション
10110201754	驅魔咒：惡靈附身	エクソシスト呪文：悪霊憑依
10110201754	驱魔咒：恶灵附身	エクソシスト呪文：悪霊憑依
10110201755	S@{1}战斧飓风无敌龙卷风	S@{1}アックストルネード無敵旋風
10110201755	S@{1}戰斧颶風無敵龍捲風	S@{1}アックストルネード無敵旋風
10110201756	S@{1}加农炮追击	S@{1}キャノン追尾
10110201756	S@{1}加農砲追擊	S@{1}キャノン追尾
10110201757	S@{1}爆魂技	S@{1}ソウルバースト
10110201758	S@{1}火神炮@{2}	S@{1}バルカンキャノン@{2}
10110201758	S@{1}火神砲@{2}	S@{1}バルカンキャノン@{2}
10110201759	S@{1}加农炮	S@{1}キャノン
10110201759	S@{1}加農砲	S@{1}キャノン
10110201760	S@{1}加农炮强化@{2}	S@{1}キャノン強化@{2}
10110201760	S@{1}加農砲強化@{2}	S@{1}キャノン強化@{2}
10110201761	S@{1}火焰喷射	S@{1}火炎放射
10110201761	S@{1}火焰噴射器	S@{1}火炎放射
10110201762	S@{1}強力衝擊	S@{1}ハイエナジーインパクト
10110201762	S@{1}高能冲击	S@{1}ハイエナジーインパクト
10110201763	S@{1}高能脈衝	S@{1}ハイエナジーパルス
10110201763	S@{1}高能脉冲	S@{1}ハイエナジーパルス
10110201764	S@{1}孤月斩轮	S@{1}クレセントムーンブレード
10110201764	S@{1}孤月斬輪	S@{1}クレセントムーンブレード
10110201765	S@{1}恶魔咆哮	S@{1}魔の咆哮
10110201765	S@{1}惡魔咆哮	S@{1}魔の咆哮
10110201766	泰坦之怒	タイタンの怒り
10110201767	裂地劈	セイスミッククリーブ
10110201768	地狱王狼	ヘルハウンドキング
10110201768	地獄王狼	ヘルハウンドキング
10110201769	究极百矛穿刺	究極ハンドレッドスピア
10110201769	究極百矛穿刺	究極ハンドレッドスピア
10110201770	真龍降臨	真・ドラゴンズディセント
10110201770	真龙降临	真・ドラゴンズディセント
10110201778	S@{1}影回环	S@{1}シャドウループ
10110201778	S@{1}影迴環	S@{1}シャドウループ
10110201780	S@{1}流影	S@{1}フローイングシャドウ
10110201781	S@{1}千影	S@{1}サウザンドシャドウ
10110201782	S@{1}御影	S@{1}シャドウガード
10110201783	S@{1}穿影	S@{1}ピアシングシャドウ
10110201785	元素破滅	エレメンタルアナイアレーション
10110201785	元素破灭	エレメンタルアナイアレーション
10110201786	深紅隕石Lv.@{1}	クリムゾンロック Lv.@{1}
10110201786	深红陨石lv@{1}	クリムゾンロック Lv.@{1}
10110201803	攻击弱点	致命的な一撃
10110201803	攻擊弱點	致命的な一撃
10110201804	霸体	インデュア
10110201804	霸體	インデュア
10110201805	快速恢复	回復力増加
10110201805	快速恢復	回復力増加
10110201806	剑系熟练度	ソードマスタリー
10110201806	劍系熟練度	ソードマスタリー
10110201807	長矛專家	槍の達人
10110201807	长矛专家	槍の達人
10110201808	剑攻速增加	ソードクイッケン
10110201808	劍攻速增加	ソードクイッケン
10110201809	怪物互击	ボウリングバッシュ
10110201809	怪物互擊	ボウリングバッシュ
10110201810	反击	オートカウンター
10110201810	反擊	オートカウンター
10110201811	騎乘攻擊	ブランディッシュスピア
10110201811	骑乘攻击	ブランディッシュスピア
10110201812	長矛刺擊	スピア・スタブ
10110201812	长矛刺击	スピア・スタブ
10110201813	投掷长矛	槍投げ
10110201813	投擲長矛	槍投げ
10110201814	冲锋攻击	チャージアタック
10110201814	衝鋒攻擊	チャージアタック
10110201815	连刺攻击	ピアス
10110201815	連刺攻擊	ピアス
10110201816	连突刺	ラピッドピアス
10110201816	連突刺	ラピッドピアス
10110201817	连刺爆破	ピアシングブラスト
10110201817	連刺爆破	ピアシングブラスト
10110201818	強力斬擊	パワースラッシュ
10110201818	强力斩击	パワースラッシュ
10110201819	势大力沉	ヘビーブロー
10110201819	勢大力沉	ヘビーブロー
10110201820	三段斩	トリプルスラッシュ
10110201820	三段斬	トリプルスラッシュ
10110201821	大剑横扫	大剣なぎ払い
10110201821	大劍橫掃	大剣なぎ払い
10110201822	双倍互击	ダブルカウンター
10110201822	雙倍互擊	ダブルカウンター
10110201823	灵气剑	オーラブレード
10110201823	靈氣劍	オーラブレード
10110201824	伤害增压	ヘッドクラッシュ
10110201824	傷害增壓	ヘッドクラッシュ
10110201825	集中攻击	集中力
10110201825	集中攻擊	集中力
10110201826	双剑格挡	パリィ
10110201826	雙劍格擋	パリィ
10110201827	螺旋刺击	スパイラルピアース
10110201827	螺旋刺擊	スパイラルピアース
10110201828	狂怒之枪	バーサーク
10110201828	狂怒之槍	バーサーク
10110201829	巧打	ジョイントビート
10110201830	龍之吐息（火）	ドラゴンブレス（火）
10110201830	龙之吐息（火）	ドラゴンブレス（火）
10110201831	龍之吐息（水）	ドラゴンブレス（水）
10110201831	龙之吐息（水）	ドラゴンブレス（水）
10110201832	龍之咆哮	ドラゴンハウリング
10110201832	龙之咆哮	ドラゴンハウリング
10110201833	驯龙术	ドラゴントレーニング
10110201833	龍駕馭	ドラゴントレーニング
10110201834	音速冲击波	ソニックウェーブ
10110201834	音速衝擊波	ソニックウェーブ
10110201835	死亡反弹	デスバウンド
10110201835	死亡反彈	デスバウンド
10110201837	魔力剑	エンチャントブレード
10110201837	魔力劍	エンチャントブレード
10110201838	卢恩精熟	ルーンマスタリー
10110201838	盧恩精熟	ルーンマスタリー
10110201841	灼烧	火傷
10110201841	灼燒	火傷
10110201849	被动技能@{1}	パッシブスキル@{1}
10110201849	被動技能@{1}	パッシブスキル@{1}
10110201850	主动技能@{1}	アクティブスキル@{1}
10110201850	主動技能@{1}	アクティブスキル@{1}
10110201851	解控	ディスペル
10110201852	控制	妨害
10110201853	残影	回避率アップ
10110201853	殘影	回避率アップ
10110201854	二刀连击	ダブルアタック
10110201854	二刀連擊	ダブルアタック
10110201855	隐匿	ハイディング
10110201855	隱匿	ハイディング
10110201856	偷窃	スティール
10110201856	偷竊	スティール
10110201857	喷砂	サンドパフ
10110201857	噴砂	サンドパフ
10110201859	双持特殊逻辑	特殊二刀流ロジック
10110201859	雙持特殊邏輯	特殊二刀流ロジック
10110201860	拳刃修炼	カタルマスタリー
10110201860	拳刃修練	カタルマスタリー
10110201861	超音速投掷	スーパーソニックブロー
10110201861	超音速投擲	スーパーソニックブロー
10110201862	剧毒短刀	エンベノムブレイド
10110201862	劇毒短刀	エンベノムブレイド
10110201863	病毒散播	ウイルスの蔓延
10110201864	双手修炼	二刀流マスタリー
10110201864	左右手修煉	二刀流マスタリー
10110201865	无影之牙	グリムトゥース
10110201865	無影之牙	グリムトゥース
10110201866	毒性感染	ベナムスプラッシャー
10110201867	中毒	毒状態
10110201868	双持精通	二刀流マスタリー
10110201868	雙持精通	二刀流マスタリー
10110201869	十字刺客普攻	アサシンクロス通常攻撃
10110201870	致命塗毒	デッドリーポイズン
10110201870	致命涂毒	デッドリーポイズン
10110201871	毒液制作	クリエイトデッドリーポイズン
10110201871	毒液製作	クリエイトデッドリーポイズン
10110201872	高阶心灵震波	上級ソウルブレイカー
10110201872	高階心靈震波	上級ソウルブレイカー
10110201873	十字斩	クロスインパクト
10110201874	高阶拳刃修炼	上級カタールマスタリー
10110201874	高階拳刃修練	上級カタールマスタリー
10110201875	影击	シャドウストライク
10110201875	影擊	シャドウストライク
10110201876	剧毒	ヴェノム・スティング
10110201876	劇毒	ヴェノム・スティング
10110201877	刀剑乱舞	ブレードダンス
10110201877	刀劍亂舞	ブレードダンス
10110201878	可乘之机	開催中
10110201878	可乘之機	開催中
10110201879	连锁反应	連鎖反応
10110201879	連鎖反應	連鎖反応
10110201880	有影之牙	シャドウファング
10110201881	暗算	急所攻撃
10110201882	三刀连击	トリプルスラッシュ
10110201882	三刀連擊	トリプルスラッシュ
10110201883	正中毒心	猛毒が骨身まで染みる
10110201884	毒大妄为	毒の暴走
10110201884	毒大妄為	毒の暴走
10110201885	震波扩散	拡散衝撃波
10110201885	震波擴散	拡散衝撃波
10110201886	暗裡藏刀	隠し刃
10110201886	暗里藏刀	隠し刃
10110201887	致命爪痕	致命的な爪痕
10110201888	解毒剂	解毒薬
10110201888	解毒劑	解毒薬
10110201889	恃強凌弱	弱者を狙う
10110201889	恃强凌弱	弱者を狙う
10110201890	影破	シャドウブレイク
10110201891	黑色幻影被动	ブラックファントムパッシブ
10110201891	黑色幻影被動	ブラックファントムパッシブ
10110201892	魔法回响	マジックリバーブレーション
10110201892	魔法迴響	マジックリバーブレーション
10110201893	圣光庇护	ホーリーライトの加護
10110201893	聖光庇護	ホーリーライトの加護
10110201894	连续治疗	持続回復
10110201894	連續治療	持続回復
10110201895	海盗之王普攻	海賊王通常攻撃
10110201895	海盜之王普攻	海賊王通常攻撃
10110201896	十字轟炸	クロスブラスト
10110201896	十字轰炸	クロスブラスト
10110201897	海盗之王劈砍	海賊王斬り
10110201897	海盜之王劈砍	海賊王斬り
10110201898	能量外套	エナジーコート
10110201899	圣灵召唤	ソウルストライク
10110201899	聖靈召喚	ソウルストライク
10110201900	火焰之壁	ファイアーウォール
10110201901	火球术	ファイアーボール
10110201901	火球術	ファイアーボール
10110201902	雷爆术	雷雨
10110201902	雷爆術	雷雨
10110201903	冰冻术	フロストダイバー
10110201903	冰凍術	フロストダイバー
10110201904	石化术	石の呪い
10110201904	石化術	石の呪い
10110201905	心灵爆破	マインドブラスト
10110201905	心靈爆破	マインドブラスト
10110201906	地震术	アーススパイク
10110201906	地震術	アーススパイク
10110201907	火之猎杀	サイトラッシャー
10110201907	火之獵殺	サイトラッシャー
10110201908	霜冻之术	フロストノヴァ
10110201908	霜凍之術	フロストノヴァ
10110201909	泥沼地	クァグマイア
10110201910	火柱攻击	火柱
10110201910	火柱攻擊	火柱
10110201911	陨石术	メテオストーム
10110201911	隕石術	メテオストーム
10110201912	火狩芽	サイトスプラウト
10110201913	魔击术	マジッククラッシャー
10110201913	魔擊術	マジッククラッシャー
10110201914	魔击炮	マジックキャノン
10110201914	魔擊砲	マジックキャノン
10110201915	魔力增幅	ミスティカルアンプリフィケーション
10110201916	吸魂术	ソウルドレイン
10110201916	吸魂術	ソウルドレイン
10110201917	噶般塔音	ガンバンテイン
10110201918	元素追击	エレメンタルパースート
10110201918	元素追擊	エレメンタルパースート
10110201919	元素冲击	エレメンタルショック
10110201919	元素衝擊	エレメンタルショック
10110201920	火球爆裂	ファイアボールバースト
10110201921	冰錐	アイススパイク
10110201921	冰锥	アイススパイク
10110201922	天雷	サンダーボルト
10110201923	火焰爆炸	ファイアエクスプロージョン
10110201924	余烬地带	エンバーゾーン
10110201924	餘燼地帶	エンバーゾーン
10110201925	冰霜爆炸	フロストエクスプロージョン
10110201926	空間扭曲	空間歪曲
10110201926	空间扭曲	空間歪曲
10110201927	魔力霜冻	マジックフロスト
10110201927	魔力霜凍	マジックフロスト
10110201928	元素掌控	属性制御
10110201929	閱讀魔法書	スペルブック読解
10110201929	魔法书阅读	スペルブック読解
10110201930	停止閱讀	読書をやめる
10110201930	停止阅读	読書をやめる
10110201932	陨星	メテオ
10110201932	隕星	メテオ
10110201933	冰爆	アイスブラスト
10110201934	雷爆	サンダーブラスト
10110201935	土爆	アースブラスト
11770000000	万能药	万能薬
11770000000	萬能藥	万能薬
11770000001	持續恢復藥水	リジェネレーションポーション
11770000001	持续恢复药水	リジェネレーションポーション
11770000002	瞬时恢复药水	即時回復ポーション
11770000002	瞬間恢復藥水	即時回復ポーション
11770000003	加速药水	スピードポーション
11770000003	加速藥水	スピードポーション
11770000004	冷却药水	クールダウンポーション
11770000004	冷卻藥水	クールダウンポーション
11770000005	咔咔金币	カカコイン
11770000005	咔咔金幣	カカコイン
11770000006	伪装	変装
11770000006	偽裝	変装
11770000007	暗影步	シャドウステップ
11770000008	心灵震波	ソウルブレイカー
11770000008	心靈震波	ソウルブレイカー
11770000009	伪装强化	強化クローキング
11770000009	偽裝強化	強化クローキング
11770000010	黑暗瞬間	メテオアサルト
11770000010	黑暗瞬间	メテオアサルト
11770000011	黑色幻影	ダークイリュージョン
11770000012	恶灵威胁	悪霊の脅威
11770000012	惡靈威脅	悪霊の脅威
11770000013	裂空冲击	リフトインパクト
11770000013	裂空衝擊	リフトインパクト
11770000014	幻象突刺	ファントムスラスト
11770000015	百矛穿刺	レインオブスピア
11770000016	无畏冲锋	恐れなき突撃
11770000016	無畏衝鋒	恐れなき突撃
11770000017	枪阵-旋月	槍陣 - 三日月
11770000017	槍陣-旋月	槍陣 - 三日月
11770000018	黃昏之光	トワイライト
11770000018	黄昏之光	トワイライト
11770000019	架盾防御	シールド防御
11770000019	架盾防禦	シールド防御
11770000020	重炮枪击	ヘビーキャノンショット
11770000020	重砲槍擊	ヘビーキャノンショット
11770000021	元素漩涡	テトラ ボルテックス
11770000021	元素漩渦	テトラ ボルテックス
11770000022	破坏彗星	コメット
11770000022	破壞彗星	コメット
11770000023	霹雳雷霆	雷鳴
11770000023	霹靂雷霆	雷鳴
11770000024	深紅隕石	クリムゾンロック
11770000024	深红陨石	クリムゾンロック
11770000025	霜冻爆破	ジャックフロスト
11770000025	霜凍爆破	ジャックフロスト
11770000026	大地扭曲	アースストレイン
11770000027	重力原野	グラビテーションフィールド
11770000028	灿烂圣光	輝けるホーリーライト
11770000028	燦爛聖光	輝けるホーリーライト
11770000029	光耀之堂	サンクチュアリ
11770000030	高阶治愈术	ハイネスヒール
11770000030	高階治癒術	ハイネスヒール
11770000031	奉献颂歌	献身の賛歌
11770000031	奉獻頌歌	献身の賛歌
11770000032	羔羊歌頌	子羊の賛歌
11770000032	羔羊颂歌	子羊の賛歌
11770000033	冲锋箭	チャージアロー
11770000033	衝鋒箭	チャージアロー
11770000034	箭雨風暴	アローストーム
11770000034	箭雨风暴	アローストーム
11770000035	猎鹰寻敌	探知中
11770000035	獵鷹尋敵	探知中
11770000036	千星逐月	千の星が月を追う
11770000037	定位陷阱	アンクルスネア
11770000038	強光陷阱	フラッシャー
11770000038	强光陷阱	フラッシャー
11770000039	加农炮强化	アームキャノン強化
11770000039	加農砲強化	アームキャノン強化
11770000040	冲击锥	パイルバンカー
11770000040	衝擊椎	パイルバンカー
11770000041	火焰喷射	フレイムランチャー
11770000041	火焰噴射器	フレイムランチャー
11770000042	躲猫猫	かくれんぼ
11770000042	躲貓貓	かくれんぼ
11770000043	風遁－龍捲風	風属性 - トルネード
11770000043	风遁-龙卷风	風属性 - トルネード
11770000044	土遁-钻地	地属性 - 潜行
11770000044	土遁－鑽地	地属性 - 潜行
11770000045	体术-倍化术	体術 - 拡張
11770000045	體術－倍化術	体術 - 拡張
11770000046	火遁-火焰喷射	火遁 - 火炎噴射
11770000046	火遁－火焰噴射	火遁 - 火炎噴射
11770000047	雷遁-天雷滚滚	雷遁 - ローリングサンダー
11770000047	雷遁－天雷滾滾	雷遁 - ローリングサンダー
11770000048	風遁－季風	風属性 - モンスーン
11770000048	风遁-季风	風属性 - モンスーン
11770000049	卡普拉之剑	カプラの剣
11770000049	卡普拉之劍	カプラの剣
11770000050	生存者护肩	サバイバーズマフラー
11770000050	生存者護肩	サバイバーズマフラー
11770000051	生存者外套	サバイバーコート
11770000052	生存者跑鞋	サバイバーズランニングシューズ
11770000053	卡普拉之戒	カプラの指輪
11770000054	迅捷騎士	スウィフトナイト
11770000054	迅捷骑士	スウィフトナイト
11770000055	枪骑	ランスナイト
11770000055	槍騎	ランスナイト
11770000056	鋼盾騎士	スティールシールドナイト
11770000056	钢盾骑士	スティールシールドナイト
11770000057	龍騎	ドラゴンナイト
11770000057	龙骑	ドラゴンナイト
11770000058	枪十字	槍クルセイダー
11770000058	槍十字	槍クルセイダー
11770000059	盾十字	シールドクルセイダー
11770000060	讚美祭司	賛美プリースト
11770000060	赞美牧师	賛美プリースト
11770000061	驅魔祭司	エクソサイザー
11770000061	驱魔牧师	エクソサイザー
11770000062	手推車	カートマーチャント
11770000062	手推车	カートマーチャント
11770000063	流浪商人	流浪の商人
11770000064	鐵斧匠人	鉄斧職人
11770000064	铁斧匠人	鉄斧職人
11770000065	偷袭刺客	アンブッシュアサシン
11770000065	偷襲刺客	アンブッシュアサシン
11770000066	潛行刺客	ステルスアサシン
11770000066	潜行刺客	ステルスアサシン
11770000067	心震刺	ソウルブレイカーアサシン
11770000068	回旋流	ローリングカッターアサシン
11770000068	迴旋流	ローリングカッターアサシン
11770000069	陷阱猎人	トラップハンター
11770000069	陷阱獵人	トラップハンター
11770000070	鷹眼獵人	イーグルアイハンター
11770000070	鹰眼猎人	イーグルアイハンター
11770000071	速射	高速ハンター
11770000072	射击	ウィンドウォーカー
11770000072	射擊	ウィンドウォーカー
11770000073	狼猎	ウォーグハンター
11770000073	狼獵	ウォーグハンター
11770000074	冰冻法师	フロストメイジ
11770000074	冰凍法師	フロストメイジ
11770000075	地火	アースファイアメイジ
11770000076	元素法师	エレメンタルメイジ
11770000076	元素法師	エレメンタルメイジ
11770000077	元素	属性
11770000078	身份牌	入札者ID
11770000078	身分牌	入札者ID
