Index	English	Japanese_Translation
25001	Sohee grants the master a shield equal to the master's Max HP*^{1}${1}%^{2}. While the shield persists, damage taken is reduced by ^{3}${2}%^{4}. Lasts ${3} seconds.	ソヒーが主人に、主人の最大HP*^{1}${1}%^{2}に相当するシールドを付与する。シールドが持続している間、受けるダメージが^{3}${2}%^{4}軽減される。持続時間：${3}秒。
25002	When casting 【Cross Ripper Slasher】, the blade transforms into a disc of light, and 【Cross Ripper Slasher】's percentage damage multiplier increases by ^{1}${1}%^{2}.	【クロスリッパースラッシャー】発動時、刃が光の円盤へと変化し、【クロスリッパースラッシャー】の割合ダメージ倍率が^{1}${1}%^{2}増加する。
25003	Spear-exclusive skill. Attacks with a Spear, dealing Neutral Ranged Physical damage equal to PATK * ^{1}${3}%+${4}^{2} to the designated ST enemy within ${1} meters.	槍専用スキル。槍で攻撃し、${1}m以内の指定した単体の敵に物理攻撃力*^{1}${3}%+${4}^{2}の無属性遠距離物理ダメージを与える。
25004	You handle that Mount well. It looks like you're Ready to take on more advanced assignments. So tell me, what Difficulty would you like to start your adventure with?	その乗り物、ずいぶん上手く乗りこなしているな。もっと上級の任務にも挑めそうだ。さて、冒険はどの難易度から始めたい？
25005	The Realm Sandbox selects heroes, while the Nail of Cosmic Law stabilizes spacetime... And your compass can gather echoes of souls to restore life to the World Tree.	世界サンドボックスが英雄を選び、宇宙法則の釘が時空を安定させる……そして君のコンパスは魂の残響を集め、世界樹に生命を取り戻すことができる。
25006	Ghost damage dealt increased by ^{1}@{1}%^{2}, 【Soul Burst】 Cooldown reduced by ^{3}@{2}%^{4}, and 【Psychokinetic Orb】 gains an Extra ^{5}@{3}^{6} floors per second.	与える念属性ダメージが^{1}@{1}%^{2}増加し、【ソウルバースト】のクールダウンが^{3}@{2}%^{4}短縮され、【サイコキネティックオーブ】が毎秒追加で^{5}@{3}^{6}スタック獲得する。
25007	When the party includes @{1} Members of different classes, each Member gains an Extra bonus: Damage to Bosses +^{1}@{2}%^{2}; damage taken from Bosses -^{3}@{3}%^{4}	パーティに異なる職業のメンバーが@{1}人いる場合、各メンバーが追加ボーナスを獲得：ボスへの与ダメージ+^{1}@{2}%^{2}、ボスからの被ダメージ-^{3}@{3}%^{4}
25008	Defeating the corresponding monsters on the following maps will count:\n@{1}.【Prontera Underground Culvert Floor @{2}】\n@{3}.【Prontera Underground Culvert Floor @{4}】	以下のマップで対応するモンスターを倒すとカウントされます：\n@{1}.【プロンテラ地下水路 @{2}層】\n@{3}.【プロンテラ地下水路 @{4}層】
25009	Defeating the corresponding monsters on the following maps will count:\n@{1}.【Pyramid Maze Floor @{2}】\n@{3}.【Pyramid Maze Floor @{4}】\n@{5}.【Pyramid Maze Floor @{6}】	以下のマップで対応するモンスターを倒すとカウントされます：\n@{1}.【ピラミッド迷宮 @{2}層】\n@{3}.【ピラミッド迷宮 @{4}層】\n@{5}.【ピラミッド迷宮 @{6}層】
25010	Remove this order? Once confirmed, the order will be removed, all pending requests will be rejected, and the guild supplies in the order will be returned immediately.	この注文を削除しますか？確定すると注文が削除され、処理待ちの申請はすべて拒否され、注文内のギルド物資は直ちに返却されます。
25011	If you equip a one-handed weapon, the card in the two-handed weapon slot, <color=#CC762A>${1}</color>, will become <color=#CC762A>inactive</color>. Replace your gear?	片手武器を装備すると、両手武器スロットのカード<color=#CC762A>${1}</color>が<color=#CC762A>無効</color>になります。装備を変更しますか？
25012	Pharaoh's Coffin ^{1}periodically selects a player^{2} and pulls the selected player inside. Be sure to ^{3}break the coffin before it sinks^{4} to rescue the player!	ファラオの棺は^{1}定期的にプレイヤー1人を選択^{2}して棺の中へ引きずり込む。プレイヤーを救出するには、^{3}棺が沈む前に必ず破壊しよう^{4}！
25013	Moonlight Flower launches @{2} sound waves toward the target^{1}@{1} times in succession^{2}, damaging targets hit. Hitting a Bell causes^{3}the Bell to resonate^{4}.	月夜花がターゲットに向けて音波を@{2}発、^{1}@{1}回連続で放ち^{2}、命中した対象にダメージを与える。鈴に命中すると^{3}鈴が共鳴する^{4}。
25014	Drake summons waves at^{1}@{1} random locations on the battlefield^{2}. The waves surge at irregular intervals,^{3}damaging targets in their area when they surge^{4}.	ドレイクが^{1}戦場内のランダムな@{1}箇所に波を召喚する^{2}。波は不規則な間隔で押し寄せ、^{3}押し寄せるたびに範囲内の対象へダメージを与える^{4}。
25015	An item you removed from the Trade Marketplace could not be returned because your Backpack was full. It has been sent by mail, so please claim it from the attachment.	取引所から取り下げたアイテムはバックパックが満杯だったため返却できませんでした。メールで送付しましたので、添付ファイルからお受け取りください。
25016	Miss Smile was also complaining a few days ago. She said monsters keep intercepting the Jellopy she uses to make masks. Could You ask her about it while you're there?	数日前にはスマイル嬢も困っていたよ。仮面作りに使うゼロピーが、モンスターに何度も奪われると言っていた。向こうへ行くなら、彼女にも話を聞いてくれないか？
25017	So You're the Adventurer Miss Smile mentioned. This ancient Stone is indeed a fragment of the seal. The weakening seal is what caused the monsters to become agitated.	あなたがスマイル嬢の話していた冒険者ですね。この古代の石は確かに封印の欠片です。封印が弱まったせいで、モンスターたちが騒ぎ始めたのです。
25018	Tell You what—I'll prepare a gift for You first. But monsters have been appearing along the delivery route Recent, so clear them out before they trample the gift box.	そうだ、まず君への贈り物を用意しておこう。ただ最近、配送ルートにモンスターが出るようになったんだ。プレゼント箱を踏み潰される前に、あいつらを片付けてくれ。
25019	Haha, you really know how to hold a grudge, Shorty. But this is no time for Chitchat. We need to hurry back to Payon and deliver these items to that crooked merchant.	ハハッ、根に持つなあ、チビ助。でも今はおしゃべりしてる場合じゃない。急いでフェイヨンへ戻って、この品をあの悪徳商人に届けないとな。
25020	I'll leave the Find the Professor Quests to you for now. I need to report the White Dove's major accident to headquarters. Once that's taken care of, I'll rejoin you.	教授の捜索任務はひとまず君に任せる。私は白鳩号の重大事故を本部へ報告しなければならない。それが済み次第、合流するよ。
25021	As for everything else... I can't tell you much right now. All I can say is that everything you've experienced so far is merely the first measure of a grand symphony.	それ以外のことは……今はあまり話せない。ただ一つ言えるのは、これまで君が経験してきたすべては、壮大な交響曲のほんの第一小節にすぎないということだ。
25022	The evening before last, a caravan from Juno was attacked by Baphomet Nearby the Hidden Forest. That damned Monster is still occupying the area and blocking the road.	一昨日の夕方、ジュノーから来た隊商が隠れ森の近くでバフォメットに襲われた。あの忌々しいモンスターは今もその一帯を占拠し、道を塞いでいる。
25023	A coat made from soft animal fur. It has drawn heavy criticism from conservation groups, so please be kind to animals. Comes with a powerful defensive special effect.	柔らかな動物の毛皮で作られたコート。自然保護団体から激しい批判を浴びているので、動物には優しくしましょう。強力な防御系特殊効果付き。
25024	Coins minted by Kafra exclusively for the competition. Named after the kaka sound heard during minting. Can be exchanged for items at the shop during the competition.	大会専用にカプラが鋳造したコイン。鋳造時に聞こえる「カカ」という音から名付けられた。大会期間中、ショップでアイテムと交換できる。
25025	Concentrates the breath of the earth, with a ^{1}${1}%^{2} Chance to inflict ^{3}^{4}【Petrify】^{5}^{6} on the designated ST enemy within ${2} meters for ${3} seconds.	大地の息吹を凝縮し、${2}m以内の指定した単体の敵に^{1}${1}%^{2}の確率で${3}秒間^{3}^{4}【石化】^{5}^{6}を付与する。
25026	Gathering Fluffs seems easiest. No talking, no Connect, just keep my head down and swing my sword... (Counts on fingers) Defeating about @{1} Fabres should be enough.	綿毛集めが一番楽そうだな。会話も連絡もいらない、黙って剣を振るだけ……（指を折って数える）ファブルを@{1}匹ほど倒せば十分だろう。
25027	(Blushes to the tips of his ears) L-L-Long ears?! Instructor Boya likes little bunnies? That's so adorable... If I dressed as a bunny for patrol, would she notice me?	（耳の先まで真っ赤になって）な、な、長い耳？！ボヤ教官は小さなウサギが好きなの？かわいい……僕もウサギの格好で巡回したら、教官に気づいてもらえるかな？
25028	Shield skill. Move toward the target and deal Holy Melee Physical DMG equal to PATK * ^{1}${1}%^{2} to up to ${4} enemies in a ${5} * ${6}-meter area in front of you.	盾スキル。ターゲットへ移動し、自身の前方${5}×${6}mの範囲内にいる最大${4}体の敵に、物理攻撃力*^{1}${1}%^{2}の聖属性近接物理ダメージを与える。
25029	Summon a Rescue Wagon Nearby. It can Revive Teammate during its duration and is the party's only Other Skill capable of Revive, allowing it to turn the tide of battle.	近くに救援馬車を召喚する。持続中は仲間を復活させることができ、パーティ内で復活が可能な唯一のその他スキルとして、戦況を覆す力を持つ。
25030	Feel free to participate in the following Misc activities. Your top 【three Misc activities】 during the Dragon Boat Festival will automatically be selected for rewards.	以下のその他アクティビティには自由に参加できます。端午の節句期間中、成績上位の【その他アクティビティ3種】が自動的に報酬対象として選ばれます。
25031	Log in for a total of @{1} days during the event to unlock all check-in rewards! Remember to claim them manually each day. The grand prize awaits you on the final day!	イベント期間中に累計@{1}日ログインすると、すべてのログイン報酬が解放されます！毎日忘れずに手動で受け取りましょう。最終日には豪華大賞が待っています！
25032	When ^{1}^{2}【Arrow Attack】^{3}^{4} hits an enemy, it deals ${1} Extra hits of ${2}%+${3} Neutral Ranged Physical damage to the enemy. Internal Cooldown: ${4} seconds.	^{1}^{2}【アローアタック】^{3}^{4}が敵に命中した時、その敵に追加で${2}%+${3}の無属性遠距離物理ダメージを${1}回与える。内部クールダウン：${4}秒。
25033	Increases ^{1}^{2}【Basic Attack】^{3}^{4}'s percentage damage multiplier by ${1}% and fixed damage by ${2}, and extends the duration of Magnum Break's buff to ${3} sec.	^{1}^{2}【通常攻撃】^{3}^{4}の割合ダメージ倍率が${1}%、固定ダメージが${2}増加し、マグナムブレイクのバフ持続時間が${3}秒に延長される。
25034	Drake simultaneously summons^{1}a full row and column of ghost ships^{2}. The ghost ships quickly surge forward in sequence, damaging^{3}targets along their paths^{4}.	ドレイクが^{1}縦一列と横一列の幽霊船を同時に召喚する^{2}。幽霊船は順番に素早く突進し、^{3}進路上の対象にダメージを与える^{4}。
25035	I heard animals sometimes suffocate in airship cargo holds, so I specifically hired a company that transports animals overland... What do I do? What am I going to do?!	飛行船の貨物室では動物が窒息することがあると聞いたから、わざわざ陸路で動物を運ぶ会社に頼んだのに……どうしよう？どうすればいいんだ？！
25036	We didn't uncover much in the way of a Clue during our interviews... You should visit them yourself. You may Discover some detail in their accounts that we overlooked.	聞き込みでは大した手がかりを得られませんでした……ご自身で彼らを訪ねてみてください。私たちが見落とした細かな点を、彼らの話から見つけられるかもしれません。
25037	The battle at Prontera South Gate has intensified! The enemy is trying to break through the outer defenses. All combat-ready personnel, reinforce the South Gate first!	プロンテラ南門での戦闘が激化しています！敵は外郭防衛線を突破しようとしています。戦闘可能な者は全員、まず南門へ増援に向かってください！
25038	An official certificate issued by the workshop, signifying that the holder has passed the Job Advance assessment and is qualified to independently pursue a Life Skill.	工房が発行する公式認定証。所持者が転職審査に合格し、生活スキルを独立して修める資格を得たことを証明する。
25039	Launches @{5} cannon rounds at @{2} designated enemies within @{1} m and up to @{4} other enemies within @{3} m of them, dealing a total of ATK * ^{1}@{6}%^{2} damage.	@{1}m以内の指定した敵@{2}体と、その周囲@{3}m以内の追加の敵最大@{4}体に砲弾を@{5}発放ち、合計で攻撃力*^{1}@{6}%^{2}のダメージを与える。
25040	Controls the target for ${1}s, dealing damage equal to ${2}% of its Max Life each second. If the target dies during this time, restores ${3}% of the caster's Max Life.	対象を${1}秒間制御し、毎秒その最大HPの${2}%に相当するダメージを与える。効果中に対象が死亡すると、術者の最大HPの${3}%を回復する。
25041	Golden Thief Bug increases its own and all summoned Thief Bugs' damage by @{1}% and Attack Speed by @{2}%, but also increases their damage taken by @{3}% for @{4} sec.	黄金蟲が自身と召喚したすべての盗蟲の与ダメージを@{1}%、攻撃速度を@{2}%増加させるが、@{4}秒間、受けるダメージも@{3}%増加する。
25042	Within ${1} meters of yourself, sequentially deal @{1}% Wind, Earth, Fire, Water, and Ghost magic damage ${4} times each to enemies within a circular ${2}-meter radius	自身から${1}m以内で、半径${2}mの円形範囲内の敵に風・地・火・水・念属性の魔法ダメージを順番にそれぞれ${4}回、@{1}%ずつ与える
25043	[Flying Mount Reward—Use It from Your Backpack] Wild beasts have recently been prowling around the village. The Elder Lady wants you to help find the missing livestock.	【飛行乗り物報酬―バックパックから使用】最近、村の周辺に野獣が出没しています。おばあさんが行方不明の家畜探しを手伝ってほしいそうです。
25044	A coarse vine commonly found in the Field. Gather it to obtain a basic Plant. ^{1}Used by the Chef Life Skill to make various restorative Potions and Cooking dishes^{2}	フィールドでよく見かける粗い蔓。採集すると基本植物を獲得できる。^{1}生活スキル「料理人」で各種回復ポーションや料理の調理に使用する^{2}
25045	The Spirit Tower has no Attempt Restriction, so you can challenge it as many times as you want—as long as you can handle it! If you cannot clear it, try again tomorrow!	精霊の塔には挑戦回数制限がないので、実力が続く限り何度でも挑戦できます！クリアできなかったら、また明日挑戦してみましょう！
25046	When making a Physical attack, has a ${1}% Chance to autocast ^{1}^{2}【Jupitel Thunder】 Lv.@{1}^{3}^{4}. Internal Cooldown: ${2} sec. Chance stacks with multiple cards.	物理攻撃時、${1}%の確率で^{1}^{2}【ユピテルサンダー】Lv.@{1}^{3}^{4}が自動発動する。内部クールダウン：${2}秒。確率は複数枚のカードで重複する。
25047	When ^{1}^{2}【Double Strafe】^{3}^{4} hits an enemy, it deals ${1} Extra hits of ${2}%+${3} Neutral Ranged Physical damage to the enemy. Internal Cooldown: ${4} seconds.	^{1}^{2}【ダブルストレイフィング】^{3}^{4}が敵に命中した時、その敵に追加で${2}%+${3}の無属性遠距離物理ダメージを${1}回与える。内部クールダウン：${4}秒。
25048	While the effect is active, hitting a target with a Bow skill has a @{1}% Chance to strike it with an Arrow Spike, dealing @{2} hit(s) of @{3}% Neutral Physical Damage.	効果中、弓スキルがターゲットに命中すると@{1}%の確率でアロースパイクが発動し、@{3}%の無属性物理ダメージを@{2}回与える。
25049	When 【Soul Drain】 scores a Kill, gain ${1} Magic ATK, up to ${2}. The amount gained is doubled when killing a player. Resets upon death, changing areas, or logging out.	【ソウルドレイン】で敵を倒すと魔法攻撃力を${1}獲得し、最大${2}まで増加する。プレイヤーを倒した場合は獲得量が2倍になる。死亡、エリア移動、ログアウト時にリセットされる。
25050	Drake Summons a ^{1}Ghost Ship^{2} that deals ^{3}massive damage^{4} to any players it touches. The Ghost Ship can ^{5}be destroyed by a following explosive barrel^{6}.	ドレイクが^{1}幽霊船^{2}を召喚し、接触したプレイヤーに^{3}甚大なダメージ^{4}を与える。幽霊船は^{5}後続の爆発樽で破壊できる^{6}。
25051	Osiris summons ^{1}@{1} Horongs^{2} in the arena. The Horongs damage ^{3}targets they touch^{4} and ^{5}periodically track targets at high speed^{6} to change position.	オシリスがアリーナ内に^{1}@{1}体のホロン^{2}を召喚する。ホロンは^{3}接触した対象にダメージを与え^{4}、^{5}定期的に高速でターゲットを追尾^{6}して位置を変える。
25052	The gyroscope... Let me think. Its core needs sturdy spacers, and Stag Beetle shells have just the right density. Bring me some ^{1}【Hard Shells】^{2} from Stag Beetles.	ジャイロスコープか……そうだな。中核部には頑丈なスペーサーが必要で、クワガタムシの殻なら密度もちょうどいい。クワガタムシから^{1}【硬い甲殻】^{2}をいくつか持ってきてくれ。
25053	I'll leave finding the professor to you for now. I need to report the White Dove disaster to headquarters first. As soon as that's taken care of, I'll meet up with you.	教授の捜索はひとまず君に任せる。私は先に白鳩号の事故を本部へ報告しなければならない。それが済み次第、すぐに合流するよ。
25054	Hey! A new face! Are you an Adventurer looking to refine your gear? Then Hollgrehenn's your man! Bring me good materials, and I'll hammer your gear as high as you dare!	おっ、新顔だな！装備を精錬したい冒険者か？ならホルグレンに任せな！いい素材を持ってくれば、お前が望む限界まで装備を叩き上げてやるぜ！
25055	Welcome to Izlude Island! Izlude is a satellite city of the capital, Prontera. We not only train Swordsmen, but also patrol the seas, making this a very important city.	イズルード島へようこそ！イズルードは首都プロンテラの衛星都市です。ソードマンの育成だけでなく、海の警備も担う、とても重要な都市なんですよ。
25056	Hmph. It says there's no mistaking the scent. The thief who stole the device left this behind. I hate to admit it, but this border collie really does have a sharp nose.	ふん。匂いに間違いないそうだ。装置を盗んだ犯人がこれを残していった。認めたくはないが、このボーダーコリーの鼻は本当に鋭いな。
25057	A Yellow, oval-shaped fruit used to season dishes and enhance their aroma.\nObtainable through ^{1}Life Skill - Gardener^{2}. Used by the Life Skill - Chef for Cooking.	料理の味付けや香り付けに使われる、黄色い楕円形の果実。\n^{1}生活スキル - 園芸師^{2}で獲得可能。生活スキル - 調理師が料理に使用する。
25058	Dark brown beans that can be ground into Cacao powder for making desserts.\nObtainable through ^{1}Life Skill - Gardener^{2}. Used by the Life Skill - Chef for Cooking.	挽いてカカオパウダーにし、デザート作りに使える濃い茶色の豆。\n^{1}生活スキル - 園芸師^{2}で獲得可能。生活スキル - 調理師が料理に使用する。
25059	Yellow Herb: Golden in color, it enhances the aroma and flavor of Cooking.\nObtainable through ^{1}Life Skill - Gardener^{2}. Used by the Life Skill - Chef for Cooking.	イエローハーブ：黄金色の薬草で、料理の香りと風味を引き立てる。\n^{1}生活スキル - 園芸師^{2}で獲得可能。生活スキル - 調理師が料理に使用する。
25060	Ore rich in carbon. The coal extracted from it can be refined with iron to produce Steel.\nObtainable through ^{1}Life Skill - Miner^{2}. Used to Craft T@{1} Equipment.	炭素を豊富に含む鉱石。採取した石炭は鉄と精錬して鋼鉄を作ることができる。\n^{1}生活スキル - 採掘工^{2}で獲得可能。T@{1}装備の製作に使用する。
25061	Obtained from daily quests and convoy escorts in War of Emperium. Used for territory auctions and siege equipment purchases in War of Emperium. No translation needed ()	攻城戦のデイリークエストおよび輸送護衛で獲得できる。攻城戦の領地オークションや攻城兵器の購入に使用する。
25062	This is a little-known tale. Naturally, it's little-known because hardly anyone knows it. So how do I know it? That's a good question, but I can't tell you why. Hahaha.	これはあまり知られていない話だ。当然だろう、知っている者がほとんどいないからな。じゃあ、なぜ私が知っているのかって？いい質問だが、それは教えられない。ハハハ。
25063	Deals Magic ATK * ^{1}${2}% + ${3}^{2} Holy ranged magic damage to a target ST enemy within ${1} meters and removes the target's ^{3}^{4}【Kyrie Eleison】^{5}^{6} effect.	${1}m以内の対象の敵単体に魔法攻撃力*^{1}${2}%+${3}^{2}の聖属性遠距離魔法ダメージを与え、対象の^{3}^{4}【キリエエレイソン】^{5}^{6}効果を解除する。
25064	【Arm Cannon - Enhance】becomes【Melody Cannon - Enhance】, increasing the Cannon Launch count against the target to ^{1}@{1}^{2} and increasing Total DMG by ^{3}@{2}%^{4}.	【アームキャノン-強化】が【メロディキャノン - 強化】に変化し、対象への砲撃回数が^{1}@{1}^{2}回に増加し、総ダメージが^{3}@{2}%^{4}増加する。
25065	Deals ranged Ghost magic damage equal to Magic ATK * ^{1}${3}%^{2} to up to ${2} enemies within a ${1}-meter radius and inflicts ^{3}^{4}【Silence】^{5}^{6} for ${4} sec.	${1}m以内の最大${2}体の敵に魔法攻撃力*^{1}${3}%^{2}の念属性遠距離魔法ダメージを与え、${4}秒間^{3}^{4}【沈黙】^{5}^{6}を付与する。
25066	When casting a ^{1}Shield-type^{2} or ^{3}Buff-type^{4} Primary Battle Skill, restores ^{5}${1}^{6} HP to the owner every sec for ${3} sec. Internal Cooldown: ${2} sec.	^{1}シールド型^{2}または^{3}バフ型^{4}の主戦闘スキル発動時、主人のHPを${3}秒間、毎秒^{5}${1}^{6}回復する。内部クールダウン：${2}秒。
25067	Alicel will Launch blades around herself, dealing melee Neutral adaptive damage equal to ^{1}${3}%^{2} of Physical ATK to up to ${2} enemies within a ${1}-meter radius.	アリセルが自身の周囲に刃を放ち、アリセル自身から${1}m以内の最大${2}体の敵に物理攻撃力の^{1}${3}%^{2}に相当する無属性近接適応ダメージを与える。
25068	\n@{1}.MVP monsters share HP across all channels. When an MVP appears, it can be found and fought on any channel, and all battle contributions count toward the rankings.	\n@{1}.MVPモンスターのHPは全チャンネルで共有されます。MVP出現時はどのチャンネルでも発見・戦闘でき、すべての戦闘貢献がランキングに反映されます。
25069	While ^{1}^{2}[Basilica]^{3}^{4} is active, ^{5}^{6}[Magnus Exorcismus]^{7}^{8}'s percentage damage multiplier increases by ${1}% and its fixed damage increases by ${2}.	^{1}^{2}[バシリカ]^{3}^{4}の発動中、^{5}^{6}[マグヌスエクソシズム]^{7}^{8}の割合ダメージ倍率が${1}%増加し、固定ダメージが${2}増加する。
25070	^{1}^{2}[Spear Throw]^{3}^{4} now throws an Explosive Spear that explodes upon hitting the target, also Deals DMG to ${2} Other enemies within ${1} meters of the target.	^{1}^{2}[槍投げ]^{3}^{4}が爆発槍を投げるようになり、対象に命中すると爆発して、対象から${1}m以内の他の敵${2}体にもダメージを与える。
25071	While ^{1}^{2}[Aura Blade]^{3}^{4} is active, the percentage damage multiplier of Normal Attack-type skills increases by ${1}%, and their fixed damage increases by ${2}.	^{1}^{2}[オーラブレード]^{3}^{4}の発動中、通常攻撃タイプのスキルの割合ダメージ倍率が${1}%増加し、固定ダメージが${2}増加する。
25072	After casting ^{1}^{2}【Meteor Assault】^{3}^{4}, deals Neutral melee Physical damage equal to PATK * ${3}% + ${4} to up to ${2} enemies within a ${1}-meter radius of you.	^{1}^{2}【メテオアサルト】^{3}^{4}発動後、自身から半径${1}m以内の最大${2}体の敵に物理攻撃力*${3}%+${4}の無属性近接物理ダメージを与える。
25073	Dear families! Please understand! This is all for a happier future! They're all willingly striving for their dreams! This brief separation will lead to a joyous reunion!	ご家族の皆様！どうかご理解ください！すべてはより幸せな未来のためなのです！彼らは皆、自ら望んで夢に向かって努力しています！この短い別れの先には、喜びの再会が待っています！
25074	But... my ring disappeared after that. Maybe I dropped it somewhere by accident? That prince-like gentleman couldn't possibly have taken it, could he? No, of course not!	でも……その後、指輪がなくなっていたの。どこかでうっかり落としたのかしら？あの王子様みたいな紳士が持っていったなんて、そんなはずないわよね？ええ、もちろん！
25075	Our library carefully classifies monsters from every corner of the Rune-Midgarts Kingdom. We house essential reading for every Adventurer, so please feel free to browse.	当図書館ではルーンミッドガッツ王国各地のモンスターを丁寧に分類しています。すべての冒険者にとって欠かせない資料を取り揃えていますので、どうぞ自由にご覧ください。
25076	Our family began making traffic signs long before horse-drawn carriages became the main form of transportation. We have been in business for two hundred and fifty years.	我が家が交通標識を作り始めたのは、馬車が主要な交通手段になるよりずっと前のことだ。もう250年もこの商売を続けているんだよ。
25077	There's a pack of Boas in the Nearby forest, and each one has a nasty Venom Sting. They may be small, but one bite will leave you in agony. Be careful not to get bitten.	近くの森にはボアの群れがいて、どいつも厄介な毒牙を持っている。小さくても、一噛みされれば激痛だ。噛まれないよう気をつけろよ。
25078	Take this. It's a Fly Wing, and it'll make finding Eddga much easier. It'll save you from running yourself ragged, so use it a few times and search every patch of grass!	これを持っていけ。ハエの羽だ。エドガ探しがずっと楽になるぞ。走り回ってへとへとになる必要もない。何度か使って、草むらという草むらを探してみろ！
25079	Hello, we meet again. Don't ask why I've come to this scorching desert. To witness the growth of an Excellent prospect, these old bones of mine must travel far and wide.	こんにちは、また会いましたね。なぜ私がこの灼熱の砂漠まで来たのかなんて聞かないでください。優秀な逸材の成長を見届けるためなら、この老骨も遠路をいといませんよ。
25080	After abandoning the stage, you can return to the event screen, select a new difficulty, and start another challenge. This challenge will count as a failure. Abandon it?	ステージを放棄するとイベント画面へ戻り、新しい難易度を選んで再挑戦できます。今回の挑戦は失敗扱いとなります。放棄しますか？
25081	A juicy, bright Red Strawberry used to decorate desserts and flavor dishes.\nObtainable through ^{1}Life Skill - Gardener^{2}. Used by the Life Skill - Chef for Cooking.	みずみずしく鮮やかな赤色のイチゴ。デザートの飾りや料理の風味付けに使われる。\n^{1}生活スキル - 園芸師^{2}で獲得可能。生活スキル - 調理師が料理に使用する。
25082	A Normal stone found almost anywhere. It may look unremarkable, but it still has its uses.\nObtainable through ^{1}Life Skill - Miner^{2}. Used to Craft T@{1} Equipment.	どこにでもある普通の石。目立たない見た目だが、ちゃんと使い道はある。\n^{1}生活スキル - 採掘工^{2}で獲得可能。T@{1}装備の製作に使用する。
25083	At the very back of the ^{1}Prontera Library^{2}, find the ^{3}bookshelf^{4} that looks untouched. Its corners are sealed beneath thick dust, and the secret lies within.	^{1}プロンテラ図書館^{2}の最奥で、誰にも触れられていないような^{3}本棚^{4}を探せ。角は厚い埃に覆われ、その中に秘密が眠っている。
25084	Unleash psychic power, entering 【Intense Telekinesis】 for ${1} sec. While active, Ghost property damage increases by ^{1}${2}%^{2} and Movement Speed increases by ${3}%.	念動力を解き放ち、${1}秒間【インテンス・テレキネシス】状態になる。効果中、念属性ダメージが^{1}${2}%^{2}、移動速度が${3}%増加する。
25085	Launch a shockwave, dealing Physical ATK*^{1}${2}%^{2}+Magic ATK*^{3}${3}%^{4}+^{5}${4}^{6} Neutral ranged Physical damage to the designated ST enemy within ${1} meters.	衝撃波を放ち、${1}m以内の指定した単体の敵に物理攻撃力*^{1}${2}%^{2}+魔法攻撃力*^{3}${3}%^{4}+^{5}${4}^{6}の無属性遠距離物理ダメージを与える。
25086	When casting an ^{1}Offensive-type^{2} or ^{3}Buff-type^{4} Primary Battle Skill, the owner gains ^{5}^{6}Detect Stealth^{7}^{8} within a ${1}-meter radius for ${2} sec.	^{1}攻撃型^{2}または^{3}バフ型^{4}の主戦闘スキル発動時、主人が${2}秒間、半径${1}m以内の^{5}^{6}ステルス探知^{7}^{8}を獲得する。
25087	Dive toward the target point, Deals DMG to Nearby enemies upon landing, and inflict Freeze. This restricts Enemy Team Movement and creates opportunities for focused fire.	目標地点へ急降下し、着地時に周囲の敵にダメージを与えて凍結を付与する。敵チームの移動を制限し、集中攻撃の好機を作り出す。
25088	Fafnir's roars are drawing an endless stream of monsters. They intend to break the seal and free Fafnir. Stop them from reaching the seal and protect it from destruction.	ファフニールの咆哮に引き寄せられ、モンスターが次々と押し寄せている。奴らは封印を破り、ファフニールを解放するつもりだ。封印へ到達させず、破壊から守り抜け。
25089	Dismantling the siege camp while it is under construction will refund all materials consumed. Once construction is complete, dismantling it will not refund any materials.	建設中の攻城キャンプを解体すると、消費した素材はすべて返還される。建設完了後に解体した場合、素材は一切返還されない。
25090	Use 【Mouse Right Tap (+Shift)】 to adjust the camera.\nZoom with Ctrl+Mouse Right Tap.\nUse 【Mouse Left Tap (+Shift)】 to adjust the camera.\nZoom with Ctrl+Mouse Left Tap.	【マウス右クリック（+Shift）】でカメラを調整。\nCtrl+マウス右クリックでズーム。\n【マウス左クリック（+Shift）】でカメラを調整。\nCtrl+マウス左クリックでズーム。
25091	After casting 【Meteor Storm】, immediately triggers @{1} 【Flame Explosion】, dealing Fire ranged magic damage equal to Magic ATK * ${3}% to up to ${2} enemies within ${1}m.	【メテオストーム】発動後、直ちに@{1}回【フレイムエクスプロージョン】が発動し、${1}m以内の最大${2}体の敵に魔法攻撃力*${3}%の火属性遠距離魔法ダメージを与える。
25092	Pharaoh ^{1}charges briefly^{2}, then unleashes an attack that deals heavy damage over an enormous area. Players must ^{3}hide behind the Pyramid to avoid the damage^{4}.	ファラオが^{1}短時間力を溜めた^{2}後、超広範囲に大ダメージを与える攻撃を放つ。プレイヤーは^{3}ピラミッドの陰に隠れてダメージを回避しなければならない^{4}。
25093	Ahem. Bobo, was it? There's a big difference between combat pets and companion pets. Don't worry. A companion pet with as much personality as you could never be replaced.	ゴホン。ボボ、だったかな？戦闘ペットとお供ペットはまったく別物だ。心配するな。君ほど個性の強いお供ペットが、他の誰かに取って代わられることなどないよ。
25094	Because your character has been restricted from using the Stall Function, your Stall was automatically closed and its items were sent to you by mail. Please collect them~	キャラクターが露店機能の利用を制限されているため、露店は自動的に閉店し、商品はメールで送付されました。お受け取りください～
25095	What a shame! Our super-lucky Lucky Koi accidentally got the answer wrong, but No worries. Let's keep trying next time! Please claim your reward from the mail attachment!	残念！超強運のラッキーコイさん、うっかり答えを間違えてしまいました。でも大丈夫、次も挑戦し続けましょう！メール添付から報酬をお受け取りください！
25096	Oh, you mean my gold ring... It was the most precious thing my mother left me. I always took such good care of it. I truly don't understand how it could have disappeared.	ああ、私の金の指輪ですか……母が遺してくれた中で一番大切なものだったんです。いつも本当に大事にしていたのに。どうしてなくなったのか、まったく分からなくて……
25097	Are You here to help that Young Man from Geffen? He spent ages browsing my shop a few days ago, but eventually said he couldn't afford anything and left looking dejected.	ゲフェンのあの青年を手伝いに来たのかい？数日前、ずいぶん長いことうちの店を見て回っていたよ。でも結局、何も買えないと言ってしょんぼり帰っていったね。
25098	Your Battle skills are solid, and you remain calm under pressure. Since you obtained the Tiger Pelt, you've proven your Eligibility to undertake higher-Difficulty Quests.	戦闘の腕も確かだし、危機でも冷静さを失わない。虎の毛皮を手に入れたことで、より高難易度のクエストを引き受ける資格があると証明したな。
25099	Tender Green leaves from a Basic herb that adds aroma and flavor to Cooking.\nObtainable through ^{1}Life Skill - Gardener^{2}. Used by the Life Skill - Chef for Cooking.	料理に香りと風味を添える、基本的な薬草の柔らかな緑の葉。\n^{1}生活スキル - 園芸師^{2}で獲得可能。生活スキル - 調理師が料理に使用する。
25100	Extremely pure Oridecon that can Enhance Weapons and Accessories with a higher Refine Level.\n^{1}Effect: Can be used to Refine +@{1} to +@{2} Weapons and Accessories^{2}	高精錬値の武器やアクセサリーを強化できる、極めて純度の高いオリデオコン。\n^{1}効果：+@{1}～+@{2}の武器およびアクセサリーの精錬に使用可能^{2}
25101	A signature heavy strike unique to Acolyte classes that deals Physical ATK *^{1}${2}%+${3}^{2} Neutral ranged Physical damage to a designated ST enemy within ${1} meters.	アコライト系専用の強力な一撃。${1}m以内の指定した単体の敵に、物理攻撃力*^{1}${2}%+${3}^{2}の無属性遠距離物理ダメージを与える。
25102	Unlocked when the guild clears the Nature God Ilmata event on Hard difficulty.\n(The item will be sent to the Guild Leader's mail upon completion. Use it to unlock this.)	ギルドが自然神イルマタのイベントをハード難易度でクリアすると解放される。\n（クリア時、アイテムはギルドマスターのメールに送付されます。使用すると解放できます。）
25103	The BOSS slams the ground and creates @{2}/@{3}/@{4}/@{5}/@{6} circular AOEs at random locations every @{1} seconds, each with a @{7}-second warning and a radius of @{8}m	BOSSが地面を叩きつけ、@{1}秒ごとにランダムな位置へ@{2}/@{3}/@{4}/@{5}/@{6}個の円形範囲攻撃を生成する。各攻撃には@{7}秒の予兆があり、半径は@{8}m
25104	Take on a Season Theme Dungeon Challenge. A party of ^{1}at least @{1} Members^{2} is required to Enter. Work together to defeat a powerful boss and earn abundant rewards.	シーズンテーマダンジョンに挑戦する。入場には^{1}@{1}人以上^{2}のパーティが必要。仲間と協力して強力なボスを倒し、豊富な報酬を獲得しよう。
25105	You may only use Auto-Bid for qualification in one region at a time. Before bidding begins, you may cancel Auto-Bid at any time and enable it for another region. Continue?	自動入札で参加資格を得られる地域は同時に1つだけです。入札開始前であれば、いつでも自動入札を解除して別の地域で有効にできます。続行しますか？
25106	Golden Thief Bug summons ^{1}a sandstorm that sweeps across the entire field^{2}, damaging ^{3}players in its path^{4}. Players must ^{5}use the Wormholes to evade it^{6}.	黄金蟲が^{1}フィールド全体を横切る砂嵐を召喚し^{2}、^{3}進路上のプレイヤーにダメージを与える^{4}。プレイヤーは^{5}ワームホールを使って回避しなければならない^{6}。
25107	Drake summons^{1}@{1} water tornadoes^{2}that move randomly. After a while, Drake disperses them,^{3}turning them into @{2} water blades^{4}that damage targets they touch.	ドレイクがランダムに移動する^{1}@{1}個の水竜巻^{2}を召喚する。しばらくするとドレイクがそれらを拡散させ、^{3}接触した対象にダメージを与える@{2}枚の水刃に変化させる^{4}。
25108	Use Fire Release to deal Damage over Time to enemies in a @{1}° cone with a radius of @{2} m directly in front of you, dealing ^{1}@{3}%^{2} damage each time for @{4} sec.	前方の半径@{2}m、角度@{1}°の扇形範囲に火炎放射を行い、@{4}秒間、敵に毎回^{1}@{3}%^{2}の持続ダメージを与える。
25109	2.While you have Field Combat Time, Kill field monsters to earn EXP and drops as normal. You cannot earn them while Field Combat Time is set to Pause or after it runs out.	2.フィールド戦闘時間が残っている間は、フィールドモンスターを倒すと通常通り経験値とドロップを獲得できます。フィールド戦闘時間が一時停止中、または使い切った後は獲得できません。
25110	In modes where pets fight directly, they automatically use their Battle Skill when its Cooldown ends. The Battle Skill's star rank also increases with the pet's star rank.	ペットが直接戦うモードでは、戦闘スキルのクールダウンが終わると自動的に使用します。戦闘スキルの星ランクもペットの星ランクに応じて上昇します。
25111	I see. When dealing with a thief of this caliber, their very identity is classified information that must remain sealed. I understand why you need to keep it confidential.	なるほど。そこまでの大物の盗賊となれば、正体そのものが封印すべき機密情報なのですね。秘密にしておく必要があるのも理解できます。
25112	Hey, wait! Prontera is holding a festival soon, and coordinating all the supplies is driving me crazy. I've got a list of errands here. Could you take care of them for me?	おい、ちょっと待ってくれ！もうすぐプロンテラで祭りがあるんだが、物資の手配で頭がおかしくなりそうなんだ。ここに用事の一覧がある。代わりに片付けてくれないか？
25113	I've heard of an enchanted sword called Mysteltainn, made from an Orc's canine tooth harder than steel. Only a certain Blacksmith living\nin Prontera knows how to make it.	ミステルテインという魔剣の話を聞いたことがある。鋼鉄より硬いオークの牙から作られるらしい。その作り方を知っているのは\nプロンテラに住む、とあるブラックスミスだけだそうだ。
25114	Congratulations, Adventurer. As of today, you have officially advanced to Trans. 2nd. Greater power brings greater responsibility, and it's time to improve your equipment.	おめでとう、冒険者。今日から正式に上位2次職だ。大きな力には大きな責任が伴う。そろそろ装備も強化する時だな。
25115	Er... this was indeed our oversight. But our investigators have already taken a team to pursue the Clue. Please try to calm down. We'll take responsibility and recover it.	ええと……これは確かに我々の不手際です。ですが調査員たちはすでに部隊を率いて手がかりを追っています。どうか落ち着いてください。我々が責任を持って取り戻します。
25116	It's true! I'm not lying! Oh... I remember now! I put two meat sandwiches in my pockets this morning as bait for giant cockroaches. The smell must have attracted this dog!	本当だって！嘘じゃない！あっ……思い出した！今朝、巨大ゴキブリの餌にしようと思って肉サンドを2つポケットに入れたんだ。その匂いでこの犬が寄ってきたんだろう！
25117	Allow me to give you a Regular introduction. I am Louie von Schillerkens, a poor soul failed by the current system and... well, the strategic advisor of this little group.	改めて自己紹介させてもらおう。私はルイ・フォン・シラーケンス。現行制度に見放された哀れな魂にして……まあ、この小さな一団の参謀だ。
25118	Serve as the party's frontline\nPlayers who select this role have exceptional damage-taking capabilities and must stand ahead of their teammates to hold off enemy attacks.	パーティの前衛を担当する\nこの役割を選択したプレイヤーは卓越した耐久力を持ち、仲間の前に立って敵の攻撃を食い止める必要があります。
25119	A coat made from soft animal fur. It has drawn heavy criticism from conservation groups, so please be kind to animals. Comes with a powerful damage-dealing special effect.	柔らかな動物の毛皮で作られたコート。自然保護団体から激しい批判を浴びているので、動物には優しくしましょう。強力な攻撃系特殊効果付き。
25120	Universal Currency for the Connect System. Obtained by completing quests in the Adventure Party and Mentorship systems, and used to exchange for items in the Connect Shop.	交流システム共通の通貨。冒険パーティおよび師弟システムのクエストを完了すると獲得でき、交流ショップでアイテムとの交換に使用する。
25121	Controls the Madogear Pilot to leap into the air and slam the ground, dealing ^{1}@{3}%^{2} damage to up to @{2} enemies within @{1} meters and ^{3}knocking them back^{4}.	魔導ギアを操って空中へ跳び上がり、地面を叩きつける。@{1}m以内の最大@{2}体の敵に^{1}@{3}%^{2}のダメージを与え、^{3}ノックバック^{4}させる。
25122	When Double Attack triggers, trigger an Extra 【Double Attack - AoE】 within @{1} meters of yourself (internal CD: @{2} sec.)\n(Changed to trigger due to performance issues)	ダブルアタック発動時、自身から@{1}m以内に追加で【ダブルアタック-AoE】を発動する（内部クールダウン：@{2}秒）。\n（パフォーマンス上の問題により、発動方式に変更）
25123	【Shadow Pierce】 also grants one floor of 【Delusion】 for @{1} seconds. 【Delusion】: Killing an enemy in this state immediately refreshes @{2}% of 【Shadow Pierce】's Cooldown.	【シャドウピアース】発動時、@{1}秒間【幻惑】を1スタック獲得する。【幻惑】：この状態で敵を倒すと、【シャドウピアース】のクールダウンが即座に@{2}%回復する。
25124	Lava Lizard roars, dealing Neutral melee ^{5}adaptive damage^{6} equal to the master's ^{1}Adaptive ATK^{2}*^{3}${3}%^{4} to up to ${2} enemies within a ${1}-meter radius.	ラーヴァリザードが咆哮し、主人から半径${1}m以内の最大${2}体の敵に、主人の^{1}適応攻撃力^{2}*^{3}${3}%^{4}の無属性近接^{5}適応ダメージ^{6}を与える。
25125	Dear student, congratulations! You've been selected to participate in the Quiz Festival! Answer questions to earn fantastic rewards. Hurry to Prontera and enter the venue!	親愛なる生徒さん、おめでとうございます！クイズフェスティバルの参加者に選ばれました！問題に答えて豪華報酬を獲得しましょう。急いでプロンテラの会場へ！
25126	The resonator is reacting violently. The rumors were true... The sample's purity is beyond anything I imagined! I must... I must go deeper... to the source of the energy...	共鳴器が激しく反応している。噂は本当だった……サンプルの純度が想像を遥かに超えている！もっと……もっと深くへ……このエネルギーの源まで行かなければ……
25127	Guild Points are the sum of all Members' personal Contribution Points. After ranking Settlement, only Members with 100,000 personal Activity Points can claim Guild Rewards.	ギルドポイントは全メンバーの個人貢献ポイントの合計です。ランキング集計後、個人活躍度が100,000以上のメンバーのみギルド報酬を受け取れます。
25128	Defeating Commanders and Bosses on the Sub-Battlefield grants powerful Commander skills with shared limited Uses to the Guild Master and Commanders on the Main Battlefield.	サブ戦場の指揮官やボスを倒すと、メイン戦場のギルドマスターと指揮官に、ギルド内で使用回数を共有する強力な指揮官スキルが付与される。
25129	Drake bombards multiple players ^{1}@{1} times in succession^{2}. Players must ^{3}guide the cannonballs toward the 【Puppet】^{4} and ^{5}use the cannonballs^{6} to Kill it.	ドレイクが複数のプレイヤーを^{1}@{1}回連続で砲撃する^{2}。プレイヤーは^{3}砲弾を【パペット】へ誘導し^{4}、^{5}砲弾を利用して^{6}倒さなければならない。
25130	Ilmo summons unique musical-note areas. Their ^{1}symbols are displayed for only @{1} seconds^{2}. Once they disappear, players must rely on memory to deactivate the areas.	イルモが特殊な音符エリアを召喚する。その^{1}記号は@{1}秒間しか表示されない^{2}。消えた後は、プレイヤーが記憶を頼りにエリアを解除しなければならない。
25131	A loyal knight of the kingdom. Skilled with swords and spears, knights can ride Peco Pecos into battle, wield formidable offensive power, and rapidly charge toward enemies.	王国に忠誠を誓う騎士。剣と槍に熟達し、ペコペコに騎乗して戦場を駆け、強力な攻撃力で敵へ素早く突進できる。
25132	The higher the Hatchery level, the greater the Chance of obtaining high-quality pets.\nLevel Increased will not remove unlocked content and will only raise the base Chance.	孵化場のレベルが高いほど、高品質ペットの獲得確率が上昇します。\nレベルを上げても解放済みの内容は失われず、基礎確率のみが上昇します。
25133	This commission comes directly from the royal family. That means it's a high-level mission, and it also means... the potential danger may be beyond anything we can imagine.	この依頼は王家から直々に出されたものだ。つまり高難易度の任務であり、それは同時に……想像を超える危険が潜んでいる可能性もあるということだ。
25134	Hee hee... Hic! You're from out of town, aren't you? Since fate brought us together, I'll let you in on something I happened to overhear while having a drink at the tavern~	へへ……ヒック！あんた、よそ者だろ？こうして出会ったのも何かの縁だ。酒場で飲んでた時にたまたま耳にした話を、こっそり教えてやるよ～
25135	Oh, right! I almost forgot to give you a Talent Stone! If we run into trouble up there, you'll need some way to defend yourself. This thing will be a huge help, so take it.	あっ、そうだ！才能石を渡すのを忘れるところだった！上で何かあった時、自分の身を守る手段が必要だろ。こいつは大いに役立つから、持っていけ。
25136	You didn't Find him? That old man is as slippery as a desert snake. I also sent a seasoned Adventurer to search Nearby Ant Hell. It's no place for rookies to wander around.	見つからなかったのか？あの爺さん、砂漠の蛇みたいにするりと消えやがる。それに蟻地獄の近くにも、腕利きの冒険者を捜索に向かわせた。新人がうろつく場所じゃないからな。
25137	But mastering skills isn't enough. After your Second Job, the new ^{1}[Talent]^{2} System has been unlocked. Go—this is the key to determining the limits of your abilities.	だがスキルを極めるだけでは足りない。2次職になったことで、新たに^{1}[才能]^{2}システムが解放された。行ってこい――それがお前の能力の限界を決める鍵だ。
25138	A map drawn by ancient emperors to mark their most precious treasures. To keep others from coveting them, they tore the map into fragments and hid them in different places.	古代の皇帝たちが最も大切な宝の場所を記すために描いた地図。他人に狙われないよう、地図をいくつもの欠片に破り、各地へ隠したという。
25139	The Chrono Compass emits a dazzling light, then projects a strange vision: you see yourself entering a mysterious abyss, where a massive structure stands, seemingly a door.	時空コンパスが眩い光を放ち、奇妙な幻影を映し出す。あなたは謎めいた深淵へ入り、そこに巨大な構造物――まるで扉のようなもの――が立っているのを見る。
25140	Unlocked when the guild clears the Nature God Ilmata event on Medium difficulty.\n(The item will be sent to the Guild Leader's mail upon completion. Use it to unlock this.)	ギルドが自然神イルマタのイベントをミディアム難易度でクリアすると解放される。\n（クリア時、アイテムはギルドマスターのメールに送付されます。使用すると解放できます。）
25141	Clear Realm of the Gods on Normal difficulty without using the Praiser Priest Revive skill. Rewards will be issued based on the shortest Clear Time during event Settlement.	称賛プリーストの復活スキルを使わずに、神々の領域ノーマル難易度をクリアする。イベント集計時、最短クリアタイムに基づいて報酬が配布される。
25142	When dealing DMG, there is a @{1}% Chance to reduce the target's current SP by @{2}%, up to @{3}. Internal Cooldown: @{4} sec. The trigger Chance stacks with multiple Cards.	ダメージを与えた時、@{1}%の確率で対象の現在SPを@{2}%減少させる（最大@{3}）。内部クールダウン：@{4}秒。発動確率は複数枚のカードで重複する。
25143	Instantly calls down Divine Light, restoring ^{3}Life^{4} equal to own ATK * ^{1}@{3}%^{2} for self and up to @{2} allies within a @{1} m radius, prioritizing party Members.	即座に聖なる光を降らせ、自身および半径@{1}m以内の味方最大@{2}体の^{3}HP^{4}を、自身の攻撃力*^{1}@{3}%^{2}分回復する。パーティメンバーを優先する。
25144	Launch a rain of arrows within @{1} meters, dealing ^{1}@{4}%^{2} damage to up to @{3} enemies within a @{2}-meter radius and inflicting ^{3}【Knockback】^{4} for @{5} meters.	@{1}m以内に矢の雨を降らせ、半径@{2}m以内の最大@{3}体の敵に^{1}@{4}%^{2}のダメージを与え、@{5}mの^{3}【ノックバック】^{4}を付与する。
25145	This magic carpet once carried tales from the Arabian Nights beneath the desert moon and stars. The moment you step aboard, it unfurls a miracle that lets you ride the wind.	この魔法の絨毯はかつて、砂漠の月と星の下で「千夜一夜物語」の物語を運んだという。ひとたび乗れば、風に乗って空を駆ける奇跡が広がる。
25146	Dear Player, the review result for your appeal regarding Order No.:${7} has been confirmed.\nReview Result:Approved.\nPlease collect your final proceeds from the attachment.	プレイヤー様へ、注文番号：${7}に関する異議申立ての審査結果が確定しました。\n審査結果：承認。\n最終売却代金を添付ファイルよりお受け取りください。
25147	Now that's character! I admire your candor! But believe me, a promise from Jax carries more weight than adamantine! Come see for yourself, and you'll know I speak the truth!	いい根性だ！その率直さ、気に入ったぞ！だが信じてくれ、ジャックスの約束はアダマンタイトより重い！自分の目で確かめに来れば、俺が本当のことを言っていると分かるさ！
25148	Sigh... The specimen is gone, and I didn't even finish recording the valuable field data. But! This incident proves there's one crucial area where my theory can be improved—	はぁ……標本は消えたし、貴重な現地データも記録し終えていない。だが！今回の事件で、私の理論に改善すべき重大な点が一つあると証明された――
25149	I hear you're helping someone prepare a gift. Here, take this dry-cured ham too. When you're out adventuring, nothing's more reassuring than having some meat in your pocket.	誰かへの贈り物を用意しているそうだな。ほら、この乾燥熟成ハムも持っていけ。冒険中、ポケットに肉が入っているほど心強いものはないぞ。
25150	Oh? An Adventurer encounters a beautiful Woman in distress, and she rewards her rescuer with a treasure—isn't that a common enough tale? There's no need to make such a fuss.	あら？困っている美女に冒険者が出会い、助けたお礼に宝物をもらう――よくある話じゃない？そんなに騒ぐことでもないでしょう。
25151	Oh my... I thought I was about to become lunch for those baby Peco Pecos! Those big-beaked little brats kept squawking in my ears and pecking me all over! It was terrifying!	まあ……あの赤ちゃんペコペコたちの昼ごはんになるところだったわ！あの大きなくちばしのチビたち、耳元でギャアギャア鳴きながら全身をつついてきたのよ！本当に怖かった！
25152	The Relic... Are you with the Professor and Knight Isis? That object is deep inside the Pyramid. Ever since it appeared, the Monsters here have been agitated beyond Control.	遺物……教授と騎士イシスの仲間ですか？あれはピラミッドの奥深くにあります。出現して以来、ここのモンスターは制御不能なほど凶暴化しています。
25153	Young Male Voice\nCan we be reasonable here? You've been sitting here since five in the morning without fighting a single monster! You're hogging the spot and doing nothing!	若い男性の声\n少しは話し合おうよ！朝5時からずっとここに座って、モンスターを1匹も倒してないじゃないか！場所だけ占領して何もしてないだろ！
25154	Bobo\nThere's no one here. We may need to look farther inside. But these ants are so annoying! Why don't we clear them out while we're at it? We'd be doing everyone a favor!	ボボ\n誰もいないね。もっと奥まで探す必要がありそう。でもこのアリたち、本当にうっとうしい！ついでに片付けちゃおうよ。みんなのためにもなるし！
25155	A Metal that shines as brilliantly as the sun. Though difficult to work with, its rarity undoubtedly makes it extremely valuable among metals. Can be exchanged for Headwear.	太陽のように眩しく輝く金属。加工は難しいが、その希少性ゆえに金属の中でも極めて高い価値を持つ。頭装備と交換可能。
25156	After use, Enlarge to @{1} times your size. During Magnification, restores ^{1}@{3}% ^{2} of your Max HP every @{2} seconds for @{4} seconds. Cooldown: ^{3}@{5}^{4} seconds.	使用後、自身の大きさが@{1}倍になる。巨大化中、@{4}秒間、@{2}秒ごとに最大HPの^{1}@{3}%^{2}を回復する。クールダウン：^{3}@{5}^{4}秒。
25157	Summons a lightning strike, dealing Magic ATK *^{1}${4}% + ${5}^{2} Wind ranged magic damage to up to ${3} enemies within a ${2}-meter radius area within ${1} meters of you.	雷撃を召喚し、自身から${1}m以内にある半径${2}mの範囲内の最大${3}体の敵に、魔法攻撃力*^{1}${4}%+${5}^{2}の風属性遠距離魔法ダメージを与える。
25158	Deals Neutral ranged magic damage equal to Magic ATK *^{1}${3}%^{2} to up to ${2} enemies within ${1} meters of the caster and inflicts ${4}%^{3}【Slow】^{4} for ${5} seconds.	術者から${1}m以内の最大${2}体の敵に魔法攻撃力*^{1}${3}%^{2}の無属性遠距離魔法ダメージを与え、${5}秒間${4}%の^{3}【減速】^{4}を付与する。
25159	Uses an Exorciser incantation to create a Holy Light field, dealing ATK * ^{1}@{4}%^{2} damage to up to @{3} enemies in a designated area with a @{2} m radius within @{1} m.	退魔の呪文で聖なる光の領域を作り出し、@{1}m以内の半径@{2}mの指定範囲にいる最大@{3}体の敵に攻撃力*^{1}@{4}%^{2}のダメージを与える。
25160	A Skill Bar can be placed on the casting wheel like a skill. Activating the Skill Bar casts each skill in the Skill Bar that currently meets its activation requirements once.	スキルバーはスキルと同じように詠唱ホイールへ配置できる。スキルバーを発動すると、現在発動条件を満たしているスキルバー内の各スキルを1回ずつ使用する。
25161	The Guild Leader is eligible for Impeachment if they have been offline for ${1} days or earned less than ${3} Guild Contribution each week for the past ${2} consecutive weeks	ギルドマスターが${1}日間オフライン、または直近${2}週連続で毎週のギルド貢献度が${3}未満の場合、弾劾の対象となる。
25162	Marks several players. After a brief warning, deals damage in a large area around them and ^{1}Launches @{1} waves in all directions^{2}. The waves damage players they touch.	複数のプレイヤーをマークする。短い予兆の後、その周囲の広範囲にダメージを与え、^{1}全方向へ@{1}本の波を放つ^{2}。波に触れたプレイヤーはダメージを受ける。
25163	Summons a meteor, dealing ATK * ^{1}@{4}%^{2} damage to up to @{3} enemies in a target area with a @{2} m radius within @{1} m, with a @{5}% Chance to inflict ^{3}【Burn】^{4}.	隕石を召喚し、@{1}m以内の半径@{2}mの対象範囲にいる最大@{3}体の敵に攻撃力*^{1}@{4}%^{2}のダメージを与え、@{5}%の確率で^{3}【火傷】^{4}を付与する。
25164	This advanced equipment was prepared for you by the Eden Group. It includes a Weapon and Armor, so be sure to Receive it. You'll need this gear for your upcoming assignments.	楽園団が用意した上級装備です。武器と防具が含まれているので、必ず受け取ってください。これからの任務にはこの装備が必要になります。
25165	An airship? You mean one of those huge ships that races through the clouds, where you can feel the breeze and enjoy the view from the deck? We're taking one on our adventure?	飛行船？雲の間を駆け抜ける、あのでっかい船のこと？甲板で風を感じながら景色を楽しめるやつ？それに乗って冒険へ行くの？
25166	Phew... Finally, some peace and quiet. Thank You, my friend. These desert Chonchons are even more annoying than monsters. I've never seen you Nearby before. Are you new here?	ふぅ……やっと静かになった。ありがとう、友よ。この砂漠のチョンチョンはモンスター以上に厄介だ。ここらでは見ない顔だな。新しく来たのか？
25167	●Other Adventurers can use siege weapons atop the high walls to attack the dragon. Cooperation between Adventurers and effective use of these weapons are the keys to victory.	●他の冒険者は高い城壁の上にある攻城兵器を使ってドラゴンを攻撃できます。冒険者同士の協力と兵器の有効活用が勝利の鍵です。
25168	Unlike the original War of Emperium, War of Emperium: Second Edition takes place on a single large map, and guilds must destroy the Guardian Stones and Barricades to advance.	通常の攻城戦とは異なり、攻城戦：Second Editionは1枚の大規模マップで行われ、ギルドは守護石とバリケードを破壊しながら進軍しなければならない。
25169	A bright Red Herb that adds a unique flavor and medicinal properties to Cooking.\nObtainable through ^{1}Life Skill - Gardener^{2}. Used by the Life Skill - Chef for Cooking.	料理に独特の風味と薬効を加える、鮮やかな赤色の薬草。\n^{1}生活スキル - 園芸師^{2}で獲得可能。生活スキル - 調理師が料理に使用する。
25170	A Rare material used for Special Talent Level-up.\nOnce your understanding of a Talent reaches a stable stage,\nits power is formally engraved, becoming an unmistakable mark.	特殊才能のレベルアップに使用するレア素材。\n才能への理解が安定した段階に達すると、\nその力が正式に刻まれ、明確な証となる。
25171	The professor comes over to greet you. Moments later, a Soldier reports that a glowing "Relic" appeared near Goblin Forest after the tremor, and someone needs to investigate.	教授があなたを迎えに来る。その直後、兵士が、地震の後にゴブリンの森付近へ光る「遺物」が出現したと報告し、調査を求める。
25172	Increases the Attack Speed of yourself and up to ${2} allies within ${1} meters by ^{1}${3}%^{2}, plus an Extra ^{3}${4}%^{4} regardless of Job Restriction, for ${5} seconds.	${5}秒間、自身および${1}m以内の味方最大${2}体の攻撃速度を^{1}${3}%^{2}増加させ、さらに職業制限に関係なく^{3}${4}%^{4}追加で増加させる。
25173	Dive toward a designated location within @{1} meters. After the dive, create an @{2}-meter circular Petrify zone that inflicts Petrify on up to @{3} enemies for @{4} seconds.	@{1}m以内の指定地点へ急降下する。着地後、半径@{2}mの石化エリアを生成し、最大@{3}体の敵に@{4}秒間石化を付与する。
25174	Harness wind pressure to Enhance yourself. For ${1} seconds after casting this skill, the percentage damage multipliers for skills and Basic Attack increase by ^{1}${2}%^{2}.	風圧を利用して自身を強化する。スキル発動後${1}秒間、スキルおよび通常攻撃の割合ダメージ倍率が^{1}${2}%^{2}増加する。
25175	Dive toward a target location within ${1} meters. Upon landing, deal ${4}% Physical damage to up to ${3} enemies within a ${2}-meter radius and inflict Stun for ${5} seconds.	${1}m以内の対象地点へ急降下する。着地時、半径${2}m以内の最大${3}体の敵に${4}%の物理ダメージを与え、${5}秒間スタンを付与する。
25176	Charge at a designated ST enemy within ${1} meters, dealing Physical ATK*^{1}${2}%+${3}^{2} Neutral melee Physical damage and inflicting ${4} sec. of ^{3}^{4}【Stun】^{5} ^{6}.	${1}m以内の指定した単体の敵へ突進し、物理攻撃力*^{1}${2}%+${3}^{2}の無属性近接物理ダメージを与え、${4}秒間^{3}^{4}【スタン】^{5}^{6}を付与する。
25177	Unfortunately, Morroc's seal remains secure, and Jormungandr has long since vanished from this world. However, there is an urgent assignment in Payon that requires attention.	残念ながらモロックの封印は今も健在で、ヨルムンガンドもとうの昔にこの世から姿を消している。だがフェイヨンには、すぐに対処しなければならない緊急任務がある。
25178	(Strokes chin) When she came to the academy to turn in a commission a few days ago, she mentioned that a monster had damaged her Helmet. A new Helmet should be a safe choice.	（顎を撫でながら）数日前、彼女が依頼報告のためにアカデミーへ来た時、モンスターに兜を壊されたと言っていたな。新しい兜なら無難だろう。
25179	After your Basic Attack deals damage, there is a ${1}% Chance to inflict 【Poisoned】 damage on the target, dealing Poison melee Physical damage equal to ${2}% of Physical ATK.	通常攻撃でダメージを与えた後、${1}%の確率で対象に【毒状態】ダメージを付与し、物理攻撃力の${2}%に相当する毒属性近接物理ダメージを与える。
25180	Siege War Vehicle Permission Rules:\n@{1}.You can set vehicle permissions for Siege War on this screen.\n@{2}.These settings also apply to player permissions during Siege War.	攻城戦車両権限ルール：\n@{1}.この画面で攻城戦の車両権限を設定できます。\n@{2}.この設定は攻城戦中のプレイヤー権限にも適用されます。
25181	【All Nearby Targets】Press Tab to cycle through all visible characters;\n【Nearby High-Priority Players】Press Tab to select only the character with the highest current priority.	【周囲の全対象】Tabキーで表示中の全キャラクターを順番に選択；\n【周囲の高優先度プレイヤー】Tabキーで現在最も優先度の高いキャラクターのみを選択。
25182	Marinated Beast Meat wrapped in dough made from Grains, then steamed and baked to form a dark red crust. Grants @{1}%~@{2}% Increased Damage to Medium Monsters for @{3} hours.	穀物で作った生地に漬け込んだ獣肉を包み、蒸してから焼き上げて濃い赤色の皮に仕上げた料理。@{3}時間、中型モンスターへの与ダメージが@{1}%～@{2}%増加する。
25183	Moonlight Flower summons^{1}a Bell at the target's location^{2}. The Bell deals damage around it when it lands and deals damage around it again^{3}when the Bell resonates^{4}.	月夜花が^{1}ターゲットの位置に鈴を召喚する^{2}。鈴は着地時に周囲へダメージを与え、^{3}共鳴時にも再び周囲へダメージを与える^{4}。
25184	Dive toward a designated location within @{1} meters. After landing, create a circular burning area @{2} meters wide that inflicts Burn on up to @{3} enemies for @{4} seconds.	@{1}m以内の指定地点へ急降下する。着地後、幅@{2}mの円形燃焼エリアを生成し、最大@{3}体の敵に@{4}秒間燃焼を付与する。
25185	Within @{1} meters of yourself, unleash a rain of arrows that deals ^{1}@{4}%^{2} damage to up to @{3} enemies within a @{2}-meter radius and ^{3}【Knocks Back】^{4} targets hit	自身から@{1}m以内に矢の雨を放ち、半径@{2}m以内の最大@{3}体の敵に^{1}@{4}%^{2}のダメージを与え、命中した対象を^{3}【ノックバック】^{4}させる
25186	Bow-exclusive skill. Fires 2 Arrows simultaneously, dealing ${2} hits of PATK * ^{1}${3}% + ${4}^{2} Neutral Ranged Physical DMG to the designated ST enemy within ${1} meters.	弓専用スキル。矢を2本同時に放ち、${1}m以内の指定した単体の敵に、物理攻撃力*^{1}${3}%+${4}^{2}の無属性遠距離物理ダメージを${2}回与える。
25187	When an ^{1}Offensive-type^{2} Primary Battle Skill Deals DMG, casts ^{3}^{4}【Mummy's Curse】^{5}^{6} on the target. This effect can only trigger once per Primary Battle Skill.	^{1}攻撃型^{2}の主戦闘スキルがダメージを与えた時、対象に^{3}^{4}【ミイラの呪い】^{5}^{6}を付与する。この効果は主戦闘スキル1回につき1度だけ発動する。
25188	Bombards a ${1}m * ${2}m area in the specified direction, continuously dealing Physical ATK *^{1}${4}%^{2} as Neutral ranged Physical damage to up to ${3} enemies in its path.	指定方向の${1}m×${2}m範囲を砲撃し、進路上の最大${3}体の敵に物理攻撃力*^{1}${4}%^{2}の無属性遠距離物理ダメージを継続的に与える。
25189	Unlocked when the guild occupies a provincial capital stronghold in Territory War.\n(The item will be sent to the Guild Leader's mail after occupation. Use it to unlock this.)	領地戦で地方都市の拠点をギルドが占領すると解放される。\n（占領後、アイテムはギルドマスターのメールに送付されます。使用すると解放できます。）
25190	Creates several circular clouds of mist with a @{1}-meter radius at random locations. Players who enter gain 【Stonecoat】 and take A damage every second. This effect can stack.	ランダムな位置に半径@{1}mの円形の霧を複数生成する。中に入ったプレイヤーは【ストーンコート】を獲得し、毎秒Aダメージを受ける。この効果は重複可能。
25191	Made from birch carefully selected and shaped by a master carpenter, this is the perfect choice for efficiency-minded Merchants. (Requires the Cart Remodeling skill to switch.)	名匠が厳選し丁寧に成形した白樺製。効率を重視するマーチャントに最適な一台。（切り替えにはカート改造スキルが必要です。）
25192	Its iron body supports a canopy that shields it from the elements. Set up shop wherever you go with this true mobile storefront. (Requires the Cart Remodeling skill to switch.)	鉄製の車体に、風雨をしのぐ天蓋を備えている。どこへ行っても店を開ける、まさに移動式店舗。（切り替えにはカート改造スキルが必要です。）
25193	As a Madogear Pilot wielding a kinetic battle axe, seize the initiative with devastating Burst, fierce crowd control, and crushing blows that defeat foes before they can react.	動力式の戦斧を振るう魔導ギアパイロットとして、凄まじい瞬間火力、強力な行動妨害、圧倒的な一撃で先手を奪い、敵が反応する前に撃破する。
25194	You are currently participating in an MVP Kill. High-Rate Auto Mode will Enter a suspended state and Auto-enable after you lose the MVP's aggro and Kill a monster in the Field.	現在MVP討伐に参加中です。高効率自動戦闘モードは一時停止状態となり、MVPのヘイトが外れた後、フィールドでモンスターを討伐すると自動的に再開されます。
25195	For your first task, collect @{1} pieces of ^{3}【Sticky Mucus】^{4} from the nearby ^{1}Porings^{2}. Porings don't hit very hard, but as a beginner, you should still be careful.	最初の任務として、近くの^{1}ポリン^{2}から^{3}【粘着性の粘液】^{4}を@{1}個集めてください。ポリンの攻撃は強くありませんが、初心者は油断せず慎重に挑みましょう。
25196	Dear Player,\nYour Trade on the Exchange at ${8} [Item: ${1}, Trade Amount: ${5}, Order No.: ${7}] has been completed.\nPlease collect your final proceeds from the attachments.	プレイヤー様へ\n${8}における取引所での取引［アイテム：${1}、取引数量：${5}、注文番号：${7}］が完了しました。\n最終売却代金を添付ファイルよりお受け取りください。
25197	(Tears streaming down his face) Incredible! Simply incredible! That Jack is all talk—he's been pulling the wool over my eyes! You two are the ones who actually get things done!	（涙をぼろぼろ流しながら）すごい！本当にすごい！あのジャックは口先だけで、ずっとワシを騙してたんじゃ！本当に役に立つのはお前さんたち二人だったんじゃな！
25198	Here's the plan: take out a few Nearby ants and bring Me fragments of their bodies. Any Material will do! I'll catalyze it with alchemy and make you an obedient Pathfinder Ant.	こうしよう。近くのアリを何匹か倒して、体の欠片を持ってきてくれ。素材は何でもいい！錬金術で触媒処理して、言うことを聞く案内アリを作ってやる。
25199	Compensate me? How? That was the only prototype on the entire Midgard continent! Without it, my research into the "Nails of World Law" will be set back by at least three years!	弁償だって？どうやって？あれはミッドガルド大陸にたった一つしかない試作品だったんだぞ！あれがなければ「世界法則の釘」の研究が最低でも3年は遅れる！
25200	I don't care. That thing appeared in exactly the same way as the Nail of Discipline, and at nearly the same time. There must be a connection. I have to investigate immediately.	知ったことか。あれは規律の釘とまったく同じように、しかもほぼ同じ時期に現れた。必ず何か関係がある。今すぐ調査しなければ。
25201	Thank You for your help! No idea what has gotten into these Drainliars, but they've become terrifyingly aggressive... It's too dangerous here. You should turn back immediately.	助けてくれてありがとう！このドレインリアーたちに何が起きたのか分からないけど、恐ろしいほど凶暴になってる……。ここは危険すぎる。すぐに引き返したほうがいいよ。
25202	Deals Neutral melee Physical damage equal to Pet Physical ATK*^{1}${3}%^{2} to up to ${2} enemies within a ${1}-meter radius and inflicts ${4}% ^{3}【Slow】^{4} for ${5} seconds.	${1}m以内の最大${2}体の敵に、ペット物理攻撃力*^{1}${3}%^{2}の無属性近接物理ダメージを与え、${5}秒間${4}%の^{3}【減速】^{4}を付与します。
25203	Researches Fire and Earth monsters, reducing damage taken from Fire and Earth monsters by ^{1}${1}%^{2} and increasing damage dealt to Fire and Earth monsters by ^{3}${2}%^{4}.	火属性・地属性モンスターを研究し、火属性・地属性モンスターから受けるダメージを^{1}${1}%^{2}減少させ、与えるダメージを^{3}${2}%^{4}増加させます。
25204	Geographer spins rapidly, dealing ^{1}${3}%^{2} Neutral melee ^{3}Adaptive Damage^{4} to up to ${2} enemies within ${1} meters of the master and knocking them back ${4} meters.	ジオグラファーが高速回転し、主人から${1}m以内の最大${2}体の敵に^{1}${3}%^{2}の無属性近接^{3}適応ダメージ^{4}を与え、${4}mノックバックさせます。
25205	While ^{1}【Unlimited Shooting】^{2} is active, ^{3}【Aimed Shot】^{4} deals ${4} hits of ^{5}${5}%^{6} Neutral Physical damage to up to ${3} enemies within a ${1}*${2}-meter area.	^{1}【アンリミテッドシューティング】^{2}発動中、^{3}【エイムドボルト】^{4}が${1}*${2}mの範囲内にいる最大${3}体の敵へ、^{5}${5}%^{6}の無属性物理ダメージを${4}回与えます。
25206	Taking melee Physical damage triggers Auto Counter, dealing Physical ATK*^{1}${1}%+${2}^{2} Neutral melee Physical damage to ${3} enemies in a ${4}m*${5}m area in front of you.	近接物理ダメージを受けるとオートカウンターが発動し、前方${4}m*${5}mの範囲内にいる${3}体の敵へ、物理攻撃力*^{1}${1}%+${2}^{2}の無属性近接物理ダメージを与えます。
25207	Triggers @{1} instances of 【Elemental Shock】, dealing Magic ATK*^{5}${3}%+${4}^{6} Neutral ranged magic damage to up to ^{3}${2}^{4} enemies within a ^{1}${1}^{2}-meter radius.	【エレメンタルショック】を@{1}回発動し、^{1}${1}^{2}m以内の最大^{3}${2}^{4}体の敵へ、魔法攻撃力*^{5}${3}%+${4}^{6}の無属性遠距離魔法ダメージを与えます。
25208	Ancient Tree Entanglement pulls up to ${2} enemies within a ${1}-meter radius toward the caster and deals Neutral melee Physical damage equal to Pet Physical ATK*^{1}${3}%^{2}.	エンシェントツリーエンタングルメントが${1}m以内の最大${2}体の敵を術者のもとへ引き寄せ、ペット物理攻撃力*^{1}${3}%^{2}の無属性近接物理ダメージを与えます。
25209	Resetting points will reset this Star and all subsequent Stars and automatically unequip their Star Cores\nContinue? (<color=#cc762a>${1}</color> Astral Points will be refunded)	ポイントをリセットすると、この星と以降のすべての星がリセットされ、装着中の星核も自動的に外れます。\n続行しますか？（<color=#cc762a>${1}</color>星界ポイントが返還されます）
25210	Limited-time Pet Hatching is available for a set period. Consume Pet Eggs to Hatch them, with a Chance to obtain Limited-pool Pet Shards or complete Pets when Hatching Complete.	期間限定ペット孵化は、一定期間のみ利用できます。ペットの卵を消費して孵化すると、限定ラインナップのペット欠片や、完成したペットを獲得できる場合があります。
25211	Grains, monster meat, and chili peppers stir-fried over high heat until every grain gleams with oil. Reduces damage taken from Demi-Human monsters by @{1}%~@{2}% for @{3} hours.	穀物、モンスター肉、唐辛子を強火で炒め、一粒一粒に油の艶が出るまで仕上げた料理。@{3}時間、人間種族モンスターから受けるダメージが@{1}%～@{2}%減少します。
25212	Drake summons^{1}several large Dynamite barrels on the battlefield^{2}. When the countdown ends, the barrels explode, damaging^{3}a cross-shaped area centered on themselves^{4}.	ドレイクが戦場に^{1}大型のダイナマイト樽を複数召喚します^{2}。カウントダウンが終了すると樽が爆発し、^{3}自身を中心とした十字形の範囲^{4}へダメージを与えます。
25213	This skill is mutually exclusive with the following skills. After confirming point allocation, mutually exclusive skills and subsequent skills in other tiers will also be reset.	このスキルは以下のスキルと排他関係にあります。ポイント割り振りを確定すると、排他スキルと他の階層にある後続スキルもリセットされます。
25214	Hey, newbie! I'm Tilpy, the best Adventurer advisor around. Every rookie I've coached has become a hero~ Answer three questions with your gut, and I'll reveal your destined job!	やあ、新人さん！僕はティルピー、この辺りで一番の冒険者アドバイザーさ。僕が指導した新人はみんな英雄になったんだよ～。直感で3つの質問に答えてくれれば、君に運命づけられた職業を教えてあげる！
25215	Look at these plodding masses! They're content with an ordinary steel sword and a cheap potion! But not you! I can tell by your stride that you yearn to rise above the ordinary!	あの鈍重な連中を見てみろ！ありふれた鋼の剣と安物のポーションで満足している！だが君は違う！その歩き方を見れば、凡庸な生き方を超えたいと願っているのが分かるぞ！
25216	It's terrifying. The closer we get to the Relic, the further the Monsters spiral out of Control. That Pharaoh we just saw looked as though it had crawled straight out of hell...	恐ろしいですね。遺物へ近づくほど、モンスターたちはますます制御不能になっています。さっき見たファラオなど、まるで地獄から這い出してきたようでした……。
25217	We meet again, my dear Adventurer, ^{1}PlayerName^{2}. Do you remember the compass I gave you? You've carried it with you all this time, but it has yet to reveal its true power.	また会えましたね、親愛なる冒険者、^{1}PlayerName^{2}。以前あなたに渡したコンパスを覚えていますか？ずっと持ち歩いてくれているようですが、まだ真の力を現してはいません。
25218	If you abandon the stage, you can return to the event screen, select a different difficulty, and start the challenge again. This challenge will be considered a failure. Confirm?	ステージを放棄するとイベント画面へ戻り、別の難易度を選択して再挑戦できます。今回の挑戦は失敗扱いとなります。放棄しますか？
25219	Lock onto an enemy within ${1} meters, quickly dash ${2} meters toward the target, and slow up to ${4} enemies within a ${3}-meter radius of the target by ${5}% for ${6} seconds	${1}m以内の敵をロックし、対象へ向かって${2}m素早くダッシュします。対象から${3}m以内の最大${4}体の敵に、${6}秒間${5}%の減速を付与します。
25220	Lock onto an enemy within ${1} meters, quickly dash ${2} meters toward the target, and slow up to ${4} enemies within a ${3}-meter radius of the target by ${5}% for ${7} seconds	${1}m以内の敵をロックし、対象へ向かって${2}m素早くダッシュします。対象から${3}m以内の最大${4}体の敵に、${7}秒間${5}%の減速を付与します。
25221	After a @{1}-second warning, launches cross-shaped blade energy in four directions, damaging targets in a rectangular area measuring @{2} by @{3} meters and applying 【Stonecoat】	@{1}秒の予告後、4方向へ十字形の剣気を放ち、@{2}m×@{3}mの長方形範囲内の対象にダメージを与え、【ストーンコート】を付与します。
25222	Quickly slashes the ground with a blade. After a warning, cleavers fall from the sky at several random locations, dealing A damage within a circular area with a @{1}-foot radius	刃で素早く地面を斬りつけます。予告後、ランダムな複数地点へ包丁が降り注ぎ、半径@{1}フィートの円形範囲内にAダメージを与えます。
25223	<#5E3711>Fighting monsters with a Party on the same field map grants Extra bonuses.</color>\n1-player Party:\nBase EXP and Job EXP increased by 0%\nItem drop rate increased by 0%	<#5E3711>同じフィールドマップでパーティを組んでモンスターと戦うと追加ボーナスを獲得できます。</color>\n1人パーティ：\nBase EXPとJob EXP +0%\nアイテムドロップ率 +0%
25224	While ^{1}^{2}[Battle Chant]^{3}^{4} is active, your ^{5}^{6}[Shield Boomerang]^{7}^{8}'s percentage damage multiplier increases by ${1}%, and its fixed damage increases by ${2}.	^{1}^{2}[ゴスペル]^{3}^{4}発動中、^{5}^{6}[シールドブーメラン]^{7}^{8}のダメージ倍率が${1}%、固定ダメージが${2}増加します。
25225	Randomly ^{1}marks @{1} players^{2} for @{2} seconds. While marked, a cross-shaped warning appears. ^{3}After @{3} seconds, damage is dealt once within the cross-shaped area^{4}.	ランダムに^{1}@{1}人のプレイヤーをマーク^{2}し、@{2}秒間持続します。マーク中は十字形の予告範囲が表示され、^{3}@{3}秒後にその十字範囲へ1回ダメージを与えます^{4}。
25226	Moonlight Flower uses^{1}Enhance on the Bells^{2}, causing them to Launch @{1} sound waves^{3}around themselves when they resonate^{4} (these sound waves cannot hit other Bells).	月夜花が^{1}鈴を強化し^{2}、鈴が共鳴した時に^{3}周囲へ@{1}本の音波を放つ^{4}ようになります（この音波は他の鈴には命中しません）。
25227	A hooded Muffler personally overseen by Kafra and made exclusively for the Battle of Survivors. It perfectly meets Lady Kafra's requirement that it be both stylish and practical.	カプラ自ら監修し、サバイバーバトル専用に作られたフード付きマフラー。おしゃれで実用的であること、というカプラ嬢の要求を完璧に満たしています。
25228	I hear the sound of Zeny... You have the makings of a Merchant! There's an abacus clacking away in your head, isn't there? Remember to give me a discount when you open your shop!	ゼニーの音が聞こえる……君にはマーチャントの素質がある！頭の中でそろばんの珠が鳴っているんじゃないか？店を開いたら、僕には割引してくれよ！
25229	But happy as it made me, the weapon is still missing. Sigh... I wish I could be more help. You don't think that beautiful lady took it, do you? She didn't look like a bad person.	でも、あんなに嬉しかったのに、武器はまだ見つかっていないんだ。はぁ……もっと役に立てればよかったんだけど。まさか、あの美しい女性が持っていったと思う？悪い人には見えなかったけどなあ。
25230	Excellent. With this, I can finish the Repair of my device. Meet Me at the Knight Order outpost northeast of the city. I need to perform the final test at the Nail of Discipline.	よし。これで装置の修理を完了できる。街の北東にある騎士団の前哨基地で落ち合おう。規律の釘で最終試験を行う必要があるんだ。
25231	Ore from the dwarven realm of Vartalheim, blessed by a legendary weaponsmith.\n^{1}Use: Used to refine weapons and accessories. On failure, the Refine Level will not decrease^{2}	ドワーフの国ヴァルタルヘイム産の鉱石。伝説の武器職人の祝福を受けています。\n^{1}用途：武器とアクセサリーの精錬に使用します。失敗しても精錬値は低下しません^{2}
25232	Golden Grains that can be ground into flour for noodles, pastries, and other dishes.\nObtainable through ^{1}Life Skill - Gardener^{2}. Used by the Life Skill - Chef for Cooking.	麺類や菓子などに使う小麦粉へ挽くことができる黄金色の穀物。\n^{1}生活スキル - 園芸師^{2}で入手可能。生活スキル - 調理師が料理に使用します。
25233	The ^{1}northwestern corner of Prontera^{2} is a favorite gathering place for knights. The treasure is buried ^{3}beneath the large tree beside the shop directly behind them^{4}.	^{1}プロンテラ北西部^{2}は騎士たちのお気に入りの集い場です。宝は^{3}彼らの真後ろにある店のそばの大木の下^{4}に埋められています。
25234	After casting a ^{1}Shield-type^{2} Primary Battle Skill, if the owner's ^{3}HP^{4} is below ^{5}${1}%^{6}, increases the owner's PDEF and MDEF by ^{7}${2}%^{8} for ${3} seconds.	^{1}シールド型^{2}の主要戦闘スキル使用後、所有者の^{3}HP^{4}が^{5}${1}%^{6}未満の場合、${3}秒間、所有者のPDEFとMDEFが^{7}${2}%^{8}増加します。
25235	【Wind-Pressure Blade】becomes 【Dragon Claw Slam】. The percentage damage multiplier bonus that Wind-Pressure Blade grants to skills and Normal Attacks gains an Extra ^{1}${1}%^{2}.	【ウィンドプレッシャーブレード】が【ドラゴンクロースラム】に変化します。ウィンドプレッシャーブレードがスキルと通常攻撃に付与するダメージ倍率ボーナスが、さらに^{1}${1}%^{2}増加します。
25236	Lock on to an enemy within ${1} meters, quickly dash ${2} meters toward the target, and slow up to ${4} enemies within a ${3}-meter radius of the target by ${5}% for ${8} seconds	${1}m以内の敵をロックし、対象へ向かって${2}m素早くダッシュします。対象から${3}m以内の最大${4}体の敵に、${8}秒間${5}%の減速を付与します。
25237	Lock onto an enemy within ${1} meters, quickly dash ${2} meters toward the target, and slow up to ${4} enemies within a ${3}-meter radius of the target by ${5}% for ${13} seconds	${1}m以内の敵をロックし、対象へ向かって${2}m素早くダッシュします。対象から${3}m以内の最大${4}体の敵に、${13}秒間${5}%の減速を付与します。
25238	(Holds the Bunny Hair Band overhead with both hands and bows deeply) Instructor Boya! Thank You for helping me fight those ants in Ant Hell... Please accept this Bunny Hair Band!	（うさ耳ヘアバンドを両手で頭上に掲げ、深々と頭を下げる）ボヤ教官！蟻地獄でアリと戦うのを助けてくださって、ありがとうございました……このうさ耳ヘアバンドを受け取ってください！
25239	Targets several players and launches slow-Flying fireballs at them. Upon reaching their targets, the fireballs deal massive damage within a @{1}-meter radius of each target point	複数のプレイヤーを対象に、ゆっくり飛ぶ火球を放ちます。火球が対象へ到達すると、それぞれの対象地点から@{1}m以内へ大ダメージを与えます。
25240	Load Limit: 45000\nMSPD: 6 meters/second\nEscort Permissions: Guild officers only\nCaravan Trait: Its Location is always shown on the Mini Map\nSuggested Escort Party: 3-5 players	積載上限：45000\n移動速度：6m/秒\n護衛権限：ギルド役員のみ\nキャラバン特性：位置が常にミニマップに表示される\n推奨護衛パーティ：3～5人
25241	@{1}.Adventurers can repurchase the items they need.\n@{2}.Some items may have purchase quantity or frequency limits. Check the Refresh Time and purchase them before they refresh.	@{1}.冒険者は必要なアイテムを買い戻せます。\n@{2}.一部のアイテムには購入数量や購入回数の制限があります。更新時間を確認し、更新される前に購入してください。
25242	@{1}.During the first round each day, we'll supply the Royal Caravan. It only comes once, but loading its cargo grants the greatest rewards, so be sure to load as much as you can!	@{1}.毎日の第1ラウンドでは王家キャラバンへ物資を積み込みます。1度しか来ませんが、積み込み報酬が最も豪華なので、できるだけ多く積み込みましょう！
25243	Causes the earth to erupt, dealing ATK * ^{1}@{4}%^{2} damage to up to @{3} enemies in a @{1} m * @{2} m area ahead, with a @{5}% Chance to inflict ^{3}【Petrify】^{4} for @{6} sec.	前方@{1}m * @{2}mの範囲に大地を隆起させ、最大@{3}体の敵へATK * ^{1}@{4}%^{2}のダメージを与え、@{5}%の確率で^{3}【石化】^{4}を@{6}秒間付与します。
25244	When a pet is deployed in the Main Slot, the Adventurer gains its Main Skill, which can be activated in battle. The Main Skill's star rank also increases with the pet's star rank.	ペットをメインスロットに出撃させると、冒険者はそのメインスキルを獲得し、戦闘中に使用できます。メインスキルの星ランクもペットの星ランクに応じて上昇します。
25245	If you obtain a higher-grade blueprint later, be sure to Craft new equipment right away. For an Adventurer, a good set of equipment can mean the difference between life and death.	後でより高品質な設計図を手に入れたら、すぐに新しい装備を製作してください。冒険者にとって、優れた装備一式は生死を分けることがあります。
25246	My goodness... You saw that, didn't you? Magnificent! Was that Maya's mimicry transformation? She actually assumed the form of a human woman! This is a miracle of monster biology!	なんてことだ……見ただろう？素晴らしい！あれはマヤーの擬態変身なのか？本当に人間の女性の姿になった！これはモンスター生物学の奇跡だ！
25247	Hello, Adventurer! Our company is hosting a televised competition called Kafra Survivor Showdown. Come give it a try—the last contestant standing will win a fantastic grand prize!	こんにちは、冒険者さん！カプラ社では「カプラ・サバイバー・ショーダウン」というテレビ中継の大会を開催しています。ぜひ挑戦してみてください。最後まで勝ち残った参加者には豪華なグランプリが贈られます！
25248	The Institute level determines which Guild Technologies are currently unlocked. As the Institute reaches higher levels, more Guild Technology effects Can be unlocked for Level-up.	研究所レベルによって、現在解放されるギルドテクノロジーが決まります。研究所のレベルが上がるほど、レベルアップ可能なギルドテクノロジー効果が増えていきます。
25249	High-density Oridecon that can be used to Enhance Weapons and Accessories with a higher Refine Level.\n^{1}Effect: Can be used to Refine +@{1} to +@{2} Weapons and Accessories^{2}	高精錬値の武器やアクセサリーの強化に使用できる高密度オリデオコン。\n^{1}効果：+@{1}～+@{2}の武器とアクセサリーの精錬に使用できます^{2}
25250	Is restores ^{1}Adaptive ATK^{2}*^{3}${3}%^{4} ^{5}Life^{6} to self and up to ${2} allies within ${1} meters, and applies ^{7}^{8}[Serpent's Protection]^{9}^{10} for ${4} seconds.	イズが自身と${1}m以内の最大${2}人の味方に、^{1}適応攻撃力^{2}*^{3}${3}%^{4}に相当する^{5}HP^{6}を回復し、${4}秒間^{7}^{8}[サーペントプロテクション]^{9}^{10}を付与します。
25251	Lock on to an enemy within ${1} meters, quickly dash ${2} meters toward the target, and slow up to ${4} enemies within a ${3}-meter radius of the target by ${5}% for ${14} seconds	${1}m以内の敵をロックし、対象へ向かって${2}m素早くダッシュします。対象から${3}m以内の最大${4}体の敵に、${14}秒間${5}%の減速を付与します。
25252	After everything you've been through, you need a good rest. I'm a member of the ^{1}【Oak Inn】^{2} in the capital. Give them my name, and they'll arrange their finest room for you.	いろいろ大変だったんだから、しっかり休んだほうがいい。私は首都にある^{1}【オークイン】^{2}の会員なんだ。私の名前を出せば、一番いい部屋を用意してくれるよ。
25253	Deals ${1}% Earth Physical damage to nearby enemies and reduces their DEF, Attack Speed, and Movement Speed by ${3}% for ${2}s. Enemies in 【Stealth】 HIT by this skill are revealed	周囲の敵へ${1}%の地属性物理ダメージを与え、${2}秒間、DEF、攻撃速度、移動速度を${3}%減少させます。このスキルが【ステルス】中の敵に命中すると、その姿を暴きます。
25254	Dive toward the target point, Deals DMG to Nearby enemies upon landing, and inflict Knock-Up. Combining Movement, area damage, and powerful control, it excels at Burst initiations.	対象地点へ急降下し、着地時に周囲の敵へダメージを与えてノックアップを付与します。移動、範囲ダメージ、強力な行動妨害を兼ね備え、瞬間的な先制攻撃に優れます。
25255	Place a Trap Hunter at Your Position. When triggered by an Enemy Team member, it Deals DMG to Nearby enemies and inflicts Immobilize, making it ideal for ambushes and Base Defense.	自身の位置にトラップハンターを設置します。敵チームのメンバーが発動させると、周囲の敵へダメージを与えて移動不能を付与します。奇襲や拠点防衛に最適です。
25256	Sedge that shows Growth in damp, shaded areas. Gather it to obtain an intermediate Plant. ^{1}Used by the Chef Life Skill to make various restorative Potions and Cooking dishes^{2}	湿った日陰に生育するスゲ。採集すると中級植物を獲得できます。^{1}生活スキル「調理師」で各種回復ポーションや料理の製作に使用します^{2}
25257	<#5E3711>Fighting monsters with a Party on the same field map grants Extra bonuses.</color>\n2-player Party:\nBase EXP and Job EXP increased by 25%\nItem drop rate increased by 30%	<#5E3711>同じフィールドマップでパーティを組んでモンスターと戦うと追加ボーナスを獲得できます。</color>\n2人パーティ：\nBase EXPとJob EXP +25%\nアイテムドロップ率 +30%
25258	<#5E3711>Fighting monsters with a Party on the same field map grants Extra bonuses.</color>\n3-player Party:\nBase EXP and Job EXP increased by 50%\nItem drop rate increased by 60%	<#5E3711>同じフィールドマップでパーティを組んでモンスターと戦うと追加ボーナスを獲得できます。</color>\n3人パーティ：\nBase EXPとJob EXP +50%\nアイテムドロップ率 +60%
25259	<#5E3711>Fighting monsters with a Party on the same field map grants Extra bonuses.</color>\n4-player Party:\nBase EXP and Job EXP increased by 75%\nItem drop rate increased by 90%	<#5E3711>同じフィールドマップでパーティを組んでモンスターと戦うと追加ボーナスを獲得できます。</color>\n4人パーティ：\nBase EXPとJob EXP +75%\nアイテムドロップ率 +90%
25260	The initiator must receive responses from ${1} guild players (${3}% of players who logged in within ${2} days) for the Impeachment to succeed (the initiator responds automatically)	弾劾を成立させるには、発起人がギルドプレイヤー${1}人（${2}日以内にログインしたプレイヤーの${3}%）から賛同を得る必要があります（発起人は自動的に賛同します）。
25261	When dealing damage, has a @{1}% Chance to restore Life equal to @{2}% of the damage dealt to the enemy, up to @{3}. Internal Cooldown: @{4} sec. Chance stacks with multiple cards.	ダメージを与えた時、@{1}%の確率で敵に与えたダメージの@{2}%に相当するHPを回復します。上限@{3}。内部クールダウン：@{4}秒。複数のカードで発動確率が加算されます。
25262	Casting ^{1}^{2}[Basic Attack]^{3}^{4} triggers Slash, which Deals DMG equal to PATK * ${1}% + ${2} as Neutral Melee Physical damage to the target. Internal Cooldown: ${3} seconds.	^{1}^{2}[通常攻撃]^{3}^{4}を使用するとスラッシュが発動し、対象へPATK * ${1}% + ${2}の無属性近接物理ダメージを与えます。内部クールダウン：${3}秒。
25263	Nicely done! You went head-to-head with that monster, and you've clearly got some real skill. I knew Rhine was right about You. You've definitely got what it takes to become Elite!	見事だ！あのモンスターと正面から渡り合ったんだ、腕前は本物だな。ラインの見立ては正しかった。お前ならエリートになれる素質が十分にある！
25264	Tch. Of all the times for this to happen. Alton, are any members of the Ash Caravan Nearby? Let's ask around and find out what's going on. We don't have time to waste at this port.	ちっ、よりによってこんな時に。アルトン、近くにアッシュキャラバンのメンバーはいないか？聞き込みをして何が起きているのか調べよう。この港で時間を無駄にしている余裕はない。
25265	You're back? The scout I sent just returned. They found Professor Ryan's Footprints on the first floor of Ant Hell. He should be inside, but we still don't know his exact location.	戻ったか？送り出した斥候が今戻ってきた。蟻地獄1階でライアン教授の足跡を見つけたそうだ。中にいるはずだが、正確な場所はまだ分からない。
25266	Sigh... It took me so much effort to extract that sample. Never mind. As long as you're all right. You've had a long day, so go get some rest. I need to reorganize the Data anyway.	はぁ……あのサンプルを抽出するのにどれだけ苦労したことか。まあいい、君が無事ならそれでいい。長い一日だっただろう、休んできなさい。私もデータを整理し直さなければならないからね。
25267	You're here on behalf of Professor Ryan, aren't you? How humiliating... We accepted such a large commission from the Professor, yet couldn't even protect half a wagonload of parts.	ライアン教授の代理で来たんですね？情けない話です……教授からあれほど大きな依頼を受けたのに、荷車半分の部品すら守れなかったなんて。
25268	As a Madogear Pilot equipped with a battle axe, gain exceptional mobility, control, and survivability, allowing you to charge deep into enemy lines and deal explosive Burst damage.	戦斧を装備した魔導ギアとして、優れた機動力、行動妨害力、生存力を得ます。敵陣深くへ突入し、爆発的な瞬間ダメージを与えられます。
25269	Can only be used while riding Madogear. Launch a rocket-powered fist at the selected ST enemy within ${1} meters, dealing Neutral Ranged Physical DMG equal to PATK * ^{1}${2}%^{2}.	魔導ギア騎乗中のみ使用可能。${1}m以内の選択した単体の敵へロケット推進の拳を放ち、PATK * ^{1}${2}%^{2}の無属性遠距離物理ダメージを与えます。
25270	Two-Handed Spear skill. Deals Holy Melee Physical DMG equal to PATK * ^{1}${2}%^{2} + ^{3}${3}^{4} to the selected ST enemy within ${1} meters and reduces their SP by ^{5}${4}^{6}.	両手槍スキル。${1}m以内の選択した単体の敵へPATK * ^{1}${2}%^{2} + ^{3}${3}^{4}の聖属性近接物理ダメージを与え、SPを^{5}${4}^{6}減少させます。
25271	For ${1} seconds after casting a ^{1}Buff-type^{2} Primary Battle Skill, increases the DMG Reduction of the owner and up to ${3} allies within a ${2}-meter radius by ^{3}${4}%^{4}.	^{1}バフ型^{2}の主要戦闘スキル使用後${1}秒間、所有者と${2}m以内の最大${3}人の味方のダメージ軽減率を^{3}${4}%^{4}増加させます。
25272	Deals Physical ATK*^{1}${3}%^{2} Neutral melee Physical damage to up to ${2} enemies within a ${1}-meter radius and applies ^{3}^{4}[Curse]^{5}^{6} to hit enemies for ${4} seconds.	${1}m以内の最大${2}体の敵へ、物理攻撃力*^{1}${3}%^{2}の無属性近接物理ダメージを与え、命中した敵へ${4}秒間^{3}^{4}[呪い]^{5}^{6}を付与します。
25273	When casting a ^{1}Buff-type^{2} Primary Battle Skill, the next hit received by up to ${2} enemies within ${1} meters of the owner Deals ^{3}${3}%^{4} more DMG. Lasts ${4} seconds.	^{1}バフ型^{2}の主要戦闘スキル使用時、所有者から${1}m以内の最大${2}体の敵が次に受ける1回のダメージを^{3}${3}%^{4}増加させます。${4}秒間持続します。
25274	【Shadow Pierce】 also grants you a stack of 【Delusion】 for @{1} sec. 【Delusion】: Kill an enemy while this effect is active to immediately reduce 【Shadow Pierce】's cooldown by @{2}%.	【シャドウピアース】使用時、自身に@{1}秒間【幻惑】を1スタック付与します。【幻惑】：効果中に敵を倒すと、【シャドウピアース】のクールダウンが即座に@{2}%短縮されます。
25275	Deals Neutral melee ^{3}adaptive damage^{4} equal to the master's ^{1}Adaptive ATK^{2}*${1}%, with a ${2} Chance to inflict Stun for ${3} seconds (internal Cooldown: ${4} seconds).	主人の^{1}適応攻撃力^{2}*${1}%に相当する無属性近接^{3}適応ダメージ^{4}を与え、${2}の確率で${3}秒間スタンを付与します（内部クールダウン：${4}秒）。
25276	Dive toward the target point, Deals DMG to Nearby enemies upon landing, and inflict Sleep. This powerful control can Interrupt enemies and create an opening for teammates to attack.	対象地点へ急降下し、着地時に周囲の敵へダメージを与えて睡眠を付与します。強力な行動妨害で敵の行動を中断し、味方が攻撃する隙を作れます。
25277	Load Limit: 12000\nMSPD: 6 meters/second\nEscort Permissions: All Guild Members\nCaravan Trait: Its Location is not always shown on the Mini Map\nSuggested Escort Party: 1-3 players	積載上限：12000\n移動速度：6m/秒\n護衛権限：全ギルドメンバー\nキャラバン特性：位置が常にミニマップへ表示されるわけではない\n推奨護衛パーティ：1～3人
25278	City Defense decreases every minute based on the intensity of the monster invasion. Defeat monsters to restore City Defense. If City Defense falls to @{1}, the city will be overrun.	モンスター侵攻の激しさに応じて、都市防衛値が毎分減少します。モンスターを倒すと都市防衛値が回復します。都市防衛値が@{1}まで低下すると、都市は陥落します。
25279	Osiris uses Launch to send ^{1}a beam at a player^{2}. The beam passes between players, who can reposition to control its path and use it to ^{3}detonate and remove the Horongs^{4}.	オシリスが^{1}プレイヤー1人へビームを放ちます^{2}。ビームはプレイヤー間を通過し、プレイヤーは位置を調整して進路を制御し、^{3}ホロンを爆破して排除する^{4}ために利用できます。
25280	Once both guilds approve the merger request, the guild designated to Merge into the other should adjust its eligible Members as soon as possible to meet the member count requirement	両ギルドが合併申請を承認した後、吸収される側に指定されたギルドは、メンバー数の条件を満たせるよう、対象メンバーをできるだけ早く調整してください。
25281	Dear Player,\nYour Trade Market transaction at ${8} 【Trade Item:${1}, Trade Amount:${5}, Order No.:${7} 】 has passed review.\nPlease collect your final proceeds from the attachment.	プレイヤー様へ\n${8}における取引所での取引【取引アイテム：${1}、取引数量：${5}、注文番号：${7}】の審査が完了しました。\n最終売却代金を添付ファイルよりお受け取りください。
25282	So... when he said he was starving... and all those words of gratitude... was it all just... just so he could steal Mom's ring? So... there was never any fateful encounter at all...	じゃあ……お腹が空いているって言ったのも……あんなに感謝してくれた言葉も……全部、全部お母さんの指輪を盗むためだったの？じゃあ……運命の出会いなんて、最初からなかったんだ……。
25283	Oh? You've obtained new equipment. That was faster than expected. When adventuring in the Field, knowing when to Change Equipment based on the situation is key to becoming stronger.	おや？新しい装備を手に入れたんですね。予想より早かったです。フィールドを冒険する時は、状況に応じて装備を切り替える判断が、強くなるための重要な鍵になります。
25284	Excellent. It seems you've fully grasped the essence of your new power. Knowing how to review and Allocate Skill Points. shows that you're beginning to think like a true Adventurer.	素晴らしい。新たな力の本質をすっかり理解したようですね。スキルポイントを確認して割り振れるようになったということは、真の冒険者らしい考え方が身についてきた証拠です。
25285	When casting an ^{1}Offensive-type^{2} Primary Battle Skill, increases that skill's Crit Chance by ^{3}${1}%^{4}. If the target's HP is below ${2}%, the skill is guaranteed to CRIT.	^{1}攻撃型^{2}の主要戦闘スキル使用時、そのスキルのクリティカル率が^{3}${1}%^{4}増加します。対象のHPが${2}%未満の場合、そのスキルは必ずクリティカルになります。
25286	Condense ice to unleash Ice Fog, dealing Water Ranged Magic damage equal to MATK * ^{1}${4}%^{2} to up to ${3} enemies within a designated ${2}-meter-radius area within ${1} meters.	氷を凝縮してアイスフォグを放ち、${1}m以内にある半径${2}mの指定範囲内の最大${3}体の敵へ、MATK * ^{1}${4}%^{2}の水属性遠距離魔法ダメージを与えます。
25287	When she passed her knight exam, I gave her a set of refined-steel gauntlets. She complained that they slowed down her sword arm, then had Hollgrehenn Reforge one into a thumb ring.	彼女が騎士試験に合格した時、精錬鋼のガントレットを一組贈ったんだ。剣を振る腕が重くなると文句を言って、それからホルグレンに片方を親指用の指輪へ作り直してもらったらしい。
25288	Unlocked by ranking No. @{1} on the Entire Server in the Hunting Challenge.\n(After clearing the Challenge, the item will be sent to the Guild Master's mail. Use it to unlock this.)	ハンティングチャレンジの全サーバーランキングで第@{1}位になると解放されます。\n（チャレンジクリア後、アイテムはギルドマスターのメールへ送付されます。使用すると解放できます。）
25289	Deals Neutral Ranged Physical damage equal to MATK * ^{1}${2}%+${3}^{2} to the designated ST enemy within ${1} meters. This skill is affected by ASPD at ^{3}${4}%^{4} effectiveness.	${1}m以内の指定した単体の敵へ、MATK * ^{1}${2}%+${3}^{2}の無属性遠距離物理ダメージを与えます。このスキルはASPDの影響を^{3}${4}%^{4}の効率で受けます。
25290	Siege War Cannon Permission Rules:\n@{1}. This screen allows you to configure cannon permissions for Siege War.\n@{2}. These settings also affect player permissions during Siege War.	攻城戦大砲権限ルール：\n@{1}.この画面で攻城戦の大砲使用権限を設定できます。\n@{2}.この設定は攻城戦中のプレイヤー権限にも適用されます。
25291	@{1}.Adventurers can purchase the items they need here.\n@{2}.Some items may have purchase quantity or frequency limits. Check the Refresh Time and purchase them before they refresh.	@{1}.冒険者はここで必要なアイテムを購入できます。\n@{2}.一部のアイテムには購入数量や購入回数の制限があります。更新時間を確認し、更新される前に購入してください。
25292	@{1}.Auction Rewards earned by clearing stages in the Guild Challenge can be previewed here.\n@{2}.After the event ends, all items will be available for bidding in the Guild Auction.	@{1}.ギルドチャレンジのステージクリアで獲得できるオークション報酬をここで確認できます。\n@{2}.イベント終了後、すべてのアイテムがギルドオークションに出品されます。
25293	<#5E3711>Fighting monsters with a Party on the same field map grants Extra bonuses.</color>\n4-player Party:\nBase EXP and Job EXP increased by 100%\nItem drop rate increased by 120%	<#5E3711>同じフィールドマップでパーティを組んでモンスターと戦うと追加ボーナスを獲得できます。</color>\n4人パーティ：\nBase EXPとJob EXP +100%\nアイテムドロップ率 +120%
25294	After casting ^{1}^{2}【Virus Spread】^{3}^{4}, deals Poison melee Physical damage equal to PATK * ${3}% + ${4} to up to ${2} enemies within a ${1}-meter radius of a random target hit.	^{1}^{2}【ウイルスの蔓延】^{3}^{4}使用後、命中した対象の中からランダムな1体を中心とした${1}m以内の最大${2}体の敵へ、PATK * ${3}% + ${4}の毒属性近接物理ダメージを与えます。
25295	Ilmata summons a large number of fins onto the field. They ^{1}swim outward around the field^{2}, disrupting players' movement. Players ^{3}take minor damage upon touching a fin^{4}.	イルマタがフィールドに大量のヒレを召喚します。ヒレは^{1}フィールドの周囲を外側へ泳ぎ^{2}、プレイヤーの移動を妨害します。^{3}ヒレに触れたプレイヤーは小ダメージを受けます^{4}。
25296	It once cleaved through raging waves with its massive claws. Now it has laid the storm to rest and become the steadiest of mounts, carrying you sideways across the seas of the world.	かつて巨大なハサミで荒波を切り裂いたもの。今では嵐を鎮め、最も安定した乗り物となり、世界の海を横向きにあなたを運びます。
25297	Congratulations! You won item ${4} in ${3} with a bid of ${1}${2}. Your remaining Auto-Bid funds have been returned as an attachment. Please claim them, and have a wonderful journey!	おめでとうございます！${3}でアイテム${4}を${1}${2}で落札しました。自動入札の残金は添付ファイルとして返却されています。お受け取りのうえ、素敵な旅をお楽しみください！
25298	Adventurer, it has been far too long. Your mind and body have undergone a complete transformation since you were an inexperienced novice. At last, the time for your Advance has come.	冒険者よ、久しぶりだな。未熟なノービスだった頃と比べて、心も身体も見違えるほど成長した。ついに、さらなる転職の時が来たぞ。
25299	The Eden Group presents this reward to Adventurers who made an outstanding Contribution during Rift Crisis. Open it to receive a mysterious gift specially prepared by the Eden Group.	楽園団より、リフトクライシスで優れた貢献を果たした冒険者へ贈られる報酬。開封すると、楽園団が特別に用意した謎のプレゼントを獲得できます。
25300	A juicy, bright Red fruit with a sweet-and-sour flavor, perfect for stews or soup bases.\nObtainable through ^{1}Life Skill - Gardener^{2}. Used by the Life Skill - Chef for Cooking.	みずみずしく鮮やかな赤色で、甘酸っぱい風味を持つ果実。煮込み料理やスープのベースに最適です。\n^{1}生活スキル - 園芸師^{2}で入手可能。生活スキル - 調理師が料理に使用します。
25301	When you take damage while your HP is below ${1}%, grants a shield equal to ${2}% of your HP and restores ${3}% of your Life. This effect can trigger up to @{1} times every ${4} sec.	HPが${1}%未満の状態でダメージを受けると、自身のHPの${2}%に相当するシールドを獲得し、HPを${3}%回復します。この効果は${4}秒ごとに最大@{1}回発動します。
25302	Deals damage equal to ${2}% of Max Life to targets above ${1}% Life; instantly kills targets below ${3}% Life and increases the caster's Physical ATK and Magic ATK by ${4}% for ${5}s	HPが${1}%を超える対象には最大HPの${2}%に相当するダメージを与え、HPが${3}%未満の対象は即死させます。さらに術者の物理攻撃力と魔法攻撃力を${5}秒間${4}%増加させます。
25303	Deals three hits totaling Physical ATK*^{1}${3}%+${4}^{2} Neutral melee Physical damage to up to ${2} enemies in a designated area with a ${1}-meter radius within @{1} meters of you.	自身から@{1}m以内にある半径${1}mの指定範囲内の最大${2}体の敵へ、合計物理攻撃力*^{1}${3}%+${4}^{2}となる無属性近接物理ダメージを3回与えます。
25304	Draws power from a Rune, increasing your PATK by ^{1}${2}%^{2} and ASPD by ^{3}${3}%^{4} for ${1} seconds. At Skill Level ${4}, also increases HP recover efficiency by ^{5}${5}%^{6}.	ルーンの力を引き出し、${1}秒間PATKを^{1}${2}%^{2}、ASPDを^{3}${3}%^{4}増加させます。スキルLv.${4}では、さらにHP回復効率が^{5}${5}%^{6}増加します。
25305	Allows 【Sonic Blow】 to trigger its damage increase effect when the target's Life is at or below ^{1}${1}%^{2}, and changes the percentage damage multiplier increase to ^{3}${2}%^{4}.	対象のHPが^{1}${1}%^{2}以下の時にも【ソニックブロー】のダメージ増加効果が発動するようになり、ダメージ倍率の増加量が^{3}${2}%^{4}になります。
25306	Locks onto an enemy within ${1} meters, quickly dashes ${2} meters toward the target, and slows up to ${4} enemies within a ${3}-meter radius of the target by ${5}% for ${10} seconds	${1}m以内の敵をロックし、対象へ向かって${2}m素早くダッシュします。対象から${3}m以内の最大${4}体の敵に、${10}秒間${5}%の減速を付与します。
25307	The BOSS deals rectangular AOE damage in the -@{1}°, @{2}°, and @{3}° directions after a @{5}-second warning (if there are @{4} directions, it casts again in the opposite directions)	BOSSは@{5}秒の予告後、-@{1}°、@{2}°、@{3}°方向へ長方形の範囲攻撃を行います（方向が@{4}個ある場合は、反対方向にも再度発動します）。
25308	Basic Attack has a @{1}% Chance to trigger 【Double Attack】, dealing Extra Neutral melee Physical damage equal to @{2}%. Internal Cooldown: @{3} sec. Chance stacks with multiple cards.	通常攻撃時、@{1}%の確率で【ダブルアタック】が発動し、@{2}%の追加無属性近接物理ダメージを与えます。内部クールダウン：@{3}秒。複数のカードで発動確率が加算されます。
25309	Transform into an environmental object upon use, increasing Movement Speed by @{1}% for @{2} seconds.\nTransform ends immediately after dealing or taking damage a total of @{3} times.	使用すると周囲のオブジェクトに変身し、@{2}秒間、移動速度が@{1}%増加します。\nダメージを与えるか受ける回数の合計が@{3}回に達すると、変身は即座に解除されます。
25310	Ahem! Izlude Island is responsible for protecting not only the land, but the vast seas as well! Our large telescope lets us watch the distant waters so we can be Ready for any crisis.	ゴホン！イズルード島は陸地だけでなく、広大な海を守る責務も担っているんだ！この大きな望遠鏡で遠くの海を監視し、どんな危機にも備えているのさ。
25311	Hello! Traveling through the forest to get here must've been rough. Monsters have been running rampant around Payon lately, so we don't get nearly as many visitors. It's such a shame.	こんにちは！森を抜けてここまで来るのは大変だったでしょう。最近はフェイヨン周辺でモンスターが暴れていて、訪れる人もすっかり減ってしまったんです。残念ですね。
25312	The final step is also the hardest. We need to find Eddga in the Deep Forest of Payon Forest! He's the ruler of this region, so stay sharp. Let's Move out and regroup in Payon Forest.	最後の工程が一番難しい。フェイヨンの森、その奥深くでエドガを探すんだ！この地域の支配者だから、油断するな。出発してフェイヨンの森で合流しよう。
25313	Perfect timing. Listen up: Eddga isn't some Savage wandering by the roadside. He's the fiercest beast in this region. Tracking him won't be Easy, so we'll need to split up and search.	ちょうどいい。よく聞け。エドガは道端をうろつくただの野獣じゃない。この地域で最も凶暴な獣だ。追跡は簡単じゃないから、手分けして探すぞ。
25314	"The faithful of Eden cheered for the dawn, their songs becoming strings and their faith the harp's pillar. When God played the harp, even He nearly believed—that hope truly existed."	「楽園を信じる者たちは夜明けを讃え、その歌は弦となり、信仰は竪琴の柱となった。神が竪琴を奏でた時、神自身ですら――希望が本当に存在するのだと、もう少しで信じかけた。」
25315	An umbrella-shaped mushroom with thick, savory flesh, often used in stews and stir-fries.\nObtainable through ^{1}Life Skill - Gardener^{2}. Used by the Life Skill - Chef for Cooking.	傘のような形をしたキノコ。肉厚で旨味があり、煮込みや炒め物によく使われます。\n^{1}生活スキル - 園芸師^{2}で入手可能。生活スキル - 調理師が料理に使用します。
25316	Legendary sharpening Material imbued with the power of a meteorite. It grants Weapons devastating power.\nObtainable through ^{1}Life Skill - Miner^{2}. Used to Craft T@{1} Equipment.	隕石の力を宿した伝説級の研磨素材。武器に破壊的な力を与えます。\n^{1}生活スキル - 採掘師^{2}で入手可能。T@{1}装備の製作に使用します。
25317	A cute, sparkly balloon. Give it to someone special!\n^{1}Intimacy +@{1}, recipient's Popularity +@{2}, your Hearts +@{3}\nGiving this gift will trigger an Entire Server announcement!	かわいくてキラキラしたバルーン。大切な人に贈ろう！\n^{1}親密度 +@{1}、相手の人気度 +@{2}、自分のハート +@{3}\nこのギフトを贈ると、全サーバー告知が流れます！
25318	An advanced cleric of the Church with considerable theological knowledge and administrative experience. The Exorciser High Priest further improves their damage and Holy-element buffs.	豊富な神学知識と教会運営の経験を持つ上級聖職者。エクソシスト・ハイプリーストは、攻撃力と聖属性バフをさらに強化しています。
25319	Grants the Madogear Pilot an Orbit for @{1} seconds, granting allies within @{2} meters ^{1}Increased Movement Speed^{2} while the Madogear Pilot gains @{3}% ^{3}Damage Reduction^{4}.	魔導ギアに@{1}秒間オービットを付与します。@{2}m以内の味方は^{1}移動速度増加^{2}を獲得し、魔導ギア自身は@{3}%の^{3}ダメージ軽減^{4}を獲得します。
25320	After casting 【Destructive Flame】, 【Ice Fog】, 【Chain Lightning】, or 【Petrify Curse】 ^{1}${1}^{2} times, You gain @{1} stack of ^{3}^{4}Elemental Attunement^{5}^{6}, up to ${2} stacks.	【デストラクティブフレイム】、【アイスフォグ】、【チェインライトニング】、【ペトリファイカース】のいずれかを^{1}${1}^{2}回使用するたび、^{3}^{4}エレメンタルアチューンメント^{5}^{6}を@{1}スタック獲得します。最大${2}スタック。
25321	After use, Movement Speed increases by ^{1}${1}%^{2} for ^{3}${2}^{4} seconds.\nThis speed boost is immediately removed after attacking or taking damage a total of ^{5}${3}^{6} times.	使用後、^{3}${2}^{4}秒間、移動速度が^{1}${1}%^{2}増加します。\n攻撃するかダメージを受ける回数の合計が^{5}${3}^{6}回に達すると、この移動速度増加は即座に解除されます。
25322	Lock onto an enemy unit within ${1} meters, quickly dash ${2} meters toward the target, and slow up to ${4} enemies within a ${3}-meter radius of the target by ${5}% for ${15} seconds	${1}m以内の敵をロックし、対象へ向かって${2}m素早くダッシュします。対象から${3}m以内の最大${4}体の敵に、${15}秒間${5}%の減速を付与します。
25323	mode. \n@{2}.There is a Chance that an Adventurer's true identity will be revealed.\n@{3}.Tree Hollow Chat maintains strict moderation. Adventurers must not post inappropriate content.	モード。\n@{2}.冒険者の正体が明かされる場合があります。\n@{3}.ツリーホローチャットは厳格に管理されています。冒険者は不適切な内容を投稿してはいけません。
25324	● ^{1}Dragonblood Crystals^{2} appear at fixed times in various Locations throughout the battlefield.\n \n● Pick up ^{3}Dragonblood Crystals^{4} to gain various Battle Buffs and Score.	● ^{1}ドラゴンブラッドクリスタル^{2}は、決まった時間に戦場各地の固定地点へ出現します。\n \n● ^{3}ドラゴンブラッドクリスタル^{4}を拾うと、さまざまな戦闘バフとスコアを獲得できます。
25325	Includes Stun, Knockback, Knock-up, Fear, Freeze, Petrify, Sleep, Silence, Immobilize, Darkness, Chill, Slow, Bleed, and Poisoned. These effects caused by dungeon content are excluded.	スタン、ノックバック、ノックアップ、恐怖、凍結、石化、睡眠、沈黙、移動不能、暗闇、冷気、減速、出血、毒状態を含みます。ダンジョンコンテンツによって付与されるこれらの効果は対象外です。
25326	^{1}^{2}[High Speed Cart Ram]^{3}^{4} additionally deals PATK*${3}%+${4} Neutral melee Physical damage to up to ${2} enemies within ${1} meters. This effect has a ${5}-second Cooldown.	^{1}^{2}[ハイスピードカートラム]^{3}^{4}が追加で、${1}m以内の最大${2}体の敵へPATK*${3}%+${4}の無属性近接物理ダメージを与えます。この効果のクールダウンは${5}秒です。
25327	Launch @{5} cannon rounds at @{2} designated enemies within @{1} meters and up to @{4} additional enemies within @{3} meters of them, dealing total damage equal to ATK * ^{1}@{6}%^{2}.	@{1}m以内の指定した@{2}体の敵と、その敵から@{3}m以内にいる最大@{4}体の追加対象へ砲弾を@{5}発放ち、合計ATK * ^{1}@{6}%^{2}のダメージを与えます。
25328	Expedition time accumulates automatically after departure, even while offline.\nThere is a limit to how much time can accumulate, so remember to claim your expedition rewards manually~	遠征出発後は、オフライン中も遠征時間が自動的に累積します。\n累積できる時間には上限があるので、遠征報酬は忘れずに手動で受け取ってくださいね～
25329	Well? Aren't our Members fired up? Now make your choice! Will you join us and build the future together? Or... settle for mediocrity among those who cannot comprehend our lofty ideals?	どうだ？我々のメンバーは燃えているだろう？さあ、選ぶんだ！我々と共に未来を築くか？それとも……我々の崇高な理想を理解できない連中に混じって、凡庸な人生で満足するか？
25330	Anything unusual? Everything went according to protocol. If I had to name something that disrupted my carefully planned itinerary... Hmm... there was one insignificant little incident.	変わったこと？すべて手順どおりだった。綿密に立てた予定を乱した出来事を挙げるなら……ふむ……取るに足らない小さな出来事が一つあったな。
25331	That was indeed the Knight Order's responsibility. But I'm standing guard now, and I won't allow such a blunder to happen again. Go on and complete your mission as quickly as possible.	確かに、あれは騎士団の責任だった。だが今は私が警備している。同じ失態は二度と起こさせない。さあ、できるだけ早く任務を終えてこい。
25332	A small group of invading monsters has been discovered at Prontera East Gate. Nearby defenders should handle them first; there is no need for everyone to fall back and defend the gate.	プロンテラ東門で少数の侵入モンスターが確認されました。近くの防衛担当者が優先して対処してください。全員が門へ戻って防衛する必要はありません。
25333	A beginner who has just entered the trade and is still unfamiliar with its materials and tools. No Craft Slots are unlocked yet, so only basic techniques can be used for Easy crafting.	職人の世界へ入ったばかりで、素材や道具にもまだ不慣れな初心者。製作スロットはまだ解放されておらず、簡単な製作に使う基礎技術のみ使用できます。
25334	In the most peaceful corner of the courtyard behind the ^{1}Prontera Inn^{2}, look ^{3}between the bench and the flowers^{4} for the patch of ground most often brushed by birds' wings.	^{1}プロンテラ宿屋^{2}の裏庭にある最も静かな一角で、^{3}ベンチと花の間^{4}を探してください。鳥の翼が最もよく触れる地面に秘密があります。
25335	Increases your ^{1}${1}%^{2} ^{3}Max MP^{4} and ^{5}${2}%^{6} ^{7}MP Recovery Speed^{8}. Also grants a ^{9}${3}%^{10} increase to the healing provided by your ^{11}【Divine Light】^{12}.	^{3}最大MP^{4}が^{1}${1}%^{2}、^{7}MP回復速度^{8}が^{5}${2}%^{6}増加します。さらに、^{11}【ディバインライト】^{12}による回復量が^{9}${3}%^{10}増加します。
25336	Can only be cast while the Demonic Wolf is in Follow mode. Commands the wolf to Sense threats, revealing enemies using ^{1}Hiding^{2} within ${1} meters of the Ranger for ${2} seconds.	デモニックウルフが追従モードの時のみ使用可能。ウルフに危険を察知させ、レンジャーから${1}m以内で^{1}ハイディング^{2}を使用している敵を${2}秒間看破します。
25337	When an ^{1}Offensive-type^{2} or ^{3}Control-type^{4} Primary Battle Skill Deals DMG, inflicts ^{5}^{6}【Immobilize】^{7}^{8} and ^{9}^{10}【Blind】^{11}^{12} on enemies hit for ${1} sec.	^{1}攻撃型^{2}または^{3}コントロール型^{4}の主要戦闘スキルがダメージを与えると、命中した敵へ${1}秒間^{5}^{6}【移動不能】^{7}^{8}と^{9}^{10}【暗黒】^{11}^{12}を付与します。
25338	When casting a ^{1}Dispel-type^{2} or ^{3}Immunity-type^{4} Primary Battle Skill, inflicts ^{5}^{6}【Silence】^{7}^{8} on up to ${2} enemies within ${1} meters of the owner for ${3} sec.	^{1}解除型^{2}または^{3}無効型^{4}の主要戦闘スキル使用時、所有者から${1}m以内の最大${2}体の敵へ${3}秒間^{5}^{6}【沈黙】^{7}^{8}を付与します。
25339	Lock on to an enemy unit within ${1} meters, quickly dash ${2} meters toward the target, and slow up to ${4} enemies within a ${3}-meter radius of the target by ${5}% for ${11} seconds	${1}m以内の敵をロックし、対象へ向かって${2}m素早くダッシュします。対象から${3}m以内の最大${4}体の敵に、${11}秒間${5}%の減速を付与します。
25340	Lock on to an enemy unit within ${1} meters, quickly dash ${2} meters toward the target, and slow up to ${4} enemies within a ${3}-meter radius of the target by ${5}% for ${12} seconds	${1}m以内の敵をロックし、対象へ向かって${2}m素早くダッシュします。対象から${3}m以内の最大${4}体の敵に、${12}秒間${5}%の減速を付与します。
25341	First floor: Movement Speed reduced by @{1}%;\nSecond floor: Attack Speed reduced by @{2}%;\nThird floor: Physical DEF reduced by @{3}%;\nFourth floor: Damage taken increased by @{4}%.	1階：移動速度 -@{1}%；\n2階：攻撃速度 -@{2}%；\n3階：物理防御力 -@{3}%；\n4階：被ダメージ +@{4}%。
25342	Thank You for participating in this test. We're getting the next adventure Ready, and we'd love to hear your honest thoughts—what got your blood pumping, and what left you wanting more?	今回のテストに参加してくれてありがとう。次の冒険を準備しているところだから、ぜひ率直な感想を聞かせてほしい。どこにワクワクした？どこがもっと欲しかった？
25343	@{1}.Starting with the second round each day, we'll supply the Traveling Caravan. It will return several times and offers generous rewards for loading goods, so load as much as you can.	@{1}.毎日の第2ラウンド以降は、旅商キャラバンへ物資を積み込みます。何度か戻ってきて、積み込み報酬も豪華なので、できるだけ多く積み込みましょう。
25344	Deleting a character has a ${1}-day waiting period. Once permanently deleted, the data cannot be recovered. If you are sure you want to Delete Character, enter “YES” in the field below.	キャラクター削除には${1}日間の待機期間があります。完全に削除されるとデータは復元できません。キャラクターを削除する場合は、下の入力欄に「YES」と入力してください。
25345	Moonlight Flower randomly^{1}charges @{1} Bells on the battlefield in sequence^{2}. The charged Bells sequentially damage^{3}a large area around them in the order they were charged^{4}.	月夜花が戦場の鈴を順番にランダムで^{1}@{1}個帯電させます^{2}。帯電した鈴は、帯電した順番に^{3}周囲の広範囲へダメージを与えます^{4}。
25346	She didn't really do anything. She just watched me smithing for quite a while. Then she came over, leaned in real close, and said I looked so strong and manly while working the forge...	彼女は別に何もしてないよ。しばらく俺が鍛冶をしているところを見ていて、そのあと近づいてきて、すごく顔を寄せながら「鍛冶をしている姿がたくましくて男らしい」って言っただけで……。
25347	Yes, yes! The moment you slot in that Card, you look completely different! It's like giving a tiger wings! You won't even need to worry about little dangers like that anymore! Hahahaha!	そうそう！そのカードを挿した瞬間、見違えるほど強くなっただろう！まさに虎に翼だ！あんな小さな危険なんて、もう心配する必要もないぞ！ハハハハ！
25348	That space belongs to the Ash Caravan. Their people aren't all here, and their cargo hasn't been loaded. I can't take off early just for the few of you. It would violate shipping Rules.	そこはアッシュキャラバンの場所だ。まだ全員揃っていないし、貨物も積み込まれていない。君たち数人のためだけに早く出発することはできない。輸送規則に違反するからな。
25349	Craftsmanship and inspiration become one, allowing all abilities to be freely combined and mastered. Unlocks the fifth Craft Slot and all Legend techniques in the top-tier ability pool.	技術とひらめきが一体となり、あらゆる能力を自由に組み合わせ、自在に使いこなせるようになります。5つ目の製作スロットと、最上位能力プールのすべてのレジェンド技術が解放されます。
25350	【Phantom Thrust】's percentage damage multiplier increases by ^{1}${1}%^{2}. If Player is dead within ^{3}${2}^{4} seconds of being HIT, 【Phantom Thrust】's cooldown is immediately reset.	【ファントムスラスト】のダメージ倍率が^{1}${1}%^{2}増加します。命中後^{3}${2}^{4}秒以内にプレイヤーが死亡すると、【ファントムスラスト】のクールダウンが即座にリセットされます。
25351	【Psychic Astral Body】 is replaced with 【Neon Spotlight】, acquisition efficiency increases by ^{1}${1}%^{2}, and ST damage becomes circular AoE damage within a ^{3}${2}^{4}-meter radius.	【サイキックアストラルボディ】が【ネオンスポットライト】に置き換わり、獲得効率が^{1}${1}%^{2}増加します。また、単体ダメージが半径^{3}${2}^{4}mの円形範囲ダメージに変化します。
25352	After using 【Basic Attack】, there is a ${1}% Chance to deal ${2} Extra hits of Neutral melee Physical damage equal to Physical ATK × ${3}% to the enemy. Built-in Cooldown: ${4} seconds.	【通常攻撃】使用後、${1}%の確率で敵へ物理攻撃力 × ${3}%の無属性近接物理ダメージを${2}回追加で与えます。内部クールダウン：${4}秒。
25353	Defeat Field Monsters to obtain Drop Rewards. Each day, the Eden Group grants Adventurers an Extra @{1} minutes of Bonus Time. Enable Bonus Time to obtain greatly increased Drop Rewards!	フィールドモンスターを倒すとドロップ報酬を獲得できます。楽園団は毎日、冒険者へ追加で@{1}分のボーナスタイムを付与します。ボーナスタイムを有効にすると、ドロップ報酬が大幅に増加します！
25354	Take on a high-Difficulty Season Theme Dungeon Challenge. A team of ^{1}at least @{1} Members^{2} is required to Enter. Work together to defeat a powerful boss and earn abundant rewards.	高難易度のシーズンテーマダンジョンに挑戦します。入場には^{1}@{1}人以上^{2}のチームが必要です。協力して強力なボスを倒し、豪華報酬を獲得しましょう。
25355	When ^{1}^{2}[Basic Attack]^{3}^{4} hits an enemy, it triggers Holy Light Strike, dealing an Extra ${1} hits of MATK*${2}%+${3} Holy Ranged Magic damage. Internal Cooldown: ${4} seconds.	^{1}^{2}[通常攻撃]^{3}^{4}が敵に命中するとホーリーライトストライクが発動し、MATK*${2}%+${3}の聖属性遠距離魔法ダメージを${1}回追加で与えます。内部クールダウン：${4}秒。
25356	For ${1} seconds after casting ^{1}^{2}[Disguise]^{3}^{4}, your next attack Deals DMG to the enemy an Extra ${2} times, each dealing PATK * ${3}% + ${4} as Neutral Melee Physical damage.	^{1}^{2}[変装]^{3}^{4}使用後${1}秒間、次の攻撃が敵へ追加で${2}回ダメージを与えます。1回につきPATK * ${3}% + ${4}の無属性近接物理ダメージを与えます。
25357	Orc Hero Launches ^{1}giant flying blades^{2} at multiple players, dealing ^{3}massive damage^{4} to players without the specified status. The blades can be ^{5}blocked with shields^{6}.	オークヒーローが複数のプレイヤーへ^{1}巨大な飛刃^{2}を放ちます。指定された状態を持たないプレイヤーは^{3}大ダメージ^{4}を受けます。飛刃は^{5}シールドで防げます^{6}。
25358	I... I looked around and made sure I wasn't violating the Geffen Code of Public Conduct... Then, out of basic concern for a living creature, I crouched down... and patted it on the head.	私……周囲を確認して、ゲフェン公共行動規範に違反していないことを確かめました……。それから、生き物への最低限の気遣いとしてしゃがみ込み……頭を撫でたんです。
25359	There are 48 people in all. Here's the list. Could the Kids walk at the front of the procession? They're so excited that if they walk in the back, they'll step on everyone else's Cloaks.	全部で48人です。こちらが名簿。子どもたちは行列の先頭を歩かせてもらえますか？みんな興奮しているから、後ろを歩かせたら前の人たちのマントを踏んでしまいそうで。
25360	Come to think of it, haven't the monsters seemed unusually restless lately? The Monsterologist has been collecting samples. Go have a word with him—he's in the little cabin by the tower.	そういえば、最近モンスターが妙に落ち着かないと思わないか？モンスター学者がサンプルを集めている。塔のそばの小屋にいるから、話を聞いてみるといい。
25361	Dive toward a target location within @{1} meters. Upon landing, inflict ^{1}【Knock-Up】^{2} and deal damage equal to ^{3}@{4}%^{4} of ATK to up to @{3} enemies within a @{2}-meter radius.	@{1}m以内の指定地点へ急降下します。着地時、半径@{2}m以内の最大@{3}体の敵へATKの^{3}@{4}%^{4}に相当するダメージを与え、^{1}【打ち上げ】^{2}を付与します。
25362	Dive to a target location within @{1} meters, inflicting ^{1}【Knock Up】^{2} and dealing damage equal to ATK * ^{3}@{4}%^{4} to up to @{3} enemies within a @{2}-meter radius upon landing.	@{1}m以内の指定地点へ急降下します。着地時、半径@{2}m以内の最大@{3}体の敵へATK * ^{3}@{4}%^{4}のダメージを与え、^{1}【打ち上げ】^{2}を付与します。
25363	Locks onto an enemy unit within ${1} meters, quickly dashes ${2} meters toward the target, and slows up to ${4} enemies within a ${3}-meter radius of the target by ${5}% for ${9} seconds	${1}m以内の敵をロックし、対象へ向かって${2}m素早くダッシュします。対象から${3}m以内の最大${4}体の敵に、${9}秒間${5}%の減速を付与します。
25364	Deals 【${1}%*Physical ATK】 Physical damage. Each time 【Shadow Strike】 triggers, you gain 1 stack of 【Shadow Strike】, granting ${2}% Attack Speed/${3} CRIT for @{1} sec, up to @{2} stacks	【${1}%*物理攻撃力】の物理ダメージを与えます。【シャドウストライク】が発動するたびに【シャドウストライク】を1スタック獲得し、@{1}秒間、攻撃速度が${2}%、CRITが${3}増加します。最大@{2}スタック。
25365	Increases your Physical ATK by @{1}. After attacking, there is a @{2}% Chance to inflict 【Venom】 damage on the target, dealing Poison melee Physical damage equal to Physical ATK × @{3}%.	物理攻撃力が@{1}増加します。攻撃後、@{2}%の確率で対象に【ヴェノム】ダメージを付与し、物理攻撃力 × @{3}%の毒属性近接物理ダメージを与えます。
25366	The BOSS first casts a cone AOE in front with a @{1}s warning, a radius of @{2}m, and an angle of @{3}°, then casts a circular AOE under itself with a @{4}s warning and a radius of @{5}m	BOSSはまず@{1}秒の予告後、半径@{2}m・角度@{3}°の前方扇形範囲攻撃を行い、その後@{4}秒の予告後、自身の足元へ半径@{5}mの円形範囲攻撃を行います。
25367	The game resource pack has been updated. Approximately <color=#F2A35D>${1} MB</color> of data must be downloaded. Please update before entering the game. We recommend updating over Wi-Fi.	ゲームリソースパックが更新されました。約<color=#F2A35D>${1} MB</color>のデータをダウンロードする必要があります。ゲームへ入る前に更新してください。Wi-Fi環境での更新をおすすめします。
25368	When ^{1}^{2}[Magnus Exorcismus]^{3}^{4} is cast, it also unleashes a powerful burst of holy light, dealing MATK*${2}%+${3} Holy Ranged Magic damage to up to ${1} enemies within the area.	^{1}^{2}[マグヌスエクソシズム]^{3}^{4}使用時、強力な聖なる光も放ち、範囲内の最大${1}体の敵へMATK*${2}%+${3}の聖属性遠距離魔法ダメージを与えます。
25369	Mistress summons ^{1}Hornets that continuously advance^{2}, ^{3}knocking back^{4} any players they touch. ^{5}Random gaps appear among the Hornets^{6}, and players must pass through them.	ミストレスが^{1}前進し続けるホーネットを召喚し^{2}、接触したプレイヤーを^{3}ノックバック^{4}させます。ホーネットの列には^{5}ランダムに隙間が生まれ^{6}、プレイヤーはそこを通り抜ける必要があります。
25370	Whoosh! Right on target—the eagle eye of an Archer! You like to keep your Distance, wait for the perfect moment, then strike true. Hey, you might just become the greatest Archer in Payon!	ヒュッ！ど真ん中――さすがアーチャーの鷹の目だ！距離を保って最高の瞬間を待ち、確実に射抜くのが好きなんだな。君ならフェイヨン一のアーチャーになれるかもしれないぞ！
25371	I knew it! The Adventurers who've disappeared in the desert over the past few months weren't lost or taken by bandits... They've probably all become the queen ant's emergency food supply!	やっぱりそうだ！ここ数か月、砂漠で行方不明になった冒険者たちは、迷子になったわけでも盗賊にさらわれたわけでもない……きっと全部、女王アリの非常食にされてしまったんだ！
25372	At ${1}, you spent ${2}${3} at another player's Stall to purchase ${4}x${5}. However, because your Backpack was full, the items were sent by mail. Please collect them from the attachment.	${1}に、他プレイヤーの露店で${2}${3}を支払い、${4}×${5}を購入しました。ただしバックパックが満杯だったため、アイテムはメールで送付されています。添付ファイルからお受け取りください。
25373	That kind of efficiency would put those idiots in the Knight Order to shame. I knew giving the job to someone reliable would work better than making them fill out a hundred Request forms.	その仕事の速さなら、騎士団の間抜けどもが恥ずかしくなるな。書類を百枚書かせるより、信頼できる者に任せたほうが早いと思っていたよ。
25374	The Regional Capital War is now open! Guilds that successfully occupy a regional capital will gain a significant advantage in subsequent Territory Wars, tipping the scales in their favor.	地方首都戦が開幕しました！地方首都の占領に成功したギルドは、以降の領地戦で大きな優位を獲得し、戦況を有利に進められます。
25375	A sparkly balloon that everyone is sure to love~\n^{1}Intimacy +@{1}, recipient's Popularity +@{2}, your Hearts +@{3}^{2}Dear\nGiving this gift will trigger an Entire Server announcement!	みんながきっと喜ぶキラキラのバルーン～\n^{1}親密度 +@{1}、相手の人気度 +@{2}、自分のハート +@{3}^{2}Dear\nこのギフトを贈ると、全サーバー告知が流れます！
25376	An advanced cleric of the Church with considerable theological knowledge and administrative experience. The Praiser Priest High Priest further improves their Divine Light and party buffs.	豊富な神学知識と教会運営の経験を持つ上級聖職者。プレイザープリースト・ハイプリーストは、ディバインライトとパーティバフをさらに強化しています。
25377	Enhance your Normal Attacks for ${1} seconds, increasing the percentage DMG multiplier of ^{1}^{2}【Basic Attack】^{3}^{4} by ^{5}${2}%^{6}, but each Normal Attack consumes ^{7}${3}^{8} HP.	${1}秒間、通常攻撃を強化し、^{1}^{2}【通常攻撃】^{3}^{4}のダメージ倍率が^{5}${2}%^{6}増加します。ただし、通常攻撃1回につき^{7}${3}^{8}HPを消費します。
25378	Dives toward a designated location within @{1} m. Upon landing, deals ATK * ^{3}@{6}%^{4} damage to up to @{3} enemies within a @{2} m radius and ^{1}slows them by @{5}%^{2} for @{4} sec.	@{1}m以内の指定地点へ急降下します。着地時、半径@{2}m以内の最大@{3}体の敵へATK * ^{3}@{6}%^{4}のダメージを与え、@{4}秒間^{1}@{5}%の減速^{2}を付与します。
25379	Uses a flamethrower on @{2} designated enemies within @{1} m, dealing a total of ATK * ^{1}@{7}%^{2} damage over @{6} hits to up to @{5} targets in a @{3} * @{4} m rectangular area ahead.	@{1}m以内の指定した@{2}体の敵へ火炎放射器を使用し、前方@{3} * @{4}mの長方形範囲内にいる最大@{5}体の対象へ、合計ATK * ^{1}@{7}%^{2}となるダメージを@{6}回与えます。
25380	While mounted on the Demonic Wolf, Physical ATK increases by ^{1}${1}%^{2}, and the percentage damage multipliers of 【Warg Charge】, 【Warg Bite】, and 【Warg Hunt】 increase by ^{3}${2}%^{4}.	デモニックウルフ騎乗中、物理攻撃力が^{1}${1}%^{2}増加し、【ウォーグチャージ】、【ウォーグバイト】、【ウォーグハント】のダメージ倍率が^{3}${2}%^{4}増加します。
25381	While Camouflaged, your first attack deals Extra damage to the target called "Sneak Attack" (single target, high fixed damage Percentage; Description continues after the next Camouflage).	カモフラージュ中、最初の攻撃が対象へ「スニークアタック」と呼ばれる追加ダメージを与えます（単体対象、高い固定ダメージ倍率。説明は次のカモフラージュに続きます）。
25382	When 【Double Attack】 triggers, it also deals Neutral melee Physical damage equal to Physical ATK × ${4}% to up to ${3} enemies within a ${2}-meter radius. Built-in Cooldown: ${1} seconds.	【ダブルアタック】発動時、追加で対象の周囲${2}m以内の最大${3}体の敵へ、物理攻撃力 × ${4}%の無属性近接物理ダメージを与えます。内部クールダウン：${1}秒。
25383	Creates a Safe Zone at Your Position that grants immunity to the poison ring, protecting teammates from its damage. It is essential to the party's advance and Survival in the Grand Finals.	自身の位置にセーフゾーンを生成し、毒リングを無効化して味方をダメージから守ります。グランドファイナルでパーティが前進し、生き残るために欠かせません。
25384	When casting ^{1}^{2}[Gloria Domini]^{3}^{4}, Deals DMG equal to PATK * ${3}% + ${4} as Neutral Melee Physical damage to the target and up to ${2} enemies within ${1} meters of the target.	^{1}^{2}[グロリア・ドミニ]^{3}^{4}使用時、対象とその周囲${1}m以内の最大${2}体の敵へPATK * ${3}% + ${4}の無属性近接物理ダメージを与えます。
25385	Congratulations! Your guild ranked ${2} in the ${1} tier of the Guild League. The Guild League Honor Emblem has been unlocked for @{1} weeks. You can equip it from the Guild Emblem screen.	おめでとうございます！あなたのギルドはギルドリーグの${1}階級で第${2}位に入りました。ギルドリーグ名誉エンブレムが@{1}週間解放されます。ギルドエンブレム画面から装備できます。
25386	Oh...that. The Fireworks are finished. But Yesterday, I suddenly decided the Normal gold was too boring, so I stayed up all night changing them to a 7-color gradient with sparkling trails.	ああ……あれか。花火は完成してる。でも昨日、普通の金色じゃつまらないって急に思ってさ。一晩中かけて、キラキラした尾を引く七色のグラデーションに変えたんだ。
25387	Understands the basic techniques and processes and can complete low-level crafting tasks independently. Unlocks the first Craft Slot and allows beginner Life Skill abilities to be learned.	基本的な技術と工程を理解し、低レベルの製作を一人でこなせるようになっています。最初の製作スロットが解放され、初心者向け生活スキル能力を習得できます。
25388	Beside the bench near the ^{1}Izlude shop^{2}, watch the ^{3}butterflies^{4} that refuse to leave. They seem drawn to an old man's unfinished gift and still flutter there, showing the way.	^{1}イズルードの店^{2}近くのベンチ脇で、そこを離れようとしない^{3}蝶々^{4}に注目してください。老人が渡せなかった贈り物に引き寄せられているように舞い続け、場所を示しています。
25389	Can only be used while riding Madogear Pilot. Equips @{1} Vulcan cannons on each hand and fires at @{3} designated enemies up to @{2} m away, dealing ATK * ^{1}@{5}%^{2} damage @{4} times.	魔導ギア騎乗中のみ使用可能。両手に@{1}門ずつバルカン砲を装備し、@{2}m以内の指定した@{3}体の敵へ射撃して、ATK * ^{1}@{5}%^{2}のダメージを@{4}回与えます。
25390	When casting a ^{1}Shield-type^{2} or ^{3}Immunity-type^{4} Primary Battle Skill, grants ^{5}^{6}【Endure】^{7}^{8} to up to ${2} allies within a ${1}-meter radius of the owner for ${3} sec.	^{1}シールド型^{2}または^{3}無効型^{4}の主要戦闘スキル使用時、所有者から${1}m以内の最大${2}人の味方へ${3}秒間^{5}^{6}【インデュア】^{7}^{8}を付与します。
25391	Concentrates Earth Element energy, dealing Earth Ranged Magic damage equal to MATK * ^{1}${4}%^{2} to up to ${3} enemies within a ${2}-meter radius of the target within ${1} meters of You.	地元素のエネルギーを集中させ、自身から${1}m以内にある対象から半径${2}mの範囲内の最大${3}体の敵へ、MATK * ^{1}${4}%^{2}の地属性遠距離魔法ダメージを与えます。
25392	Unleashes flames that burn enemies, dealing Fire Ranged Magic damage equal to MATK * ^{1}${4}%^{2} to up to ${3} enemies within a ${2}-meter radius of the target within ${1} meters of You.	炎を放って敵を焼き、自身から${1}m以内にある対象から半径${2}mの範囲内の最大${3}体の敵へ、MATK * ^{1}${4}%^{2}の火属性遠距離魔法ダメージを与えます。
25393	Focus your mental energy to protect yourself. When you take damage, gain ^{1}^{2}【Energy Coat】^{3}^{4} for ${1} sec., increasing your damage reduction by ^{5}${2}%^{6}. Cooldown: ${3} sec.	精神を集中して自身を守ります。ダメージを受けると${1}秒間^{1}^{2}【エナジーコート】^{3}^{4}を獲得し、ダメージ軽減率が^{5}${2}%^{6}増加します。クールダウン：${3}秒。
25394	(Raises a finger) It's not for sale~ Just gather these materials for me: @{1} Fluffs, @{2} four-leaf Lucky Clovers, @{3} Pearls, and... (Lowers voice) the Cat Ear Hair Band my rival sells!	（指を立てる）売り物じゃないよ～。代わりに素材を集めてきて。綿毛@{1}個、四つ葉のラッキークローバー@{2}個、真珠@{3}個、それと……（声を潜める）ライバルが売ってる猫耳ヘアバンド！
25395	When the effect ends, deals Poison melee Physical damage equal to @{3}% of Magic ATK that ignores FLEE to the target and up to @{2} enemies within a @{1}-meter radius, inflicting Poisoned.	効果終了時、対象とその周囲@{1}m以内の最大@{2}体の敵へ、魔法攻撃力の@{3}%に相当するFLEE無視の毒属性近接物理ダメージを与え、毒状態を付与します。
25396	A Life Skill specializing in felling all types of trees. Lumberjacks efficiently gather wood of different types and grades, supplying materials for Woodcarvers and other forms of woodcraft.	あらゆる種類の木を伐採することに特化した生活スキル。木こりは種類や品質の異なる木材を効率よく採集し、木工師やその他の木製品製作に素材を供給します。
25397	A strange Plant with petals that radiate an ethereal glow. Gather it to obtain a high-grade Plant. ^{1}Used by the Chef Life Skill to make various restorative Potions and Cooking dishes^{2}	花びらが幻想的な光を放つ不思議な植物。採集すると高級植物を獲得できます。^{1}生活スキル「調理師」で各種回復ポーションや料理の製作に使用します^{2}
25398	● Guild Member Material Donations increase the Guild's Battle Readiness level\n● Increasing the Guild's Battle Readiness level greatly boosts every Member's combat power during City Defense	● ギルドメンバーが素材を寄付すると、ギルドの戦備レベルが上昇します\n● ギルドの戦備レベルを上げると、都市防衛中の全メンバーの戦闘力が大幅に強化されます
25399	What happened to you just now? You suddenly froze like a statue, and you even knocked over and shattered the "Thought Form" storage vial! I thought you'd caught some kind of desert fever...	さっきどうしたんだ？急に石像みたいに固まって、それどころか「思念体」の保存瓶まで倒して割ったじゃないか！砂漠熱にでもかかったのかと思ったぞ……。
25400	Premium sharpening Material infused with the essence of luminous gold. It gives Weapons astonishing sharpness.\nObtainable through ^{1}Life Skill - Miner^{2}. Used to Craft T@{1} Equipment.	輝く金の精髄を注ぎ込んだ最高級の研磨素材。武器に驚異的な切れ味を与えます。\n^{1}生活スキル - 採掘師^{2}で入手可能。T@{1}装備の製作に使用します。
25401	Axe and Mace skill. Swing your Axe to Move rapidly in front of the target, dealing Neutral Melee Physical DMG equal to PATK * ^{1}${3}%^{2} to up to ${2} enemies within a ${1}-meter radius.	斧・メイス専用スキル。斧を振るい、ターゲットの前方へ素早く移動し、半径${1}m以内の最大${2}体の敵に物理攻撃力*^{1}${3}%^{2}の無属性近接物理ダメージを与える。
25402	Commands the Ghost Wolf to attack, dealing ${1}% Neutral ranged Physical damage to one enemy unit. Every ${2}% Attack Speed grants an Extra ${3}% increase to this skill's damage multiplier.	ゴーストウルフに攻撃を命じ、敵1体に${1}%の無属性遠距離物理ダメージを与える。攻撃速度が${2}%増加するごとに、このスキルのダメージ倍率が追加で${3}%増加する。
25403	^{1}Offensive-type^{2} and ^{3}Recovery-type^{4} Primary Battle Skills can be cast while under Control. They Dispel Control from the owner and grant ^{5}^{6}【Immunity】^{7}^{8} for ${1} sec.	^{1}攻撃型^{2}および^{3}回復型^{4}のメイン戦闘スキルは行動妨害中でも発動できる。発動時、主人の行動妨害を解除し、${1}秒間^{5}^{6}【行動妨害無効】^{7}^{8}を付与する。
25404	Launches a powerful attack against a targeted ST enemy within ${1} meters, dealing Physical ATK * ^{1}${3}%^{2} Neutral Physical DMG to the target and up to ${2} enemies in a straight line.	${1}m以内の指定した単体の敵に強力な攻撃を放ち、対象および直線上の最大${2}体の敵に物理攻撃力*^{1}${3}%^{2}の無属性物理ダメージを与える。
25405	Spear-exclusive skill. Thrusts at the target, dealing Neutral Ranged Physical damage totaling PATK * ^{1}${2}%^{2}+^{3}${3}^{4} over @{1} hits to the designated ST enemy within ${1} meters.	槍専用スキル。ターゲットを突き、${1}m以内の指定した単体の敵に@{1}回にわたって合計物理攻撃力*^{1}${2}%^{2}+^{3}${3}^{4}の無属性遠距離物理ダメージを与える。
25406	(Her expression softens slightly, and she instinctively strokes the sweater) ...Hmph. At least you've got a good eye. My grandson will wear this to school, so of course it has to look nice.	（表情が少し和らぎ、無意識にセーターを撫でる）…ふん。少なくとも見る目はあるようだね。孫が学校に着ていくんだから、見栄えがよくて当然さ。
25407	When dealing damage, deals ${1}% of the higher of Physical ATK and Magic ATK as Extra Neutral melee damage, with a ${2}% Chance to inflict Stun for ${3} sec. (internal cooldown: ${4} sec.).	ダメージを与えた時、物理攻撃力と魔法攻撃力の高い方の${1}%に相当する無属性近接追加ダメージを与え、${2}%の確率で${3}秒間スタンを付与する。（内部クールダウン：${4}秒）
25408	After successfully repelling the monsters' assault, the seal remains intact. The heroes must now enter Redrock Fortress within the seal and defeat Fafnir to quell the beast once and for all.	モンスターの猛攻を退け、封印は無事に守られた。勇者たちは封印内の赤岩要塞へ入り、ファフニールを倒して、この魔獣を完全に鎮めなければならない。
25409	Whether your future takes you through forest paths echoing with Orc roars, along desolate trails, or into the depths of an ancient castle, never forget the burning courage within your heart.	この先、オークの咆哮が響く森の小道を進もうと、荒れ果てた街道を歩もうと、古城の深奥へ踏み込もうと、胸の内に燃える勇気を決して忘れるな。
25410	Thousands of years ago, the continent of Midgard suffered an unprecedented catastrophe. The Demon King Morroc invaded, while the colossal World Serpent Jormungand sought to devour the world.	数千年前、ミッドガルド大陸は未曾有の大災厄に見舞われた。魔王モロックが侵攻し、さらに巨大な世界蛇ヨルムンガンドが世界を呑み込もうとしたのだ。
25411	Beneath the dappled shade of the ^{3}third tree^{4} in front of the ^{1}Prontera Church^{2}, seek the spot where the most devout monk once stood for hours. His personal gift is hidden there.	^{1}プロンテラ教会^{2}前にある^{3}3本目の木^{4}の木漏れ日の下で、最も敬虔な修道士が何時間も立ち続けた場所を探せ。彼の個人的な贈り物がそこに隠されている。
25412	Let out a Crazy Uproar to channel your luck and strength, increasing your and up to ${2} allies' STR by ^{1}${3}^{2} and Physical ATK by ^{3}${4}^{4} within a ${1}-meter radius for ${5} sec.	ラウドボイスを上げて幸運と力を引き出し、${5}秒間、自身および半径${1}m以内の味方最大${2}人のSTRを^{1}${3}^{2}、物理攻撃力を^{3}${4}^{4}増加させる。
25413	Deals Neutral melee Physical damage equal to Pet Physical ATK*^{1}${3}%^{2} to up to ${2} enemies within a ${1}-meter radius and reduces their Physical DEF by ^{3}${4}%^{4} for ${5} seconds.	半径${1}m以内の最大${2}体の敵にペット物理攻撃力*^{1}${3}%^{2}の無属性近接物理ダメージを与え、${5}秒間、物理防御力を^{3}${4}%^{4}減少させる。
25414	Increases the Maximum Number of Targets of ^{1}Recovery-type^{2} and ^{3}Offensive-type^{4} Primary Battle Skills by ${1}. (The number of designated targets for ST skills remains unchanged.)	^{1}回復型^{2}および^{3}攻撃型^{4}のメイン戦闘スキルの最大対象数が${1}増加する。（単体スキルの指定対象数は変化しない）
25415	Spear-exclusive skill. Uses Spear Throw on the target, dealing Neutral Ranged Physical damage totaling PATK * ^{1}${2}%+${3}^{2} over @{1} hits to the designated ST enemy within ${1} meters.	槍専用スキル。ターゲットにスピアスローを使用し、${1}m以内の指定した単体の敵に@{1}回にわたって合計物理攻撃力*^{1}${2}%+${3}^{2}の無属性遠距離物理ダメージを与える。
25416	Eden Group Headquarters is recruiting Elite Adventurers to provide Utility support. Leave immediately and find Eden Group Instructor Boya in Payon. Tell her you're the candidate I Suggested.	楽園団本部では支援任務を担う精鋭冒険者を募集している。すぐに出発し、フェイヨンにいる楽園団教官ボヤを訪ねろ。私の推薦を受けた候補者だと伝えるんだ。
25417	(Irritably) Don't bother! It's a bunch of Vocals! For some crazy reason, they've been holding concerts in my attic at midnight. All that clanging and banging is about to bring down the roof!	（苛立ちながら）もういいよ！ボーカルの群れさ！なぜだか知らないけど、毎晩真夜中に屋根裏でコンサートを開いてるんだ。ガンガン、ドンドンうるさくて、このままじゃ屋根が落ちちまうよ！
25418	@{1}.Divine Art Totems of the same quality can be combined, randomizing their attributes and skills\n@{2}.Combining Divine Art Totems allows their number of skills to exceed the Initial limit	@{1}.同品質の神術トーテムを合成すると、属性とスキルがランダムに再抽選される\n@{2}.神術トーテムを合成すると、スキル数が初期上限を超える場合がある
25419	During this phase, guilds that are outbid and drop off the rankings may select Increase Bid for this map again within @{1} minutes. Once time expires, they will forfeit and can no longer bid.	このフェーズでは、他ギルドに上回られてランキング圏外になったギルドは、@{1}分以内であればこのマップに再度「入札額を上げる」を選択できる。時間切れになると権利を放棄したものとみなされ、以後入札できない。
25420	After every ^{1}${1}^{2} casts of 【Magic Crasher】, the skill multiplier of the next @{1} casts of 【Magic Crasher】 increases by ^{3}${2}%^{4}, and their fixed damage increases by ^{5}${3}^{6}.	^{1}${1}^{2}回【マジッククラッシャー】を発動するごとに、次の@{1}回の【マジッククラッシャー】のスキル倍率が^{3}${2}%^{4}、固定ダメージが^{5}${3}^{6}増加する。
25421	Baphomet returns to the center of the field, then continuously unleashes ^{1}scythe slashes around him^{2}. Players must ^{3}keep evading the scythes^{4}. Players hit by a scythe take damage.	バフォメットがフィールド中央へ戻り、周囲へ^{1}大鎌の斬撃を連続で放つ^{2}。プレイヤーは^{3}大鎌を避け続けなければならない^{4}。斬撃に当たるとダメージを受ける。
25422	The Novice Trial is easy. Complete two basic quests to prove you have the potential to take on a regular job. Then you'll receive proof that allows you to go to Prontera for your Job Advance.	ノービストライアルは簡単だ。2つの基本クエストをクリアして、正式な職業に就く素質があることを証明しろ。すると証明書を受け取り、プロンテラへ転職に向かえるようになる。
25423	Your guild maintained an Active rating of [Very Inactive] for ${1} consecutive weeks and has been disbanded according to System rules. Open the guild list to apply to a new guild. [Apply Now]	あなたのギルドは${1}週連続でアクティブ評価が［非常に非活発］となったため、システム規則に基づき解散されました。ギルド一覧を開いて新しいギルドに申請してください。［今すぐ申請］
25424	Talk is cheap. As it happens, I know an abandoned Peco Peco racetrack. How about a race between your giant ant and my Peco Peco? Let the results speak for themselves. Unless... you're afraid?	口で言うだけなら簡単だ。ちょうど廃止されたペコペコ競走場を知ってる。君の巨大アリと私のペコペコで勝負してみないか？結果で決めようじゃないか。それとも…怖いのか？
25425	The Novice Trial is Easy. Complete ^{1}two Basic Quests^{2} to prove you have the potential for a Regular job. Then you'll receive certification and can head to Prontera for your Job Advance.	ノービストライアルは簡単だ。^{1}2つの基本クエスト^{2}をクリアして、正式な職業に就く素質があることを証明しよう。すると証明書を受け取り、プロンテラへ転職に向かえるようになる。
25426	You're right. It was all my fault... Once we get back and organize the cargo, we'll be ready to take off. Let's return to Izlude first. I promise I'll reward you handsomely when we get there!	そうだな。全部俺のせいだ…戻って積み荷を整理すれば、出発の準備は整う。まずはイズルードへ戻ろう。着いたらたっぷり礼をするって約束するよ！
25427	Wait, did that Pet of yours just talk? My goodness! Is it a Poring mutant, or perhaps a highly intelligent Demon? It's an invaluable specimen for live dissection... No, for academic research!	待って、そのペット今しゃべったのか？なんてことだ！ポリンの突然変異か、それとも高度な知性を持つ悪魔か？生体解剖にこれ以上ない貴重な標本…いや、学術研究にだ！
25428	Ahem... Don't talk nonsense. Remember, this is 30% LUK and 70% Fortify. Don't blame me if it breaks. After all, I'm just a humble Blacksmith who "delivers" the Goddess of Fortune's blessings.	ゴホン…馬鹿なことを言うな。覚えておけ、これはLUK30%、強化70%だ。壊れても私を責めるなよ。私は幸運の女神の祝福を「届ける」だけの、しがない鍛冶屋なんだからな。
25429	Dive toward a designated location within @{1} m. Upon impact, inflict ^{1}【Silence】^{2} for @{4} sec and deal damage equal to ATK * ^{3}@{5}%^{4} to up to @{3} enemies within a @{2} m radius.	@{1}m以内の指定地点へ急降下する。着地時、半径@{2}m以内の最大@{3}体の敵に@{4}秒間^{1}【沈黙】^{2}を付与し、攻撃力*^{3}@{5}%^{4}のダメージを与える。
25430	When casting a ^{1}Shield-type^{2} or ^{3}Dispel-type^{4} Primary Battle Skill, reduces the DMG the owner takes from players' Normal Attack-type skills by ^{5}${2}%^{6} for the next ${1} sec.	^{1}シールド型^{2}または^{3}解除型^{4}のメイン戦闘スキル発動時、以後${1}秒間、主人がプレイヤーの通常攻撃型スキルから受けるダメージを^{5}${2}%^{6}軽減する。
25431	When casting a ^{1}Shield-type^{2} or ^{3}Immunity-type^{4} Primary Battle Skill, reduces the damage dealt by up to ${2} enemies within ${1} meters of the owner by ^{5}${3}%^{6} for ${4} sec.	^{1}シールド型^{2}または^{3}無効化型^{4}のメイン戦闘スキル発動時、主人から${1}m以内の最大${2}体の敵の与ダメージを${4}秒間^{5}${3}%^{6}減少させる。
25432	Launch fireballs in all directions, dealing Magic ATK*^{1}${3}%+${4}^{2} Fire ranged magic damage to up to ${2} enemies within a ${1}-meter radius, and ^{3}knocking them back^{4} ${5} meters.	全方向に火の玉を放ち、半径${1}m以内の最大${2}体の敵に魔法攻撃力*^{1}${3}%+${4}^{2}の火属性遠距離魔法ダメージを与え、^{3}ノックバック^{4}で${5}m押し飛ばす。
25433	@{1}.Consume cards of the same name to advance a card.\n@{2}.Tap the ^{1}Preview^{2} button to see how the card's effects change after advancement.\n@{3}.Collection Cards can also be advanced.	@{1}.同名のカードを消費してカードを進化できる。\n@{2}.^{1}プレビュー^{2}ボタンをタップすると、進化後にカード効果がどう変化するか確認できる。\n@{3}.コレクションカードも進化できる。
25434	Well, this is a surprise. That gift box You're holding needs a proper decorative case, right? I can make one, but I'll need the fragrant wood that only grows around the roots of ancient trees.	おや、これは驚いた。その手に持っているギフトボックスには、ちゃんとした飾り箱が必要なんだろう？作ってやれるが、古木の根元にしか生えない香木が必要だ。
25435	This arena gives young people from across the kingdom a chance to test their skills. It summons different monsters to duel you based on your level. So, would you like to take on the challenge?	この闘技場は王国中の若者が腕を試すための場所だ。挑戦者のレベルに応じて異なるモンスターが召喚され、決闘することになる。どうだ、挑戦してみるか？
25436	It's time for you to Craft your own advanced equipment. Here—this high-grade Material is a gift from the Academy. Use it for practice. Go on, give it a try! I bet you'll Craft a golden Legend!	そろそろ自分で上級装備を製作する時だ。ほら、この高級素材はアカデミーからの贈り物だ。練習に使ってみろ。さあ、挑戦してみるんだ！黄金に輝く伝説級を作れるかもしれないぞ！
25437	A Tavern gift item purchased from the Shop.\nSelect a player in a Tavern room to send them this gift. The recipient gains ^{1}@{1} Star Power^{2}, while the room gains ^{3}@{2} Popularity^{4}.	ショップで購入できる酒場用ギフトアイテム。\n酒場のルーム内でプレイヤーを選択して贈ることができる。受取人は^{1}@{1}スターパワー^{2}、ルームは^{3}@{2}人気度^{4}を獲得する。
25438	After ^{1}^{2}【Fire Ball】^{3}^{4} hits the primary target, it deals Fire Ranged Magic damage equal to MATK*^{9}${3}%+${4}^{10} to up to ^{7}${2}^{8} enemies within a ^{5}${1}^{6}-meter radius.	^{1}^{2}【ファイアーボール】^{3}^{4}が主対象に命中した後、半径^{5}${1}^{6}m以内の最大^{7}${2}^{8}体の敵に魔法攻撃力*^{9}${3}%+${4}^{10}の火属性遠距離魔法ダメージを与える。
25439	Based on the Placement Objective, select item @{1} to place. Note that the Design on the bottom of the selected item must match the one on top of the item on the board for successful placement.	配置目標に従って配置するアイテム@{1}を選択する。配置を成功させるには、選択したアイテム底面の模様が、盤面上のアイテム上面の模様と一致している必要がある。
25440	This ^{1}【Pathfinder Ant】^{2} is a Piere we captured. It's instinctively drawn to the queen ant's pheromones. Release it inside Ant Hell, and it'll lead you to the entrance of the queen's nest.	この^{1}【道案内アント】^{2}は捕獲したピエールだ。女王アリのフェロモンに本能的に引き寄せられる。蟻地獄の中で放せば、女王の巣の入口まで案内してくれる。
25441	Dive at a target location within @{1} meters. Upon impact, inflict ^{1}【Slow】^{2} for @{4} seconds and deal damage equal to ATK * ^{3}@{5}%^{4} to up to @{3} enemies within a @{2}-meter radius.	@{1}m以内の対象地点へ急降下する。着地時、半径@{2}m以内の最大@{3}体の敵に@{4}秒間^{1}【減速】^{2}を付与し、攻撃力*^{3}@{5}%^{4}のダメージを与える。
25442	Grants 【Shadow Hoofprint】 to up to ${2} allies within a ${1}-meter radius of the master, increasing Movement Speed by ^{1}${3}%^{2} and Physical and Magic ATK by ^{3}${4}%^{4} for ${5} seconds.	主人から半径${1}m以内の味方最大${2}人に【影の蹄跡】を付与し、${5}秒間、移動速度を^{1}${3}%^{2}、物理攻撃力と魔法攻撃力を^{3}${4}%^{4}増加させる。
25443	Creates an ^{1}${1}^{2}-second 【Ember Zone】 that deals ranged Fire magic damage equal to Magic ATK * ^{7}${4}%+${5}^{8} to up to ^{5}${3}^{6} enemies within the area every ^{3}${2}^{4} seconds.	^{1}${1}^{2}秒間持続する【エンバーゾーン】を生成し、範囲内の最大^{5}${3}^{6}体の敵に^{3}${2}^{4}秒ごとに魔法攻撃力*^{7}${4}%+${5}^{8}の火属性遠距離魔法ダメージを与える。
25444	The previous phase's barrage has greatly reduced Fafnir's Life and ATK. Now is the perfect time to finish it off. Warriors, assemble and enter the inner arena for the final showdown with Fafnir.	前フェーズの集中砲火により、ファフニールのHPと攻撃力は大きく低下している。今こそ仕留める絶好の機会だ。勇者たちよ、集結して内側の戦場へ入り、ファフニールとの最終決戦に挑め。
25445	^{1}^{2}[Heal]^{3}^{4} has a ${1}% Chance to Splash to ${3} Other allies within ${2} meters of the target, restoring the same Healing Volume as the skill itself. Internal Cooldown: ${4} seconds.	^{1}^{2}[ヒール]^{3}^{4}使用時、${1}%の確率で対象から${2}m以内の他の味方${3}人へ回復が波及し、スキル本体と同じ回復量を与える。内部クールダウン：${4}秒。
25446	Ilmata plays a rousing movement and ^{1}summons clones at the statues around the temple^{2}. The clones periodically ^{3}release shock waves that deal minor damage in long rectangular areas^{4}.	イルマタが勇壮な楽章を奏で、^{1}神殿周囲の像のそばに分身を召喚する^{2}。分身は定期的に^{3}細長い長方形範囲へ小ダメージの衝撃波を放つ^{4}。
25447	The last time my son came home to get some clothes, his eyes were bloodshot, and he could barely stay awake on his feet! He called it “voluntary extra training,” but I say he’s been brainwashed!	この前、息子が服を取りに帰ってきた時なんて、目は真っ赤で立ったまま眠りそうだったんだよ！本人は「自主的な追加訓練」だって言ってたけど、あたしゃ洗脳されてると思うね！
25448	John, the last time you came home was three months ago. You ate, said you'd wash the dishes later, then rushed off for an “emergency assembly.” I've been waiting for you to wash them ever since.	ジョン、あんたが最後に帰ってきたのは3ヶ月前だよ。ご飯を食べて「皿は後で洗う」って言ったまま、「緊急招集だ」って飛び出していった。あれからずっと、あたしゃあんたが皿を洗うのを待ってるんだよ。
25449	After the sarcophagus dragged you away, Pharaoh disappeared as well. If you hadn't stepped Forward and lured it away, all of us would probably be nothing but bleached bones in the desert by now.	石棺がお前を連れ去った後、ファラオも姿を消した。もしお前が前に出て奴を誘い出してくれなかったら、今頃俺たちは全員、砂漠に転がる白骨になっていただろう。
25450	Has a deeper understanding of the trade and can skillfully use its tools and materials. Unlocks the second Craft Slot and a wider selection of abilities, allowing a personal style to take shape.	職の技をより深く理解し、道具や素材を巧みに扱える。第2製作スロットを解放し、より幅広い能力を選択できるようになり、自分らしいスタイルを形作れるようになる。
25451	An ore from the dwarven realm of Wat Alheim, said to have received the Blessing of a legendary dwarven craftsman.\n^{1}Effect: Used to Refine Armor. Prevents level loss if Refinement Failed.^{2}	伝説のドワーフ職人の祝福を受けたとされる、ドワーフの国ヴァルトアルヘイム産の鉱石。\n^{1}効果：防具の精錬に使用する。精錬失敗時も精錬値が低下しない。^{2}
25452	Goat grants the owner ^{1}【Savage Shield】^{2}^{3} equal to the owner's Max HP * ^{4}${2}%^{5}. While the Shield is Active, reduces Ranged Physical DMG taken by ^{6}${3}%^{7}. Lasts ${4} seconds.	ゴートが主人に、主人の最大HP*^{4}${2}%^{5}に相当する^{1}【サベージシールド】^{2}^{3}を付与する。シールド発動中、受ける遠距離物理ダメージを^{6}${3}%^{7}軽減する。${4}秒間持続。
25453	Increases the Maximum Number of Targets of ^{1}Debuff-type^{2} and ^{3}Control-type^{4} Primary Battle Skills by ^{5}${1}^{6}. (The number of designated targets for ST skills remains unchanged.)	^{1}デバフ型^{2}および^{3}行動妨害型^{4}のメイン戦闘スキルの最大対象数が^{5}${1}^{6}増加する。（単体スキルの指定対象数は変化しない）
25454	Dagger-exclusive skill. Deals Neutral melee Physical damage totaling PATK * ^{1}${4}%*(${5}+ASPD*${6}%)^{2} to up to ${3} enemies within a ${2}-meter radius centered ${1} meters in front of You.	短剣専用スキル。自身の前方${1}mを中心とした半径${2}m以内の最大${3}体の敵に、合計物理攻撃力*^{1}${4}%*(${5}+攻撃速度*${6}%)^{2}の無属性近接物理ダメージを与える。
25455	Unlocked by ranking between @{1} and @{2} on the Entire Server in the Hunting Challenge.\n(After clearing the Challenge, the item will be sent to the Guild Master's mail. Use it to unlock this.)	狩猟チャレンジの全サーバーランキングで@{1}～@{2}位に入ると解放される。\n（チャレンジクリア後、アイテムはギルドマスターのメールへ送られる。使用すると解放できる）
25456	Your Reputation Score affects the review time.\nYour Reputation Score is updated daily at 5:00. Updates affect that day's review time.\nFollowing the rules helps maintain a good Reputation Score.	信用スコアは審査時間に影響する。\n信用スコアは毎日5:00に更新され、その日の審査時間に反映される。\nルールを守ることで良好な信用スコアを維持できる。
25457	Ilmata plays a merciless demonic melody and ^{1}summons jellyfish that damage the entire field^{2}. Players must ^{3}remain inside the safe zone at all times^{4} or ^{5}take Damage over Time^{6}.	イルマタが容赦なき魔の旋律を奏で、^{1}フィールド全体にダメージを与えるクラゲを召喚する^{2}。プレイヤーは^{3}常に安全地帯の中に留まる^{4}必要があり、外に出ると^{5}持続ダメージを受ける^{6}。
25458	Moonlight Flower charges a Bell, then ^{1}quickly swaps the positions of @{1} Bells at random^{2}. Players must ^{3}track and destroy the Bell that was initially charged^{4} or take heavy damage.	月夜花が鈴1つを帯電させた後、^{1}@{1}個の鈴の位置をランダムに素早く入れ替える^{2}。プレイヤーは^{3}最初に帯電した鈴を見失わず破壊する^{4}必要があり、失敗すると大ダメージを受ける。
25459	Oh! You're the new recruit from the Eden Group! My eyesight's just like my Lain's—I can't tell people from animals at five meters, and at ten meters, the whole world's one big happy blur. Hahaha!	おお！楽園団の新入りさんか！私の目はうちのレインと同じでね、5m先じゃ人と動物の区別もつかないし、10m先なんて世界中が仲良くぼやけて見えるんだ。ハハハ！
25460	Dear Player,\nThe penalty period for your Trade Market transaction at ${8} 【Trade Item:${1}, Trade Amount:${5}, Order No.:${7}】 has ended.\nPlease collect your final proceeds from the attachment.	プレイヤー様へ\n${8}の取引所取引【取引アイテム：${1}、取引数量：${5}、注文番号：${7}】のペナルティ期間が終了しました。\n最終売却代金を添付ファイルからお受け取りください。
25461	Your guild 【${1}】 cleared the 【${3}】 stage on 【${2}】 difficulty during this event. However, because your Backpack was full, the rewards were sent by mail. Please collect them from the attachment.	あなたのギルド【${1}】は本イベントで【${2}】難易度の【${3}】ステージをクリアしました。しかしバックパックがいっぱいだったため、報酬をメールでお送りしました。添付ファイルからお受け取りください。
25462	Give me one evening, and I'll prove that everything you've worked for has merely been preparing you to join us! What do you say? Will you give yourself a chance to reach out and touch the future?	一晩だけ私にくれ。君がこれまで積み上げてきたものすべてが、私たちの仲間になるための準備だったと証明してみせる！どうだ？未来へ手を伸ばすチャンスを自分に与えてみないか？
25463	Remember, the Second Job isn't the end. It's your ticket to even harsher adventures. From this day forward, you'll shoulder greater responsibilities. Don't disappoint me or those who support you.	覚えておけ。2次職は終着点ではない。さらに過酷な冒険へ進むための切符だ。今日からお前は、より大きな責任を背負うことになる。私や、お前を支えてくれる者たちを失望させるなよ。
25464	Pressing the button produces a blue flash. Anyone who sees the light seems to forget part of their memory, allowing their skill tree to be wiped clean.\n^{1}Use: Resets allocated skill points^{2}	ボタンを押すと青い閃光が走る。その光を見た者は記憶の一部を失ったようになり、スキルツリーをまっさらな状態へ戻せる。\n^{1}使用：配分済みスキルポイントをリセット^{2}
25465	A highest-ranking cleric who has mastered extremely advanced Holy magic. The Exorciser Priest gains stronger Holy magic with greater Burst damage, along with AoE crowd control on the battlefield.	極めて高度な聖属性魔法を修めた最高位の聖職者。退魔型プリーストはさらに強力な聖属性魔法と高い瞬間火力を得るほか、戦場で範囲行動妨害も行える。
25466	Summons sacred lilies to bloom and shower the area with petals, increasing the MATK and PATK of You and ^{1}^{2}Party Members^{3}^{4} within a ${1}-meter radius by ^{5}${2}%^{6} for ${3} seconds.	聖なる百合を咲かせ、花びらを周囲に降らせる。${3}秒間、自身および半径${1}m以内の^{1}^{2}パーティメンバー^{3}^{4}の魔法攻撃力と物理攻撃力を^{5}${2}%^{6}増加させる。
25467	Rainbow Ferus breathes flames, continuously dealing Neutral melee Physical damage equal to PATK*^{1}${4}%^{2} to up to ${3} enemies in a ${1}-meter-by-${2}-meter area in the designated direction.	レインボーフェルスが炎を吐き、指定方向の${1}m×${2}m範囲内にいる最大${3}体の敵に物理攻撃力*^{1}${4}%^{2}の無属性近接物理ダメージを継続して与える。
25468	【Spear Formation - Crescent Moon】causes 1 Extra pull, increases each hit's percentage damage multiplier by ^{1}${2}%^{2}, and changes the duration of the applied 【Over Brand】 to ^{3}${1}^{4} sec.	【スピアフォーメーション・クレセントムーン】の引き寄せ回数が1回追加され、各ヒットのダメージ倍率が^{1}${2}%^{2}増加し、付与される【オーバーブランド】の持続時間が^{3}${1}^{4}秒に変更される。
25469	Creates a launch zone at Your Position. Any Enemy Team member who enters is knocked away, effectively dividing the battlefield, helping Fortify teammates, or disrupting the Enemy Team's formation.	自身の位置にノックアップエリアを生成する。侵入した敵チームメンバーを弾き飛ばし、戦場を分断したり、味方の防衛を助けたり、敵陣形を崩したりできる。
25470	This mode divides players into Escort and Raider factions:\nThe guild transporting the supplies is the Escort faction, while all other guilds are Raiders.\nSee the following tabs for more details.	このモードではプレイヤーを護送側と襲撃側に分ける：\n物資を輸送するギルドが護送側となり、それ以外の全ギルドが襲撃側となる。\n詳細は以下のタブを確認してください。
25471	Osiris gathers^{1}dark energy^{2}, unleashes^{3}a pulse attack ahead^{4}, and continuously rotates @{1}° toward the target while repeatedly summoning bandages to^{5}lash the target's location^{6}.	オシリスが^{1}闇のエネルギー^{2}を集め、^{3}前方へ波動攻撃^{4}を放つ。さらにターゲットへ向かって継続して@{1}°回転しながら、包帯を繰り返し召喚して^{5}ターゲットの位置を薙ぎ払う^{6}。
25472	The fuse is a little short, so you have to run the moment it's lit. Remind whoever lights the Fireworks to be quick on their feet. Or maybe You could first help me find a way to lengthen the fuse?	導火線が少し短いから、火をつけた瞬間に走らないと危ない。花火に点火する人には、すぐ逃げるよう念を押しておいてくれ。それとも先に、導火線を長くする方法を探すのを手伝ってくれるか？
25473	Has reached the pinnacle of the craft and can create ingenious masterpieces. Unlocks the fourth Craft Slot and allows Rare abilities to be learned, further strengthening the trade's unique traits.	職人技の頂点に達し、独創的な傑作を生み出せる。第4製作スロットを解放し、レア能力を習得できるようになり、その職業ならではの特性をさらに強化できる。
25474	A premium @{1}-carat diamond whose dazzling, laser-like brilliance grants greater power to weapons and accessories.\n^{1}Use: Can be used to Enhance weapons and accessories from +@{2} to +@{3}^{2}	まばゆいレーザーのような輝きを放ち、武器やアクセサリーにさらなる力を与える高品質な@{1}カラットダイヤモンド。\n^{1}使用：+@{2}～+@{3}の武器およびアクセサリーの強化に使用できる^{2}
25475	Fireworks and love both last forever in a single fleeting moment!\n^{1}Intimacy +@{1}, recipient's Popularity +@{2}, your Hearts +@{3}\nGiving this gift will trigger an Entire Server announcement!	花火も愛も、一瞬のきらめきの中で永遠になる！\n^{1}親密度+@{1}、受取人の人気度+@{2}、自分のハート+@{3}\nこのギフトを贈ると全サーバー告知が流れます！
25476	Geographer calls upon the power of the earth, raising the surrounding ground and dealing a total of Pet Magic ATK*^{1}${3}%^{2} Neutral melee Magic damage to up to ${2} enemies within ${1} meters.	ジオグラファーが大地の力を呼び起こし、周囲の地面を隆起させ、${1}m以内の最大${2}体の敵に合計ペット魔法攻撃力*^{1}${3}%^{2}の無属性近接魔法ダメージを与える。
25477	Squidgitte restores ^{3}Life^{4} equal to Magic ATK*^{1}${3}%^{2} to itself and up to ${2} allied targets within ${1} meters, reducing the Water damage they take by ^{5}${4}%^{6} for ${5} seconds.	スキジッテが自身および${1}m以内の味方最大${2}体の^{3}HP^{4}を魔法攻撃力*^{1}${3}%^{2}分回復し、${5}秒間、受ける水属性ダメージを^{5}${4}%^{6}軽減する。
25478	Every @{1} casts of 【Enlightenment】 causes all targets HIT to take damage again and increases your Move Speed.\nThe Extra damage sends a wisp of 【Will】 back to you, restoring a charge of 【Stigma】.	【エンライトメント】を@{1}回発動するごとに、命中したすべての対象へ再度ダメージを与え、自身の移動速度を増加させる。\n追加ダメージを与えると【ウィル】の灯火が自身へ戻り、【スティグマ】のチャージを1回復する。
25479	While riding a dragon, increases Movement Speed by ^{1}${1}%^{2} and increases the damage of ^{3}^{4}【Dragon Breath (Fire)】^{5}^{6} and ^{7}^{8}【Dragon Breath (Water)】^{9}^{10} by ^{11}${2}%^{12}.	ドラゴン騎乗中、移動速度が^{1}${1}%^{2}増加し、^{3}^{4}【ドラゴンブレス（火）】^{5}^{6}および^{7}^{8}【ドラゴンブレス（水）】^{9}^{10}のダメージが^{11}${2}%^{12}増加する。
25480	They've been sitting at the most efficient monster-farming spots since early this morning, and they only move aside for certain people. There must be some kind of Trade going on behind the scenes.	あいつら、今朝早くから一番効率よくモンスターを狩れる場所に居座って、特定の連中にしか場所を譲らないんだ。裏で何か取引してるに違いない。
25481	Unleashes psychic power to attack a target within ${1} meters and up to ${3} enemies within ${2} meters of it, dealing Ghost-property ranged magic damage equal to Magic ATK * ^{1}${4}% + ${5}^{2}.	念動力を放ち、${1}m以内の対象およびその周囲${2}m以内の最大${3}体の敵に、魔法攻撃力*^{1}${4}%+${5}^{2}の念属性遠距離魔法ダメージを与える。
25482	The BOSS first casts a cone AOE in front with a @{1}s warning, a radius of @{2}m, and an angle of @{3}°, then casts a cone AOE behind with a @{4}s warning, a radius of @{5}m, and an angle of @{6}°	BOSSはまず前方に予兆@{1}秒、半径@{2}m、角度@{3}°の扇形範囲攻撃を放ち、その後、後方に予兆@{4}秒、半径@{5}m、角度@{6}°の扇形範囲攻撃を放つ。
25483	@{1}.Includes multiple competitive modes. Check their schedules to see when they open and participate.\n@{2}.Some modes support parties. Joining with a party is recommended for the best experience.	@{1}.複数の対戦モードがあります。開催スケジュールを確認して参加しましょう。\n@{2}.一部のモードはパーティ参加に対応しています。より快適に楽しむため、パーティでの参加をおすすめします。
25484	When ^{1}^{2}【Blitz Beat】^{3}^{4} hits an enemy, it has a ${1}% Chance to Summon the Falcon to attack the target, dealing ${2}%+${3} Neutral Ranged Physical damage. Internal Cooldown: ${4} seconds.	^{1}^{2}【ブリッツビート】^{3}^{4}が敵に命中した時、${1}%の確率でファルコンを召喚して対象を攻撃し、${2}%+${3}の無属性遠距離物理ダメージを与える。内部クールダウン：${4}秒。
25485	Moonlight Flower ^{1}charges two random Bells on the field^{2}. Players must ^{3}first evade the area damage from the charged Bells^{4}, then ^{5}evade the area damage from the uncharged Bells^{6}.	月夜花が^{1}フィールド上のランダムな鈴2つを帯電させる^{2}。プレイヤーは^{3}まず帯電した鈴の範囲ダメージを回避し^{4}、続いて^{5}帯電していない鈴の範囲ダメージを回避する^{6}必要がある。
25486	As the Archbishop closest to the angels, a potent embodiment of sanctity, he offers the finest aid to his allies. At the same time, he wields holy magic to deliver devastating blows to his enemies.	天使に最も近い大司教にして、聖性の強力な化身。味方には最高峰の支援をもたらし、同時に聖なる魔法で敵へ壊滅的な一撃を与える。
25487	Excellent. Clear goals and decisive action are the first qualities of a powerful Adventurer. The teleportation spell is ready. Don't resist its power—it will deliver you safely to your destination.	よし。明確な目標と迷いのない行動は、強き冒険者に必要な第一の資質だ。転送魔法の準備は整っている。その力に逆らうな。安全に目的地まで運んでくれる。
25488	I've spent several months investigating the area around the desert. I managed to Discover that the queen ant's mimicry actually came from a girl she devoured, so I came here to search for a Clue...	数ヶ月かけて砂漠周辺を調査してきた。女王アリの擬態は、実は奴が食べた少女から得たものだと突き止めたんだ。それで手がかりを探しにここへ来たんだが…
25489	Professor, the most important quality in a proper mount is reliability. My Peco Peco won't suddenly throw its rider off or... ahem, develop any unnecessary [Romantic Feelings]. Safety first, right?	教授、乗り物に何より大切なのは信頼性です。私のペコペコなら急に乗り手を振り落としたり…ゴホン、余計な［恋愛感情］を抱いたりもしません。安全第一、そうでしょう？
25490	Each piece of equipment has different Affixes. You'll need to figure out how to combine them into the best Preset to get the most out of your gear. Open the equipment screen and take a closer look.	装備ごとに付与される特性は異なる。それらをどう組み合わせれば最適なプリセットになるか考え、装備の性能を最大限に引き出す必要がある。装備画面を開いて、よく確認してみよう。
25491	Calm down? I don't believe a word of this irresponsible investigation! If you fail to recover it, which of you can replace years of my Research Results? The only person I trust now is my assistant.	落ち着けだと？こんないい加減な調査、ひとつも信じられるものか！もし回収できなかったら、何年分もの私の研究成果を誰が取り戻してくれるんだ？今、私が信用できるのは助手だけだ。
25492	Ah, the professor is one of our premium VIP members. He mentioned the two of you and specifically asked us to prepare a quiet room by the window on the second floor. He said you needed a good rest.	ああ、教授は当館のプレミアムVIP会員でございます。お二人のことも伺っており、2階の窓際にある静かな部屋を特別に用意するよう申しつけられております。十分に休んでほしいとのことでした。
25493	Dive toward a target location within @{1} meters. Upon landing, inflict ^{1}【Freeze】^{2} for @{4} sec and deal damage equal to ^{3}@{5}%^{4} of ATK to up to @{3} enemies within a @{2}-meter radius.	@{1}m以内の対象地点へ急降下する。着地時、半径@{2}m以内の最大@{3}体の敵に@{4}秒間^{1}【凍結】^{2}を付与し、攻撃力の^{3}@{5}%^{4}に相当するダメージを与える。
25494	Can only be cast while riding the Madogear Pilot. Pilot the Madogear and swing its iron fist, dealing PATK * ^{1}${2}%^{2} Neutral Ranged Physical DMG to the designated ST enemy within ${1} meters.	魔導ギア搭乗中のみ使用可能。魔導ギアを操って鉄拳を振るい、${1}m以内の指定した単体の敵に物理攻撃力*^{1}${2}%^{2}の無属性遠距離物理ダメージを与える。
25495	When Highness Heal HITs an allied target, it triggers 【Equal Blessing】, chaining to @{2} targets within @{1} meters of the target. If a chained target is a party Member, they receive Extra healing.	ハイネスヒールが味方に命中した時、【イコールブレッシング】が発動し、対象から@{1}m以内の最大@{2}体へ連鎖する。連鎖先がパーティメンバーの場合、追加の回復を受ける。
25496	Can only be cast while riding a dragon. The dragon mount lets out a roar, removing all status ailments, granting ^{1}^{2}【Debuff Immunity】^{3}^{4} for ${1} sec, and increasing DEF by ^{5}${2}%^{6}.	ドラゴン騎乗中のみ使用可能。ドラゴンが咆哮し、すべての状態異常を解除して${1}秒間^{1}^{2}【デバフ無効】^{3}^{4}を付与し、防御力を^{5}${2}%^{6}増加させる。
25497	@{1}. Evenly Matched rankings are updated in real time and show the ten players on the current server whose overall power is closest to mine.\n@{2}. Increasing overall power will improve your title.	@{1}.互角ランキングはリアルタイムで更新され、現在のサーバー内で総合戦力が自分に最も近い10名のプレイヤーを表示する。\n@{2}.総合戦力を上げると称号が向上する。
25498	Collection Attribute InstructionsCollection Attribute InstructionsCollection Attribute InstructionsCollection Attribute InstructionsCollection Attribute InstructionsCollection Attribute Instructions	コレクション属性説明コレクション属性説明コレクション属性説明コレクション属性説明コレクション属性説明コレクション属性説明
25499	Weapon—Heavy Cannon:\nPlayers operating the Heavy Cannon can target parts of Almagia's body and bombard them to ^{1}deplete its Weak gauge.^{2}\nSustained bombardment will make Almagia ^{3}Weak.^{4}	兵器――重砲：\n重砲を操作するプレイヤーはアルマギアの体の各部位を狙って砲撃し、^{1}弱体ゲージを削ることができる。^{2}\n砲撃を浴びせ続けるとアルマギアが^{3}弱体化する。^{4}
25500	Blocking <color=#FA983A>${1}</color> will remove them from your friends list and prevent you from receiving their messages. Your Intimacy and chat history will also be permanently deleted. Continue?	<color=#FA983A>${1}</color>をブロックすると、フレンドリストから削除され、相手からのメッセージを受信できなくなります。親密度とチャット履歴も完全に削除されます。続行しますか？
25501	The Novice Challenge event will end on ${1}. Once the event ends, items can no longer be purchased from the Zeny Shop. Adventurer, please keep an eye on the available purchase time and Event Period.	ノービスチャレンジイベントは${1}に終了します。イベント終了後はゼニーショップでアイテムを購入できなくなります。冒険者さん、購入可能時間とイベント期間にご注意ください。
25502	Please remain active to support the guild's continued growth. If you fail to meet the activity requirements for @{1} consecutive weeks, any Guild Member may Impeach you and replace the guild leader.	ギルドの継続的な成長を支えるため、活発に活動してください。@{1}週連続で活動条件を満たさなかった場合、ギルドメンバーは誰でもあなたを弾劾し、ギルドマスターを交代させることができます。
25503	To be honest, this case has us stumped. There have been three thefts in the city recently, but the victims and stolen items are completely different. We can barely find anything they have in common.	正直なところ、この事件にはお手上げだ。最近街で3件の盗難が起きたんだが、被害者も盗まれた物もまるで違う。共通点らしい共通点がほとんど見つからないんだ。
25504	Its purring... According to current research, it has a soothing effect on the nerves... But that has absolutely nothing to do with the theft! It was merely a brief, perfectly reasonable Interaction.	あの喉を鳴らす音…現在の研究では神経を落ち着かせる効果があるとされている…だが盗難とはまったく関係ない！ほんの短時間、きわめて合理的な交流をしただけだ。
25505	I also added a Ranged communication Function while I was at it. The signal can reach all the way to Izlude Island! There's just one little bug—the messages it sends get translated into cat language.	ついでに遠距離通信機能も追加しておいた。信号はイズルード島まで届くぞ！ただし小さな不具合が1つだけあってな――送信したメッセージが猫語に翻訳されてしまうんだ。
25506	Morroc, the Desert City, has a charm all its own. The blazing sun and hot winds by day, the hills dyed red at sunset, and the freezing hours before dawn... These are all sources of pride for Morroc.	砂漠の都市モロックには、モロックならではの魅力がある。昼は灼けつく太陽と熱風、夕暮れには赤く染まる丘、夜明け前には凍えるような寒さ…そのすべてがモロックの誇りだ。
25507	The Captain already told me you obtained the latest Crafting Blueprint. But if you want to turn it into real gear worthy of accompanying you on your adventures, you'll need to use Equipment Forging.	最新の製作設計図を手に入れたことは隊長から聞いている。だが、それを冒険にふさわしい本物の装備へ仕上げたいなら、装備鍛造を使う必要がある。
25508	The Supply Transport event has ended. During this event, all Members transported a total of ^{1}${1}^{2}/${2} Military Supplies.\nThe key Member who transported the supplies was: \n${3}  ${4} points	物資輸送イベントが終了しました。本イベント中、全メンバーが輸送した軍需物資は合計^{1}${1}^{2}/${2}個です。\n物資輸送の主要メンバー：\n${3}  ${4}ポイント
25509	A Plant that glows alone at midnight in a forest seldom visited by people. It is said that heaven can be seen in its light, but its glow fades if the flower is picked. Can be exchanged for Headwear.	人の訪れがほとんどない森で、真夜中にひっそり光る植物。その光の中には天国が見えると言われるが、花を摘むと輝きは消えてしまう。頭装備と交換できる。
25510	Strengthens holy power through a prayer of devotion, restoring HP equal to your MATK * ^{1}${2}% + ${3}^{2} every second to You and Party Members within a ${1}-meter radius^{3}^{4} for ${4} seconds.	敬虔な祈りによって聖なる力を高め、${4}秒間、自身および半径${1}m以内のパーティメンバー^{3}^{4}のHPを毎秒、自身の魔法攻撃力*^{1}${2}%+${3}^{2}回復する。
25511	Dive toward a target location within @{1} meters. Upon impact, deal damage equal to ATK * ^{3}@{5}%^{4} to up to @{3} enemies within a @{2}-meter radius and inflict ^{1}【Blind】^{2} for @{4} seconds.	@{1}m以内の対象地点へ急降下する。着地時、半径@{2}m以内の最大@{3}体の敵に攻撃力*^{3}@{5}%^{4}のダメージを与え、@{4}秒間^{1}【暗黒】^{2}を付与する。
25512	Manipulate psychic power to strike the designated ST enemy within ${1}m and up to ${3} enemies within ${2}m of it, dealing Ghost-property ranged magic damage equal to Magic ATK * ^{1}${4}%+${5}^{2}.	念動力を操り、${1}m以内の指定した単体の敵およびその周囲${2}m以内の最大${3}体の敵に、魔法攻撃力*^{1}${4}%+${5}^{2}の念属性遠距離魔法ダメージを与える。
25513	Dive toward a designated location within @{1} meters. Upon landing, deal ATK * ^{3}@{6}%^{4} damage to up to @{3} enemies within a @{2}-meter radius and inflict ^{1}@{5}% 【Slow】^{2} for @{4} seconds.	@{1}m以内の指定地点へ急降下する。着地時、半径@{2}m以内の最大@{3}体の敵に攻撃力*^{3}@{6}%^{4}のダメージを与え、@{4}秒間^{1}@{5}%の【減速】^{2}を付与する。
25514	An oversized linen-cotton shirt drapes over distressed denim and cream knitwear, creating relaxed layers. Rolled-up sleeves reveal a braided bracelet, while canvas shoes add a touch of sunlit warmth.	ゆったりしたオーバーサイズのリネンコットンシャツを、ダメージデニムとクリーム色のニットに重ねたリラックス感のあるレイヤードスタイル。まくった袖から編み込みブレスレットが覗き、キャンバスシューズが陽だまりのような温もりを添える。
25515	Enough Chitchat. Get going. Bring the egg back as soon as you have it. We need to deliver everything to that crooked merchant before dark, because I'm not spending the night in this miserable forest.	おしゃべりはそこまで。さっさと行ってきな。卵を手に入れたらすぐ戻るんだよ。日が暮れる前に、あの強欲な商人へ全部届けなきゃならないんだからね。こんなひどい森で夜を明かすなんてごめんだよ。
25516	Hahaha! Tough love is good for you, young one. Being too lenient only does harm, understand? Hollgrehenn is the finest craftsman in the Rune Kingdom. Off you go. I hope to see you return Fully Armed.	ハハハ！若いうちは厳しく鍛えられるくらいがちょうどいい。甘やかしすぎても本人のためにならん、わかるな？ホルグレンはルーン王国一の職人だ。さあ行ってこい。完全武装で戻ってくるのを楽しみにしているぞ。
25517	The Season has come to a successful close, and the time to reap your rewards is finally here! You can still enjoy all regular game content during this phase. Please wait patiently for the new Season.	シーズンは無事に終了し、ついに成果を受け取る時が来ました！このフェーズ中も通常のゲームコンテンツはすべてプレイできます。新シーズンの開始までしばらくお待ちください。
25518	Twinkling stars and blooming Fireworks are all saying, "I love you"~\n^{1}Intimacy +@{1}, recipient's Popularity +@{2}, your Hearts +@{3}\nGiving this gift will trigger an Entire Server announcement!	きらめく星も咲き誇る花火も、みんな「愛してる」と囁いているよ～\n^{1}親密度+@{1}、受取人の人気度+@{2}、自分のハート+@{3}\nこのギフトを贈ると全サーバー告知が流れます！
25519	Dive at a designated location within @{1} meters. Upon landing, inflict ^{1}【Sleep】^{2} for @{4} seconds on up to @{3} enemies within a @{2}-meter radius and deal damage equal to ATK * ^{3}@{5}%^{4}.	@{1}m以内の指定地点へ急降下する。着地時、半径@{2}m以内の最大@{3}体の敵に@{4}秒間^{1}【睡眠】^{2}を付与し、攻撃力*^{3}@{5}%^{4}のダメージを与える。
25520	Unleashes a Burst of frost, dealing ATK * ^{1}@{4}%^{2} damage to up to @{3} enemies in a target area with a @{2} m radius within @{1} m, with a @{5}% Chance to inflict ^{3}【Freeze】^{4} for @{6} sec.	凍気を爆発させ、@{1}m以内の半径@{2}mの対象エリアにいる最大@{3}体の敵へ攻撃力*^{1}@{4}%^{2}のダメージを与え、@{5}%の確率で@{6}秒間^{3}【凍結】^{4}を付与する。
25521	When an ^{1}Offensive-type^{2} or ^{3}Control-type^{4} Primary Battle Skill Deals DMG, reduces the Cast Speed of enemies hit by ^{5}${1}^{6} and increases their MP Cost by ^{7}${2}%^{8} for ${3} sec.	^{1}攻撃型^{2}または^{3}行動妨害型^{4}のメイン戦闘スキルがダメージを与えた時、命中した敵の詠唱速度を^{5}${1}^{6}減少させ、${3}秒間MP消費量を^{7}${2}%^{8}増加させる。
25522	When casting 【Rift Impact】, Transfigure into an electronic dragon, increasing the percentage damage multiplier by ^{1}${1}%^{2} and inflicting ^{3}【Stun】^{4} on Enemy Team units HIT for ${2} seconds.	【リフトインパクト】発動時、電子ドラゴンへ変身し、ダメージ倍率を^{1}${1}%^{2}増加させ、命中した敵チームユニットに${2}秒間^{3}【スタン】^{4}を付与する。
25523	Spend ${1}${2}${3}${4} to Pre-purchase 【${5}】?\nPayment will be deducted in advance. Once the listing period ends,\none buyer will be randomly selected from all purchase Lineups to complete the Trade.	${1}${2}${3}${4}を消費して【${5}】を事前購入しますか？\n代金はあらかじめ差し引かれます。出品期間終了後、\n購入待機列の中からランダムに1名が選ばれて取引が成立します。
25524	\n● Players with artillery access can deploy cannons to attack\n● Press and hold the Fire button to reduce the shell's impact area (except for Flying Crows)\n● Ammunition is limited, so use it wisely.	\n● 砲撃権限を持つプレイヤーは大砲を配置して攻撃できる\n● 射撃ボタンを長押しすると砲弾の着弾範囲を縮小できる（フライングクロウを除く）\n● 弾薬には限りがあるため、計画的に使用してください。
25525	Notes: Look for the Blue circular or Green diamond-shaped Design Below each cargo icon. These are placement points on the bottom of the cargo. Blue circular placement points also appear on the carpet.	注意：各貨物アイコンの下にある青い円形または緑のひし形の模様を確認してください。これらは貨物底面の配置ポイントです。青い円形の配置ポイントは絨毯上にもあります。
25526	Once Talent Tree ${1} is Activated, you can select class talents.\nDifferent effects provide different Battle experiences.\nSelecting class talents costs nothing, and they can be Replaced at any time.	タレントツリー${1}を有効化すると、職業タレントを選択できる。\n異なる効果により、異なる戦闘体験が得られる。\n職業タレントの選択に費用はかからず、いつでも変更できる。
25527	When ^{1}^{2}【Falcon Assault】^{3}^{4} hits an enemy, it deals ${3}%+${4} Neutral Ranged Physical damage to up to ${2} enemies within a ${1}-meter radius of the target. Internal Cooldown: ${5} seconds.	^{1}^{2}【ファルコンアサルト】^{3}^{4}が敵に命中した時、対象から半径${1}m以内の最大${2}体の敵に${3}%+${4}の無属性遠距離物理ダメージを与える。内部クールダウン：${5}秒。
25528	^{1}^{2}[Sacrifice]^{3}^{4}'s duration increases to ${1} seconds. During ^{5}^{6}[Sacrifice]^{7}^{8}, ^{9}^{10}[Holy Cross]^{11}^{12}'s percentage damage multiplier and fixed Damage Increase by ${2}%.	^{1}^{2}[サクリファイス]^{3}^{4}の持続時間が${1}秒に増加する。^{5}^{6}[サクリファイス]^{7}^{8}の効果中、^{9}^{10}[ホーリークロス]^{11}^{12}のダメージ倍率と固定ダメージが${2}%増加する。
25529	Maya summons ^{1}@{1} sand bogs^{2} in the arena, continuously damaging ^{3}targets that enter them^{4}. The sand bogs also continuously release ^{5}small tornadoes^{6} that damage targets they touch.	マヤーがアリーナ内に^{1}@{1}個の砂沼^{2}を召喚し、^{3}侵入した対象へ継続ダメージを与える^{4}。砂沼はさらに^{5}小型竜巻^{6}を継続して放ち、接触した対象にダメージを与える。
25530	^{1}PlayerName^{2}, you're here. Captain Aikuni just sent word that she's swamped with work. From now on, if we need someone to run errands, lend a hand, or venture Into Peril, we're free to send you.	^{1}PlayerName^{2}、来たか。アイクニ隊長から、仕事に追われて手が回らないって連絡があったよ。これからは使い走りでも手伝いでも危険な仕事でも、人手が必要になったら遠慮なく君に頼めるってさ。
25531	After using 【Sonic Blow】, there is a ${1}% Chance to deal Neutral melee Physical damage equal to Physical ATK × ${4}% to up to ${3} enemies within a ${2}-meter radius. Built-in Cooldown: ${5} seconds.	【ソニックブロー】使用後、${1}%の確率で対象から半径${2}m以内の最大${3}体の敵に物理攻撃力×${4}%の無属性近接物理ダメージを与える。内部クールダウン：${5}秒。
25532	After charging for @{1} seconds, deals A damage to targets in @{5} cone-shaped areas measuring @{2}° by @{3} meters and spaced @{4}° apart. Then turns @{6}° and casts again, for a total of three casts	@{1}秒間チャージ後、@{4}°間隔で配置された角度@{2}°、射程@{3}mの扇形範囲@{5}箇所にAダメージを与える。その後@{6}°回転して再度発動し、合計3回発動する。
25533	Protocol mismatch. Please use the corresponding server version, or update both the client and server to the latest version!\nClient protocol:${1} \nServer protocol:${2}\n\n Click Go to continue playing	プロトコルが一致しません。対応するサーバーバージョンを使用するか、クライアントとサーバーを最新バージョンに更新してください！\nクライアントプロトコル：${1} \nサーバープロトコル：${2}\n\n「移動」をクリックするとゲームを続行します。
25534	Use cannons, Madogear Pilots, and other siege equipment to defend the gate. If necessary, jump down from the walls to destroy the attackers' battering rams, siege ladders, cannons, and other equipment.	大砲、魔導ギアなどの攻城兵器を使って城門を守れ。必要に応じて城壁から飛び降り、攻撃側の破城槌、攻城梯子、大砲などの兵器を破壊するんだ。
25535	Watch the attackers' routes carefully and help the Protector defend the path to prevent the enemy from scoring a Kill.\nEnter the circles around Protectors and Castle Guards to enhance their abilities.	攻撃側の進路をよく見て、プロテクターと協力して経路を守り、敵にキルを取らせないようにしよう。\nプロテクターと城門衛兵の周囲にある円内へ入ると、彼らの能力を強化できる。
25536	While ^{1}^{2}[Basilica]^{3}^{4} is active, ^{5}^{6}[Holy Light]^{7}^{8} and ^{9}^{10}[Turn Undead]^{11}^{12}'s percentage damage multipliers increase by ${1}% and their fixed damage increases by ${2}.	^{1}^{2}[バシリカ]^{3}^{4}の効果中、^{5}^{6}[ホーリーライト]^{7}^{8}および^{9}^{10}[ターンアンデッド]^{11}^{12}のダメージ倍率が${1}%増加し、固定ダメージが${2}増加する。
25537	Once a pet is unlocked, you can activate its entry in the Pet Album. After activation, you gain the pet's unique stat bonuses without deploying it. Its Pet Album stats also increase with its star rank.	ペットを解放すると、ペット図鑑内の該当項目を有効化できる。有効化後は出撃させなくても、そのペット固有のステータスボーナスを獲得できる。ペット図鑑のステータスは星ランクの上昇に応じて強化される。
25538	An ore from the dwarven realm of Wat Alheim, said to have received the Blessing of a legendary dwarven craftsman.\n^{1}Effect: Used to Refine an Accessory. Prevents level loss if Refinement Failed.^{2}	伝説のドワーフ職人の祝福を受けたとされる、ドワーフの国ヴァルトアルヘイム産の鉱石。\n^{1}効果：アクセサリーの精錬に使用する。精錬失敗時も精錬値が低下しない。^{2}
25539	A mysterious Metal called Oridecon. It is the hardest known substance and can be used to Enhance Weapons and Accessories.\n^{1} Effect: Can be used to Refine +@{1} to +@{2} Weapons and Accessories ^{2}	オリデオコンと呼ばれる神秘的な金属。知られている物質の中で最も硬く、武器やアクセサリーの強化に使用できる。\n^{1}効果：+@{1}～+@{2}の武器およびアクセサリーの精錬に使用できる^{2}
25540	Ancient Tree Entanglement pulls up to ${2} enemies within a ${1}-meter radius toward the caster and deals Neutral melee ^{5}adaptive damage^{6} equal to the master's ^{1}Adaptive ATK^{2}*^{3}${3}%^{4}.	エンシェントツリーエンタングルメントが半径${1}m以内の最大${2}体の敵を術者へ引き寄せ、主人の^{1}適応攻撃力^{2}*^{3}${3}%^{4}に相当する無属性近接^{5}適応ダメージ^{6}を与える。
25541	Alice restores ^{3}Life^{4} equal to the pet's Magic ATK*^{1}${3}%^{2} to herself and up to ${2} allies within ${1} meters, granting all targets ^{5}${4}%^{6} ^{7}damage reduction^{8} for ${5} seconds.	アリスが自身および${1}m以内の味方最大${2}体の^{3}HP^{4}をペット魔法攻撃力*^{1}${3}%^{2}分回復し、${5}秒間、全対象に^{5}${4}%^{6}の^{7}ダメージ軽減^{8}を付与する。
25542	We don't mean anything by it. You just look like you haven't been sleeping well. You have dark circles under your eyes, and your hands are shaking while you knit. Is something wrong? Maybe we can help.	別に深い意味はないんです。ただ、あまり眠れていないように見えて。目の下にはクマがあるし、編み物をする手も震えています。何かあったんですか？私たちでよければ力になれるかもしれません。
25543	Ant Hell? (Suddenly slaps thigh and bursts out laughing) Oh, that time! I was testing whether my new fire oil could roast a whole rabbit head in one go. Think I singed someone's hair too. Was that you?	蟻地獄？（突然太ももを叩いて大笑いする）ああ、あの時か！新しい火炎油でウサギの頭を丸ごと一発で焼けるか試してたんだ。誰かの髪も少し焦がした気がするな。もしかして君だったのか？
25544	After casting ^{3}^{4}【Magic Crasher】^{5}^{6} ^{1}${1}^{2} times, the next @{1} casts of ^{7}^{8}【Magic Crasher】^{9}^{10} gain a ^{11}${2}%^{12} skill damage multiplier and ^{13}${3}^{14} fixed damage.	^{3}^{4}【マジッククラッシャー】^{5}^{6}を^{1}${1}^{2}回発動すると、次の@{1}回の^{7}^{8}【マジッククラッシャー】^{9}^{10}のスキルダメージ倍率が^{11}${2}%^{12}、固定ダメージが^{13}${3}^{14}増加する。
25545	\n● Once the enemy deploys a siege ladder, they can scale the wall.\n● Destroying a siege ladder cuts off the retreat of enemies already on the wall.\n● Cannons are also effective against siege ladders.	\n● 敵が攻城梯子を設置すると、城壁へ登れるようになる。\n● 攻城梯子を破壊すると、すでに城壁へ登った敵の退路を断てる。\n● 大砲は攻城梯子に対しても有効。
25546	^{1}^{2}【Arrow Shower】^{3}^{4}'s damage radius increases to ${1} meters, the number of targets increases by ${2}, and it has a ${3}% Chance to cast the skill ${4} times. Internal Cooldown: ${5} seconds.	^{1}^{2}【アローシャワー】^{3}^{4}のダメージ半径が${1}mに拡大し、対象数が${2}増加する。また${3}%の確率でスキルを${4}回発動する。内部クールダウン：${5}秒。
25547	Use a flamethrower on @{2} designated enemies within @{1} meters, dealing a total of ATK * ^{1}@{7}%^{2} damage over @{6} hits to up to @{5} targets in a @{3}-meter by @{4}-meter rectangular area ahead.	@{1}m以内の指定した敵@{2}体に火炎放射器を使用し、前方@{3}m×@{4}mの長方形範囲内の最大@{5}体に、@{6}回にわたって合計攻撃力*^{1}@{7}%^{2}のダメージを与える。
25548	Oh? A featherbrain, maybe, but at least it won't turn your research into another rescue mission. So you think your "calculations" can beat the reliability Peco Pecos have proven over thousands of years?	おや？鳥頭かもしれないが、少なくとも君の研究をまた救出任務に変えたりはしないさ。君の「計算」が、何千年も実績を積んできたペコペコの信頼性に勝てると本気で思ってるのか？
25549	It's [Little Bean]! An old classmate of mine in Juno could no longer care for the kitten, so they entrusted [Little Bean] to me. I-If Glenn finds out I lost Little Bean, he'll never speak to me again...	［リトルビーン］だ！ジュノー時代の同級生が子猫の世話を続けられなくなって、私に［リトルビーン］を預けたんだ。グ、グレンにリトルビーンを失くしたって知られたら、もう二度と口を利いてもらえない…
25550	Deals Physical ATK * ^{1}${3}% + ${4}^{2} Fire melee Physical DMG to up to ${2} enemies within a ${1} m radius, increases your Fire DMG by ^{3}${5}%^{4}, and changes Normal Attacks to Fire for ${6} sec.	半径${1}m以内の最大${2}体の敵に物理攻撃力*^{1}${3}%+${4}^{2}の火属性近接物理ダメージを与え、自身の火属性ダメージを^{3}${5}%^{4}増加させ、${6}秒間通常攻撃を火属性に変更する。
25551	Transform into an environmental object, increasing Movement Speed by @{1}% for @{2} sec.\nDealing or taking damage a total of @{3} times immediately ends the Transform. Skill cooldown: ^{1}@{4}^{2} sec.	@{2}秒間、周囲のオブジェクトに変身し、移動速度が@{1}%増加する。\n与えた、または受けたダメージが合計@{3}回に達すると変身は即座に解除される。スキルクールダウン：^{1}@{4}^{2}秒。
25552	Using 【Shadow Command】, 【Thousand Shadows】, or 【Circling Shadow】 grants 【Shadow Chain】 for @{1} sec, stacking up to @{2} times. While 【Shadow Chain】 is active, damage dealt increases by @{3}% per stack.	【シャドウコマンド】、【サウザンドシャドウ】、【サークリングシャドウ】を使用すると@{1}秒間【シャドウチェイン】を獲得し、最大@{2}スタックまで重複する。【シャドウチェイン】発動中、1スタックにつき与ダメージが@{3}%増加する。
25553	Unique Effect: Casting a skill or using a Normal Attack grants maximum Floors of the 【Divine Message】 healing buff. Initial limit: @{1} Floors. Duration: @{2} sec. Each Floor increases healing by @{3}%.	固有効果：スキルまたは通常攻撃を使用すると、回復バフ【ディバインメッセージ】が最大スタックになる。初期上限：@{1}スタック。持続時間：@{2}秒。1スタックにつき回復量が@{3}%増加する。
25554	After using 【Basic Attack】, there is a ${1}% Chance to deal Neutral melee Physical damage equal to Physical ATK × ${4}% to up to ${3} enemies within a ${2}-meter radius. Built-in Cooldown: ${5} seconds.	【通常攻撃】使用後、${1}%の確率で半径${2}m以内の最大${3}体の敵に物理攻撃力×${4}%の無属性近接物理ダメージを与える。内部クールダウン：${5}秒。
25555	When ^{1}^{2}【Soul Drain】^{3}^{4} scores a Kill, gain ^{5}${1}^{6} MATK, up to ^{7}${2}^{8}. The amount gained is doubled when you Kill Players. Resets upon death, switching Locations, or going offline.	^{1}^{2}【ソウルドレイン】^{3}^{4}で敵を倒すと、魔法攻撃力が^{5}${1}^{6}増加し、最大^{7}${2}^{8}まで累積する。プレイヤーを倒した場合は増加量が2倍になる。死亡、エリア移動、オフライン時にリセットされる。
25556	A crystal infused with magical energy. It powers magic equipment and is used to prepare for the New World.\n <color=#B45C4F>Can be recycled after expiration</color><sprite name="item_2"> Copper Coins*100	魔力を帯びたクリスタル。魔導装置の動力源となり、新世界への準備に使用される。\n <color=#B45C4F>期限切れ後にリサイクル可能</color><sprite name="item_2"> 銅貨*100
25557	\n● Players with firearm permission can deploy cannons to attack.\n● Hold the Fire button to shrink the shell's impact area, except when using the Flying Crow.\n● Ammunition is limited, so use it wisely.	\n● 火器使用権限を持つプレイヤーは大砲を配置して攻撃できる。\n● 射撃ボタンを長押しすると、フライングクロウ使用時を除き砲弾の着弾範囲を縮小できる。\n● 弾薬には限りがあるため、計画的に使用してください。
25558	@{1}.All item synthesis requires materials, and each item has a different recipe.\n@{2}.When cross-level synthesis is selected, the System automatically includes lower-level materials in the calculation.	@{1}.すべてのアイテム合成には素材が必要で、アイテムごとにレシピが異なる。\n@{2}.レベルをまたぐ合成を選択すると、システムが低レベル素材も自動的に計算へ含める。
25559	Battlefield Rating reflects individual performance during a match and is divided into seven tiers: D, C, B, A, S, SS, and SSS. Actions that benefit your guild and teammates increase your Rating and tier.	戦場評価は対戦中の個人の活躍を示し、D、C、B、A、S、SS、SSSの7段階に分かれる。ギルドや味方に貢献する行動を取るほど評価とランクが上昇する。
25560	^{1}^{2}【Cart Revolution】^{3}^{4} hits its primary target, triggering 【Money Throw】 @{1} Extra times and dealing PATK * ${1}% + ${2} Neutral melee Physical damage. This effect has a ${3}-second Cooldown.	^{1}^{2}【カートレボリューション】^{3}^{4}が主対象に命中すると、【メマーナイト】が追加で@{1}回発動し、物理攻撃力*${1}%+${2}の無属性近接物理ダメージを与える。この効果のクールダウンは${3}秒。
25561	Maya launches ^{1}silk projectiles at players^{2}. On HIT, they ^{3}link players together^{4}. If linked players ^{5}exceed a certain Distance from one another^{6}, they are ^{7}pulled back together^{8}.	マヤーが^{1}プレイヤーへ糸を放つ^{2}。命中すると^{3}プレイヤー同士をリンクする^{4}。リンクしたプレイヤー同士が^{5}一定距離以上離れる^{6}と、^{7}互いの方向へ引き戻される^{8}。
25562	Can you feel it? The echoes hidden throughout the world still resonate with the soul... You have solved one of the riddles. Once you have all the answers, you will be able to play the forgotten movement.	感じるか？世界各地に隠された残響が、今も魂と共鳴している…君は謎の1つを解き明かした。すべての答えが揃えば、忘れられた楽章を奏でられるようになるだろう。
25563	Come on, hand me the incubator. This is the latest achievement in monster ecology. Just put an egg inside, adjust the temperature, and you'll soon Hatch a little creature that'll obey your every command.	さあ、孵化器を渡してくれ。これはモンスター生態学の最新成果だ。卵を中に入れて温度を調整するだけで、すぐに君の命令に従う小さな生き物が孵化するぞ。
25564	The runic structure and residual energy on this Relic are identical to the Nail of Discipline Outside the City of Prontera. That can't be a coincidence. There must be some deeper connection between them.	この遺物のルーン構造と残留エネルギーは、プロンテラ郊外にある規律の釘とまったく同じだ。偶然とは思えない。両者にはもっと深い繋がりがあるはずだ。
25565	Dive to a designated location within @{1} meters. Upon impact, inflict ^{1}【Immobilize】^{2} for @{4} seconds and deal damage equal to ATK * ^{3}@{5}%^{4} to up to @{3} enemies within a @{2}-meter radius.	@{1}m以内の指定地点へ急降下する。着地時、半径@{2}m以内の最大@{3}体の敵に@{4}秒間^{1}【移動不能】^{2}を付与し、攻撃力*^{3}@{5}%^{4}のダメージを与える。
25566	For @{1}s after casting [Radiant Holy Light], Manifestation shatters Orbit. During this time, the next @{2} casts of Highness Heal summon translucent petals, restoring Life to allies within @{3}m of you.	［ラディアントホーリーライト］発動後@{1}秒間、顕現がオービットを砕く。この間、次の@{2}回のハイネスヒールは半透明の花びらを召喚し、自身から@{3}m以内の味方のHPを回復する。
25567	Find a weak point in the enemy's defenses, Kill the Protector at the gate, and clear a path to the Glorious Metal.\nKilling Castle Guards and Protectors grants bonus time, extending the attack time limit.	敵の防衛の弱点を見つけ、城門のプロテクターを倒して栄光のメタルへの道を切り開け。\n城門衛兵とプロテクターを倒すと追加時間を獲得し、攻撃制限時間が延長される。
25568	When ^{1}^{2}【Arrow Attack】^{3}^{4} hits an enemy, it deals ${3}%+${4} Neutral Ranged Physical damage to up to ${2} Other enemies within a ${1}-meter radius of the target. Internal Cooldown: ${5} seconds.	^{1}^{2}【アローアタック】^{3}^{4}が敵に命中した時、対象から半径${1}m以内の他の敵最大${2}体に${3}%+${4}の無属性遠距離物理ダメージを与える。内部クールダウン：${5}秒。
25569	Reduces Attack Speed by ${1}%. Using ^{1}^{2}【Basic Attack】^{3}^{4} triggers Splash damage, dealing Physical ATK*${4}% Neutral melee Physical damage to ${3} other enemies within ${2} meters of the target.	攻撃速度が${1}%減少する。^{1}^{2}【通常攻撃】^{3}^{4}使用時に範囲ダメージが発生し、対象から${2}m以内の他の敵${3}体に物理攻撃力*${4}%の無属性近接物理ダメージを与える。
25570	A navy plaid suit creates a crisp silhouette, with a Gold academy crest on the lapel.\nThe pleated skirt swings perfectly with every step, paired with knee-high socks and Oxford shoes for a youthful look.	ネイビーのチェック柄スーツが端正なシルエットを作り、襟元には金色の学園章が輝く。\nプリーツスカートは歩くたび軽やかに揺れ、ニーハイソックスとオックスフォードシューズが若々しさを添える。
25571	That day... I was tending the flowers and helping customers, just like always. I kept the ring on my finger, but I never noticed when it disappeared. It was as if it just... vanished without me realizing.	あの日…私はいつも通り花の世話をして、お客さんの相手をしていたの。指輪は指にはめていたはずなのに、いつ消えたのか全然気づかなかった。まるで…知らないうちに消えてしまったみたいに。
25572	The passages there form a complicated maze, so you'll never Find the entrance on your own. But... a [Pathfinder Ant] can smell Maya's unique pheromones. Follow it, and it'll lead you straight to her lair.	あそこは通路が入り組んだ迷路になってるから、自力じゃ入口を見つけられないよ。でも…［道案内アント］ならマヤー特有のフェロモンを嗅ぎ分けられる。ついていけば、まっすぐ巣まで案内してくれるさ。
25573	Can only be cast while the Falcon is in Follow mode. Use the Falcon to perform Concentration, dealing PATK * ^{1}${2}% + ${3}^{2} Neutral Ranged Physical DMG to the designated ST enemy within ${1} meters.	ファルコンが追従モードの時のみ使用可能。ファルコンに集中攻撃を行わせ、${1}m以内の指定した単体の敵に物理攻撃力*^{1}${2}%+${3}^{2}の無属性遠距離物理ダメージを与える。
25574	When attacked, has an @{1}% Chance to gain a shield equal to @{2}% of Max Life for @{3} sec. When the shield breaks, generates another shield equal to @{4}% of Max Life for @{5} sec. (Cooldown: @{6} sec.)	攻撃を受けた時、@{1}%の確率で最大HPの@{2}%に相当するシールドを@{3}秒間獲得する。シールドが破壊されると、最大HPの@{4}%に相当する別のシールドを@{5}秒間生成する。（クールダウン：@{6}秒）
25575	Shield skill. Deals Neutral Melee Physical DMG equal to PATK * ^{1}${2}%^{2} to the selected ST enemy within ${1} meters. Against Monster targets, the percentage DMG multiplier increases by ^{3}${3}%^{4}.	盾スキル。${1}m以内の選択した単体の敵に物理攻撃力*^{1}${2}%^{2}の無属性近接物理ダメージを与える。対象がモンスターの場合、ダメージ倍率が^{3}${3}%^{4}増加する。
25576	After ^{1}^{2}[Cart Revolution]^{3}^{4} hits the primary target, it triggers [Money Throw] an Extra @{1} times, dealing PATK*${1}%+${2} Neutral melee Physical damage. This effect has a ${3-second Cooldown.	^{1}^{2}[カートレボリューション]^{3}^{4}が主対象に命中すると、[メマーナイト]が追加で@{1}回発動し、物理攻撃力*${1}%+${2}の無属性近接物理ダメージを与える。この効果のクールダウン：${3-second Cooldown.
25577	When ^{1}^{2}[Smite]^{3}^{4} is cast, it additionally deals PATK*${3}%+${4} Neutral melee Physical damage to a total of ${2} Other enemies within ${1} meters of the target. Internal Cooldown: ${5} seconds.	^{1}^{2}[スマイト]^{3}^{4}発動時、対象から${1}m以内の他の敵合計${2}体にも物理攻撃力*${3}%+${4}の無属性近接物理ダメージを与える。内部クールダウン：${5}秒。
25578	Drake summons multiple ^{1}Water Tornadoes and water blades^{2}. When a water blade touches a Water Tornado, it ^{3}splits into more water blades^{4}. Players must ^{5}quickly reposition to evade them^{6}.	ドレイクが複数の^{1}水竜巻と水の刃^{2}を召喚する。水の刃が水竜巻に触れると、^{3}さらに多くの水の刃へ分裂する^{4}。プレイヤーは^{5}素早く位置を変えて回避する^{6}必要がある。
25579	Ahem... well... great teachers produce great students! This craftsmanship was passed down by a true master! Just look at the workmanship, the attention to detail—it's absolutely Moonlit Challenger caliber!	ゴホン…まあ…名師のもとには名弟子あり、ってやつだ！この技は本物の匠から受け継いだんだぞ！見てみろ、この仕上がり、この細部へのこだわり――まさにムーンリット・チャレンジャー級だ！
25580	Bow-exclusive skill. Launch a Charge Arrow at the designated ST enemy within ${1} meters, dealing PATK * ^{1}${2}% + ${3}^{2} Neutral Ranged Physical DMG and inflicting ^{3}【Knockback】^{4} for ${4} meters.	弓専用スキル。${1}m以内の指定した単体の敵にチャージアローを放ち、物理攻撃力*^{1}${2}%+${3}^{2}の無属性遠距離物理ダメージを与え、^{3}【ノックバック】^{4}で${4}m押し飛ばす。
25581	Wolf Minions become Rhythmic Wargs, and the Wolf Minion Summon count for the ^{1}【King of the Wargs】^{2} effect increases by @{1}, while the skill's percentage damage multiplier increases by ^{3}${1}%^{4}.	ウルフミニオンがリズミックウォーグに変化し、^{1}【群れの王】^{2}効果によるウルフミニオンの召喚数が@{1}増加し、スキルのダメージ倍率が^{3}${1}%^{4}増加する。
25582	Throws a bolt of chain lightning, dealing Wind Ranged Magic damage equal to MATK * ^{1}${4}%^{2} to the designated ST enemy within ${1} meters and up to ${3} Other enemies within ${2} meters of the target.	連鎖する雷撃を放ち、${1}m以内の指定した単体の敵および対象から${2}m以内の他の敵最大${3}体に、魔法攻撃力*^{1}${4}%^{2}の風属性遠距離魔法ダメージを与える。
25583	Harness the power of a Knight to strike an enemy, dealing ^{1}${2}%+${3}^{2} Neutral ranged Physical damage to a designated ST target within ${1} meters and inflicting ${5}%^{3}【Slow】^{4} for ${4} seconds.	騎士の力を込めて敵を攻撃し、${1}m以内の指定した単体の対象に^{1}${2}%+${3}^{2}の無属性遠距離物理ダメージを与え、${4}秒間${5}%の^{3}【減速】^{4}を付与する。
25584	Deals Water ranged magic damage equal to Magic ATK * ^{1}${3}% + ${4}^{2} to up to ${2} enemies within a ${1}-meter radius, with a ^{3}${5}%^{4} Chance to inflict ^{5}^{6}【Frozen】^{7}^{8} for ${6} seconds.	半径${1}m以内の最大${2}体の敵に魔法攻撃力*^{1}${3}%+${4}^{2}の水属性遠距離魔法ダメージを与え、^{3}${5}%^{4}の確率で${6}秒間^{5}^{6}【凍結】^{7}^{8}を付与する。
25585	Your client version is too old to ensure a stable gameplay experience. Please Download the latest version. Select Confirm to open the corresponding store's Download page, or select Cancel to close the game.	ゲームを安定してお楽しみいただくためには、現在のクライアントバージョンが古すぎます。最新バージョンをダウンロードしてください。「確認」を選択すると対応ストアのダウンロードページを開き、「キャンセル」を選択するとゲームを終了します。
25586	Early Release Rules:\nThe release date for all currently frozen Diamonds will be extended to the latest release time.\nRecharge an additional <color=#cc762a>${1}</color> to release the recharge immediately.	早期解放ルール：\n現在凍結中のすべてのダイヤの解放日は、最も遅い解放時刻まで延長されます。\n追加で<color=#cc762a>${1}</color>をチャージすると、そのチャージ分を即時解放できます。
25587	@{1}.Each character has @{2} stat allocation presets and can freely switch between them.\n@{3}.You can rename each preset.\n@{4}.Keep your selected recommended stat allocation preset when switching presets.	@{1}.各キャラクターはステータス配分プリセットを@{2}個持ち、自由に切り替えられる。\n@{3}.各プリセットは名前を変更できる。\n@{4}.プリセット切替時、選択中の推奨ステータス配分プリセットを維持する。
25588	@{1}.Drag skill icons to adjust their casting order during Auto-Battle.\n@{2}.The System prioritizes skills placed earlier in the order.\n@{3}.Tap a skill icon to enable or disable Auto-Cast for that skill.	@{1}.スキルアイコンをドラッグすると、オートバトル中の発動順を調整できる。\n@{2}.システムは順番が前のスキルを優先して使用する。\n@{3}.スキルアイコンをタップすると、そのスキルの自動発動を有効／無効にできる。
25589	Ilmata plays a stately melody. Targeted players are trapped within walls of fins while ^{1}fins also swim frequently across the field^{2}. Avoid the fins. ^{3}Players who touch one take moderate damage^{4}.	イルマタが荘厳な旋律を奏でる。狙われたプレイヤーはヒレの壁に閉じ込められ、同時に^{1}ヒレがフィールドを頻繁に泳ぎ回る^{2}。ヒレを避けろ。^{3}触れたプレイヤーは中程度のダメージを受ける^{4}。
25590	Hmm, everything is in order. It seems you've built a solid foundation. I'm Alphonse, the Chief Job Advance Mentor. I guide qualified Novices to ^{1}Criatura Academy^{2} for their Job Advance. Are you ready?	ふむ、すべて問題ないようだ。しっかり基礎を身につけたな。私は転職指導教官アルフォンス。資格を得たノービスを^{1}クリトゥラ学園^{2}へ案内し、転職を導く役目を担っている。準備はいいか？
25591	It's a resounding success! It's so docile around you—far beyond my expectations. This proves the bond created by the pheromone is stable and emotionally grounded. I imagine riding it will go smoothly too...	大成功だ！君のそばでは驚くほど大人しい――予想をはるかに超えている。フェロモンによって生まれた絆が安定し、感情面でも定着している証拠だ。これなら騎乗も問題なくいけそうだな…
25592	The ^{1}wooden bridge in Goblin Forest^{2} was once the site of a caravan raid. Amid the chaos, a small pouch of gems rolled away and became lodged in a crack between the planks at the center of the bridge.	^{1}ゴブリンの森の木橋^{2}は、かつて商隊が襲撃された場所だ。混乱の最中、小さな宝石袋が転がり、橋の中央にある板の隙間へ挟まったままになっている。
25593	Break the Holy seal to unleash a surge of holy spirits, increasing Holy damage by ^{1}${1}%^{2} for ${2} seconds. During this time, the Chance to trigger ^{3}^{4}【Duple Light】^{5}^{6} becomes ^{7}${3}%^{8}.	聖なる封印を破って聖霊の奔流を解き放ち、${2}秒間、聖属性ダメージを^{1}${1}%^{2}増加させる。この間、^{3}^{4}【デュプレライト】^{5}^{6}の発動確率が^{7}${3}%^{8}になる。
25594	Deals Neutral melee Physical damage equal to the master's ^{1}Adaptive ATK^{2}*^{3}${3}%^{4} to up to ${2} enemies within ${1} meters, with a ${4}% Chance to inflict ^{5}^{6}【Stun】^{7}^{8} for ${5} seconds.	${1}m以内の最大${2}体の敵に、主人の^{1}適応攻撃力^{2}*^{3}${3}%^{4}の無属性近接物理ダメージを与え、${4}%の確率で${5}秒間^{5}^{6}【スタン】^{7}^{8}を付与する。
25595	After casting ^{1}^{2}[Basic Attack]^{3}^{4}, there is a ${1}% Chance to Deals DMG to the enemy an Extra ${2} times, each dealing PATK * ${3}% + ${4} as Neutral Melee Physical damage. Cooldown: ${5} seconds.	^{1}^{2}[通常攻撃]^{3}^{4}使用後、${1}%の確率で敵に追加で${2}回ダメージを与え、1回ごとに物理攻撃力*${3}%+${4}の無属性近接物理ダメージを与える。クールダウン：${5}秒。
25596	Upgrading the Hatchery increases the Chance of obtaining high-quality results in every room. Limited-time rooms can hatch certain pets. Preview all possible hatching results, then choose your preferred room.	孵化場をアップグレードすると、すべての部屋で高品質な結果が得られる確率が上昇する。期間限定の部屋では特定のペットを孵化できる。孵化可能な結果をすべてプレビューして、好みの部屋を選ぼう。
25597	At the end of every story, heroes grasp the blades of divine weapons, open the covers of spellbooks, and scoop up the shimmering waters of sacred springs. But never forget what first set you on your journey.	あらゆる物語の終わりで、英雄たちは神器の刃を握り、魔導書を開き、聖なる泉のきらめく水をすくい上げる。だが、何が最初に君を旅へ駆り立てたのかだけは、決して忘れるな。
25598	Ah, brave adventurer! A moment, please! I couldn't help but notice your keen eye as you surveyed the market—and the tremendous potential within you! Those are not the eyes of someone destined for mediocrity!	おお、勇敢なる冒険者よ！少し待ってくれ！市場を見渡すその鋭い眼差し、そして君の内に秘められた凄まじい可能性――思わず目を奪われた！凡人で終わる者の目ではないぞ！
25599	So you're with the Professor... Please be extremely careful. It seems Pharaoh, the most vicious Monster of Legend within the Pyramid, has awakened. If you encounter it, your chances of survival will be slim.	教授と一緒なのか…くれぐれも気をつけろ。ピラミッドに眠る伝説級の凶悪モンスター、ファラオが目覚めたらしい。もし遭遇すれば、生き残れる可能性はわずかだ。
25600	After using [Rolling Cutter], MSPD increases by ^{1}${1}%^{2} for ${2} seconds. [Rolling Cutter]'s percentage damage multiplier increases by ^{3}${3}%^{4}, and its effect radius increases by ^{5}${4} m. ^{6}	[ローリングカッター]使用後、${2}秒間、移動速度が^{1}${1}%^{2}増加する。[ローリングカッター]のダメージ倍率が^{3}${3}%^{4}増加し、効果半径が^{5}${4}m^{6}拡大する。
25601	Gain ^{1}Slow Immunity^{2}, increasing the percentage damage multiplier of your ^{3}^{4}【Basic Attack】^{5}^{6} by ^{7}${1}%^{8} and that of ^{9}^{10}【Spiral Pierce】^{11}^{12} by ^{13}${2}%^{14} for ${3} sec.	^{1}減速無効^{2}を獲得し、${3}秒間、^{3}^{4}【通常攻撃】^{5}^{6}のダメージ倍率が^{7}${1}%^{8}、^{9}^{10}【スパイラルピアース】^{11}^{12}のダメージ倍率が^{13}${2}%^{14}増加する。
25602	Unique Effect: Dealing damage has a @{1}% Chance to grant 【Sundering Might】. While 【Sundering Might】 is active, CRIT increases by @{2} and CRIT DMG increased. @{3}%. Duration: @{4} sec. (Cooldown: @{5} sec.)	固有効果：ダメージを与えた時、@{1}%の確率で【サンダリングマイト】を獲得する。【サンダリングマイト】発動中、クリティカルが@{2}、クリティカルダメージが@{3}%増加する。持続時間：@{4}秒。（クールダウン：@{5}秒）
25603	Unique Effect: Casting a skill or using a Normal Attack grants maximum Floors of the 【Arcane Blade】 magic damage buff. Initial limit: @{1} Floors. Duration: @{2} sec. Each Floor increases Magic ATK by @{3}%.	固有効果：スキルまたは通常攻撃を使用すると、魔法ダメージバフ【アーケインブレード】が最大スタックになる。初期上限：@{1}スタック。持続時間：@{2}秒。1スタックにつき魔法攻撃力が@{3}%増加する。
25604	@{1}.View all Adventure Card Sets obtained during this match here.\n@{2}.Adventure Card Sets are only active during the current match. They have no effect after leaving this mode or while playing other modes.	@{1}.この対戦中に獲得したすべての冒険カードセットをここで確認できる。\n@{2}.冒険カードセットは現在の対戦中のみ有効。このモードを退出した後や、他のモードでは効果を発揮しない。
25605	The ${1} region you selected currently has high latency (${2}ms), which may cause:\nDelayed character controls\nDelayed skill activation\nLag in multiplayer battles\n\nDo you still want to select this region?	選択した${1}地域は現在遅延が大きく（${2}ms）、以下の問題が発生する可能性があります：\nキャラクター操作の遅延\nスキル発動の遅延\nマルチプレイ戦闘のラグ\n\nそれでもこの地域を選択しますか？
25606	When casting ^{1}^{2}[Pierce]^{3}^{4}, there is a ${1}% Chance to Deals DMG to the target an Extra @{1} times, dealing a total of PATK * ${2}% + ${3} as Neutral Ranged Physical damage. Cooldown: ${4} seconds.	^{1}^{2}[ピアース]^{3}^{4}発動時、${1}%の確率で対象に追加で@{1}回ダメージを与え、合計物理攻撃力*${2}%+${3}の無属性遠距離物理ダメージを与える。クールダウン：${4}秒。
25607	Deals ATK * ^{1}@{5}%^{2} damage @{4} times to up to @{3} enemies in a target area with a @{2} m radius within @{1} m and inflicts ^{3}【Pull】^{4} once. Each hit has a @{6}% Chance to inflict ^{5}【Freeze】^{6}.	@{1}m以内の半径@{2}mの対象エリアにいる最大@{3}体の敵へ、攻撃力*^{1}@{5}%^{2}のダメージを@{4}回与え、1回^{3}【引き寄せ】^{4}る。各ヒット時、@{6}%の確率で^{5}【凍結】^{6}を付与する。
25608	Your Stall time has run out, so your Stall was automatically closed. You earned ${1} Zeny and ${2} Minted Coin from items sold during this Stall session. Check Trade History for a detailed Record. Keep it up!	露店時間が終了したため、露店は自動的に閉店しました。今回の露店で販売したアイテムから${1}ゼニーと${2}鋳造コインを獲得しました。詳しい記録は取引履歴をご確認ください。この調子で頑張りましょう！
25609	Tsk... This Tree Bark is badly damaged, isn't it? And these Snake Gallbladders are too small. I think the price we agreed on was a little too high. As for these tickets... I'm afraid you'll have to pay extra.	ちっ…この樹皮、かなり傷んでるじゃないか。それにヘビの胆嚢も小さすぎる。約束した値段は少し高すぎたみたいだね。このチケットについては…追加料金を払ってもらうしかなさそうだ。
25610	High-density Oridecon formed over many years deep underground. It can refine weapons and accessories with a higher Refine Level.\n^{1}Use: Can be used to refine weapons and accessories from +@{1} to +@{2}^{2}	地下深くで長い年月をかけて形成された高密度オリデオコン。より高い精錬値の武器やアクセサリーを精錬できる。\n^{1}使用：+@{1}～+@{2}の武器およびアクセサリーの精錬に使用できる^{2}
25611	Fabric woven from threads that have bathed in starlight for years, gathering the mysterious power of the stars. It grants greater power to armor.\n^{1}Use: Can be used to Enhance armor from +@{1} to +@{2}^{2}	長年星明かりを浴びた糸で織られ、星の神秘的な力を宿した布。防具にさらなる力を与える。\n^{1}使用：+@{1}～+@{2}の防具の強化に使用できる^{2}
25612	At the ^{3}northeasternmost corner^{4} of the fields ^{1}outside Prontera West Gate^{2}, an abandoned ^{5}camp Bonfire^{6} sits on a grassy slope. The mix of fresh and old straw nearby warrants a closer look.	^{1}プロンテラ西門の外^{2}に広がる草原の^{3}北東端^{4}、草の斜面に使われなくなった^{5}焚き火跡^{6}がある。周囲には新しい藁と古い藁が混ざっており、詳しく調べる価値がありそうだ。
25613	Ore from the dwarven realm of Vatar Alheim, said to have been blessed by a legendary dwarven artisan.\n^{1}Effect: Used to Refine Weapons and Accessories. Prevents Refine Level loss upon Refinement Failed^{2}	伝説のドワーフ職人の祝福を受けたとされる、ドワーフの国ヴァタルアルヘイム産の鉱石。\n^{1}効果：武器とアクセサリーの精錬に使用する。精錬失敗時も精錬値が低下しない^{2}
25614	Select a single ally within ${3} meters of you. For the next ${1} seconds, you take ^{1}${2}%^{2} of the damage they receive. If the Distance between you exceeds ${4} meters during this time, the effect ends.	自身から${3}m以内の味方1人を選択する。以後${1}秒間、その味方が受けるダメージの^{1}${2}%^{2}を肩代わりする。効果中に互いの距離が${4}mを超えると効果は終了する。
25615	Miguel attacks, dealing a total of ^{1}${3}%^{2} Neutral melee ^{3}Adaptive Damage^{4} to ${2} designated enemies within ${1} meters and increasing the master's damage dealt by ^{5}${4}%^{6} for ${5} seconds.	ミゲルが攻撃し、${1}m以内の指定した敵${2}体に合計^{1}${3}%^{2}の無属性近接^{3}適応ダメージ^{4}を与え、${5}秒間、主人の与ダメージを^{5}${4}%^{6}増加させる。
25616	After casting, grants yourself 【Deadly Poison】 for ${1} sec., increasing your ^{1}${2}^{2} Physical ATK. After you attack, there is a ^{3}${3}%^{4} Chance to deal ^{5}^{6}【Venom】^{7}^{8} damage to the target.	発動後、自身に${1}秒間【デッドリーポイズン】を付与し、物理攻撃力を^{1}${2}^{2}増加させる。攻撃後、^{3}${3}%^{4}の確率で対象に^{5}^{6}【ヴェノム】^{7}^{8}ダメージを与える。
25617	Unique Effect: Casting a healing skill grants maximum Floors of the 【Nature's Blessing】 healing buff. Initial limit: @{1} Floors. Duration: @{2} sec. Each Floor increases your Magic ATK by @{3}% for @{4} sec.	固有効果：回復スキルを発動すると、回復バフ【ネイチャーブレッシング】が最大スタックになる。初期上限：@{1}スタック。持続時間：@{2}秒。1スタックにつき@{4}秒間、魔法攻撃力が@{3}%増加する。
25618	Alicel uses Launch to send blades outward from herself, dealing Neutral melee ^{5}Adaptive Damage^{6} equal to the master's ^{1}Adaptive ATK^{2}*^{3}${3}%^{4} to up to ${2} enemies within a ${1}-meter radius.	アリセルがブレードを周囲へ射出し、半径${1}m以内の最大${2}体の敵に、主人の^{1}適応攻撃力^{2}*^{3}${3}%^{4}に相当する無属性近接^{5}適応ダメージ^{6}を与える。
25619	Increases Max Life by ^{1}${1}%^{2} and Physical ATK by ^{3}${2}%^{4}. When wielding a two-handed spear, grants an Extra ^{5}${3}%^{6} Physical ATK, but reduces the Max Life increase by ${4}%. Lasts ${5} sec.	最大HPが^{1}${1}%^{2}、物理攻撃力が^{3}${2}%^{4}増加する。両手槍装備時、物理攻撃力が追加で^{5}${3}%^{6}増加する代わりに、最大HPの増加量が${4}%減少する。${5}秒間持続。
25620	@{1}.Unlocks after clearing every stage on the previous difficulty.\n@{2}.The Reward Count resets and the next difficulty unlocks every Monday at @{3}:@{4}.\n@{5}.Only one difficulty can be unlocked each week.	@{1}.前の難易度の全ステージをクリアすると解放される。\n@{2}.毎週月曜日@{3}:@{4}に報酬回数がリセットされ、次の難易度が解放される。\n@{5}.1週間に解放できる難易度は1つのみ。
25621	You must be the Job Advance candidates recommended by the villages and towns. Welcome, everyone! Keep going and complete the Novice Trial, then you'll be able to enter Prontera for your Job Advance. Good luck!	皆さん、各村や町から推薦された転職候補者ですね。ようこそ！このままノービストライアルをクリアすれば、プロンテラへ入り転職できます。頑張ってください！
25622	Now that we have the Snake Gallbladders, let's not waste any time. Next, we need to collect some Tree Bark from the Willows in the forest ahead. Those old things are tough, so put some muscle into your swings.	ヘビの胆嚢は揃ったな。時間を無駄にせず次へ行こう。今度は前方の森にいるウィローから樹皮を集めるんだ。あの老木は頑丈だから、しっかり力を込めて叩けよ。
25623	Merchant\nIn business, the goods have to match the order. You brought them back way too quickly. There's no way you did a thorough job, so I can't give you the original price for these airship tickets anymore~	商人\n商売ってのは、注文に見合う品を揃えてもらわないと困るんだよ。あんた、あまりにも早く戻ってきたじゃないか。ちゃんと仕事したとは思えないね。だから、この飛行船チケットを元の値段で渡すわけにはいかないよ～
25624	Has honed their craft and can flexibly apply various abilities to different situations. Unlocks the third Craft Slot and grants access to specialized abilities from the intermediate and advanced ability pools.	技を磨き、状況に応じて多様な能力を柔軟に使い分けられる。第3製作スロットを解放し、中級・上級能力プールの専門能力を習得できるようになる。
25625	Pet the adorable kitten, and it affectionately nuzzles your hand... Suddenly, the ground gives way beneath your feet. It seems a Trap Hunter was set here. Helpless, you fall in and slam hard into the ground...	可愛い子猫を撫でると、甘えるように手へ頬を寄せてきた…その瞬間、足元の地面が突然崩れ落ちる。ここには落とし穴が仕掛けられていたらしい。なすすべもなく落下し、地面へ激しく叩きつけられた…
25626	Artisans skilled at shaping wood into finely crafted forms. They create various semi-finished wooden components for equipment, making this an essential Life Skill linking lumber resources to equipment crafting.	木材を美しい形へ加工する技に長けた職人。装備に使うさまざまな半製品の木製部品を作り、木材資源と装備製作を繋ぐ重要な生活スキルである。
25627	\n● Once a siege ladder is deployed, it can be used to scale the wall.\n● Siege ladders move automatically, but they still need protection.\n● After reaching the wall, prioritize killing the cannons and guards!	\n● 攻城梯子を設置すると、城壁へ登れるようになる。\n● 攻城梯子は自動で移動するが、護衛は必要。\n● 城壁へ到達したら、大砲と衛兵を優先して倒そう！
25628	Total Lineup Attribute InstructionsTotal Lineup Attribute InstructionsTotal Lineup Attribute InstructionsTotal Lineup Attribute InstructionsTotal Lineup Attribute InstructionsTotal Lineup Attribute Instructions	編成総属性説明編成総属性説明編成総属性説明編成総属性説明編成総属性説明編成総属性説明
25629	@{1}.Challenge Monster Phantasms of increasing difficulty to earn generous rewards.\n@{2}.Spend Heroic Spirit Coins to increase your Heroic Spirit level. Each Level Increased grants permanent attribute bonuses.	@{1}.難易度が上がっていくモンスター幻影に挑戦し、豪華報酬を獲得しよう。\n@{2}.英霊コインを消費して英霊レベルを上げられる。レベルが1上がるごとに永続ステータスボーナスを獲得する。
25630	Defeating the corresponding monsters on the following maps will count:\n@{1}.【Undersea Tunnel Floor @{2}】\n@{3}.【Undersea Tunnel Floor @{4}】\n@{5}.【Undersea Tunnel Floor @{6}】\n@{7}.【Undersea Tunnel Floor @{8}】	以下のマップで対象モンスターを倒すとカウントされる：\n@{1}.【海底洞窟@{2}F】\n@{3}.【海底洞窟@{4}F】\n@{5}.【海底洞窟@{6}F】\n@{7}.【海底洞窟@{8}F】
25631	Agile, swift, and deadly, Assassins learn the ways of the Dual Blade Technique. Their unrivaled burst damage makes them rulers of one-on-one combat. They can equip the Katar, a weapon with a high critical rate.	俊敏かつ素早く、致命的な一撃を操るアサシンは、二刀流の技を学ぶ。比類なき瞬間火力で一対一の戦いを制し、クリティカル率の高い武器カタールを装備できる。
25632	Feathers cascade over satin like golden-red flames, while brilliant gold thread traces the radiance of rebirth. With every step comes the low call of a divine bird—regal, magnificent, and blazing with presence.	サテンの上を金赤色の炎のような羽根が流れ、鮮やかな金糸が再生の輝きを描く。歩みを進めるたび神鳥の低い鳴き声が響き、気高く壮麗で、燃えるような存在感を放つ。
25633	...That's prejudice! A conservative attitude toward unknown technology! My giant ant's pheromones have been calibrated, and its stability has been calculated. Your Peco Peco is the one that's... a featherbrain!	…それは偏見だ！未知の技術に対する保守的な態度だよ！私の巨大アリのフェロモンは調整済みで、安定性も計算してある。鳥頭なのは君のペコペコの方だ…！
25634	According to the records, monster populations rise abnormally before and after the festival. I suspect the festive atmosphere excites them. Take out 10 before You leave, and I'll add that to next year's manual.	記録によると、祭りの前後はモンスターの数が異常に増える。祭りの雰囲気で興奮しているんだと思う。帰る前に10体倒してくれ。来年のマニュアルに追記しておくよ。
25635	Behind the ^{3}bakery visible on your left^{4} ^{1}outside Prontera South Gate^{2}, some stones at the ^{5}base of the city wall^{6} are loose. They say an indebted sailor hid his last bag of silver coins here.	^{1}プロンテラ南門の外^{2}、左手に見える^{3}パン屋の裏^{4}で、^{5}城壁の根元^{6}の石がいくつか緩んでいる。借金を抱えた船乗りが最後の銀貨袋をここへ隠したと言われている。
25636	Deals Magic ATK * ^{1}${2}% + ${3}^{2} Holy ranged magic damage to the target ST enemy within ${1} meters, and inflicts ^{7}^{8}【Silence】^{9}^{10} on ^{3}normal monsters^{4} or ^{5}players^{6} for ${4} seconds.	${1}m以内の単体の敵に魔法攻撃力*^{1}${2}%+${3}^{2}の聖属性遠距離魔法ダメージを与え、^{3}通常モンスター^{4}または^{5}プレイヤー^{6}に${4}秒間^{7}^{8}【沈黙】^{9}^{10}を付与する。
25637	The dragon summons drakes in the outer area and drakes carrying energy orbs toward the boss in the inner area. If an inner-area drake reaches its destination, the boss gains a stack of a damage-increasing buff.	ドラゴンは外周にドレイクを召喚し、内周にはエネルギーオーブを運びながらボスへ向かうドレイクを召喚する。内周のドレイクが目的地へ到達すると、ボスに与ダメージ増加バフが1スタック付与される。
25638	Eve spins her scythe, dealing a total of Physical ATK*^{1}${3}%^{2} Neutral melee damage to up to ${2} enemies within ${1} meters. Hit enemies' Physical and Magic DEF decrease by ^{3}${4}%^{4} for ${5} seconds.	イヴが大鎌を回転させ、${1}m以内の最大${2}体の敵に合計物理攻撃力*^{1}${3}%^{2}の無属性近接ダメージを与える。命中した敵の物理防御力と魔法防御力を${5}秒間^{3}${4}%^{4}減少させる。
25639	Geographer spins rapidly, dealing the master's ^{1}Adaptive ATK^{2}*^{3}${3}%^{4} Neutral melee ^{5}Adaptive Damage^{6} to up to ${2} enemies within ${1} meters of the master and knocking them back ${4} meters.	ジオグラファーが高速回転し、主人から${1}m以内の最大${2}体の敵に、主人の^{1}適応攻撃力^{2}*^{3}${3}%^{4}の無属性近接^{5}適応ダメージ^{6}を与え、${4}mノックバックさせる。
25640	After casting 【High-Energy Impact】, the next 【Axe Tornado-Enhance】 increases your ATK by ^{1}@{2}%^{2} and Movement Speed by ^{3}@{3}%^{4} for every @{1} enemies hit. Stacks up to @{4} times and lasts @{5} sec.	【ハイエナジーインパクト】発動後、次の【アックストルネード強化】は命中した敵@{1}体ごとに攻撃力が^{1}@{2}%^{2}、移動速度が^{3}@{3}%^{4}増加する。最大@{4}スタック、@{5}秒間持続。
25641	After charging for @{1} seconds, slashes forward, dealing cone-shaped AoE damage in a @{2}-degree, @{3}-meter-radius area. After a one-second delay, turns @{4}° and uses Repeat once, applying 【Stonecoat】 on HIT	@{1}秒間チャージ後、前方を斬りつけ、角度@{2}°、半径@{3}mの扇形範囲にダメージを与える。1秒後に@{4}°回転してもう一度発動し、命中時に【ストーンコート】を付与する。
25642	The creation hymn of Ilmatar, Goddess of Nature, lies scattered across the world in the form of 【Melody Conches】.\nPluck the strings and resonate with her melody. Gather the lost notes and compose nature's song.	自然の女神イルマタの創世賛歌は、【旋律の法螺貝】となって世界各地に散らばっている。\n弦を爪弾き、その旋律と共鳴しよう。失われた音を集め、自然の歌を紡ぐのだ。
25643	@{1}.Gifts to Friends: Different gifts grant different amounts of Affinity.\n@{2}.Participate in activities with friends to gain Affinity. The amount of Affinity you can gain from activities each day is limited.	@{1}.フレンドへのギフト：ギフトごとに獲得できる親密度が異なる。\n@{2}.フレンドと一緒にコンテンツへ参加すると親密度を獲得できる。コンテンツから1日に獲得できる親密度には上限がある。
25644	【Self Position】Casts at your feet;\n【Farthest Point Toward Nearest Unit】Casts at maximum range in the direction of the nearest unit;\n【Farthest Point Ahead】Casts at maximum range in the direction you are facing.	【自身の位置】足元に発動する；\n【最寄りユニット方向の最遠地点】最寄りユニットの方向へ最大射程で発動する；\n【前方の最遠地点】向いている方向へ最大射程で発動する。
25645	Wh... what? It was... her? But how...? She sounded so sincere when she praised my smithing... Could it be... was all that just so she could steal from me? Ugh, this hurts worse than failing a +@{1} refinement...	な…なんだって？あの女だったのか…？でも、どうして…？私の鍛冶を褒めた時はあんなに心から言っているように見えたのに…まさか…全部、盗みを働くためだったのか？ううっ、+@{1}の精錬に失敗するより辛いぞ…
25646	Kafra Corporation reminds you: There are many roads, but safety comes first. Reckless driving brings tears to your loved ones. Mind your speed while escorting the wagon—the speed limit is @{1} meters per second.	カプラ社からのお知らせです：道は多くとも、安全第一。無謀な運転は大切な人を悲しませます。荷車の護送中は速度にご注意ください。制限速度は毎秒@{1}mです。
25647	That's two Materials down. The last one will be the hardest—go steal the Snake King's egg for me. The Boas around here are extremely aggressive. The Snake King's nest should be hidden in the grass just up ahead.	これで素材は2つ。最後が一番難しいよ――蛇王の卵を盗んできな。この辺のボアはものすごく凶暴だ。蛇王の巣はこの先の草むらに隠れてるはずだよ。
25648	In accordance with the Notification on Preventing Online Gaming Addiction Among Minors issued by the National Press and Publication Administration, paid game services are unavailable to users under the age of 8.	国家新聞出版署が公布した「未成年者のオンラインゲーム依存防止に関する通知」に基づき、8歳未満のユーザーはゲーム内有料サービスを利用できません。
25649	A Tavern gift item obtained by completing daily Tavern quests.\nSelect a player in a Tavern room to send them this gift. The recipient gains ^{1}@{1} Star Power^{2}, while the room gains ^{3}@{2} Popularity^{4}.	酒場のデイリークエストを達成すると入手できる酒場用ギフトアイテム。\n酒場のルーム内でプレイヤーを選択して贈ることができる。受取人は^{1}@{1}スターパワー^{2}、ルームは^{3}@{2}人気度^{4}を獲得する。
25650	In ^{1}Izlude's^{2} bustling ^{3}market^{4}, search the most inconspicuous corner of a fruit stall. The shrewd merchant likes to hide his most valuable earnings in the gaps between a pile of Lemons and potatoes.	^{1}イズルード^{2}の賑やかな^{3}市場^{4}で、果物屋の最も目立たない隅を探せ。抜け目のない商人は、レモンとジャガイモの山の隙間に一番大切な稼ぎを隠すのが好きらしい。
25651	Gain ^{1}${1}%^{2} Magic ATK, ^{3}${2}%^{4} MP Regen, and ^{5}${3}%^{6} Healing Efficiency and Shield Efficiency, plus a shield equal to ^{7}Max Life * ${4}%^{8}. (Refreshes after taking no damage for ${5} sec.)	魔法攻撃力が^{1}${1}%^{2}、MP回復が^{3}${2}%^{4}、回復効率とシールド効率が^{5}${3}%^{6}増加し、さらに^{7}最大HP*${4}%^{8}のシールドを獲得する。（${5}秒間ダメージを受けないと再生成）
25652	Increases the Attack Speed of up to ${2} allies, including yourself, within a ${1}-meter radius by ^{1}${3}%^{2}. If the target is a Blacksmith class, grants an Extra ^{3}${4}%^{4} Attack Speed for ${5} seconds.	自身を含む半径${1}m以内の味方最大${2}人の攻撃速度を^{1}${3}%^{2}増加させる。対象がブラックスミス系の場合、${5}秒間さらに^{3}${4}%^{4}攻撃速度が増加する。
25653	Consumes ^{1}${1}^{2} HP to deal Holy Melee Physical DMG equal to PATK * ^{3}${3}%^{4} + ^{5}${4}^{6} to up to ${5} enemies within a ${2}-meter radius. You have ^{7} ^{8}【Endure】^{9} ^{10} while using the skill.	^{1}${1}^{2}HPを消費し、半径${2}m以内の最大${5}体の敵に物理攻撃力*^{3}${3}%^{4}+^{5}${4}^{6}の聖属性近接物理ダメージを与える。スキル使用中は^{7} ^{8}【インデュア】^{9} ^{10}状態になる。
25654	Bow-exclusive skill. Fires a dense volley of Arrows, dealing PATK * ^{1}${4}% + ${5}^{2} Neutral Ranged Physical DMG to up to ${3} enemies in a target area with a radius of ${2} meters within ${1} meters of you.	弓専用スキル。矢を密集させて一斉に放ち、自身から${1}m以内にある半径${2}mの対象エリアの最大${3}体の敵に物理攻撃力*^{1}${4}%+${5}^{2}の無属性遠距離物理ダメージを与える。
25655	Increases the casting Distance of 【Soul Destroyer】 by ${1} meters. After casting, deals Neutral melee Physical damage equal to Physical ATK × ${4}% to up to ${3} enemies within a ${2}-meter radius of the target.	【ソウルブレイカー】の発動距離が${1}m増加する。発動後、対象から半径${2}m以内の最大${3}体の敵に物理攻撃力×${4}%の無属性近接物理ダメージを与える。
25656	@{1}.After mounting the Turret, you can immediately use it to attack.\n@{2}.Adjust the camera to fire the Turret in different directions.\n@{3}.You will automatically dismount the Turret if you die or go offline.	@{1}.ターレットに搭乗すると、すぐに攻撃へ使用できる。\n@{2}.カメラを調整すると、ターレットを異なる方向へ射撃できる。\n@{3}.死亡またはオフラインになると、自動的にターレットから降りる。
25657	Baphomet returns to the center of the field, then ^{1}summons illusions around the field that move toward the center^{2}. Players must ^{3}Kill the illusions before they reach the center^{4} or take heavy damage.	バフォメットがフィールド中央へ戻り、^{1}周囲に中央へ向かって移動する幻影を召喚する^{2}。プレイヤーは^{3}幻影が中央へ到達する前に倒す^{4}必要があり、失敗すると大ダメージを受ける。
25658	When an Assassin Cross achieves a Breakthrough beyond their limits, they become the dreaded Guillotine Cross. Each ring of violet-black afterimages is a waltz that reaps Life—a devastating display of Ultra speed.	アサシンクロスが限界を超えて覚醒すると、恐るべきギロチンクロスへと進化する。紫黒の残像が描く軌跡は命を刈るワルツ。超高速で敵を葬る圧倒的な戦いぶりを見せる。
25659	Intensifies gravity in a designated area with a @{2} m radius within @{1} m, dealing ATK * ^{1}@{4}%^{2} damage per wave to up to @{3} enemies. The gravity field lasts @{5} sec. and strikes a total of @{6} waves.	@{1}m以内の半径@{2}mの指定エリアの重力を強化し、最大@{3}体の敵へ1波ごとに攻撃力*^{1}@{4}%^{2}のダメージを与える。重力場は@{5}秒間持続し、合計@{6}波攻撃する。
25660	Shh! The shadow of the Thief has chosen you. Your footsteps are lighter than the wind, and your eyes are sharper than a hawk's. The black market of Morroc... Ahem, I mean the whole wide world awaits your talents!	シッ！シーフの影がお前を選んだんだ。足取りは風より軽く、目は鷹より鋭い。モロックの闇市が…ゴホン、いや、この広い世界がお前の才能を待っているぞ！
25661	Right, there couldn't possibly be a connection! Are you accusing an innocent little kitten purring in the sun of being a thief? Absurd! This must be the work of some sophisticated spatial magic yet unknown to us!	そうだ、関係なんてあるはずがない！日向で喉を鳴らしている無邪気な子猫を泥棒扱いするつもりか？馬鹿げてる！これはまだ我々の知らない、高度な空間魔法の仕業に違いない！
25662	Oh my, Adventurer, your expression looks even more tense than usual. I'm not short on Materials, but the Foreign Merchant across the street said a while back that he had an ancient Stone that could calm monsters.	まあ、冒険者さん。いつも以上に緊張したお顔ですね。素材には困っていませんが、向かいの異国商人が少し前、モンスターを落ち着かせる古代の石を持っていると言っていましたよ。
25663	Oh, right. This Butterfly Wing is for you. You must be tired after getting back, so use it to Teleport directly to Prontera. Then Return to Town and report to Captain Aikuni. After that, we'll be ready to depart.	ああ、そうだ。この蝶の羽は君にあげるよ。戻ってきたばかりで疲れているだろうから、これを使って直接プロンテラへテレポートするといい。その後、街へ戻ってアイクニ隊長に報告してくれ。そうすれば出発の準備は完了だ。
25664	Summons sacred lilies to bloom and shower the area with petals, increasing the ^{7}MATK^{8} and ^{9}PATK^{10} of You and ^{1}^{2}Party Members^{3}^{4} within a ${1}-meter radius by ^{5}${2}%^{6} for ${3} seconds.	聖なる百合を咲かせ、花びらを周囲に降らせる。${3}秒間、自身および半径${1}m以内の^{1}^{2}パーティメンバー^{3}^{4}の^{7}魔法攻撃力^{8}と^{9}物理攻撃力^{10}を^{5}${2}%^{6}増加させる。
25665	Two-Handed Spear skill. Deals Neutral Melee Physical DMG equal to PATK * ^{1}${3}%^{2} to up to ${5} enemies in a ${2} * ${1}-meter area in front of you. For every @{1}% ASPD, this DMG increases by ^{3}${6}%^{4}.	両手槍スキル。前方${2}m×${1}mの範囲内の最大${5}体の敵に物理攻撃力*^{1}${3}%^{2}の無属性近接物理ダメージを与える。攻撃速度が@{1}%増加するごとに、このダメージが^{3}${6}%^{4}増加する。
25666	Unleashes a powerful attack against the designated ST enemy within @{1} m, dealing Neutral ranged Physical damage equal to Physical ATK * ^{1}@{3}%^{2} to the target and up to @{2} enemies in a line within range.	@{1}m以内の指定した単体の敵へ強力な攻撃を放ち、対象および射程内の直線上にいる最大@{2}体の敵に物理攻撃力*^{1}@{3}%^{2}の無属性遠距離物理ダメージを与える。
25667	Lava Lizard roars, dealing Neutral melee Physical damage equal to Pet Physical ATK*^{1}${3}%^{2} to up to ${2} enemies within a ${1}-meter radius and reducing their Physical DEF by ^{3}${4}%^{4} for ${5} seconds.	ラーヴァリザードが咆哮し、半径${1}m以内の最大${2}体の敵にペット物理攻撃力*^{1}${3}%^{2}の無属性近接物理ダメージを与え、${5}秒間、物理防御力を^{3}${4}%^{4}減少させる。
25668	【Frost Diver】's area of effect increases to ${1}m and triggers @{1} 【Ice Spike】 on every target hit, dealing Water ranged magic damage equal to Magic ATK * ${2}%. Hitting 【Frozen】 enemies does not remove 【Frozen】.	【フロストダイバー】の効果範囲が${1}mに拡大し、命中した各対象に@{1}個の【アイススパイク】を発動して魔法攻撃力*${2}%の水属性遠距離魔法ダメージを与える。【凍結】中の敵に命中しても【凍結】は解除されない。
25669	It's okay. Getting the ring back is the best ending I could have hoped for. Thank you for helping me complete this "mission." From now on, whenever you buy flowers from me, I'll always give you twenty percent off~	大丈夫。指輪が戻ってきただけで、これ以上ないくらい最高の結末よ。この「ミッション」を完遂するのを手伝ってくれてありがとう。これから私の店で花を買う時は、いつでも2割引きにしてあげるね～
25670	How absurd! Those church officials guard the Nail of Discipline all day and refuse to let us Approach it, yet they allow Monsters to plunder cargo right under their noses? This is a complete dereliction of duty...	なんてことだ！教会の連中は一日中規律の釘を見張って、我々を近づけさせもしないくせに、目の前でモンスターに荷物を奪われるのは放置するのか？完全な職務怠慢じゃないか…
25671	Fireworks dance like dreams upon the breeze as the tender night keeps you company.\n^{1}Intimacy +@{1}, recipient's Popularity +@{2}, your Hearts +@{3}\nGiving this gift will trigger an Entire Server announcement!	花火が夢のように風に舞い、優しい夜があなたに寄り添う。\n^{1}親密度+@{1}、受取人の人気度+@{2}、自分のハート+@{3}\nこのギフトを贈ると全サーバー告知が流れます！
25672	An extremely precious ore from the dwarven realm of Wat Alheim, coveted by every craftsman.\n^{1}Effect: Used to Refine Armor. Increases the Success Rate and prevents level loss or damage if Refinement Failed.^{2}	すべての職人が欲しがる、ドワーフの国ヴァルトアルヘイム産の極めて貴重な鉱石。\n^{1}効果：防具の精錬に使用する。成功率が上昇し、精錬失敗時の精錬値低下や破損を防ぐ。^{2}
25673	【Reflect Damage】range increases to ^{1}${1}^{2} meters, Damage Reflection's percentage damage coefficient increases by ^{3}${4}%^{4}, and HIT applies ^{5}Slow^{6} by ${2}% to the target, stacking up to ${3} times.	【ダメージ反射】の範囲が^{1}${1}^{2}mに拡大し、反射ダメージのダメージ倍率が^{3}${4}%^{4}増加する。命中時、対象に^{5}減速^{6}${2}%を付与し、最大${3}回まで累積する。
25674	After using 【Grimtooth】, there is a ${1}% Chance to deal Neutral melee Physical damage equal to Physical ATK × ${4}% to up to ${3} enemies within a ${2}-meter radius of the target. Built-in Cooldown: ${5} seconds.	【グリムトゥース】使用後、${1}%の確率で対象から半径${2}m以内の最大${3}体の敵に物理攻撃力×${4}%の無属性近接物理ダメージを与える。内部クールダウン：${5}秒。
25675	Rogues have diverse skills that allow them to use the speed advantage for guerrilla warfare, and the unfortunate enemy that falling into their hands is like a mouse being caught by a cat. There is no way to escape.	ローグは多彩なスキルを持ち、速度の優位を活かしたゲリラ戦を得意とする。その手に落ちた不運な敵は、猫に捕まったネズミも同然。逃げ道などない。
25676	Unfortunately, you did not complete the Dragon Summoning within the time limit. All summoning materials have been returned to you. Please collect them! You may begin the Dragon Summoning ritual again in @{1} hours!	残念ながら、制限時間内にドラゴン召喚を完了できませんでした。召喚素材はすべて返却されています。お受け取りください！@{1}時間後に再びドラゴン召喚の儀式を開始できます！
25677	All right, you've been through one danger after another, so you must be exhausted. I'm a VIP member at the Oak Inn in southern Prontera. Go rest there and give them my name. They'll arrange their best room for you.	よし、危険の連続で疲れただろう。私はプロンテラ南部にあるオーク亭のVIP会員なんだ。そこで休んで、私の名前を出せばいい。一番いい部屋を用意してくれるよ。
25678	For underage players, Login ROO is available <color=#cc762a>only from 20:00 to 21:00 on Fridays, Saturdays, Sundays, and public holidays</color>. You cannot play outside these hours. Please remember to take breaks.	未成年プレイヤーは、<color=#cc762a>金・土・日曜日および祝日の20:00～21:00のみ</color>ROOにログインできます。それ以外の時間はプレイできません。適度に休憩を取るよう心がけてください。
25679	Consumes @{1} Coins to cast, but costs nothing below Base Lv. @{2}. Strikes fiercely with money, dealing Physical ATK*^{1}${1}%+${2}^{2} as Neutral melee Physical damage to the selected ST enemy within @{3} meters.	発動時に@{1}コインを消費するが、Base Lv.@{2}未満では消費しない。金銭を激しく叩きつけ、@{3}m以内の選択した単体の敵に物理攻撃力*^{1}${1}%+${2}^{2}の無属性近接物理ダメージを与える。
25680	【Melodic Axe Tornado - Enhance】spins more violently, increasing its Total DMG multiplier by ^{1}@{1}%^{2}. The final strike unleashes a massive sound wave with a radius of ^{3}@{2}^{4} meters, dealing heavy damage.	【メロディックアックストルネード・強化】の回転がさらに激しくなり、総ダメージ倍率が^{1}@{1}%^{2}増加する。最後の一撃で半径^{3}@{2}^{4}mの巨大な音波を放ち、大ダメージを与える。
25681	\n● Leap from the edge of the wall to leave the castle and attack.\n● Use the same method to return to the wall.\n● Destroy the enemy battering ram as soon as possible to prevent the castle gate from being breached.	\n● 城壁の端から飛び降りて城外へ出て攻撃できる。\n● 同じ方法で城壁へ戻れる。\n● 敵の破城槌をできるだけ早く破壊し、城門が破られるのを防ごう。
25682	When ^{1}^{2}[Double Attack]^{3}^{4} triggers, it additionally Deals DMG equal to PATK * ${3}% + ${4} as Neutral Melee Physical damage to up to ${2} enemies within a ${1}-meter radius of you. Cooldown: ${5} seconds.	^{1}^{2}[ダブルアタック]^{3}^{4}発動時、半径${1}m以内の最大${2}体の敵に追加で物理攻撃力*${3}%+${4}の無属性近接物理ダメージを与える。クールダウン：${5}秒。
25683	What a warm light... It's the calling of an Acolyte! Your heart is as soft as a Poring, yet your strength surpasses that of an angel. Remember, your hands, which can heal anything, are more precious than any weapon.	なんて温かい光…アコライトの導きだ！君の心はポリンのように柔らかく、それでいて力は天使さえ上回る。覚えておけ。あらゆる傷を癒せるその手は、どんな武器よりも尊いんだ。
25684	Every great innovation comes with risks. Juno's first airship didn't get far on its maiden flight either. I need to adjust the formula's concentration and application method—not abandon the entire field of research.	どんな偉大な革新にもリスクはつきものだ。ジュノー初の飛行船だって初飛行では大して遠くまで飛べなかった。調整すべきは配合濃度と使用方法であって、研究分野そのものを捨てることじゃない。
25685	Uh... What would a Shorty like you know? I have to stay here and guard these two Materials. What if someone steals them? Besides, don't worry. If those snakes surround you, I'll charge in and rescue you immediately!	うっ…お前みたいなチビに何がわかるんだ？俺はここに残って、この2つの素材を守らなきゃならない。盗まれたらどうする？それに心配するな。もしあのヘビどもに囲まれたら、すぐ飛び込んで助けてやる！
25686	The Supply Transport event has ended. During this event, all Members transported a total of ^{1}${1}^{2}/${2} Military Supplies.\nThe Members who transported the supplies were: \n${3}  ${4} points\n${5}  ${6} points	物資輸送イベントが終了しました。本イベント中、全メンバーが輸送した軍需物資は合計^{1}${1}^{2}/${2}個です。\n物資を輸送したメンバー：\n${3}  ${4}ポイント\n${5}  ${6}ポイント
25687	The target lies ^{1}in front of the statue of Odin in Prontera Plaza^{2}. Follow the direction indicated by the tip of its hoof to Discover the hidden object ^{3}in the gap between the bench and the stone steps^{4}.	目標は^{1}プロンテラ広場のオーディン像正面^{2}にある。蹄の先が示す方向をたどり、^{3}ベンチと石段の隙間^{4}に隠された物を見つけよう。
25688	Proof of participation in this Ignition Test. Players who receive this invitation will gain Eligibility for the next test and may also invite one Extra player to join them on an adventure before the next test begins	今回の点火テストに参加した証。この招待状を受け取ったプレイヤーは次回テストへの参加資格を得るほか、次回テスト開始前にもう1人を冒険へ招待できる。
25689	Deals Holy Ranged Magic damage equal to MATK * ^{1}${2}% + ${3}^{2} to one designated Enemy within ${1} meters. If the target is a ^{3}Normal Undead Monster^{4}, there is a ^{5}${4}%^{6} Chance to kill it instantly.	${1}m以内の指定した敵1体に魔法攻撃力*^{1}${2}%+${3}^{2}の聖属性遠距離魔法ダメージを与える。対象が^{3}通常の不死属性モンスター^{4}の場合、^{5}${4}%^{6}の確率で即死させる。
25690	Alice restores ^{5}Life^{6} equal to the master's ^{1}Adaptive ATK^{2}*^{3}${3}%^{4} to herself and up to ${2} allies within ${1} meters, granting all targets ^{7}${4}%^{8} ^{9}damage reduction^{10} for ${5} seconds.	アリスが自身および${1}m以内の味方最大${2}体の^{5}HP^{6}を、主人の^{1}適応攻撃力^{2}*^{3}${3}%^{4}分回復し、${5}秒間、全対象に^{7}${4}%^{8}の^{9}ダメージ軽減^{10}を付与する。
25691	Draw on the water element in the air to deal Magic ATK*^{1}${2}%+${3}^{2} Water ranged magic damage to a selected ST enemy within ${1} meters, with a ${4}% Chance to inflict ^{3}^{4}【Frozen】^{5}^{6} for ${5} seconds.	空気中の水の元素を集め、${1}m以内の選択した単体の敵に魔法攻撃力*^{1}${2}%+${3}^{2}の水属性遠距離魔法ダメージを与え、${4}%の確率で${5}秒間^{3}^{4}【凍結】^{5}^{6}を付与する。
25692	Unique Effect: Casting a skill or using a Normal Attack grants maximum Floors of the 【Resolve】 Physical damage buff. Initial limit: @{1} Floors. Duration: @{2} sec. Each Floor increases your Physical damage by @{3}%.	固有効果：スキルまたは通常攻撃を使用すると、物理ダメージバフ【リゾルブ】が最大スタックになる。初期上限：@{1}スタック。持続時間：@{2}秒。1スタックにつき物理ダメージが@{3}%増加する。
25693	When casting ^{1}^{2}[Rapid Smiting]^{3}^{4}, there is a ${1}% Chance to change the Cooldown of your next Shield Boomerang to @{1} seconds. This effect cannot stack and can trigger up to @{2} times every ${2} seconds.	^{1}^{2}[シールドチェイン]^{3}^{4}発動時、${1}%の確率で次に使用するシールドブーメランのクールダウンを@{1}秒に変更する。この効果は重複せず、${2}秒ごとに最大@{2}回発動できる。
25694	Piloting the Madogear Pilot, they Launch long-range cannon fire to demolish enemy lines, or charge in with a kinetic battle axe to control the field and unleash explosive strikes, leaving opponents no time to breathe.	魔導ギアを操り、長距離砲撃で敵陣を粉砕するか、動力戦斧で突撃して戦場を制圧し、爆発的な一撃を繰り出す。敵に息つく暇すら与えない。
25695	I'll also need a barrel of ^{1}【High-Quality Sticky Mucus】^{2} from Willows to use as damping fluid. The last time I went looking for some, I mistook a regular tree for a Willow and spent half an hour talking to it...	制振液に使うため、ウィローから^{1}【高品質の粘液】^{2}を樽1杯分集める必要もある。前に探しに行った時は普通の木をウィローと間違えて、30分も話しかけてしまったんだ…
25696	At that moment, the ancestors of the Rune Kingdom's seven royal families rose to the challenge. Aiding them were 6 exceptional Warriors from various jobs. Together, they Defeated the Demon and protected the continent.	その時、ルーン王国の七王家の祖先たちが立ち上がった。さらに、さまざまな職業から集まった6人の優れた戦士が彼らを助けた。力を合わせて魔族を倒し、大陸を守り抜いたのだ。
25697	This Member is not on the Adventure Group's server. If they do not transfer to the Adventure Group's server before <color=#EB543A>${1}</color>, <color=#EB543A>they will automatically leave the Adventure Group</color>.	このメンバーは冒険団と同じサーバーにいません。<color=#EB543A>${1}</color>までに冒険団のサーバーへ移動しなかった場合、<color=#EB543A>自動的に冒険団を脱退します</color>。
25698	Your Contribution Points are proportional to the number of Crystals you contribute. Claim Activity Chests from the Event Calendar and participate in MVP, Mini, and Guild Caravan events to earn more Contribution Points.	貢献ポイントは寄付したクリスタル数に比例します。イベントカレンダーから活躍度宝箱を受け取り、MVP、Mini、ギルドキャラバンに参加して、より多くの貢献ポイントを獲得しましょう。
25699	You have joined the Lineup to purchase this item. In ${1} seconds,\na random player from the Lineup will be selected to 【Confirm Trade】. Please wait…\n\nThis page will close automatically after the result is announced.	このアイテムの購入待機列に参加しました。${1}秒後、\n待機列の中からランダムなプレイヤーが【取引確定】に選ばれます。しばらくお待ちください…\n\n結果発表後、このページは自動的に閉じます。
25700	^{1}^{2}[Sonic Blow]^{3}^{4}'s percentage damage multiplier increases by ${1}%, and its fixed damage increases by ${2}. The upper HP percentage threshold for ^{5}^{6}[Sonic Blow]^{7}^{8}'s DMG Bonus increases by ${3}%.	^{1}^{2}[ソニックブロー]^{3}^{4}のダメージ倍率が${1}%、固定ダメージが${2}増加する。^{5}^{6}[ソニックブロー]^{7}^{8}のダメージボーナスが適用されるHP割合上限が${3}%増加する。
25701	Take this to the first floor of the Culvert and meet Fervor, an investigator with the Knight Order. He's a glutton, but he'll definitely be able to track the scent. Now hurry. All this scolding is giving me a headache.	これを地下水道1Fへ持っていき、騎士団の調査員ファーヴァーに会え。食いしん坊だが、匂いを追うのは間違いなく得意だ。さあ急げ。小言ばかり言ってたら頭が痛くなってきた。
25702	Consumes ^{1}${1}^{2} points of ^{3}Life^{4} to increase the caster's and up to ${3} allies' ^{5}AGI by ${4}^{6}, ^{7}Attack Speed by ${5}%^{8}, and ^{9}Move Speed by ${6}%^{10} within a ${2}-meter radius for ${7} sec.	^{1}${1}^{2}の^{3}HP^{4}を消費し、${7}秒間、術者および半径${2}m以内の味方最大${3}人の^{5}AGIを${4}^{6}、^{7}攻撃速度を${5}%^{8}、^{9}移動速度を${6}%^{10}増加させる。
25703	Miyabi Doll recites an incantation, increasing the Physical and Magic ATK of up to ${2} nearby allies within a ${1}-meter radius by ^{1}${3}%^{2} for ${4} seconds and granting ^{3}^{4}【Endure】^{5}^{6} for ${5} seconds.	ミヤビ人形が呪文を唱え、半径${1}m以内の味方最大${2}人の物理攻撃力と魔法攻撃力を${4}秒間^{1}${3}%^{2}増加させ、${5}秒間^{3}^{4}【インデュア】^{5}^{6}を付与する。
25704	^{1}^{2}Elemental Attunement^{3}^{4} will Enhance 【Comet】. After 【Comet】 is cast, it triggers 4 Extra small Meteors that respectively deal Fire, Water, Wind, and Earth Ranged Magic damage equal to MATK * ^{5}${1}%^{6}.	^{1}^{2}エレメンタルアチューンメント^{3}^{4}が【コメット】を強化する。【コメット】発動後、小型隕石を追加で4個発生させ、それぞれ魔法攻撃力*^{5}${1}%^{6}の火・水・風・地属性遠距離魔法ダメージを与える。
25705	Focus your energy and gain the ^{1}^{2}【Endure Lv.@{1}】^{3}^{4} effect for ${1} sec, increasing your HIT by ^{5}${2}^{6} and Physical ATK by ^{7}${3}^{8}, while reducing your Physical DEF by ^{9}${4}^{10} for ${5} sec.	気を集中し、${1}秒間^{1}^{2}【インデュアLv.@{1}】^{3}^{4}を獲得する。命中を^{5}${2}^{6}、物理攻撃力を^{7}${3}^{8}増加させる一方、${5}秒間、物理防御力を^{9}${4}^{10}減少させる。
25706	Summons a holy spirit to attack the designated ST enemy within ${1}m, dealing a total of Magic ATK*^{1}${2}%+${3}^{2} ranged Ghost magic damage. Deals an Extra ^{3}${4}%^{4} ranged Ghost magic damage to Undead enemies.	聖霊を召喚し、${1}m以内の指定した単体の敵を攻撃して、合計魔法攻撃力*^{1}${2}%+${3}^{2}の念属性遠距離魔法ダメージを与える。不死属性の敵には追加で^{3}${4}%^{4}の念属性遠距離魔法ダメージを与える。
25707	Unique Effect: Casting a skill or using a Normal Attack grants maximum Floors of the 【Savage Blade】 Physical damage buff. Initial limit: @{1} Floors. Duration: @{2} sec. Each Floor increases your Physical ATK by @{3}%.	固有効果：スキルまたは通常攻撃を使用すると、物理ダメージバフ【サベージブレード】が最大スタックになる。初期上限：@{1}スタック。持続時間：@{2}秒。1スタックにつき物理攻撃力が@{3}%増加する。
25708	Both sides can use firearms and vehicles in battle. The Guild provides both types of machines, but an officer must grant Guild Members permission to use them. Be sure to coordinate machine permissions before the battle.	両陣営は戦闘中に火器と乗り物を使用できる。どちらもギルドから提供されるが、使用するには役職者がギルドメンバーへ権限を付与する必要がある。戦闘前に兵器の使用権限を調整しておこう。
25709	^{1}^{2}【Soul Destroyer】^{3}^{4} cast Distance is increased by ${1} meters. After casting, deals Neutral melee Physical damage equal to PATK * ${4}% + ${5} to up to ${3} enemies within a ${2}-meter radius of the target.	^{1}^{2}【ソウルブレイカー】^{3}^{4}の発動距離が${1}m増加する。発動後、対象から半径${2}m以内の最大${3}体の敵に物理攻撃力*${4}%+${5}の無属性近接物理ダメージを与える。
25710	Same as always. Ant breeding season is almost here, and there have been frequent Adventurer disappearances lately. It's a real headache... But enough about that. You must have something more important to discuss, right?	いつも通りさ。もうすぐアリの繁殖期で、最近は冒険者の行方不明も相次いでる。本当に頭が痛いよ…まあ、その話は置いとこう。もっと大事な用があって来たんだろ？
25711	Something unusual? Now that you mention it... Heh, there was one thing. Just before closing, a particularly... uh... passionate lady came into the shop. And the way she was dressed... Whew! She was like a blazing flame!	変わったこと？そう言われてみれば…へへ、1つあったな。閉店間際に、やけに…その…情熱的な女が店へ来たんだ。それにあの格好ときたら…いやぁ！まるで燃え盛る炎だったよ！
25712	I happened to have a ham sandwich for my dinner, so I gave it to him. He ate it so elegantly, then gave me a solemn Thank You and said my kindness had brightened his dreary day. Just thinking about it makes me so happy!	ちょうど夕食用のハムサンドを持っていたので、彼に差し上げたんです。とても上品に召し上がって、それから丁寧にお礼を言って「あなたの親切が憂鬱な一日を明るくしてくれた」と。思い出すだけで幸せな気分になります！
25713	Wait... Aren't these the Clothes that guy was wearing? What respectable researcher would come down to this stinking drain, strip off all his Clothes and Shoes, and leave them here? He obviously felt guilty and ran away!	待て…これ、あの男が着てた服じゃないか？まともな研究者がこんな臭い下水道まで来て、服も靴も全部脱いで置いていくか？後ろめたいことがあって逃げたに決まってる！
25714	Clock turns the dial, dealing Neutral ranged magic damage equal to Magic ATK *^{1}${3}%^{2} to up to ${2} enemies within ${1} meters, with a ${4}% Chance to inflict the^{3} ^{4}【Silence】^{5} ^{6}status for ${5} seconds.	クロックが文字盤を回転させ、${1}m以内の最大${2}体の敵に魔法攻撃力*^{1}${3}%^{2}の無属性遠距離魔法ダメージを与え、${4}%の確率で${5}秒間^{3} ^{4}【沈黙】^{5} ^{6}を付与する。
25715	Squidgitte restores ^{5}Life^{6} equal to the master's ^{1}Adaptive ATK^{2}*^{3}${3}%^{4} to the master and up to ${2} allies within ${1} meters, and reduces the Water damage they take by ^{7}${4}%^{8} for ${5} seconds.	スキジッテが主人および${1}m以内の味方最大${2}体の^{5}HP^{6}を、主人の^{1}適応攻撃力^{2}*^{3}${3}%^{4}分回復し、${5}秒間、受ける水属性ダメージを^{7}${4}%^{8}軽減する。
25716	^{1}^{2}【Fire Bolt】^{3}^{4}, ^{5}^{6}【Cold Bolt】^{7}^{8}, ^{9}^{10}【Lightning Bolt】^{11}^{12}, and ^{13}^{14}【Earth Spike】^{15}^{16} are no longer affected by Cast Speed, and their CT is fixed at ^{17}${1}^{18} seconds.	^{1}^{2}【ファイアーボルト】^{3}^{4}、^{5}^{6}【コールドボルト】^{7}^{8}、^{9}^{10}【ライトニングボルト】^{11}^{12}、^{13}^{14}【アーススパイク】^{15}^{16}は詠唱速度の影響を受けなくなり、CTが^{17}${1}^{18}秒に固定される。
25717	Unleashes a powerful Holy Light, dealing own ATK * ^{1}@{4}%^{2} damage to up to @{3} enemies in a designated area with a @{2} m radius within @{1} m and inflicting ^{3}【Immobilize】^{4} and ^{5}【Blind】^{6} for @{5} sec.	強烈な聖なる光を放ち、@{1}m以内にある半径@{2}mの指定エリアの最大@{3}体の敵へ、自身の攻撃力*^{1}@{4}%^{2}のダメージを与え、@{5}秒間^{3}【移動不能】^{4}と^{5}【暗黒】^{6}を付与する。
25718	Only by working together can the heroes stand against Fafnir. Those on the high platform must operate the Dragon-Slaying Turrets to suppress the dragon, while those in the Inner Area face Fafnir in a battle to the death.	勇者たちがファフニールに立ち向かうには力を合わせるしかない。高台にいる者は竜殺しのターレットを操作してドラゴンを抑え、内側の戦場にいる者はファフニールと死闘を繰り広げる。
25719	@{1}.If you are defeated within @{2} minutes, you may choose a new Spawn and Revive once for free.\n@{3}.If you are defeated after @{4} minutes, you will drop an ID Tag. A teammate must retrieve it before you can Revive.	@{1}.@{2}分以内に倒された場合、復活地点を選び直して1回無料で復活できる。\n@{3}.@{4}分経過後に倒されるとIDタグを落とす。味方が回収するまで復活できない。
25720	After the match, a guild with at least @{1} Guild Points and @{2} participants will receive Auction Rewards and Auction Dividends. Players with at least @{3} Personal Points will receive individual Participation Rewards.	対戦終了後、ギルドポイント@{1}以上、参加者@{2}人以上のギルドはオークション報酬とオークション配当を獲得する。個人ポイント@{3}以上のプレイヤーは個人参加報酬を獲得する。
25721	Defeating the corresponding monsters on the following maps will count:\n@{1}.【Geffen Tower Underground Crypt Floor @{2}】\n@{3}.【Geffen Tower Underground Crypt Floor @{4}】\n@{5}.【Geffen Tower Underground Crypt Floor @{6}】	以下のマップで対象モンスターを倒すとカウントされる：\n@{1}.【ゲフェンタワー地下墓地@{2}F】\n@{3}.【ゲフェンタワー地下墓地@{4}F】\n@{5}.【ゲフェンタワー地下墓地@{6}F】
25722	Life Skills are divided into 【Produce Professions】 and 【Crafting Professions】. Spend Vigor to gather resources throughout the open world, create advanced Consumables, participate in Trade, and Craft your own career path!	生活スキルは【採集職】と【製作職】に分かれる。活力を消費してオープンワールド各地で資源を集め、上級消耗品を作り、取引へ参加し、自分だけの職人道を築こう！
25723	When ^{1}^{2}【Double Strafe】^{3}^{4} hits an enemy, it has a ${1}% Chance to deal ${4}%+${5} Neutral Ranged Physical damage to up to ${3} enemies within a ${2}-meter radius of the target. Internal Cooldown: ${6} seconds.	^{1}^{2}【ダブルストレイフィング】^{3}^{4}が敵に命中した時、${1}%の確率で対象から半径${2}m以内の最大${3}体の敵に${4}%+${5}の無属性遠距離物理ダメージを与える。内部クールダウン：${6}秒。
25724	Golden Thief Bug burrows into the field, creating two holes that are ^{1}connected to each other^{2}. While above one burrow, players can ^{3}tap the Interaction skill^{4} to emerge from ^{5}the corresponding burrow^{6}.	黄金蟲が地中へ潜り、^{1}互いに繋がった^{2}2つの穴を作る。どちらかの穴の上にいる時、プレイヤーは^{3}インタラクトスキルをタップ^{4}すると^{5}対応するもう一方の穴^{6}から出られる。
25725	An extremely precious ore from the dwarven realm of Wat Alheim, coveted by every craftsman.\n^{1}Effect: Used to Refine an Accessory. Increases the Success Rate and prevents level loss or damage if Refinement Failed.^{2}	すべての職人が欲しがる、ドワーフの国ヴァルトアルヘイム産の極めて貴重な鉱石。\n^{1}効果：アクセサリーの精錬に使用する。成功率が上昇し、精錬失敗時の精錬値低下や破損を防ぐ。^{2}
25726	Spear-exclusive skill. Deals Neutral Ranged Physical damage totaling PATK * ^{3}${3}%+${4}^{4} over ^{1}${2}^{2} hits to the designated ST enemy within ${1} meters and ${6} Other enemies within ${5} meters of the target.	槍専用スキル。${1}m以内の指定した単体の敵および対象から${5}m以内の他の敵${6}体に、^{1}${2}^{2}回にわたって合計物理攻撃力*^{3}${3}%+${4}^{4}の無属性遠距離物理ダメージを与える。
25727	The BOSS randomly creates @{1}/@{2}/@{3} tornadoes in the arena (circular AOEs with a @{4}s warning and a radius of @{5}m), which Launch small tornado projectiles outward in random directions (radius: @{6}m; speed: @{7})	BOSSはアリーナ内にランダムで@{1}/@{2}/@{3}個の竜巻を生成する（予兆@{4}秒、半径@{5}mの円形範囲攻撃）。竜巻はランダムな方向へ小型竜巻弾を放つ（半径：@{6}m、速度：@{7}）。
25728	Artisans specializing in growing and gathering Plant Materials. They obtain materials for silk thread, herbs, seeds, and special Plant by-products, providing essential Materials for weaving and advanced Combine processes.	植物素材の栽培と採集を専門とする職人。絹糸、薬草、種子、特殊な植物副産物の素材を入手し、織物や上級合成に欠かせない素材を供給する。
25729	@{1}.The Pinnacle Top Ten rankings update in real time, displaying the ten strongest adventurers on the current server.\n@{2}.Settlement takes place every Monday at @{3}:@{4}, and Pinnacle Top Ten rewards are distributed.	@{1}.頂上十傑ランキングはリアルタイムで更新され、現在のサーバーで最も強い冒険者10名を表示する。\n@{2}.毎週月曜日@{3}:@{4}に集計が行われ、頂上十傑報酬が配布される。
25730	(No Translation NeededChance of obtaining a complete SP-rank pet: @{1}%\nChance of obtaining a complete S-rank pet: @{2}%\nChance of obtaining a complete A-rank pet: @{3}%\nChance of obtaining a complete B-rank pet: @{4}%	SPランク完成ペット獲得確率：@{1}%\nSランク完成ペット獲得確率：@{2}%\nAランク完成ペット獲得確率：@{3}%\nBランク完成ペット獲得確率：@{4}%
25731	Locks on to an enemy within @{1} m and quickly dashes @{2} m toward the target, dealing ATK * ^{1}@{5}%^{2} damage to up to @{4} enemies within a @{3} m radius of the target and ^{3}slowing them by @{6}%^{4} for @{7} sec.	@{1}m以内の敵をロックオンし、対象へ向かって素早く@{2}m突進する。対象から半径@{3}m以内の最大@{4}体の敵に攻撃力*^{1}@{5}%^{2}のダメージを与え、@{7}秒間^{3}@{6}%減速^{4}させる。
25732	Spear-exclusive skill. Attacks with a Spear, dealing Neutral Ranged Physical damage equal to PATK * ^{1}${3}%+${4}^{2} to the designated ST enemy within ${1} meters and ${5} Other enemies within ${2} meters of the target.	槍専用スキル。槍で攻撃し、${1}m以内の指定した単体の敵および対象から${2}m以内の他の敵${5}体に物理攻撃力*^{1}${3}%+${4}^{2}の無属性遠距離物理ダメージを与える。
25733	Deals Physical ATK*^{1}${4}%+${5}^{2} ranged Poison Physical damage to up to ${3} enemies within a ${2}-meter radius around a target within ${1} meters of you, and inflicts ^{3}^{4}【Poisoned】^{5}^{6} damage on the target.	${1}m以内の対象を中心とした半径${2}m以内の最大${3}体の敵に物理攻撃力*^{1}${4}%+${5}^{2}の毒属性遠距離物理ダメージを与え、対象に^{3}^{4}【毒状態】^{5}^{6}ダメージを付与する。
25734	Unique Effect: Casting a skill or using a Normal Attack grants maximum Floors of the 【Divine Protection】 defensive buff. Initial limit: @{1} Floors. Duration: @{2} sec. Each Floor increases your damage reduction by @{3}%.	固有効果：スキルまたは通常攻撃を使用すると、防御バフ【ディバインプロテクション】が最大スタックになる。初期上限：@{1}スタック。持続時間：@{2}秒。1スタックにつきダメージ軽減が@{3}%増加する。
25735	When you have a card, you can insert it in any of the following ways:\n@{1}. Select the card in your ^{1}Backpack^{2}.\n@{2}. Select the equipment in the ^{3}Equipment tab^{4}.\n@{3}. Use the ^{5}Card Insertion screen^{6}.	カードを所持している場合、以下のいずれかの方法で装着できる：\n@{1}.^{1}バックパック^{2}でカードを選択する。\n@{2}.^{3}装備タブ^{4}で装備を選択する。\n@{3}.^{5}カード装着画面^{6}を使用する。
25736	Burst with the power of frost, dealing ATK * ^{1}@{4}%^{2} damage to up to @{3} enemies within a targeted @{2}-meter-radius area located within @{1} meters, with a @{5}% Chance to inflict ^{3}【Freeze】^{4} for @{6} seconds.	凍気を爆発させ、@{1}m以内にある半径@{2}mの対象エリアの最大@{3}体の敵へ攻撃力*^{1}@{4}%^{2}のダメージを与え、@{5}%の確率で@{6}秒間^{3}【凍結】^{4}を付与する。
25737	Bestows an Angel's blessing, increasing Physical DEF and Magic DEF by ^{1}${3}%^{2} for you and up to ${2} allies within a ${1}-meter radius, and increasing their ^{5}healing received^{6} by ^{3}${4}%^{4} for ${5} seconds.	天使の祝福を授け、自身および半径${1}m以内の味方最大${2}人の物理防御力と魔法防御力を^{1}${3}%^{2}増加させ、${5}秒間、^{5}被回復量^{6}を^{3}${4}%^{4}増加させる。
25738	Axe and Mace skill. Throw a flying Axe forward, dealing ${4} hits of Neutral Melee Physical DMG totaling PATK * ^{1}${5}%^{2} to up to ${3} members of the Enemy Team in a ${1} * ${2}-meter rectangular area in front of you.	斧・メイス専用スキル。前方へ飛斧を投げ、前方${1}m×${2}mの長方形範囲内にいる敵チーム最大${3}人へ、${4}回にわたって合計物理攻撃力*^{1}${5}%^{2}の無属性近接物理ダメージを与える。
25739	Deals Physical ATK*^{1}${4}%+${5}^{2} Neutral melee Physical damage to the selected ST enemy within ${1} meters and up to ${3} other enemies within ${2} meters of it, and slows them by ^{3}【Slow】^{4}${6}% for ${7} seconds.	${1}m以内の選択した単体の敵およびその周囲${2}m以内の他の敵最大${3}体に、物理攻撃力*^{1}${4}%+${5}^{2}の無属性近接物理ダメージを与え、${7}秒間^{3}【減速】^{4}${6}%を付与する。
25740	When you take melee damage, reflects the damage to nearby enemies, dealing Neutral melee Physical damage equal to @{3}% of the damage taken to up to @{2} enemies within a @{1}-meter radius. Built-in Cooldown: @{4} seconds.	近接ダメージを受けた時、周囲の敵へダメージを反射し、半径@{1}m以内の最大@{2}体の敵に受けたダメージの@{3}%に相当する無属性近接物理ダメージを与える。内部クールダウン：@{4}秒。
25741	After a @{1}-second warning, deals damage in a @{2} by @{3} rectangular area toward the current target and applies 【Stomach Acid Corrosion】. Players with 【Stomach Acid Corrosion】 take x damage every second for @{4} seconds	@{1}秒の予兆後、現在の対象方向へ@{2}×@{3}の長方形範囲にダメージを与え、【胃酸腐食】を付与する。【胃酸腐食】状態のプレイヤーは@{4}秒間、毎秒xダメージを受ける。
25742	@{1}.The search Function supports both fuzzy and exact searches.\n@{2}.Items listed for sale and items in the publication period are kept in separate search pools.\n@{3}.For each search type, Keep up to @{4} search records.	@{1}.検索機能はあいまい検索と完全一致検索の両方に対応する。\n@{2}.販売中のアイテムと掲載期間中のアイテムは別々の検索プールに保存される。\n@{3}.検索タイプごとに最大@{4}件の検索履歴を保存する。
25743	After casting ^{1}^{2}[Sonic Blow]^{3}^{4}, there is a ${1}% Chance to Deals DMG equal to PATK * ${4}% + ${5} as Neutral Melee Physical damage to up to ${3} enemies within a ${2}-meter radius of you. Cooldown: ${6} seconds.	^{1}^{2}[ソニックブロー]^{3}^{4}発動後、${1}%の確率で自身から半径${2}m以内の最大${3}体の敵に物理攻撃力*${4}%+${5}の無属性近接物理ダメージを与える。クールダウン：${6}秒。
25744	Question two. After a long journey, you finally reach a forest, where the fog is as thick as Milk. You're completely lost! Then you come upon three paths, each of which looks... well, interesting. Which one will you follow?	第2問。長い旅の末、ようやく森へたどり着いた。しかし霧はミルクのように濃く、完全に道を見失ってしまった！やがて3つの道が現れ、どれも…まあ、興味深そうだ。どの道を選ぶ？
25745	He's one of the kingdom's foremost scholars and studied abroad in Juno. He specializes in ancient magic technology and is... a somewhat absentminded genius. He's the key to unraveling the mystery of the 【Nail of World Law】.	彼は王国屈指の学者で、ジュノーへ留学した経験もある。古代魔導技術を専門とする…少しうっかり者の天才だ。【世界法則の釘】の謎を解く鍵を握っている。
25746	(Leans in slightly and lowers their voice) The Adventurers' Guild is looking for exceptional people just like you! We're not offering you a mere job, but the ultimate opportunity to rewrite your destiny and rise to the top!	（少し身を寄せて声を落とす）冒険者ギルドは、まさに君のような逸材を探している！ただの仕事を紹介するんじゃない。自分の運命を書き換え、頂点へ駆け上がる究極のチャンスだ！
25747	Those dance moves... Did you learn them from a drunken Orc? (Smooths her skirt and offers her hand again) Still... since you're trying so hard. (Winks) How about one more chance? This time, focus and follow my rhythm, okay?	その踊り…酔っ払ったオークに教わったの？（スカートを整え、もう一度手を差し出す）でも…そこまで頑張ってるなら。（ウインクする）もう一度だけチャンスをあげる。今度は集中して、私のリズムについてきてね？
25748	He spent more than a decade in Juno studying the principles of Magic, filling his head with dangerous, heretical theories. How does that make him any different from a foreigner? Still, I have my orders, so I won't stop you.	あいつは10年以上ジュノーで魔法の原理を学び、危険で異端な理論を頭へ詰め込んできた。そんな奴が異邦人と何が違う？まあ、命令は受けている。止めはしない。
25749	When casting a ^{1}Shield-type^{2} or ^{3}Dispel-type^{4} Primary Battle Skill, gains one 【Vanguard Shield】 equal to Max HP*^{5}${1}%^{6} for each nearby member of the Enemy Team. Lasts ${2} sec and stacks up to ${3} times.	^{1}シールド型^{2}または^{3}解除型^{4}のメイン戦闘スキル発動時、近くにいる敵チームメンバー1人につき最大HP*^{5}${1}%^{6}の【ヴァンガードシールド】を1つ獲得する。${2}秒間持続し、最大${3}スタック。
25750	Bow-only skill. Launches a powerful attack against a designated ST enemy within ${1} meters, dealing ^{1}${3}%^{2} PATK as Neutral Physical damage to the target and up to ${2} enemies in a straight line within Attack Range.	弓専用スキル。${1}m以内の指定した単体の敵に強力な攻撃を放ち、対象および攻撃範囲内の直線上にいる最大${2}体の敵に物理攻撃力の^{1}${3}%^{2}に相当する無属性物理ダメージを与える。
25751	Participate in MVP battles, Caravans, and Daily Activity for a chance to obtain Crystals, which can be used to craft reward chests. Craft enough, and the “Chest of the Future” can be unlocked and carried over to the Season!	MVP戦、キャラバン、デイリー活躍度に参加するとクリスタルを獲得できることがあり、報酬箱の製作に使用できる。十分な数を製作すると「未来の宝箱」が解放され、次シーズンへ持ち越せる！
25752	All right, I get it. Stopping you from doing research is harder than making an ant obey. But Professor, we're setting some ground rules. Before your next experiment, you must submit an "Extremely Detailed Safety Plan" to me.	わかった、わかったよ。教授の研究を止めるのは、アリを言うこと聞かせるより難しいんだな。でも教授、条件を決めさせてもらう。次の実験の前に「極めて詳細な安全計画書」を私へ提出すること。
25753	Exactly! The Peco Pecos abducted our Party Leader, while the remaining cargo was scattered everywhere and made a complete mess by the Mukas. There's nobody to guard it, and we don't have enough people to handle everything...	そうなんです！ペコペコにパーティリーダーをさらわれた上、残った荷物はムカーにあちこち散らかされて滅茶苦茶です。見張る人もいないし、全部片づけるには人手が足りなくて…
25754	A Rare Material used to Advance titles.\nIt can be Combined into a higher-Rarity ^{1}Crest of Moon^{2}, which is used to Advance higher-ranking titles.\nIt can also be Dismantled into a lower-Rarity ^{3}Crest of Conquer^{4}.	称号の進化に使用するレア素材。\nより高レアリティの^{1}月の紋章^{2}へ合成でき、上位称号の進化に使用する。\nまた、低レアリティの^{3}征服の紋章^{4}へ分解することもできる。
25755	Summons a holy light talisman from the heavens, dealing Holy ranged magic damage equal to Magic ATK*^{1}${2}%^{2} to a designated ST enemy within ${1} meters and increasing your Holy damage by ^{3}${3}%^{4} for ${4} seconds.	天より聖光の護符を召喚し、${1}m以内の指定した単体の敵に魔法攻撃力*^{1}${2}%^{2}の聖属性遠距離魔法ダメージを与え、${4}秒間、自身の聖属性ダメージを^{3}${3}%^{4}増加させる。
25756	Enters the 【Shrink】 state for ${1} sec. While 【Auto Guard】 is active, taking damage from an attacker within ${5} meters has a ^{1}${2}%^{2} Chance to inflict ^{3}^{4}【Stun】^{5} ^{6}on them for ${3} sec. (Cooldown: ${4} sec.)	${1}秒間【シュリンク】状態になる。【オートガード】発動中、${5}m以内の攻撃者からダメージを受けると、^{1}${2}%^{2}の確率で相手に${3}秒間^{3}^{4}【スタン】^{5} ^{6}を付与する。（クールダウン：${4}秒）
25757	Miyabi Doll offers a prayer of the soul, granting ^{1}^{2}【Endure】^{3}^{4} for ${3} seconds and ^{5}^{6}【Crowd-Control Immunity】^{7}^{8} for ${4} seconds to up to ${2} allied players within a ${1}-meter radius of the master.	ミヤビ人形が魂の祈りを捧げ、主人から半径${1}m以内の味方プレイヤー最大${2}人に${3}秒間^{1}^{2}【インデュア】^{3}^{4}、${4}秒間^{5}^{6}【行動妨害無効】^{7}^{8}を付与する。
25758	^{1}^{2}【Meteor Storm】^{3}^{4} gains a ^{5}${1}%^{6} skill damage multiplier and ^{7}${2}^{8} fixed damage; ^{9}^{10}【Heaven's Drive】^{11}^{12} gains a ^{13}${3}%^{14} skill damage multiplier and ^{15}${4}^{16} fixed damage.	^{1}^{2}【メテオストーム】^{3}^{4}のスキルダメージ倍率が^{5}${1}%^{6}、固定ダメージが^{7}${2}^{8}増加する。^{9}^{10}【ヘヴンズドライブ】^{11}^{12}のスキルダメージ倍率が^{13}${3}%^{14}、固定ダメージが^{15}${4}^{16}増加する。
25759	Restores ^{5}Life^{6} equal to the master's ^{1}Adaptive ATK^{2} * ^{3}${3}%^{4} for the master and up to ${2} allies within ${1} meters, and increases the Movement Speed of affected allies by ^{7}${4}%^{8} for ${5} seconds.	主人および${1}m以内の味方最大${2}人の^{5}HP^{6}を、主人の^{1}適応攻撃力^{2}*^{3}${3}%^{4}分回復し、${5}秒間、回復した味方の移動速度を^{7}${4}%^{8}増加させる。
25760	Dydre deals Neutral ranged magic damage equal to Magic ATK*^{1}${3}%^{2} to up to ${2} enemies within a ${1}-meter radius, inflicting ^{3}【Slow】^{4} by ${4}% and reducing their damage dealt by ^{5}${5}%^{6} for ${6} seconds.	ディドレが半径${1}m以内の最大${2}体の敵に魔法攻撃力*^{1}${3}%^{2}の無属性遠距離魔法ダメージを与え、${6}秒間、^{3}【減速】^{4}${4}%を付与し、与ダメージを^{5}${5}%^{6}減少させる。
25761	Artisans who specialize in mining all types of ore and possess precise, efficient Mining techniques. This profession provides the Basic foundation for Metal forging. The Rarity of the ore is closely tied to the Miner's level.	あらゆる鉱石の採掘を専門とし、正確で効率的な採掘技術を持つ職人。この職業は金属鍛造の基礎を支える。採れる鉱石のレアリティは採掘師のレベルと密接に関係する。
25762	When hit by a player's ST magic skill, reflects @{1}% of the damage taken, up to @{2}% of the attacker's Max Life. For every @{3} VIT, reflects an Extra @{4}% of the damage taken, up to @{5}%. Internal Cooldown: @{6} seconds.	プレイヤーの単体魔法スキルを受けた時、受けたダメージの@{1}%を反射する。反射量は攻撃者の最大HPの@{2}%が上限。VITが@{3}ごとに反射率が追加で@{4}%増加し、最大@{5}%まで。内部クールダウン：@{6}秒。
25763	After using a skill, has a @{1}% Chance to reset that skill's Cooldown. Its Cooldown cannot be reset again for a period of time. The internal Cooldown is @{2} times that skill's Cooldown. (Does not reset the global Cooldown.)	スキル使用後、@{1}%の確率でそのスキルのクールダウンをリセットする。一度リセットされたスキルは一定時間、再度リセットされない。内部クールダウンはそのスキルのクールダウンの@{2}倍。（グローバルクールダウンはリセットしない）
25764	Immediately after using ^{1}^{2}[Cart Revolution]^{3}^{4}, triggers [Gunpowder Throw] @{1} times, dealing PATK*${3}% Fire melee Physical damage to up to ${2} enemies within ${1} meters. This effect has a ${4}-second Cooldown.	^{1}^{2}[カートレボリューション]^{3}^{4}使用直後、[火薬投げ]を@{1}回発動し、${1}m以内の最大${2}体の敵に物理攻撃力*${3}%の火属性近接物理ダメージを与える。この効果のクールダウンは${4}秒。
25765	After casting ^{1}^{2}[Basic Attack]^{3}^{4}, there is a ${1}% Chance to Deals DMG equal to PATK * ${4}% + ${5} as Neutral Melee Physical damage to up to ${3} enemies within a ${2}-meter radius of you. Cooldown: ${6} seconds.	^{1}^{2}[通常攻撃]^{3}^{4}発動後、${1}%の確率で自身から半径${2}m以内の最大${3}体の敵に物理攻撃力*${4}%+${5}の無属性近接物理ダメージを与える。クールダウン：${6}秒。
25766	Charge up a spiral of energy, then hurl a Spear toward a locked target within @{1} meters, Charge to the Spear's Nearby location, and Deals DMG once to up to @{3} enemies along the @{2}-meter-wide path equal to ^{1}@{4}%^{2}.	螺旋状のエネルギーを溜め、@{1}m以内のロックオン対象へ槍を投げる。その後、槍の近くまで突進し、幅@{2}mの経路上にいる最大@{3}体の敵へ^{1}@{4}%^{2}のダメージを1回与える。
25767	Sweet pink meets refreshing Blue, while fondant-like pleats build a creamy texture. Chocolate-colored ribbons sparkle with frosting-like sequins, and the skirt spins like a tiered cake, beginning a dreamy parade of sweetness.	甘いピンクに爽やかなブルーを重ね、フォンダンのようなプリーツがクリーミーな質感を作る。チョコレート色のリボンにはアイシングのようなスパンコールが輝き、段重ねケーキのようにスカートが回って、夢のような甘さのパレードが始まる。
25768	You earned ^{1}Conqueror Status^{2} in this Season's Territory War Settlement. Please claim your reward! You are also eligible to purchase ^{3}“Conqueror-Exclusive Items”^{4} from the Season Shop next Season. Congratulations!	今シーズンの領地戦集計で^{1}征服者資格^{2}を獲得しました。報酬をお受け取りください！さらに次シーズン、シーズンショップで^{3}「征服者限定アイテム」^{4}を購入できます。おめでとうございます！
25769	The banner? According to regulations, I handed it over to the Merchants' Guild for delivery 3 days ago. But the caravan leader said they ran into monsters and got stranded along the way. I was just about to head there Myself.	旗？規則通り、3日前に商人ギルドへ渡して配送を頼んだよ。でも隊商のリーダーによると、途中でモンスターに遭遇して足止めされているらしい。私もちょうど向かおうとしていたところだ。
25770	Looks like you've gotten the hang of changing equipment. Every Adventurer on this continent grows stronger by acquiring equipment through adventures and Battle. Make sure you carefully consider which equipment suits you best.	装備の変更には慣れてきたみたいだな。この大陸の冒険者は皆、冒険や戦いを通じて装備を手に入れ、強くなっていく。どの装備が自分に合うか、しっかり考えて選ぶんだぞ。
25771	Once it's in position, we can perform the most critical step. Connect the mechanical flexible arm on top of the machine to the surface of the Stone Pillar. Then it can extract the energy flowing inside the Nail of Discipline.	装置を所定の位置へ置いたら、いよいよ最重要工程だ。機械上部の可動アームを石柱の表面へ接続する。そうすれば規律の釘の内部を流れるエネルギーを抽出できる。
25772	Bow-exclusive skill. Unleashes a powerful attack against the designated ST enemy within ${1} meters, dealing PATK * ^{1}${3}%^{2} Neutral Ranged Physical DMG to the target and up to ${2} enemies in a line within Attack Range.	弓専用スキル。${1}m以内の指定した単体の敵に強力な攻撃を放ち、対象および攻撃範囲内の直線上にいる最大${2}体の敵へ物理攻撃力*^{1}${3}%^{2}の無属性遠距離物理ダメージを与える。
25773	Miguel attacks, dealing Pet Physical ATK*^{1}${3}%^{2} Neutral melee Physical damage to ${2} designated enemies within ${1} meters and ^{3}^{4}[Stunning]^{5}^{6} them for ${4} seconds, while dispelling their [Shield] effects.	ミゲルが攻撃し、${1}m以内の指定した敵${2}体にペット物理攻撃力*^{1}${3}%^{2}の無属性近接物理ダメージを与え、${4}秒間^{3}^{4}[スタン]^{5}^{6}させる。同時に対象の[シールド]効果を解除する。
25774	^{1}^{2}【Storm Gust】^{3}^{4} gains a ^{5}${1}%^{6} skill damage multiplier and ^{7}${2}^{8} fixed damage; ^{9}^{10}【Lord of Vermilion】^{11}^{12} gains a ^{13}${3}%^{14} skill damage multiplier and ^{15}${4}^{16} fixed damage.	^{1}^{2}【ストームガスト】^{3}^{4}のスキルダメージ倍率が^{5}${1}%^{6}、固定ダメージが^{7}${2}^{8}増加する。^{9}^{10}【ロードオブヴァーミリオン】^{11}^{12}のスキルダメージ倍率が^{13}${3}%^{14}、固定ダメージが^{15}${4}^{16}増加する。
25775	After Unlocking a Collection Entry, you can activate the Pet in the Collection. Once activated, the Pet grants its unique Collection Stats without needing to Deploy it. The Pet's Collection Stats increase with its star rating.	コレクション項目を解放すると、コレクション内のペットを有効化できる。有効化後は出撃させなくても、そのペット固有のコレクションステータスを獲得できる。コレクションステータスは星ランクに応じて増加する。
25776	1. Rankings are updated in real time.\n2. For some rankings, click a column header to customize the sorting order.\n3. Settlement for the Battle Power Rankings occurs every Monday at 05:00, and ranking rewards are distributed.	1.ランキングはリアルタイムで更新される。\n2.一部のランキングでは列見出しをクリックして並び順を変更できる。\n3.戦闘力ランキングは毎週月曜日05:00に集計され、ランキング報酬が配布される。
25777	Drastically increase gravity within a targeted @{2}-meter-radius area located within @{1} meters, dealing ATK * ^{1}@{4}%^{2} damage per wave to up to @{3} enemies. The gravity field lasts @{5} seconds and releases @{6} waves.	@{1}m以内にある半径@{2}mの指定エリアの重力を大幅に強化し、最大@{3}体の敵へ1波ごとに攻撃力*^{1}@{4}%^{2}のダメージを与える。重力場は@{5}秒間持続し、@{6}波を放つ。
25778	Do you accept ${1} guild's Merge Guild invitation? (If accepted, the Merge Guild process will be completed at five o'clock tomorrow morning. Once complete, the guild that chose to Merge into the other guild will be disbanded.)	ギルド【${1}】からのギルド合併招待を承諾しますか？（承諾した場合、明日の午前5時にギルド合併が完了します。完了後、相手ギルドへ合併する側のギルドは解散します。）
25779	Efficiency is a fundamental quality for any scholar. Arriving late could skew the Data... And stop calling it a "bull-headed Monster." That's Baphomet. Its scientific name is "Minotaur." Your terminology is terribly imprecise.	効率は学者にとって基本中の基本だ。遅刻すればデータにずれが出るかもしれない…それと「牛頭のモンスター」なんて呼ぶのはやめろ。あれはバフォメットだ。学名は「ミノタウロス」。君の用語はあまりにも不正確だ。
25780	The dungeon is not yet complete. Leave the party?\n<color=#B05142>The first Adventurer to leave the party</color> will receive a dungeon matchmaking penalty\nPlease note: Leaving the party will also remove you from the dungeon	ダンジョンはまだクリアされていません。パーティを離脱しますか？\n<color=#B05142>最初にパーティを離脱した冒険者</color>にはダンジョンマッチングペナルティが科されます\n注意：パーティを離脱するとダンジョンからも退出します。
25781	Beside the ^{3}wooden table^{4} in the southeastern tea pavilion of ^{1}Payon^{2} lies a gift from an elderly tea lover. He left a memento wrapped tightly in oilcloth behind the table leg for a friend who missed their meeting.	^{1}フェイヨン^{2}南東の茶屋にある^{3}木製テーブル^{4}のそばに、年老いた茶好きからの贈り物がある。待ち合わせに来られなかった友のため、油紙で固く包んだ記念品をテーブルの脚の裏へ残したそうだ。
25782	The Evil Nymph performs a graceful dance, granting her master ^{1}^{2}【Debuff Immunity】^{3}^{4} for ${1} sec and 【Evil Nymph's Shield】 for ${2} sec. 【Evil Nymph's Shield】: A shield equal to the master's Max Life*^{5}${3}%^{6}.	イビルニンフが優雅に舞い、主人に${1}秒間^{1}^{2}【デバフ無効】^{3}^{4}、${2}秒間【イビルニンフのシールド】を付与する。【イビルニンフのシールド】：主人の最大HP*^{5}${3}%^{6}に相当するシールド。
25783	After using ^{1}^{2}【Meteor Storm】^{3}^{4}, immediately triggers 【Fire Explosion】 @{1} times, dealing Fire Ranged Magic damage equal to MATK*^{9}${3}%+${4}^{10} to up to ^{7}${2}^{8} enemies within a ^{5}${1}^{6}-meter radius.	^{1}^{2}【メテオストーム】^{3}^{4}使用後、【ファイアーエクスプロージョン】が即座に@{1}回発動し、半径^{5}${1}^{6}m以内の最大^{7}${2}^{8}体の敵に魔法攻撃力*^{9}${3}%+${4}^{10}の火属性遠距離魔法ダメージを与える。
25784	I'd never heard anything like that before! My heart was pounding, and my head got all fuzzy. She complimented me a few times, then left with a smile without buying anything. It still makes me happy just thinking about it! Haha!	あんなことを言われたのは初めてだった！胸がドキドキして、頭までぼーっとしちゃってさ。何度か褒めてくれた後、何も買わずに笑顔で帰ったんだ。思い出すだけで今でも嬉しくなるよ！ハハハ！
25785	Did you know? Creamy larvae are called Fabres, and when a Fabre forms a cocoon, it becomes a Pupa. Although their forms differ, they're actually the same species of Insect. They can even survive in the desert, or so I've heard.	知ってるかい？クリーム色の幼虫はファブルって呼ばれて、ファブルが繭を作るとプパになるんだ。姿は違っても、実は同じ昆虫なんだよ。砂漠でも生きられるって話も聞いたことがある。
25786	I've actually been studying the "Nails of World Law" appearing throughout Prontera. I believe they're connected to Juperos's long-lost "Thought Form" technology. Take a look at this. It's a sample I collected in the Ant Cavern.	実は、プロンテラ各地に現れた「世界法則の釘」を研究しているんだ。ジュピロスで失われた「思念体」技術と関係していると考えている。これを見てくれ。蟻の洞窟で採取したサンプルだ。
25787	Tsk, tsk. Who left these Clothes here? Look at this fabric—there's barely more than a bandage, and it's covered in cat hair... Just how filthy is the owner? Could the device have been stolen by some sexy cat Demon wearing this?	やれやれ。誰がこんな服を置いていったんだ？この布を見ろ――包帯と大差ないくらいしかない上に、猫の毛まみれじゃないか…持ち主はどれだけ不潔なんだ？まさか、この装置を盗んだのはこんなのを着た色っぽい猫の悪魔だったりしてな？
25788	A Rare Material used to Advance titles.\nIt can be Combined into a higher-Rarity ^{1}Crest of Freedom^{2}, which is used to Advance higher-ranking titles.\nIt can also be Dismantled into a lower-Rarity ^{3}Crest of Venture^{4}.	称号の進化に使用するレア素材。\nより高レアリティの^{1}自由の紋章^{2}へ合成でき、上位称号の進化に使用する。\nまた、低レアリティの^{3}冒険の紋章^{4}へ分解することもできる。
25789	A Rare Material used to Advance titles.\nIt can be Combined into a higher-Rarity ^{1}Crest of Conquer^{2}, which is used to Advance higher-ranking titles.\nIt can also be Dismantled into a lower-Rarity ^{3}Crest of Journey^{4}.	称号の進化に使用するレア素材。\nより高レアリティの^{1}征服の紋章^{2}へ合成でき、上位称号の進化に使用する。\nまた、低レアリティの^{3}旅の紋章^{4}へ分解することもできる。
25790	Can only be cast while the Falcon is in Follow mode. After casting, increases your DEX by ^{1}${1}^{2} and AGI by ^{3}${2}^{4}. The Falcon reveals enemies using ^{5}Hiding^{6} within a ${3}-meter radius of you for ${4} seconds.	ファルコンが追従モードの時のみ使用可能。発動後、自身のDEXを^{1}${1}^{2}、AGIを^{3}${2}^{4}増加させる。${4}秒間、ファルコンが自身から半径${3}m以内で^{5}ハイディング^{6}中の敵を看破する。
25791	Deals Neutral melee Physical damage equal to Pet Physical ATK*^{1}${4}%^{2} to up to ${3} enemies in a ${1}-meter-by-${2}-meter rectangular area ahead, and increases nearby allies' Crit Chance by ^{3}${5}%^{4} for ${6} seconds.	前方${1}m×${2}mの長方形範囲内の最大${3}体の敵にペット物理攻撃力*^{1}${4}%^{2}の無属性近接物理ダメージを与え、${6}秒間、周囲の味方のクリティカル率を^{3}${5}%^{4}増加させる。
25792	The Level-up version of Cloaking. After casting, you enter the ^{1}^{2}【Enhance Cloaking】^{3}^{4} state for ${1} sec., increasing ^{5}Movement Speed by ${2}%^{6}. The state ends after taking damage ${3} times or dealing damage.	クローキングの上位版。発動後、${1}秒間^{1}^{2}【強化クローキング】^{3}^{4}状態になり、^{5}移動速度が${2}%^{6}増加する。ダメージを${3}回受けるか、ダメージを与えると状態は解除される。
25793	Actively participate in <color=#ff993f>guild events</color>. Guilds with the highest total Member Contribution will receive rewards, including <color=#ff993f>Military Supplies that provide an advantage in Territory War.</color>	<color=#ff993f>ギルドイベント</color>へ積極的に参加しましょう。メンバー貢献度の合計が上位のギルドには、<color=#ff993f>領地戦で有利になる軍需物資</color>などの報酬が贈られます。
25794	Causes the ground to erupt, dealing a total of Magic ATK*^{1}${4}%+${5}^{2} Earth-property ranged magic damage to up to ${3} enemies in a ${2}-meter-radius area within ${1} meters of you. Can hit hidden enemies and reveal them.	大地を噴き上がらせ、自身から${1}m以内にある半径${2}mの範囲内の最大${3}体の敵に、合計魔法攻撃力*^{1}${4}%+${5}^{2}の地属性遠距離魔法ダメージを与える。ハイディング中の敵にも命中し、姿を暴く。
25795	@{1}.Tree Hollow Chat offers an [Anonymous] mode. \n@{2}.There is a Chance that an Adventurer's true identity will be revealed.\n@{3}.Tree Hollow Chat maintains strict moderation. Adventurers must not post inappropriate content.	@{1}.樹洞チャットには［匿名］モードがある。 \n@{2}.冒険者の正体が明かされる場合がある。\n@{3}.樹洞チャットは厳格に管理されている。冒険者は不適切な内容を投稿してはならない。
25796	1. Each player can have up to 50 Cross-server Friends.\n2. After a server merge, Cross-server Friends will automatically be added to My Friends.\n3. Cross-server Friends can team up for certain activities, but cannot send gifts.	1.各プレイヤーはサーバー間フレンドを最大50人まで登録できる。\n2.サーバー統合後、サーバー間フレンドは自動的に「マイフレンド」へ追加される。\n3.サーバー間フレンドとは一部のコンテンツでパーティを組めるが、ギフトは贈れない。
25797	When hit by a player's ST Physical skill, reflects @{1}% of the damage taken, up to @{2}% of the attacker's Max Life. For every @{3} VIT, reflects an Extra @{4}% of the damage taken, up to @{5}%. Internal Cooldown: @{6} seconds.	プレイヤーの単体物理スキルを受けた時、受けたダメージの@{1}%を反射する。反射量は攻撃者の最大HPの@{2}%が上限。VITが@{3}ごとに反射率が追加で@{4}%増加し、最大@{5}%まで。内部クールダウン：@{6}秒。
25798	A solitary Ranger who keeps only a Demonic Wolf for company and has mastered the art of marksmanship. The Ranger can unleash rapid shots at distant targets with the speed of a gale or ride a Demonic Wolf for highly mobile hunts.	魔狼だけを友として孤独に生き、射撃術を極めたレンジャー。疾風のごとき連射で遠くの敵を射抜くほか、魔狼に騎乗して高い機動力を活かした狩りもできる。
25799	To Activate its deeper power, you must collect something called Soul Echo. These are the memories and powerful Emotions that living beings leave behind in the world. Each holds a unique frequency, making them exceptionally rare.	さらなる力を引き出すには、「ソウルエコー」と呼ばれるものを集める必要がある。生命が世界に残した記憶と強い感情で、それぞれ固有の周波数を持つため、極めて希少だ。
25800	Eden Group Leader\nThe ship will fall apart at this rate! Wuller, take some people belowdecks and assess the damage! You're quick on your feet—get to the starboard Turret and launch an Auto Counter! Show them what we're made of!	楽園団団長\nこのままじゃ船がバラバラになる！ウーレ、何人か連れて船倉へ行き、損傷状況を確認しろ！お前は足が速い――右舷のターレットへ行ってオートカウンターを撃て！俺たちの底力を見せてやれ！
25801	As night falls, the stars resemble carefully Collected gemstones. Awed by their light rippling like water, people named this stone Sobbing Starlight.\nObtainable through ^{1}Life Skill - Miner^{2}. Used to Craft T@{1} Equipment.	夜が訪れると、星々は丹念に集められた宝石のように輝く。その光が水面のように揺らめく様子に心を奪われ、人々はこの石を「すすり泣く星明かり」と名付けた。\n^{1}生活スキル - 採掘師^{2}で入手可能。T@{1}装備の製作に使用します。
25802	A core Member of the Church who has begun taking on more practical duties. The Exorciser Priest excels at Holy magic, dealing heavy damage to Undead monsters and making this build a strong choice for Priest auto-battle leveling.	教会の中核を担い、より実践的な任務を任されるようになったメンバー。エクソシストプリーストは聖属性魔法を得意とし、不死属性モンスターに大ダメージを与えられるため、プリーストのオート戦闘レベル上げに適したビルドです。
25803	Goat grants the master ^{1}^{2}[Savage Shield]^{3}^{4} within a ${1}-meter radius. The shield equals the master's Max Life*^{5}${2}%^{6} and reduces ranged Physical damage taken by ^{7}${3}%^{8} while active. Lasts ${4} seconds.	ゴートが主人の${1}m以内に^{1}^{2}[サベージシールド]^{3}^{4}を付与します。シールド量は主人の最大HP*^{5}${2}%^{6}で、効果中は受ける遠距離物理ダメージが^{7}${3}%^{8}減少します。${4}秒間持続します。
25804	Thanks to the heroes' valiant efforts, Fafnir, the Dragon of Greed, has finally been defeated. As the roars fade across Dragon Coffin Island, this land once shrouded in Fear will regain the peace and tranquility it knew long ago.	英雄たちの勇敢な活躍により、強欲の竜ファフニールはついに討ち倒されました。ドラゴンコフィン島に響く咆哮が消え、この恐怖に覆われていた地にも、かつての平穏と静けさが戻ることでしょう。
25805	Once the freeze ends, all frozen Diamonds will be returned to your mailbox.\nIf another violation occurs during the freeze period, the release date for all currently frozen Diamonds will be extended to the latest freeze end time.	凍結期間が終了すると、凍結されたダイヤはすべてメールボックスに返却されます。\n凍結期間中に再度違反が確認された場合、現在凍結中のすべてのダイヤの解除日は、最新の凍結終了日時まで延長されます。
25806	On the Movement Details screen, drag ^{1}Lost Notes^{2} into the corresponding empty spaces. Completing a measure will unlock its ^{3}Story Quest^{4}.\n Completing ^{5}Story Quests^{6} also increases Movement completion progress.	楽章詳細画面で、^{1}失われた音符^{2}を対応する空欄へドラッグしてください。1つの小節を完成させると、その^{3}ストーリークエスト^{4}が解放されます。\n ^{5}ストーリークエスト^{6}を達成すると、楽章の完成度も上昇します。
25807	After every ${1} casts of ^{1}^{2}【Soul Destroyer】^{3}^{4}, the next ^{5}^{6}【Soul Destroyer】^{7}^{8} becomes 【Advanced Soul Destroyer】, with its percentage damage multiplier increased by ${2}% and fixed damage increased by ${3}.	^{1}^{2}【ソウルブレイカー】^{3}^{4}を${1}回使用するたび、次の^{5}^{6}【ソウルブレイカー】^{7}^{8}が【上級ソウルブレイカー】に変化し、ダメージ倍率が${2}%、固定ダメージが${3}増加します。
25808	Long-range combat specialist, master of archery, and a mastermind who utilizes traps to lure the enemy into the palm of their hand. They can train a Falcon to support them, and the upper limit to their attack damage is very high.	遠距離戦闘のスペシャリストであり、弓術の達人。罠を駆使して敵を思いのままに誘導する策士でもあります。ファルコンを育成して戦闘を支援させることができ、攻撃ダメージの上限も非常に高いです。
25809	I'm compiling an unprecedented Encyclopedia of Monsters. But I don't need a few scraps of fur—I need comprehensive Data. Listen: travel far and wide, hunt monsters, Kill as many as you can, and bring their information back to me.	私は前代未聞の『モンスター大百科』を編纂している。だが、毛皮の切れ端が数枚あればいいという話ではない。必要なのは網羅的なデータだ。よく聞け。各地を巡り、モンスターを狩り、できる限り多く倒して、その情報を私のもとへ持ち帰るのだ。
25810	An extremely precious ore from the dwarven realm of Wat Alheim, coveted by every craftsman.\n^{1}Effect: Used to Refine a Weapon or Accessory. Increases the Success Rate and prevents level loss or damage if Refinement Failed.^{2}	ドワーフの国ワット・アルヘイム産の極めて貴重な鉱石。あらゆる職人が欲しがる逸品。\n^{1}効果：武器またはアクセサリーの精錬に使用します。成功率が上昇し、精錬に失敗しても精錬値の低下や装備の破損を防ぎます。^{2}
25811	The Legend of the Ant Hell... "The Mimic Girl's Obsession." If the Legend is true, high-purity thought particles born from an intense "unwillingness to give up" should remain here. This is the perfect sample for testing my theory.	蟻地獄に伝わる伝説……「ミミック少女の執念」。伝説が本当なら、強烈な「諦めたくない」という意志から生まれた高純度の思念粒子が、ここに残っているはずだ。私の理論を検証するには最高のサンプルだよ。
25812	Ilmata plays a lively concerto, causing Almakia to tilt sharply as players slide down Almakia's back. ^{1}Use Lope to avoid the obstacles along the way^{2}. ^{3}Hitting an obstacle or failing to slide down safely can be fatal^{4}.	イルマタが軽快な協奏曲を奏でると、アルマキアが大きく傾き、プレイヤーはその背中を滑り落ちます。^{1}途中の障害物は跳躍で避けてください^{2}。^{3}障害物にぶつかったり、安全に滑り降りられなかった場合は致命傷を受けることがあります^{4}。
25813	After Orc Hero releases a ^{1}giant blade^{2}, he begins charging a ^{3}Full-screen attack^{4}. Players must ^{5}pick up the giant blade^{6} and use the skill it grants, ^{7}【Giant Blade Slash】, to interrupt Orc Hero's charge^{8}.	オークヒーローが^{1}巨大な剣^{2}を放った後、^{3}全画面攻撃^{4}のチャージを開始します。プレイヤーは^{5}巨大な剣を拾い^{6}、付与されたスキル^{7}【ジャイアントブレードスラッシュ】を使用して、オークヒーローのチャージを中断してください^{8}。
25814	In any case, you've recovered the forbidden tome and made an invaluable contribution to the stability of the academic community. Please accept my gratitude. From now on, I'll give your research into magical items priority support.	いずれにせよ、禁書を取り戻し、学術界の安定に計り知れない貢献をしてくれたことには変わりありません。感謝を受け取ってください。今後は、あなたの魔法アイテム研究を優先的に支援しましょう。
25815	Of course! That's already the finest treatment available. Now get going. I'll return to the laboratory and organize the Data, and you should catch up on sleep. Get plenty of rest—who knows what strange things will happen tomorrow?	もちろん！あれ以上の治療はありませんよ。さあ、もう行きなさい。私は研究室に戻ってデータを整理します。あなたは不足した睡眠を取り戻してください。しっかり休んでおきなさい。明日また何が起こるか分かりませんからね。
25816	An extravagant, sparkly balloon that brings happiness to its recipient. Give it to someone special!\n^{1}Intimacy +@{1}, recipient's Popularity +@{2}, your Hearts +@{3}\nGiving this gift will trigger an Entire Server announcement!	贈られた人を幸せにする、豪華でキラキラしたバルーン。大切な人に贈ろう！\n^{1}親密度 +@{1}、相手の人気度 +@{2}、自分のハート +@{3}\nこのギフトを贈ると、全サーバー告知が流れます！
25817	Cart-exclusive skill. Ram enemies with your cart, dealing Physical ATK * ^{1}${3}% + ${4}^{2} Neutral melee Physical damage to up to @{2} selected enemies within @{1} meters and up to ${2} other enemies within ${1} meters of them.	カート専用スキル。カートで敵に突進し、@{1}m以内の選択した最大@{2}体の敵と、その敵から${1}m以内にいる最大${2}体の敵に、物理攻撃力 * ^{1}${3}% + ${4}^{2}の無属性近接物理ダメージを与えます。
25818	While the effect lasts, when a targeted bow skill hits, the target has a ^{1}${1}%^{2} Chance to be struck by piercing arrows, taking ${2} hits of Neutral ranged Physical damage totaling Physical ATK*^{3}${3}%^{4}. Lasts ${4} sec.	効果中、対象指定型の弓スキルが命中すると、^{1}${1}%^{2}の確率で対象に貫通矢が命中し、合計で物理攻撃力*^{3}${3}%^{4}となる${2}回の無属性遠距離物理ダメージを与えます。${4}秒間持続します。
25819	Deals Water ranged magic damage equal to Magic ATK * ^{5}${3}% + ${4}^{6} to up to ^{3}${2}^{4} enemies within a ^{1}${1}^{2}-meter radius, with a ^{7}${5}%^{8} Chance to inflict ^{9}^{10}【Freeze】^{11}^{12} for ^{13}${6}^{14} sec.	^{1}${1}^{2}m範囲内の最大^{3}${2}^{4}体の敵に、魔法攻撃力 * ^{5}${3}% + ${4}^{6}の水属性遠距離魔法ダメージを与え、^{7}${5}%^{8}の確率で^{9}^{10}【凍結】^{11}^{12}を^{13}${6}^{14}秒間付与します。
25820	Weapon—Ballista:\nPlayers operating the Ballista must aim at parts of Almagia's body and Launch it.\nAfter successfully securing the rope, players can approach the Ballista and ^{1}use Interaction to teleport to Almagia's back.^{2}	武器—バリスタ：\nバリスタを操作するプレイヤーは、アルマギアの身体の部位を狙って発射します。\nロープの固定に成功すると、バリスタに近づいて^{1}インタラクトを使用し、アルマギアの背中へテレポートできます。^{2}
25821	Strengthen holy power through a prayer of devotion, granting yourself and party Members within a @{1}-meter radius a ^{1}regeneration^{2} effect that restores ^{5}Life^{6} equal to ATK * ^{3}@{2}%^{4} every second for @{3} seconds.	敬虔な祈りで聖なる力を高め、自身と@{1}m以内のパーティメンバーに^{1}持続回復^{2}効果を付与します。@{3}秒間、毎秒ATK * ^{3}@{2}%^{4}に相当する^{5}HP^{6}を回復します。
25822	Speaking of Lain... That boy's a hopeless bookworm. He can't think about anything but his research. If the royal family hadn't personally commissioned the Eden Group to find him, I'd be afraid he'd get himself lost in the desert...	レインのことなら……あの子は筋金入りの本の虫だよ。研究のことしか頭にない。王家が直々に楽園団へ捜索を依頼していなかったら、砂漠で迷子になってしまうんじゃないかと心配になるくらいさ……。
25823	I have no choice but to rely on you, ^{1}PlayerName^{2}. Of all your Quests, this one is very dangerous, but I can submit a Request to the Rune-Midgarts royal family for a special stipend as your reward. Please bring the part back!	頼れるのはあなたしかいません、^{1}PlayerName^{2}。今回のクエストは、これまでの中でも特に危険です。ですが報酬として、ルーンミッドガッツ王家へ特別手当を申請できます。どうか部品を持ち帰ってください！
25824	In ^{1}Izlude^{2}, the ^{5}small tree^{6} ^{3}outside the Blacksmith shop^{4} has listened to the ringing of hammers for years. They say a master craftsman buried one of his precious "failures" beneath the root closest to the shop.	^{1}イズルード^{2}で、^{3}ブラックスミスの店の外^{4}にある^{5}小さな木^{6}は、長年ハンマーの音を聞き続けてきました。名匠が、自らの大切な「失敗作」のひとつを、店に最も近い根元へ埋めたと言われています。
25825	Goat grants ^{1}[Barbarian Protection]^{2} to up to ${2} allies within a ${1}-meter radius. The shield equals Goat's Max Life*^{3}${3}%^{4} and reduces ranged Physical damage taken by ^{5}${4}%^{6} while active. Lasts ${5} seconds.	ゴートが${1}m以内の最大${2}人の味方に^{1}[バーバリアンプロテクション]^{2}を付与します。シールド量はゴートの最大HP*^{3}${3}%^{4}で、効果中は受ける遠距離物理ダメージが^{5}${4}%^{6}減少します。${5}秒間持続します。
25826	For ${1} seconds after casting 【Wind-Pressure Blade】 or 【Dragon Claw Strike】, Enter the ^{1}【Dragon Transformation】^{2} state: 【Cleaving Slash】 transforms into 【Dragon Tail Sweep】, increasing its damage multiplier by ^{3}${2}%^{4}.	【ウィンドプレッシャーブレード】または【ドラゴンクローストライク】使用後${1}秒間、^{1}【ドラゴン変身】^{2}状態になります。【クリービングスラッシュ】が【ドラゴンテイルスイープ】に変化し、ダメージ倍率が^{3}${2}%^{4}増加します。
25827	Spear-exclusive skill. Drives the Spear deep into the target, dealing Neutral Ranged Physical damage equal to PATK * ^{1}${2}%+${3}^{2} to the designated ST enemy within ${1} meters and applying ^{3}【Knockback】^{4} for ${4} meters.	槍専用スキル。槍を敵へ深く突き刺し、${1}m以内の指定した単体の敵にPATK * ^{1}${2}%+${3}^{2}の無属性遠距離物理ダメージを与え、${4}mの^{3}【ノックバック】^{4}を付与します。
25828	Summon fireballs to bombard enemies. Launch fireballs at a designated ST enemy within ${1} meters and up to ${3} other enemies within ${2} meters of the target, dealing Magic ATK*^{1}${4}%+${5}^{2} Fire ranged magic damage to each.	火球を召喚して敵を砲撃します。${1}m以内の指定した単体の敵と、その対象から${2}m以内にいる最大${3}体の敵へ火球を放ち、それぞれに魔法攻撃力*^{1}${4}%+${5}^{2}の火属性遠距離魔法ダメージを与えます。
25829	^{1}【Highness Heal】^{2} restores HP to you and the targeted ST ally, while granting both you and the target a damage-absorbing Shield equal to your MATK*${3}% for ${1} seconds. The Shield-granting effect has a ${2}-second Cooldown.	^{1}【ハイネスヒール】^{2}が自身と指定した単体の味方のHPを回復し、さらに自身と対象にMATK*${3}%に相当するダメージ吸収シールドを${1}秒間付与します。シールド付与効果のクールダウンは${2}秒です。
25830	Players operating the Rapid-Fire Cannon can aim at the Hollow Jellyfish in the sky and Launch attacks.\nHollow Jellyfish continuously deal area damage to Almagia's back. Eliminate them quickly to protect the players fighting Ilmata.	速射砲を操作するプレイヤーは、空中のホロウジェリーフィッシュを狙って攻撃できます。\nホロウジェリーフィッシュはアルマギアの背中へ継続的に範囲ダメージを与えます。素早く排除し、イルマタと戦うプレイヤーを守ってください。
25831	Party size will change.\nIf this is currently a 5-player Party, the Member limit will increase to a 40-player Raid.\nIf this is currently a 40-player Raid, it will be disbanded into 5-player Parties.\nContinue with Convert to Party?	パーティ人数が変更されます。\n現在5人パーティの場合、メンバー上限が40人のレイドに拡張されます。\n現在40人レイドの場合、5人パーティへ分割されます。\nパーティ変換を続行しますか？
25832	After casting 【Heaven's Drive】, the next 【Meteor Storm】 cast within ${1} sec. creates an 【Ember Zone】 lasting ${2} sec. Every ${3} sec., it deals Fire ranged magic damage equal to Magic ATK * ${5}% to up to ${4} enemies in the area.	【ヘヴンズドライブ】使用後、${1}秒以内に次の【メテオストーム】を使用すると、${2}秒間持続する【エンバーゾーン】を生成します。${3}秒ごとに、範囲内の最大${4}体の敵へ魔法攻撃力 * ${5}%の火属性遠距離魔法ダメージを与えます。
25833	Moonlight Flower shrouds the night sky, plunging players into darkness. ^{1}Randomly moving moonlight spotlights appear on the field^{2}. ^{3}Players exposed to a spotlight^{4} are punished by Moonlight Flower and take heavy damage.	月夜花が夜空を覆い、プレイヤーを暗闇へと落とします。^{1}フィールド上にはランダムに移動する月光のスポットライトが出現します^{2}。^{3}スポットライトに照らされたプレイヤー^{4}は月夜花の制裁を受け、大ダメージを受けます。
25834	Launches an impact cone at @{2} designated enemies within @{1} m and up to @{4} enemies within @{3} m of them, dealing ATK * ^{1}@{5}%^{2} damage, inflicting @{6} m of ^{3}【Knockback】^{4}, and inflicting ^{5}【Stun】^{6} for @{7} sec.	@{1}m以内の指定した@{2}体の敵と、その敵から@{3}m以内にいる最大@{4}体の敵へ扇状の衝撃波を放ち、ATK * ^{1}@{5}%^{2}のダメージを与え、@{6}mの^{3}【ノックバック】^{4}と@{7}秒間の^{5}【スタン】^{6}を付与します。
25835	Bow-exclusive skill. Unleashes a powerful attack against the designated ST enemy within ${1} meters, dealing PATK * ^{1}${3}% + ${4}^{2} Neutral Ranged Physical DMG to the target and up to ${2} enemies in a line within Attack Range.	弓専用スキル。${1}m以内の指定した単体の敵へ強力な一撃を放ち、対象と攻撃範囲内の直線上にいる最大${2}体の敵にPATK * ^{1}${3}% + ${4}^{2}の無属性遠距離物理ダメージを与えます。
25836	Can only be used while mounted on the Demonic Wolf. Commands the Demonic Wolf to bite the designated ST target within ${1}m, dealing Physical ATK*^{1}${2}%^{2} Neutral melee Physical damage and resetting the Cooldown of 【Warg Hunt】.	デモニックウルフ騎乗中のみ使用可能。デモニックウルフに${1}m以内の指定した単体対象へ噛みつかせ、物理攻撃力*^{1}${2}%^{2}の無属性近接物理ダメージを与え、【ウォーグハント】のクールダウンをリセットします。
25837	Slash forward rapidly with your weapon, unleashing three massive shockwaves in succession that deal ${4} hits of Neutral ranged Physical damage equal to Physical ATK * ^{1}${5}%^{2} to up to ${3} enemies within a ${1}m × ${2}m area.	武器で前方を素早く斬りつけ、巨大な衝撃波を3連続で放ちます。${1}m × ${2}mの範囲内にいる最大${3}体の敵へ、物理攻撃力 * ^{1}${5}%^{2}に相当する無属性遠距離物理ダメージを${4}回与えます。
25838	Conqueror slots within a guild are automatically allocated based on its Guild Merit Leaderboard rankings;\nOfficers from the top three guilds in the Territory War rankings automatically receive Conqueror Rewards without using a slot.	ギルド内の征服者枠は、ギルド功績ランキングに応じて自動的に割り当てられます。\n領地戦ランキング上位3ギルドの役員は、枠を消費せず自動的に征服者報酬を獲得します。
25839	^{1}^{2}[Turn Undead]^{3}^{4} infuses the ground with holy light upon hitting an enemy, dealing MATK*${3}%+${4} Holy Ranged Magic damage to the enemy and up to ${2} enemies within a ${1}-meter radius. Internal Cooldown: ${5} seconds.	^{1}^{2}[ターンアンデッド]^{3}^{4}が敵に命中すると地面に聖なる光を注ぎ、対象とその周囲${1}m以内の最大${2}体の敵へMATK*${3}%+${4}の聖属性遠距離魔法ダメージを与えます。内部クールダウン：${5}秒。
25840	Moonlight Flower summons^{1}a Bell at the target's location^{2}. The Bell deals damage around it when it lands and causes other Bells within a certain range to resonate. It deals damage around it again^{3}when the Bell resonates^{4}.	月夜花が^{1}対象の位置に鐘を召喚します^{2}。鐘は落下時に周囲へダメージを与え、一定範囲内にある他の鐘を共鳴させます。鐘が共鳴すると^{3}再び周囲へダメージを与えます^{4}。
25841	High Priests are blessed by the gods. They repeatedly work miracles through sacred power and excel at purifying Undead Monsters. With a wide variety of Support and Healing Magic, they are among the most reliable members of any party.	ハイプリーストは神々の祝福を受けた存在です。聖なる力によって幾度も奇跡を起こし、不死属性モンスターの浄化を得意とします。多彩な支援魔法と回復魔法を備え、どんなパーティでも屈指の頼れる存在です。
25842	Dark roses bloom across jet-black satin, pale lace coiling around the neck like a spiderweb. A metal cross sways from its chain, and the hoop skirt traces a sharp arc of shadow. Every step echoes the low hum of a medieval pipe organ.	漆黒のサテンには闇色の薔薇が咲き、淡いレースが蜘蛛の巣のように首元へ絡みつく。鎖に吊られた金属の十字架が揺れ、パニエは鋭い影の弧を描く。一歩踏み出すたび、中世のパイプオルガンの低い響きがこだまする。
25843	It worked! This is the Pathfinder Ant. When you reach a fork in the road, Release it, and it'll automatically track Maya's pheromones. All you have to do is follow it. Notes: If it crawls into a hole, you'll have to follow it inside.	うまくいった！これが道案内アントだ。分かれ道に着いたら放してやれば、自動でマヤーのフェロモンを追跡してくれる。あとはこいつについていけばいい。注意事項：穴の中に潜り込んだら、君も中へ入って追いかける必要があるぞ。
25844	Bow-exclusive skill. Rains down Arrows, dealing PATK * ^{1}${4}%^{2} Neutral Ranged Physical DMG to up to ${3} enemies in a target area with a radius of ${2} meters within ${1} meters of you (^{3}^{4}Agility Resonance ${5}%^{5}^{6}).	弓専用スキル。矢の雨を降らせ、自身から${1}m以内にある半径${2}mの指定範囲内の最大${3}体の敵へPATK * ^{1}${4}%^{2}の無属性遠距離物理ダメージを与えます（^{3}^{4}AGI共鳴 ${5}%^{5}^{6}）。
25845	While the control point remains uncaptured, the Glorious Metal will be Invincible, and the enemy's Revive attack point will remain Away from the Glorious Crystal. Rally your Members and stop the enemy from capturing the control point!	制圧地点が占領されていない間、グロリアスメタルは無敵状態となり、敵の復活攻撃地点はグロリアスクリスタルから遠い位置のままです。メンバーを集結させ、敵による制圧地点の占領を阻止しましょう！
25846	An assassin who always has another trick under their sleeve, and none of their targets ever live to see another day. They're good at using poison and assassin techniques to sabotage the enemy's formation and achieve effective results.	常に奥の手を隠し持つアサシン。その標的が翌日の朝日を見ることはありません。毒と暗殺術を使って敵陣を崩し、確実に成果を上げることを得意とします。
25847	I... I don't know. I checked countless times. It was in my lockbox, and I even confirmed it was there after arriving in Prontera. But before I was ready to leave for Geffen, it vanished. There were no signs of forced entry whatsoever.	私……分からないんです。何度も確認しました。確かに金庫に入れてあって、プロンテラに到着した後にも中にあることを確認しました。でもゲフェンへ出発しようとした時には、消えていたんです。無理やり侵入された形跡もまったくありませんでした。
25848	I'm sorry. My attitude at the City Gate was No good. I take back what I said—you truly are an admirable Adventurer. Thank you for everything. You didn't suffer any internal injuries, did you? That suction looked impossible to survive.	ごめんなさい。城門での私の態度はよくなかったわ。あの時の言葉は撤回します。あなたは本当に立派な冒険者です。いろいろとありがとう。内臓を傷めたりしていない？あの吸引に耐えられるなんて、とても信じられなかったわ。
25849	Two-Handed Spear skill. Summons a barrage of Spears toward the locked target, dealing ${4} hits of Neutral ranged Physical damage equal to Physical ATK * ^{1}${5}%^{2} to up to ${3} enemies within a ${1}m * ${2}m area in front of you.	両手槍スキル。ロックした対象へ槍の雨を召喚し、前方${1}m * ${2}mの範囲内にいる最大${3}体の敵へ、物理攻撃力 * ^{1}${5}%^{2}に相当する無属性遠距離物理ダメージを${4}回与えます。
25850	Strengthens holy power through a prayer of devotion, granting ^{1}continuous recovery^{2} to self and party Members within a @{1} m radius. Restores ^{5}Life^{6} equal to own ATK * ^{3}@{2}%^{4} to each target every sec. for @{3} sec.	敬虔な祈りで聖なる力を高め、自身と@{1}m以内のパーティメンバーに^{1}持続回復^{2}を付与します。@{3}秒間、各対象の^{5}HP^{6}を毎秒、自身のATK * ^{3}@{2}%^{4}回復します。
25851	Fortunately, the core parts are intact, but the Control components are slightly misaligned. Go take care of whatever You need to do. I have to start the Repair and calibration immediately, and it'll take at least three days and nights.	幸い中核部品は無事だが、制御部品が少しずれている。君は必要な用事を済ませてきてくれ。私はすぐに修理と調整を始めなければならない。少なくとも三日三晩はかかるだろう。
25852	Each HIT with your ^{1}【Highness Heal】^{2} grants one ^{3}^{4}【Rhythm】^{5}^{6} effect lasting ${1} seconds. Upon reaching ${2} Floors, you cast ^{7}^{8}【Resonance】^{9}^{10} on yourself and clear all ^{11}^{12}【Rhythm】^{13}^{14} Floors.	^{1}【ハイネスヒール】^{2}が1回命中するたび、${1}秒間持続する^{3}^{4}【リズム】^{5}^{6}を1スタック獲得します。${2}スタックに達すると、自身に^{7}^{8}【レゾナンス】^{9}^{10}を発動し、すべての^{11}^{12}【リズム】^{13}^{14}スタックを解除します。
25853	When ^{1}^{2}[Holy Cross]^{3}^{4} hits an enemy, it additionally casts [Cross Blast] on them, dealing PATK*${3}%+${4} Neutral melee Physical damage to up to ${2} enemies within ${1} meters of the target. Internal Cooldown: ${5} seconds.	^{1}^{2}[ホーリークロス]^{3}^{4}が敵に命中すると、追加で対象に[クロスブラスト]を発動し、対象の周囲${1}m以内の最大${2}体の敵へPATK*${3}%+${4}の無属性近接物理ダメージを与えます。内部クールダウン：${5}秒。
25854	【Axe Tornado】 and 【Axe Tornado - Enhance】 gain ^{1}@{1}%^{2} DMG Bonus. While casting 【Axe Tornado - Enhance】, periodically pulls up to ^{5}@{3}^{6} Enemy Team targets within a ^{3}@{2}^{4}-meter radius toward the center of the tornado.	【アックストルネード】と【アックストルネード - 強化】のダメージボーナスが^{1}@{1}%^{2}増加します。【アックストルネード - 強化】使用中、一定間隔で半径^{3}@{2}^{4}m以内の敵チームの対象を最大^{5}@{3}^{6}体、竜巻の中心へ引き寄せます。
25855	While in the ^{1}【Dragon Form】^{2} state, each HIT on an enemy with 【Cleaving Slash】 has a Chance to reset 【Sky-Rending Impact】's cooldown. The Chance increases with each skill cast. This can only trigger once per ^{3}【Dragon Form】^{4}.	^{1}【ドラゴン変身】^{2}状態中、【クリービングスラッシュ】が敵に命中するたび、【スカイレンディングインパクト】のクールダウンがリセットされる確率が発生します。この確率はスキルを使用するたびに上昇します。1回の^{3}【ドラゴン変身】^{4}につき1度だけ発動します。
25856	You passed through a lush forest.|You passed through a lush forest.|You passed through a lush forest.|You passed through a lush forest.|You passed through a lush forest.|You passed through a lush forest.|You passed through a lush forest.	緑豊かな森を通り抜けた。|緑豊かな森を通り抜けた。|緑豊かな森を通り抜けた。|緑豊かな森を通り抜けた。|緑豊かな森を通り抜けた。|緑豊かな森を通り抜けた。|緑豊かな森を通り抜けた。
25857	@{1}.The preparation phase lasts @{2} minutes. Once it ends, you can no longer enter this area, so avoid leaving during the preparation phase.\n@{3}.The quiz begins immediately after the preparation phase. Watch for the question details.	@{1}.準備フェーズは@{2}分間続きます。終了後はこのエリアに入れなくなるため、準備フェーズ中はエリアから出ないようにしてください。\n@{3}.準備フェーズ終了後、すぐにクイズが始まります。問題内容をよく確認してください。
25858	It'll definitely be dangerous in there. It is Maya's lair, after all. But... it'd be such a shame if those ants hurt you, little one. By the way, is your Pet for sale? Name your price! I'll even trade you a newly refined, high-grade Pet!	中は絶対に危険だよ。何しろマヤーの巣だからね。でも……あんなアリどもに君が傷つけられたら、かわいそうだなあ。ところで、そのペットは売り物かい？言い値で買うよ！精錬したての高級ペットとの交換でもいい！
25859	That's what old friends are for. Oh, right, ^{1}PlayerName^{2}. Phines asked me to give you this thing. He called it a "Pet Incubator," but didn't explain how to use it. He just said to return to Prontera and ask a Pet Merchant about it.	古い友人なら当然さ。ああ、そうだ、^{1}PlayerName^{2}。フィネスからこれを君に渡すよう頼まれていたんだ。「ペットインキュベーター」と呼んでいたけど、使い方は教えてくれなかった。プロンテラに戻って、ペット商人に聞いてみろとだけ言っていたよ。
25860	Charge Up a spiraling mass of energy, then hurl your Spear toward a locked target within @{1} meters. Charge to the Spear's location and Deals DMG equal to ^{1}@{4}%^{2} once to up to @{3} enemies along the @{2}-meter-wide throwing path.	渦巻くエネルギーをチャージし、@{1}m以内のロックした対象へ槍を投げます。その後、槍の位置まで突進し、幅@{2}mの投擲経路上にいる最大@{3}体の敵へ^{1}@{4}%^{2}のダメージを1回与えます。
25861	Using 【Shadowguard】, 【Thousand Shadows】, or 【Circling Shadow】 will ^{1}reset this skill's cooldown^{2}. Choose a direction to dash as a phantom. Movement: ${1} meters in the chosen direction. Gain ^{3}Endure^{4} while casting this skill.	【シャドウガード】、【サウザンドシャドウ】、【サークリングシャドウ】を使用すると^{1}このスキルのクールダウンがリセットされます^{2}。方向を選び、幻影となってダッシュします。移動距離：選択した方向へ${1}m。このスキルの使用中は^{3}インデュア^{4}を獲得します。
25862	Yeah, spicy rabbit head. It's pretty good. Once you've learned Magnum Break, I'll teach you how to roast one. (Hooks the hair band with the sword's scabbard and inspects it) This thing... (Suddenly shoves it into your hands) You take it!	ああ、辛いウサギの頭だ。けっこううまいぞ。マグナムブレイクを覚えたら、焼き方を教えてやる。（剣の鞘でヘアバンドを引っかけ、じっと眺める）こいつは……（突然あなたの手に押しつける）お前が持っていけ！
25863	When using ^{1}^{2}[Basic Attack]^{3}^{4} with a Mace, unleashes the power of holy light, dealing MATK*${3}%+${4} Neutral Ranged Magic damage to the enemy and up to ${2} enemies within a ${1}-meter radius. Internal Cooldown: ${5} seconds.	メイス装備中に^{1}^{2}[通常攻撃]^{3}^{4}を使用すると聖なる光の力を解放し、対象とその周囲${1}m以内の最大${2}体の敵へMATK*${3}%+${4}の無属性遠距離魔法ダメージを与えます。内部クールダウン：${5}秒。
25864	(Spins through the air in fury) I knew that guy was acting suspicious! Forget those stupid sandwiches—he must've stolen something and deliberately used them as bait to throw Fervor off his trail! Fervor, sniff around! Which way did he go?	（怒りながら空中でくるりと回る）やっぱりあいつ、怪しかったんだ！くだらないサンドイッチなんてどうでもいい。何かを盗んで、わざとあれを餌にしてファーヴァーの追跡をそらしたに違いない！ファーヴァー、匂いを嗅いで！どっちへ行った？
25865	Calls down an Angel's wrath on the designated ST enemy within ${1} meters, applying ^{1}${2}%^{2} ^{3}[Damage Taken Increase]^{4}. The ^{5}[Damage Taken Increase]^{6} effect lasts ${3} seconds and disappears after the target takes damage.	${1}m以内の指定した単体の敵に天使の怒りを落とし、^{1}${2}%^{2}の^{3}[被ダメージ増加]^{4}を付与します。^{5}[被ダメージ増加]^{6}は${3}秒間持続し、対象がダメージを受けると解除されます。
25866	【Spear Formation - Blood Cross】's percentage damage multiplier increases by ^{1}${1}%^{2}. While 【Over Brand】 is active, 【Spear Formation - Blood Cross】 inflicts ^{5}Slow^{6} by ^{3}${3}% for ${2}^{4} seconds on targets hit. Cannot stack.	【スピアフォーメーション - ブラッドクロス】のダメージ倍率が^{1}${1}%^{2}増加します。【オーバーブランド】発動中、【スピアフォーメーション - ブラッドクロス】が命中した対象に、${2}秒間^{3}${3}%の^{5}減速^{6}を付与します^{4}。重複不可。
25867	When a Basic Attack crits (internal cooldown: ${1}s), your ^{1}${2}^{2} Crit increases for ${3}s, stacking up to ${4} times. Your 【Assassin Normal Attack】 Crit Chance increases by ^{3}${5}%^{4}, but its damage is reduced by ^{5}${6}%^{6}.	通常攻撃がクリティカルになると（内部クールダウン：${1}秒）、自身の^{1}${2}^{2}クリティカルが${3}秒間増加し、最大${4}回まで重複します。【アサシン通常攻撃】のクリティカル率が^{3}${5}%^{4}増加しますが、ダメージは^{5}${6}%^{6}減少します。
25868	Fires a hurricane arrow through a @{1} m * @{2} m area in the designated direction, continuously dealing ATK * ^{1}@{4}%^{2} damage to up to @{3} enemies along its path. Movement Speed increases by ^{3}@{5}%^{4} while the skill is active.	指定方向の@{1}m * @{2}m範囲へハリケーンアローを放ち、経路上の最大@{3}体の敵にATK * ^{1}@{4}%^{2}のダメージを継続的に与えます。スキル発動中、移動速度が^{3}@{5}%^{4}増加します。
25869	After casting 【Storm Gust】, immediately triggers @{1} 【Frost Explosion】, dealing Water ranged magic damage equal to Magic ATK * ${3}% to up to ${2} enemies within ${1}m, with a ${4}% Chance to inflict ^{1}^{2}【Frozen】^{3}^{4} for ${5} sec.	【ストームガスト】使用後、即座に@{1}回【フロストエクスプロージョン】を発動し、${1}m以内の最大${2}体の敵へ魔法攻撃力 * ${3}%の水属性遠距離魔法ダメージを与え、${4}%の確率で^{1}^{2}【凍結】^{3}^{4}を${5}秒間付与します。
25870	These magic experts own overwhelming magic potential already, but now their magics are at a complete different level: they are capable of wielding the power of Neutral magics, or even utilizing their Psychokinesis power to control gravity.	圧倒的な魔力を持つ魔法の達人たちは、今やさらに高次の領域へ到達しています。無属性魔法の力を操り、さらには念動力で重力すら制御することができます。
25871	The Supply Transport event has ended. During this event, all Members transported a total of ^{1}${1}^{2}/${2} Military Supplies.\nThe top three Members by supplies transported were: \n${3}  ${4} points\n${5}  ${6} points\n${7}  ${8} points	物資輸送イベントが終了しました。イベント期間中、全メンバーが輸送した軍需物資は合計^{1}${1}^{2}/${2}です。\n輸送量上位3名：\n${3}  ${4}ポイント\n${5}  ${6}ポイント\n${7}  ${8}ポイント
25872	When an ^{1}Offensive-type^{2} or ^{3}Debuff-type^{4} Primary Battle Skill Deals DMG to an enemy, it deals an Extra @{1} hits of Fire Ranged ^{9}Adaptive Damage^{10} totaling the owner's ^{5}Adaptive Attack^{6}*^{7}${1}%^{8} to the target.	^{1}攻撃型^{2}または^{3}デバフ型^{4}の主要戦闘スキルが敵にダメージを与えると、対象へ所有者の^{5}適応攻撃^{6}*^{7}${1}%^{8}、合計@{1}回分の火属性遠距離^{9}適応ダメージ^{10}を追加で与えます。
25873	[King's Grace] increases the percentage of damage shared with allies by ^{1}${1}%^{2} and grants you a Shield equal to Max HP * ^{3}${3}%^{4}. When [King's Grace] ends, restores HP equal to damage taken during its duration * ^{5}${2}%^{6}.	[キングスグレイス]の味方へのダメージ分担率が^{1}${1}%^{2}増加し、自身に最大HP * ^{3}${3}%^{4}のシールドを付与します。[キングスグレイス]終了時、効果中に受けたダメージ * ^{5}${2}%^{6}に相当するHPを回復します。
25874	Command shadows to stomp down from above, dealing a total of Physical ATK*^{1}${3}%*(@{1}+Attack Speed*@{2}）^{2} as Neutral melee Physical damage to up to ${2} enemies within a ${1}-meter radius. Gain ^{3}Endure^{4} while using this skill.	影に命じて上空から踏みつけさせ、${1}m以内の最大${2}体の敵へ、物理攻撃力*^{1}${3}%*(@{1}+攻撃速度*@{2}）^{2}の合計無属性近接物理ダメージを与えます。このスキルの使用中は^{3}インデュア^{4}を獲得します。
25875	After casting, gain an effect that lasts ${1} sec. While active, ^{1}Basic Attack becomes Poison-property^{2}. When your Basic Attack deals damage, there is a ^{3}${2}%^{4} Chance to inflict ^{5}^{6}【Poisoned】^{7}^{8} damage on the target.	使用後、${1}秒間持続する効果を獲得します。効果中、^{1}通常攻撃が毒属性になります^{2}。通常攻撃でダメージを与えると、^{3}${2}%^{4}の確率で対象に^{5}^{6}【毒状態】^{7}^{8}ダメージを付与します。
25876	Deals Neutral melee Physical damage equal to Physical ATK*^{1}${3}%^{2} to up to ${2} enemies within a ${1}-meter semicircle in front of you and reduces the Cooldown of 【Shield Defense】 by ${4} sec. (can only trigger once every ${5} sec.).	前方${1}mの半円範囲内にいる最大${2}体の敵へ、物理攻撃力*^{1}${3}%^{2}の無属性近接物理ダメージを与え、【シールドディフェンス】のクールダウンを${4}秒短縮します（${5}秒ごとに1回のみ発動）。
25877	Your daily Stall Trade activity is factored into your Reputation assessment.\nRaising your Reputation level shortens the item Trade review period.\nPlease follow the game's Trade rules and help maintain a fair, positive trading environment.	毎日の露店取引活動は、信用評価に反映されます。\n信用レベルを上げると、アイテム取引の審査期間が短縮されます。\nゲームの取引ルールを守り、公平で健全な取引環境の維持にご協力ください。
25878	This battle consists of ^{1}seven stages^{2}. See the following tabs for detailed instructions on each stage.\nThe progress display has three states: the current stage is yellow, completed stages are green, and stages Yet to start are gray.	この戦闘は^{1}全7ステージ^{2}で構成されています。各ステージの詳細は、以下のタブから確認してください。\n進行表示には3つの状態があります。現在のステージは黄色、クリア済みは緑、未開始は灰色で表示されます。
25879	Melee Basic Attacks trigger a Splash effect within a @{1}-meter radius. (This Splash does not count as a Normal Attack effect.) Affects up to @{2} Extra targets, with damage reduced to @{3}% of the original. Internal Cooldown: @{4} seconds.	近接通常攻撃が@{1}m範囲のスプラッシュ効果を発生させます。（このスプラッシュは通常攻撃効果として扱われません。）最大@{2}体の追加対象に影響し、ダメージは元の@{3}%に減少します。内部クールダウン：@{4}秒。
25880	While ^{1}^{2}[Parry]^{3}^{4} is active, casting ^{5}^{6}[Basic Attack]^{7}^{8} triggers Triple Slash, which Deals DMG to the target over @{1} hits for a total of PATK * ${1}% + ${2} as Neutral Melee Physical damage. Cooldown: ${3} seconds.	^{1}^{2}[パリィ]^{3}^{4}発動中、^{5}^{6}[通常攻撃]^{7}^{8}を使用するとトリプルスラッシュが発動し、対象へ@{1}回にわたり合計PATK * ${1}% + ${2}の無属性近接物理ダメージを与えます。クールダウン：${3}秒。
25881	That evening, just as I was about to close the shop, a gentleman passed by. His clothes were a little worn, and he looked exhausted, but... he was so handsome! He had this melancholy air, like a noble knight fallen on hard times in a story!	その日の夕方、店を閉めようとしていた時、一人の紳士が通りかかったんです。服は少しくたびれていて、とても疲れているようでした。でも……すごく格好よかったんですよ！物語に出てくる、落ちぶれた高貴な騎士みたいな憂いを帯びていて！
25882	Bongun claps its hands together to unleash demonic energy, dealing ^{1}${3}%^{2} Neutral melee ^{3}adaptive damage^{4} to up to ${2} enemies within ${1} meters of the master, plus ^{5}${4}%^{6} Poison melee ^{7}adaptive damage^{8} in total.	ボンゴンが両手を打ち合わせて妖気を放ち、主人から${1}m以内の最大${2}体の敵へ^{1}${3}%^{2}の無属性近接^{3}適応ダメージ^{4}と、合計^{5}${4}%^{6}の毒属性近接^{7}適応ダメージ^{8}を与えます。
25883	Unleashes a rain of arrows at a target area with a ${2}-meter radius within ${1} meters, dealing Neutral ranged Physical damage equal to Physical ATK *^{1}${4}%^{2} to up to ${3} enemies. Damage dealt to monsters increases by ^{3}${5}%^{4}.	${1}m以内の半径${2}mの指定範囲へ矢の雨を降らせ、最大${3}体の敵に物理攻撃力 *^{1}${4}%^{2}の無属性遠距離物理ダメージを与えます。モンスターへの与ダメージが^{3}${5}%^{4}増加します。
25884	Summons countless shadows to attack enemies, dealing a total of Physical ATK*^{1}${3}%*(@{1}+Attack Speed*@{2})^{2} Neutral melee Physical damage to up to ${2} enemies within ${1}m. Grants the caster ^{3}Endure^{4} while casting this skill.	無数の影を召喚して敵を攻撃し、${1}m以内の最大${2}体の敵へ、物理攻撃力*^{1}${3}%*(@{1}+攻撃速度*@{2})^{2}の合計無属性近接物理ダメージを与えます。スキル使用中、使用者は^{3}インデュア^{4}を獲得します。
25885	Spear-exclusive skill. Throws an Explosive Spear at the target, dealing Neutral Ranged Physical damage equal to PATK * ^{1}${2}%+${3}^{2} to the designated ST enemy within ${1} meters and ${5} Other enemies within ${4} meters of the target.	槍専用スキル。対象へ爆発槍を投げ、${1}m以内の指定した単体の敵と、対象から${4}m以内の最大${5}体の敵へPATK * ^{1}${2}%+${3}^{2}の無属性遠距離物理ダメージを与えます。
25886	Increases Shadowless Fang's base damage. On HIT, deals Extra AoE damage to up to @{2} enemies within a @{1}-meter radius of the target.\n(Triggers an AoE; its radius and maximum number of targets should be lower than the third job version.)	シャドウレスファングの基礎ダメージが増加します。命中時、対象から@{1}m以内の最大@{2}体の敵へ追加の範囲ダメージを与えます。\n（範囲攻撃が発生します。範囲と最大対象数は3次職版より小さく設定されます。）
25887	When ^{1}^{2}[Hammer Fall]^{3}^{4} is cast, it unleashes [Earth Spike] against ${1} enemies within the area, dealing PATK*${2}%+${3} Neutral melee Physical damage and gaining a ${4}% Chance to inflict ^{5}^{6}[Stun]^{7}^{8} for ${5} seconds.	^{1}^{2}[ハンマーフォール]^{3}^{4}使用時、範囲内の${1}体の敵へ[アーススパイク]を放ち、PATK*${2}%+${3}の無属性近接物理ダメージを与え、${4}%の確率で^{5}^{6}[スタン]^{7}^{8}を${5}秒間付与します。
25888	^{1}PlayerName^{2}, she may have been acting all mysterious... but I can't shake the feeling that she's known you for a very long time. Oh well. Let's check on that Party Leader first. As for this compass... You should hold on to it for now.	^{1}PlayerName^{2}、彼女はずいぶん謎めいた振る舞いをしていたけど……ずっと昔から君を知っているような気がしてならないんだ。まあいい。まずはあのパーティリーダーの様子を見に行こう。このコンパスは……しばらく君が持っていてくれ。
25889	An upgraded Camouflage. After casting, enter the ^{1}【Enhanced Camouflage】^{2} state for @{1} seconds, increasing Movement Speed by ^{3}@{2}%^{4}. The ^{5}【Enhanced Camouflage】^{6} state ends after taking damage @{3} times or dealing damage.	強化されたカモフラージュ。使用後@{1}秒間、^{1}【強化カモフラージュ】^{2}状態になり、移動速度が^{3}@{2}%^{4}増加します。^{5}【強化カモフラージュ】^{6}は、@{3}回ダメージを受けるか、ダメージを与えると解除されます。
25890	Places a Claymore Trap within ${1}m. When an enemy enters the Trap's ${2}m trigger radius, it explodes, dealing Physical ATK*^{1}${5}%+${6}^{2} Fire ranged Physical damage to up to ${4} enemies within a ${3}m radius. The Trap lasts ${7} sec.	${1}m以内にクレイモアトラップを設置します。敵がトラップの${2}mの感知範囲に入ると爆発し、半径${3}m以内の最大${4}体の敵へ物理攻撃力*^{1}${5}%+${6}^{2}の火属性遠距離物理ダメージを与えます。トラップは${7}秒間持続します。
25891	After a @{1}-second warning, Launch a Dark Pulse at one player. After hitting the first player, the Dark Pulse launches toward other players until all players have been hit. Each launch damages players on HIT and destroys Horongs in its path	@{1}秒の予告後、1人のプレイヤーへダークパルスを放ちます。最初のプレイヤーに命中すると、全プレイヤーに命中するまで他のプレイヤーへ次々と飛んでいきます。飛ぶたびに命中したプレイヤーへダメージを与え、経路上のホロンを破壊します。
25892	@{1}.When using 【Right Mouse Button (+Shift)】 to Adjust Camera, use Ctrl + Right Mouse Button to adjust the camera Distance.\n@{2}.When using 【Mouse Left Tap (+Shift)】 to Adjust Camera, use Ctrl + Mouse Left Tap to adjust the camera Distance.	@{1}.【マウス右ボタン（+Shift）】でカメラを調整する場合、Ctrl + マウス右ボタンでカメラ距離を調整できます。\n@{2}.【マウス左クリック（+Shift）】でカメラを調整する場合、Ctrl + マウス左クリックでカメラ距離を調整できます。
25893	A mysterious Metal known as Oridecon. Harder than anything else, it was discovered by the Enhance Association to be useful for refining weapons and accessories.\n^{1} Use: Can be used to refine weapons and accessories from +@{1} to +@{2} ^{2}	オリデオコンと呼ばれる神秘的な金属。何よりも硬く、強化協会によって武器やアクセサリーの精錬に役立つことが発見されました。\n^{1} 用途：+@{1}から+@{2}までの武器とアクセサリーの精錬に使用できます ^{2}
25894	In ^{1}Payon^{2}, head to the ^{3}left side of the open area just inside the courtyard gate^{4}, behind Scholar Biko. A crack in the left boot heel of the ^{5}stone statue^{6} is large enough to conceal a small object. The secret waits there.	^{1}フェイヨン^{2}では、学者ビコの後ろ、^{3}中庭の門を入ってすぐの広場左側^{4}へ向かってください。^{5}石像^{6}の左足の靴底にある亀裂は、小さな物を隠せるほど大きくなっています。秘密はそこにあります。
25895	@{1}.Cards of Purple Quality or higher can be added to the Collection.\n@{2}.Use @{3} cards of the same quality to obtain one random Collection Card of that quality.\n@{4}.Collection Cards feature ornate card art and slightly enhanced effects.	@{1}.紫品質以上のカードはコレクションに登録できます。\n@{2}.同じ品質のカードを@{3}枚使用すると、その品質のランダムなコレクションカードを1枚獲得できます。\n@{4}.コレクションカードには豪華なカードアートが施され、効果もわずかに強化されています。
25896	\n● Players with vehicle access can operate a Madogear Pilot at the workshop\n● The Madogear Pilot has a recovery Orbit that restores Life to nearby allies\n● The Madogear Pilot is extremely powerful and can help your side push the front line.	\n● 車両使用権限を持つプレイヤーは、工房で魔導ギアを操作できます\n● 魔導ギアは、周囲の味方のHPを回復するリカバリーオービットを備えています\n● 魔導ギアは非常に強力で、味方の前線を押し上げる助けになります。
25897	Launch hurricane arrows into a @{1}-meter by @{2}-meter area in the designated direction, continuously dealing ATK * ^{1}@{4}%^{2} damage to up to @{3} enemies along the path. Movement Speed increases by ^{3}@{5}%^{4} for the skill's duration.	指定方向の@{1}m×@{2}mの範囲へハリケーンアローを放ち、経路上の最大@{3}体の敵にATK * ^{1}@{4}%^{2}のダメージを継続的に与えます。スキル効果中、移動速度が^{3}@{5}%^{4}増加します。
25898	You have successfully used Impeach. Rally ${2} Guild Members to Respond to Impeachment within ${1} hours to secure a Successful Impeachment. Afterward, you will become the Guild Leader, and the former Guild Leader will become a regular Member.	弾劾を使用しました。${1}時間以内に${2}人のギルドメンバーを集めて弾劾に賛同してもらうと、弾劾が成立します。成立後、あなたがギルドリーダーとなり、元ギルドリーダーは一般メンバーになります。
25899	A novice practitioner and new Member of the Church, the Praiser Priest Acolyte can use Divine Light on themselves and allies while providing numerous buffs and removing debuffs. They are also highly effective against Undead and Demon monsters.	教会に入ったばかりの新米修行者であるプレイザープリースト・アコライトは、自身や味方にディバインライトを使用でき、多数のバフ付与とデバフ解除を行えます。不死属性や悪魔種族のモンスターにも高い効果を発揮します。
25900	A highest-ranking cleric who has mastered extremely advanced divine arts for wide-area recovery and AoE buffs. The Praiser Priest Archbishop gains greatly improved survivability and AoE recovery, as well as the ability to grant allies Respawn.	非常に高度な神聖術を極め、広範囲回復と範囲バフを操る最高位の聖職者。プレイザープリースト・アークビショップは、生存力と範囲回復能力が大幅に向上し、味方に復活効果を付与することもできます。
25901	Increases the Maximum Number of Targets for ^{1}Debuff-type^{2} or ^{3}Control-type^{4} Primary Battle Skills by ${1} (the number of designated targets for ST skills remains unchanged), but reduces the Skill Damage Multiplier by ^{5}${2}%^{6}.	^{1}デバフ型^{2}または^{3}コントロール型^{4}の主要戦闘スキルの最大対象数が${1}増加します（単体スキルの指定対象数は変わりません）が、スキルダメージ倍率が^{5}${2}%^{6}減少します。
25902	Fox Immortal summons a refreshing breeze in a ${1}-meter-by-${2}-meter rectangular area ahead, dealing Magic ATK*^{1}${4}%^{2} Neutral ranged Magic damage to up to ${3} enemies. Hit enemies deal ^{3}${5}%^{4} less Wind damage for ${6} seconds.	フォックスイモータルが前方${1}m×${2}mの長方形範囲に爽やかな風を呼び、最大${3}体の敵へ魔法攻撃力*^{1}${4}%^{2}の無属性遠距離魔法ダメージを与えます。命中した敵の風属性与ダメージが${6}秒間^{3}${5}%^{4}減少します。
25903	Increases the Maximum Number of Targets of ^{1}Debuff-type^{2} and ^{3}Control-type^{4} Primary Battle Skills by ^{5}${1}^{6} (the number of designated targets for ST skills remains unchanged), but increases their Cooldown by ^{7}${2}^{8} sec.	^{1}デバフ型^{2}および^{3}コントロール型^{4}の主要戦闘スキルの最大対象数が^{5}${1}^{6}増加します（単体スキルの指定対象数は変わりません）が、クールダウンが^{7}${2}^{8}秒増加します。
25904	Strike the target with the power of the soul, dealing ranged Ghost magic damage equal to Magic ATK*^{1}${2}%^{2} to the designated ST enemy within ${1} meters. While in 【Reading】, consume @{1} stacks of 【Pages】 to cast this skill 1 Extra time.	魂の力で対象を攻撃し、${1}m以内の指定した単体の敵へ魔法攻撃力*^{1}${2}%^{2}の念属性遠距離魔法ダメージを与えます。【リーディング】状態中は【ページ】を@{1}スタック消費し、このスキルを追加で1回発動します。
25905	Unique Effect: Casting a skill or using a Normal Attack grants maximum Floors of the 【Magic Mark】 magic damage buff. Initial limit: @{1} Floors. Duration: @{2} sec. While 【Magic Mark】 is active, each Floor increases your Magic damage by @{3}%.	固有効果：スキル使用または通常攻撃を行うと、魔法ダメージバフ【マジックマーク】が最大スタックまで付与されます。初期上限：@{1}スタック。持続時間：@{2}秒。【マジックマーク】発動中、1スタックごとに魔法ダメージが@{3}%増加します。
25906	The BOSS targets @{1} players and creates a sand tornado at each player's current location with a @{2}-second warning and a radius of @{3}m. It then locks onto the player farthest from the tornado and moves in that direction after @{4} seconds	BOSSが@{1}人のプレイヤーを対象にし、それぞれの現在位置に@{2}秒の予告後、半径@{3}mの砂の竜巻を生成します。その後、竜巻から最も遠いプレイヤーをロックし、@{4}秒後にその方向へ移動します。
25907	@{1}.Each player can have up to @{2} Cross-server Friends.\n@{3}.After a server merge, Cross-server Friends will automatically be added to the My Friends list.\n@{4}.Cross-server Friends can form parties for some content, but cannot send gifts.	@{1}.クロスサーバーフレンドは、1人につき最大@{2}人まで登録できます。\n@{3}.サーバー統合後、クロスサーバーフレンドは自動的に「マイフレンド」リストへ追加されます。\n@{4}.クロスサーバーフレンドとは一部コンテンツでパーティを組めますが、ギフトは送れません。
25908	The Fairy Enchantress performs the Dance of Immortal Grace, granting up to ${4} allies within ${1} meters a shield equal to ^{1}${2}%^{2} of her Max Life for ${3} seconds. While the shield is active, they gain ^{3}^{4}【Debuff Immunity】^{5}^{6}.	フェアリーエンチャントレスが仙恩の舞を踊り、${1}m以内の最大${4}人の味方に、自身の最大HPの^{1}${2}%^{2}に相当するシールドを${3}秒間付与します。シールド発動中、対象は^{3}^{4}【デバフ無効】^{5}^{6}を獲得します。
25909	^{1}^{2}【High Speed Cart Ram】^{3}^{4} triggers 【Explosive Strike】 an Extra @{1} times when cast, dealing Neutral melee Physical damage equal to PATK * ${3}% + ${4} to up to ${2} enemies within ${1} meters. This effect has a ${5}-second Cooldown.	^{1}^{2}【ハイスピードカートラム】^{3}^{4}使用時、追加で@{1}回【エクスプローシブストライク】を発動し、${1}m以内の最大${2}体の敵へPATK * ${3}% + ${4}の無属性近接物理ダメージを与えます。この効果のクールダウンは${5}秒です。
25910	A moonlight-silver satin gown cascades downward, with crystal bead strands flowing across the waist like a river of stars. The mermaid hem blooms into delicate pleats, glowing icy blue with every movement, as though the night sky became a dress.	月光のような銀色のサテンドレスが流れ落ち、クリスタルビーズの連なりが星の川のように腰元を彩る。マーメイドラインの裾は繊細なプリーツとなって広がり、動くたびに氷青色の輝きを放つ。まるで夜空そのものをドレスに仕立てたかのようだ。
25911	Now that you've advanced, there's something I have to teach you—Refine! It's Midgard's greatest form of "legal gambling." Come on, hand over your equipment and let's see if we can smash it to pieces... Er, I mean, send it soaring to new heights!	転職も済んだことだし、教えておかなきゃならないことがある――精錬だ！ミッドガルド最高の「合法ギャンブル」さ。さあ、装備をよこしな。木っ端みじんに砕けるか……いやいや、とんでもなく高く跳ね上がるか、試してみようじゃないか！
25912	"When the Klein Cube was swallowed by the Eternal Land, the first gears engaged—the void split into golden patterns, only to collapse into darkness in an instant. Yet the music played on, performing the eternal struggle between order and chaos."	「クラインキューブが永遠の地に呑み込まれた時、最初の歯車が噛み合った――虚空は黄金の紋様へ裂け、次の瞬間には闇へ崩れ落ちた。それでも音楽は鳴り続け、秩序と混沌の永遠のせめぎ合いを奏でていた。」
25913	When casting a ^{1}Recovery-type^{2} or ^{3}Buff-type^{4} Primary Battle Skill, reduces the Physical and Magic ATK of up to ${2} enemies within a ${1}-meter radius of the owner by ^{5}${3}%^{6} and inflicts ^{7}【Sluggish】^{8} ${4}% for ${5} sec.	^{1}回復型^{2}または^{3}バフ型^{4}の主要戦闘スキルを使用すると、所有者の周囲${1}m以内の最大${2}体の敵の物理攻撃力と魔法攻撃力を^{5}${3}%^{6}減少させ、^{7}【鈍足】^{8} ${4}%を${5}秒間付与します。
25914	The percentage damage multiplier of all forms of 【Rain of Spears】 is increased by ^{1}${1}%^{2}. The number of 【Precision Thrust】 casts required to gain ^{3}${2}^{4} stacks of 【Rain of Spears】 Charge is reduced from ^{5}${3}^{6} to ^{7}${4}^{8}.	すべての形態の【レインオブスピア】のダメージ倍率が^{1}${1}%^{2}増加します。^{3}${2}^{4}スタックの【レインオブスピア】チャージを獲得するために必要な【レインオブスピア】の使用回数が、^{5}${3}^{6}回から^{7}${4}^{8}回に減少します。
25915	Cast in a selected direction to perform Movement ${1} meters away from the target and enter the ^{1}^{2}【Hiding】^{3}^{4} state for ${2} seconds.\nDealing or taking damage a total of ^{5}${3}^{6} times immediately ends the ^{7}【Hiding】 state^{8}.	選択した方向へ使用し、対象から離れる方向に${1}m移動して、${2}秒間^{1}^{2}【ハイディング】^{3}^{4}状態になります。\nダメージを与えるか受ける回数の合計が^{5}${3}^{6}回に達すると、^{7}【ハイディング】状態^{8}は即座に解除されます。
25916	Conqueror slots within the guild will be automatically assigned based on the Guild Merit Rankings;\nOfficers of the top three guilds in the Territory War Points Rankings will automatically receive Conqueror rewards without using a Conqueror slot.	ギルド内の征服者枠は、ギルド功績ランキングに応じて自動的に割り当てられます。\n領地戦ポイントランキング上位3ギルドの役員は、征服者枠を消費せず自動的に征服者報酬を獲得します。
25917	While ^{1}^{2}[Parry]^{3}^{4} is active, casting ^{5}^{6}[Basic Attack]^{7}^{8} triggers Sweep, which Deals DMG equal to PATK * ${3}% + ${4} as Neutral Melee Physical damage to up to ${2} enemies within ${1} meters of you. Cooldown: ${5} seconds.	^{1}^{2}[パリィ]^{3}^{4}発動中、^{5}^{6}[通常攻撃]^{7}^{8}を使用するとスイープが発動し、自身から${1}m以内の最大${2}体の敵へPATK * ${3}% + ${4}の無属性近接物理ダメージを与えます。クールダウン：${5}秒。
25918	Golden threads shimmer through nine-hued robes, inspired by Dunhuang's flying apsaras. Its sleeves dance like swirling ribbons, blending the spirit of the Silk Road with Eastern grace. Every detail radiates classical elegance and ethereal beauty.	九色の衣には金糸がきらめき、敦煌の飛天を思わせる。袖は舞う帯のように翻り、シルクロードの趣と東洋の優雅さが溶け合っている。細部のひとつひとつが、古典の気品と天上の美しさを放つ。
25919	New here? I've got a 【Hardcore Grinder's Secret Elixir】 that'll keep you sharp and alert, even if it burns through your Life. It works like a charm—I use it myself! You look like a good sort, so I'll charge you just 8 tenths of the regular price!	新入りかい？【廃人御用達の秘薬】ならあるぞ。HPを削りはするが、頭は冴えて眠気知らずだ。効果は保証する、俺も使ってるからな！気に入ったから、通常価格の8割で売ってやるよ！
25920	●The dragon is sealed at the center of Dragon Sarcophagus Isle. Monsters will continuously surge toward the center in an attempt to break the seal. Any monster that reaches the seal will damage it, so be sure to defeat them before they get close.	●竜はドラゴンコフィン島の中心に封印されています。モンスターは封印を破るため、絶えず中心へ押し寄せます。封印に到達したモンスターは封印へダメージを与えるため、近づく前に必ず倒してください。
25921	Deals ${2}% Neutral melee Physical damage to the selected ST enemy within ${1} meters. Every ${3}% Attack Speed increases this damage by ${4}%. If cast while 【Hiding】, deals ${5}% Extra damage and ^{1}【Slows】^{2} the target by ${6}% for ${7} sec.	${1}m以内の選択した単体の敵へ${2}%の無属性近接物理ダメージを与えます。攻撃速度が${3}%上昇するごとに、このダメージが${4}%増加します。【ハイディング】中に使用すると、追加で${5}%のダメージを与え、対象へ^{1}【減速】^{2}${6}%を${7}秒間付与します。
25922	Grants yourself the ^{1}【Reading】^{2} status. While active, the next time you cast 【Comet】, 【Tetra Vortex】, 【Frost Blast】, 【Earth Strain】, 【Crimson Rock】, 【Thunderbolt】, or 【White Imprison】, the corresponding skill effect triggers one Extra time.	自身に^{1}【リーディング】^{2}状態を付与します。効果中、次に【コメット】、【テトラボルテックス】、【フロストブラスト】、【アースストレイン】、【クリムゾンロック】、【サンダーボルト】、【ホワイトインプリズン】のいずれかを使用すると、対応するスキル効果が追加で1回発動します。
25923	This reality show is presented by the Rekenber Corporation, a conglomerate, and held in the Rune-Midgarts Kingdom in partnership with the Kafra Corporation. Adventurers battle one another, and the final victor will receive the show's Grand Prize.	このリアリティショーは複合企業レッケンベル社の提供により、カプラ社との提携のもとルーンミッドガッツ王国で開催されます。冒険者同士が競い合い、最後まで勝ち残った者には番組のグランプリが贈られます。
25924	Safe Zone: Other players cannot attack you, but beware—monsters are still hostile.\nConflict Zone: Switch to Guild Mode/Free Mode to attack other players. Stay alert!\nWar Zone: You can freely attack Guild Members and may also switch to Free Mode!	安全地帯：他のプレイヤーから攻撃されません。ただしモンスターは敵対したままなので注意してください。\n紛争地帯：ギルドモード／フリーモードへ切り替えると、他のプレイヤーを攻撃できます。警戒を怠らないでください！\n戦争地帯：ギルドメンバーも自由に攻撃でき、フリーモードへの切り替えも可能です！
25925	Haha, don't worry! Our leader is handling this personally, and with such a capable new recruit helping us, we'll bring Professor Lain back safe and sound. He's essential to the research on the 【Nail of World Law】. We'll protect him with our lives!	はは、心配するな！今回はリーダー自ら動いているし、こんなに頼れる新人まで手伝ってくれるんだ。レイン教授は必ず無事に連れ戻す。【世界法則の釘】の研究に欠かせない人物だからな。命に代えても守り抜く！
25926	Bongun claps both hands together to unleash demonic energy, dealing Pet Physical ATK*^{1}${3}%^{2} Neutral melee Physical damage to up to ${2} enemies within ${1} meters, plus a total of Pet Physical ATK*^{3}${4}%^{4} Poison melee Physical damage.	ボンゴンが両手を打ち合わせて妖気を放ち、${1}m以内の最大${2}体の敵へペット物理攻撃力*^{1}${3}%^{2}の無属性近接物理ダメージと、合計ペット物理攻撃力*^{3}${4}%^{4}の毒属性近接物理ダメージを与えます。
25927	Every @{1} casts, Highness Heal will Level-up into 【Manifestation】. When cast, it manifests a shattered Orbit and chains once to up to @{3} allies within @{2} meters of the target. If a chained target is a party Member, they receive Extra healing.	@{1}回使用するたび、ハイネスヒールが【マニフェステーション】へ強化されます。使用すると砕けたオービットが具現化し、対象から@{2}m以内の最大@{3}人の味方へ1回連鎖します。連鎖対象がパーティメンバーの場合、追加回復を受けます。
25928	Katar-exclusive skill. Quickly spin in place, dealing ^{1}@{3}%^{2} Physical damage to up to @{2} enemies within @{1} meters and adding @{4} blades to Cross Ripper Slasher, up to a maximum of @{5}. ^{3}This skill is treated as a Normal Attack^{4}.	カタール専用スキル。その場で素早く回転し、@{1}m以内の最大@{2}体の敵へ^{1}@{3}%^{2}の物理ダメージを与え、クロスリッパースラッシャーにブレードを@{4}枚追加します。最大@{5}枚まで。^{3}このスキルは通常攻撃として扱われます^{4}。
25929	When 【Fire Bolt】, 【Cold Bolt】, 【Lightning Bolt】, or 【Earth Spike】 hits, there is a ${1}% Chance to trigger @{1} 【Elemental Pursuit】, dealing Neutral ranged magic damage equal to Magic ATK * ${2}% to the target. This effect has a ${3}-sec. Cooldown.	【ファイアーボルト】、【コールドボルト】、【ライトニングボルト】、【アーススパイク】が命中すると、${1}%の確率で@{1}回【エレメンタルパースート】が発動し、対象へ魔法攻撃力 * ${2}%の無属性遠距離魔法ダメージを与えます。この効果のクールダウンは${3}秒です。
25930	Drake^{1}performs @{1} consecutive Movement thrusts toward the player^{2}, damaging targets along his path and leaving^{3}an afterimage at the starting point of each thrust^{4}. The afterimage will^{5}Repeat Drake's attack once^{6}, then disappear.	ドレイクが^{1}プレイヤーへ向かって@{1}回連続で突進移動し^{2}、経路上の対象にダメージを与え、各突進の開始地点に^{3}残像を残します^{4}。残像は^{5}ドレイクの攻撃を1回再現して^{6}消滅します。
25931	Launch a shock cone at @{2} designated enemies within @{1} meters and up to @{4} enemies within @{3} meters of them, dealing ATK * ^{1}@{5}%^{2} damage, inflicting ^{3}【Knockback】^{4} for @{6} meters, and inflicting ^{5}【Stun】^{6} for @{7} seconds.	@{1}m以内の指定した@{2}体の敵と、その敵から@{3}m以内にいる最大@{4}体の敵へ衝撃波を放ち、ATK * ^{1}@{5}%^{2}のダメージを与え、@{6}mの^{3}【ノックバック】^{4}と@{7}秒間の^{5}【スタン】^{6}を付与します。
25932	A Plant with three heart-shaped leaves that blooms with White flowers from month @{1} to month @{2}. Four-leaf specimens can sometimes be found. This Plant is called a Lucky Clover, and Legend says it brings good LUK. Can be exchanged for Headwear.	ハート形の葉を3枚つけ、@{1}月から@{2}月に白い花を咲かせる植物。まれに四つ葉のものも見つかります。この植物はラッキークローバーと呼ばれ、幸運をもたらすと言い伝えられています。頭装備と交換できます。
25933	Bombards a ${1} m * ${2} m area in the designated direction, continuously dealing Physical ATK * ^{1}${4}%^{2} Neutral ranged Physical DMG to up to ${3} enemies along the path and increasing Movement Speed by ^{3}${5}%^{4} for the skill's duration.	指定方向の${1}m * ${2}m範囲を砲撃し、経路上の最大${3}体の敵へ物理攻撃力 * ^{1}${4}%^{2}の無属性遠距離物理ダメージを継続的に与えます。スキル効果中、移動速度が^{3}${5}%^{4}増加します。
25934	Deals Neutral melee Physical damage equal to Physical ATK*^{1}${3}%^{2} to up to ${5} enemy targets within a ${1}-meter radius and ^{3}pulls them in^{4}, while granting you ^{5}【Over Brand】^{6} for ${4} seconds. You can move while using this skill.	${1}m以内の最大${5}体の敵へ物理攻撃力*^{1}${3}%^{2}の無属性近接物理ダメージを与えて^{3}引き寄せ^{4}、自身に${4}秒間^{5}【オーバーブランド】^{6}を付与します。このスキルは移動しながら使用できます。
25935	Deals ^{1}${3}%+${4}^{2} Neutral Physical melee damage to up to ${2} enemies within ${1} meters, and increases your Physical DEF by ^{3}${5}^{4} for ${6} seconds. When this skill hits a monster, it greatly increases the monster's hatred toward you.	${1}m以内の最大${2}体の敵へ^{1}${3}%+${4}^{2}の無属性近接物理ダメージを与え、自身の物理防御力を${6}秒間^{3}${5}^{4}増加させます。このスキルがモンスターに命中すると、そのモンスターからのヘイトが大幅に増加します。
25936	After using ^{1}^{2}【Cart Revolution】^{3}^{4}, immediately trigger @{1} instances of 【Gunpowder Throw】, dealing Fire melee Physical damage equal to PATK * ${3}% + ${4} to up to ${2} enemies within ${1} meters. This effect has a ${5}-second Cooldown.	^{1}^{2}【カートレボリューション】^{3}^{4}使用後、即座に@{1}回【火薬投げ】を発動し、${1}m以内の最大${2}体の敵へPATK * ${3}% + ${4}の火属性近接物理ダメージを与えます。この効果のクールダウンは${5}秒です。
25937	Ilmo continuously beats the enchanted drum to charge an ultimate attack. Several areas appear on the ground. Players must ^{1}collect the Musical Notes indicated Above the areas and Enter the areas in order to Activate a damage-immunity barrier^{2}.	イルモが魔法の太鼓を連打し、必殺攻撃をチャージします。地面に複数のエリアが出現します。プレイヤーは^{1}各エリアの上に表示された音符を集め、順番どおりにエリアへ入ってダメージ無効バリアを起動してください^{2}。
25938	Honestly, I don't remember how it vanished. The shop was packed that day, and I was running all over the place. I left the weapon on that rack, turned away for a moment, and it was gone. Who did it? What did they look like? I don't remember a thing.	正直、どうやって消えたのか覚えていないんだ。あの日は店がひどく混んでいて、あちこち走り回っていた。武器をあの棚に置いて、ほんの少し目を離したら消えていた。誰がやった？どんな姿だった？何ひとつ覚えていないよ。
25939	Aliot ^{1}pulls in^{2} up to ${2} enemies within ${1} meters and continuously Deals DMG, dealing a total of Aliot's PATK * ^{3}${3}%^{4} Neutral melee Physical DMG and converting the damage coefficient * ^{5}${4}%^{6} into ^{7}Healing^{8} for Aliot.	アリオットが${1}m以内の最大${2}体の敵を^{1}引き寄せ^{2}、継続的にダメージを与えます。合計でアリオットのPATK * ^{3}${3}%^{4}の無属性近接物理ダメージを与え、ダメージ係数 * ^{5}${4}%^{6}をアリオットの^{7}回復量^{8}へ変換します。
25940	High Orc roars, dealing a total of Pet Physical ATK*^{1}${3}%^{2} Neutral melee Physical damage to up to ${2} enemies within ${1} meters and increasing the melee damage dealt by up to ${5} allies within ${4} meters by ^{3}${6}%^{4} for ${7} seconds.	ハイオークが咆哮し、${1}m以内の最大${2}体の敵へ合計ペット物理攻撃力*^{1}${3}%^{2}の無属性近接物理ダメージを与え、${4}m以内の最大${5}人の味方の近接与ダメージを${7}秒間^{3}${6}%^{4}増加させます。
25941	When an ^{1}Offensive-type^{2} or ^{3}Control-type^{4} Primary Battle Skill Deals DMG, it deals ${1} Extra hits of Fire melee ^{9}Adaptive Damage^{10} equal to the owner's ^{5}Adaptive Attack^{6}*^{7}${2}%^{8} to enemies damaged. Cooldown: ${3} sec.	^{1}攻撃型^{2}または^{3}コントロール型^{4}の主要戦闘スキルがダメージを与えると、ダメージを受けた敵へ所有者の^{5}適応攻撃^{6}*^{7}${2}%^{8}に相当する火属性近接^{9}適応ダメージ^{10}を${1}回追加で与えます。クールダウン：${3}秒。
25942	\n● Players with vehicle permission can operate a Madogear Pilot at the workshop.\n● The Madogear Pilot has a recovery Orbit that restores Life to nearby allies.\n● The Madogear Pilot is extremely powerful and can help your side push the battlefront.	\n● 車両使用権限を持つプレイヤーは、工房で魔導ギアを操作できます。\n● 魔導ギアは、周囲の味方のHPを回復するリカバリーオービットを備えています。\n● 魔導ギアは非常に強力で、味方の戦線を押し上げる助けになります。
25943	\nSurvive until the countdown ends to win.\n@{1}. Prevent the castle gate from being destroyed.\n@{2}. Protect the Warden and Gatekeeper.\n@{3}. Hold the control point to keep the Crystal Invincible.\n@{4}. Prevent the Crystal from being destroyed!!!	\nカウントダウン終了まで生き残れば勝利です。\n@{1}. 城門を破壊されないよう守る。\n@{2}. ウォーデンとゲートキーパーを守る。\n@{3}. 制圧地点を確保し、クリスタルの無敵状態を維持する。\n@{4}. クリスタルの破壊を阻止する！！！
25944	A sweet pink, Blue, and yellow puff dress features layers of fondant-like pleats with a creamy texture. Chocolate-colored ribbons sparkle with frosting-like sequins, and as the skirt spins open like a tiered cake, a dreamy parade of sweetness begins.	甘いピンク、青、黄色で彩られたふんわりドレス。フォンダンのようなクリーミーな質感のプリーツが幾重にも重なる。チョコレート色のリボンにはアイシングのようなスパンコールが輝き、スカートが段重ねのケーキのように広がって回るたび、夢のように甘いパレードが始まる。
25945	Unfortunately, you canceled the guild creation process, or the guild could not be created because fewer than ${2} players responded within ${1} hours. The items consumed when creating the guild have been returned to you. Please check the attachments.	残念ながら、ギルド作成をキャンセルしたか、${1}時間以内に応答したプレイヤーが${2}人未満だったため、ギルドを作成できませんでした。ギルド作成時に消費したアイテムは返却されています。添付をご確認ください。
25946	After charging up, Cat o' Nine-Tail slams the designated ST enemy within ${1} meters, dealing a total of ^{1}${2}%^{2} Neutral melee ^{3}Adaptive Damage^{4}. For ${3} seconds, the master's next ${4} instances of damage deal ^{5}${5}%^{6} more damage.	チャージ後、九尾狐が${1}m以内の指定した単体の敵を叩きつけ、合計^{1}${2}%^{2}の無属性近接^{3}適応ダメージ^{4}を与えます。その後${3}秒間、主人が次に与える${4}回のダメージが^{5}${5}%^{6}増加します。
25947	After the Royal City auction ends, the successful Guild gains the right to attack the Royal City. If the Royal City has no owner at the start of the Season, the two Guilds that win the auction will be randomly assigned the attacker and defender roles.	王城オークション終了後、落札したギルドは王城への攻撃権を獲得します。シーズン開始時に王城の所有者がいない場合、オークションに勝利した2つのギルドから、攻撃側と防衛側がランダムに割り当てられます。
25948	Pets can be unlocked through Hatching or by collecting enough Shards.\nConsume EXP books to Level-up Pets. Respawn Returns all EXP books used for Level-up and resets the Pet to Lv. @{1}.\nA Pet's Base Stats are determined by its Lv. and Growth Rate.\n	ペットは孵化するか、十分な数の欠片を集めることで解放できます。\nEXPブックを消費してペットをレベルアップできます。リスポーンすると、レベルアップに使用したEXPブックがすべて返却され、ペットはLv. @{1}にリセットされます。\nペットの基礎ステータスはLv.と成長率によって決まります。\n
25949	When casting ^{1}^{2}[Pierce]^{3}^{4}, there is a ${1}% Chance to trigger an Extra Shatter, which Deals DMG equal to PATK * ${4}% + ${5} as Neutral Ranged Physical damage to the target and ${3} Other enemies within ${2} meters. Cooldown: ${6} seconds.	^{1}^{2}[ピアース]^{3}^{4}使用時、${1}%の確率で追加のシャッターが発動し、対象とその周囲${2}m以内の最大${3}体の敵へPATK * ${4}% + ${5}の無属性遠距離物理ダメージを与えます。クールダウン：${6}秒。
25950	Cast in a selected direction to perform Movement @{1} m away from the target and enter the ^{1}【Camouflage】【Hiding】^{2} states for @{2} sec.\nThe ^{3}【Camouflage】【Hiding】^{4} states end immediately after dealing or taking damage a total of @{3} times.	選択した方向へ使用し、対象から離れる方向に@{1}m移動して、@{2}秒間^{1}【カモフラージュ】【ハイディング】^{2}状態になります。\nダメージを与えるか受ける回数の合計が@{3}回に達すると、^{3}【カモフラージュ】【ハイディング】^{4}状態は即座に解除されます。
25951	Summons a Holy Spirit to Discover a single enemy in ^{1}【Hiding】^{2} within a @{1}-meter radius, removes their ^{3}【Hiding】^{4}, and deals damage equal to ATK * ^{5}@{2}%^{6}. The Holy Spirit lasts @{3} seconds and disappears after detecting a target.	聖霊を召喚し、@{1}m以内にいる^{1}【ハイディング】^{2}状態の敵を1体発見し、その^{3}【ハイディング】^{4}を解除してATK * ^{5}@{2}%^{6}のダメージを与えます。聖霊は@{3}秒間持続し、対象を発見すると消滅します。
25952	Cat o' Nine-Tail spins continuously, dealing @{1} hits for a total of Pet Physical ATK*^{1}${3}%^{2} Neutral melee Physical damage to up to ${2} enemies within ${1} meters. Dealing damage applies ^{3}^{4}[Curse]^{5}^{6} to the target for ${4} seconds.	九尾狐が連続回転し、${1}m以内の最大${2}体の敵へ、合計ペット物理攻撃力*^{1}${3}%^{2}の無属性近接物理ダメージを@{1}回与えます。ダメージを与えると対象に${4}秒間^{3}^{4}[呪い]^{5}^{6}を付与します。
25953	Deals Physical ATK*^{1}${3}%+${4}^{2} Fire-property melee Physical damage to up to ${2} enemies within a ${1}-meter radius, increases your Fire-property damage by ^{3}${5}%^{4}, and changes ^{5}^{6}【Basic Attack】^{7}^{8} to Fire property for ${6} sec.	${1}m以内の最大${2}体の敵へ物理攻撃力*^{1}${3}%+${4}^{2}の火属性近接物理ダメージを与え、自身の火属性ダメージを^{3}${5}%^{4}増加させ、^{5}^{6}【通常攻撃】^{7}^{8}を${6}秒間火属性に変更します。
25954	For every @{1} LUK, this skill's percentage damage multiplier gains an Extra increase equal to this Resonance's percentage. This effect is Active for up to @{2} LUK; LUK beyond @{3} grants no further Extra increase to the percentage damage multiplier.	LUKが@{1}増えるごとに、このスキルのダメージ倍率がこの共鳴の割合分だけ追加で増加します。この効果は最大@{2}LUKまで有効で、@{3}を超えるLUKによるダメージ倍率の追加増加はありません。
25955	For every @{1} VIT, this skill's percentage damage multiplier gains an Extra increase equal to this Resonance's percentage. This effect is Active for up to @{2} VIT; VIT beyond @{3} grants no further Extra increase to the percentage damage multiplier.	VITが@{1}増えるごとに、このスキルのダメージ倍率がこの共鳴の割合分だけ追加で増加します。この効果は最大@{2}VITまで有効で、@{3}を超えるVITによるダメージ倍率の追加増加はありません。
25956	For every @{1} DEX, this skill's percentage damage multiplier gains an Extra increase equal to this Resonance's percentage. This effect is Active for up to @{2} DEX; DEX beyond @{3} grants no further Extra increase to the percentage damage multiplier.	DEXが@{1}増えるごとに、このスキルのダメージ倍率がこの共鳴の割合分だけ追加で増加します。この効果は最大@{2}DEXまで有効で、@{3}を超えるDEXによるダメージ倍率の追加増加はありません。
25957	For every @{1} INT, this skill's percentage damage multiplier gains an Extra increase equal to this Resonance's percentage. This effect is Active for up to @{2} INT; INT beyond @{3} grants no further Extra increase to the percentage damage multiplier.	INTが@{1}増えるごとに、このスキルのダメージ倍率がこの共鳴の割合分だけ追加で増加します。この効果は最大@{2}INTまで有効で、@{3}を超えるINTによるダメージ倍率の追加増加はありません。
25958	For every @{1} AGI, this skill's percentage damage multiplier gains an Extra increase equal to this Resonance's percentage. This effect is Active for up to @{2} AGI; AGI beyond @{3} grants no further Extra increase to the percentage damage multiplier.	AGIが@{1}増えるごとに、このスキルのダメージ倍率がこの共鳴の割合分だけ追加で増加します。この効果は最大@{2}AGIまで有効で、@{3}を超えるAGIによるダメージ倍率の追加増加はありません。
25959	For every @{1} STR, this skill's percentage damage multiplier gains an Extra increase equal to this Resonance's percentage. This effect is Active for up to @{2} STR; STR beyond @{3} grants no further Extra increase to the percentage damage multiplier.	STRが@{1}増えるごとに、このスキルのダメージ倍率がこの共鳴の割合分だけ追加で増加します。この効果は最大@{2}STRまで有効で、@{3}を超えるSTRによるダメージ倍率の追加増加はありません。
25960	Search the battlefield for supply carts\nClick a guild emblem in the sidebar, then right-click to travel to that guild's Quartermaster\nAttack a supply cart until its HP drops low enough, then pick up the Military Supplies it drops to earn event points	戦場で物資カートを探す\nサイドバーのギルド紋章をクリックし、右クリックでそのギルドの補給担当官のもとへ移動する\n物資カートのHPが十分に減るまで攻撃し、ドロップした軍需物資を拾ってイベントポイントを獲得する
25961	The incomplete movement is too difficult to decipher. Irmata's divine revelation came to you in a dream. Search every corner of ^{1}${1}^{2} City, and you may discover something. If your search proves fruitless, try asking other Adventurers for advice.	未完成の楽章は難解すぎて読み解けません。夢の中でイルマタの神託があなたに届きました。^{1}${1}^{2}の街を隅々まで探せば、何か見つかるかもしれません。探しても成果がなければ、他の冒険者に相談してみましょう。
25962	A skill exclusive to two-handed spears. Deals ^{1}${2}^{2} hits totaling Physical ATK*^{3}${3}%^{4} as Neutral ranged Physical damage to an ST target within ${1}m. Gain @{2} stack(s) of 【Hundred Spear Pierce】 charge for every @{1} HIT(s) on the target.	両手槍専用スキル。${1}m以内の単体対象へ、合計物理攻撃力*^{3}${3}%^{4}となる^{1}${2}^{2}回の無属性遠距離物理ダメージを与えます。対象への@{1}回の命中ごとに【ハンドレッドスピアピアース】のチャージを@{2}スタック獲得します。
25963	After casting, deals Physical ATK*^{1}${3}%+${4}^{2} Neutral melee Physical damage to up to ${2} enemies within a ${1}-meter radius, with a ^{3}${5}%^{4} Chance to inflict ^{5}^{6}【Stun】^{7}^{8} for ${6} sec. or ^{9}^{10}【Blind】^{11}^{12} for ${7} sec.	使用後、${1}m以内の最大${2}体の敵へ物理攻撃力*^{1}${3}%+${4}^{2}の無属性近接物理ダメージを与え、^{3}${5}%^{4}の確率で${6}秒間^{5}^{6}【スタン】^{7}^{8}、または${7}秒間^{9}^{10}【暗黒】^{11}^{12}を付与します。
25964	I vaguely remember traveling with my father and a caravan as a child. I think a giant snake attacked us as we passed through here, separating us from the caravan. I was separated from my family, and now I can't even remember what my father looked like.	子どもの頃、父と一緒に隊商へ加わって旅をした記憶がかすかにあります。ここを通った時、大蛇に襲われて隊商とはぐれたんだと思います。家族とも離ればなれになって、今では父の顔すら思い出せません。
25965	@{1}.The elements of equipped Soul Echoes can activate Elemental Resonance. Each Elemental Resonance can reach up to Lv. @{2} and requires @{3}, @{4}, and @{5} elements, respectively.\n@{6}.Each level activated grants the corresponding resonance effect.	@{1}.装備したソウルエコーの属性によって、属性共鳴を発動できます。各属性共鳴は最大Lv. @{2}まで上昇し、それぞれ@{3}、@{4}、@{5}種類の属性が必要です。\n@{6}.発動したレベルごとに、対応する共鳴効果を獲得します。
25966	The kingdom's mightiest knight, having mastered the power of runes and tamed a demonic dragon. With complete mastery of swords and spears, Rune Knights ride demonic dragons into the fray, unleash elemental breath attacks, and Sweep Attack entire armies.	ルーンの力を極め、魔竜を従えた王国最強の騎士。剣と槍を完全に使いこなすルーンナイトは魔竜に乗って戦場を駆け、属性ブレスを放ち、軍勢をまとめて薙ぎ払います。
25967	Take these Adventurer Guides. They Record the wisdom gained by the Rune Kingdom's greatest heroes throughout the ages. Whenever you have No idea. where to go or lack the resources to grow stronger, open them up. They'll point you in the right direction.	この冒険者ガイドを持っていってください。歴代のルーン王国の英雄たちが積み重ねた知恵が記されています。どこへ行けばいいのか分からない時や、強くなるための資源が足りない時は開いてみてください。きっと進むべき道を示してくれます。
25968	Summons lightning within @{1} m, dealing ^{1}@{4}%^{2} damage per hit to up to @{3} enemies within a circular area with a @{2} m radius. Lasts @{5} sec. and attacks @{6} times per sec. Each hit has a @{7}% Chance to inflict ^{3}【Blind】^{4} for @{8} sec.	@{1}m以内に雷を召喚し、半径@{2}mの円形範囲内の最大@{3}体の敵へ、1ヒットごとに^{1}@{4}%^{2}のダメージを与えます。@{5}秒間持続し、毎秒@{6}回攻撃します。各ヒットは@{7}%の確率で^{3}【暗黒】^{4}を@{8}秒間付与します。
25969	Is summons intertwining, agile serpent shadows, granting self and up to ${2} allies within ${1} meters a shield equal to each target's Max Life*^{1}${3}%^{2} for ${4} seconds. While the shield is active, Physical and Magic DEF increase by ^{3}${5}%^{4}.	イズが絡み合う俊敏な蛇影を召喚し、自身と${1}m以内の最大${2}人の味方に、各対象の最大HP*^{1}${3}%^{2}に相当するシールドを${4}秒間付与します。シールド発動中、物理防御力と魔法防御力が^{3}${5}%^{4}増加します。
25970	Nightmare stomps the ground, dealing Neutral melee Physical damage equal to Pet Physical ATK*^{1}${3}%^{2} to up to ${2} enemies within a ${1}-meter radius ahead, and inflicts ^{3}^{4}【Immobilize】^{5}^{6} and ^{7}^{8}【Silence】^{9}^{10} for ${4} seconds.	ナイトメアが地面を踏みつけ、前方${1}m以内の最大${2}体の敵へペット物理攻撃力*^{1}${3}%^{2}の無属性近接物理ダメージを与え、${4}秒間^{3}^{4}【移動不能】^{5}^{6}と^{7}^{8}【沈黙】^{9}^{10}を付与します。
25971	Replaces 【Gravitational Impact】 with 【Finale Impact】, increasing the skill multiplier of the first @{1} hits by ^{1}${1}%^{2} and the Finishing Blow multiplier by ^{3}${2}%^{4}. Reduces MSPD. of damaged enemies by ^{7}${4}%^{8} for ^{5}${3}^{6} seconds.	【グラビテーショナルインパクト】を【フィナーレインパクト】へ置き換え、最初の@{1}ヒットのスキル倍率を^{1}${1}%^{2}、フィニッシュブローの倍率を^{3}${2}%^{4}増加させます。ダメージを受けた敵の移動速度を^{5}${3}^{6}秒間^{7}${4}%^{8}低下させます。
25972	Each Hatch grants @{1} Proficiency. When Proficiency reaches the Current Cap, the Hatchery Level Increased automatically. Increasing the Hatchery Lv. reduces the time required for Pet Hatching and increases the Chance of obtaining high-Rarity Pet Shards.	孵化するたびに熟練度を@{1}獲得します。熟練度が現在の上限に達すると、孵化場レベルが自動的に上昇します。孵化場Lv.が上がると、ペットの孵化時間が短縮され、高レアリティのペット欠片を獲得する確率が上昇します。
25973	Ilmata plays a surging melody, sending waves forth from the temple throne. ^{1}While the melody is playing, players' skill wheels are replaced with a single Lope button^{2}. Lope to evade the waves. ^{3}Players touched by a wave take moderate damage^{4}.	イルマタが力強い旋律を奏で、神殿の玉座から波を放ちます。^{1}演奏中、プレイヤーのスキルホイールは跳躍ボタン1つに置き換わります^{2}。跳躍で波を回避してください。^{3}波に触れたプレイヤーは中程度のダメージを受けます^{4}。
25974	Still, your unconsciousness proved quite valuable. It confirmed my theory once again—you may be the only person in the world capable of activating these things. The Church has already taken the Relic away and placed it in temporary storage at the palace.	とはいえ、あなたが意識を失ったことにも大きな価値がありました。私の理論がまた一つ裏付けられたのです――この世界であれらを起動できるのは、あなたただ一人かもしれません。教会はすでに遺物を回収し、王宮の臨時保管庫へ移しました。
25975	Weapon-Rapid-Fire Cannon:\nPlayers operating the Rapid-Fire Cannon can aim at the Hollow Jellyfish in the sky and Launch.^{1}^{2}\nHollow Jellyfish continuously deal AoE damage to the rear area. Eliminate them quickly to keep players fighting Ilmata safe.	武器-速射砲：\n速射砲を操作するプレイヤーは、空中のホロウジェリーフィッシュを狙って発射できます。^{1}^{2}\nホロウジェリーフィッシュは後方エリアへ継続的に範囲ダメージを与えます。素早く排除し、イルマタと戦うプレイヤーを守ってください。
25976	Deals (@{3}+VIT/@{4})*${1}%+${2} Neutral Physical damage to up to @{2} targets within a @{1}-meter radius and reduces their Movement Speed by @{5}% for @{6} sec. If the target is a monster, it is forced to attack you for @{7} sec. Your Physical DEF +@{8}%	@{1}m以内の最大@{2}体の対象へ(@{3}+VIT/@{4})*${1}%+${2}の無属性物理ダメージを与え、移動速度を@{6}秒間@{5}%減少させます。対象がモンスターの場合、@{7}秒間あなたを強制的に攻撃します。自身の物理防御力 +@{8}%
25977	After casting ^{1}【Warg Bite】^{2}, the next ^{3}【Warg Hunt】^{4} also casts 【Dance Move: Wolf Pack】 on the target, summoning @{1} Rhythmic Wargs to attack the target and deal @{2} hits of Neutral melee Physical damage totaling Physical ATK * ^{5}${1}%^{6}.	^{1}【ウォーグバイト】^{2}使用後、次の^{3}【ウォーグハント】^{4}が対象に【ダンスムーブ：ウルフパック】も発動し、リズミックウォーグを@{1}体召喚して攻撃させ、合計物理攻撃力 * ^{5}${1}%^{6}となる無属性近接物理ダメージを@{2}回与えます。
25978	Tap to go to the <color=#FDAB5B><u> Supply Depot</u></color> and deliver the escort cart\nBasic Supply Cart <sprite name="territorywars_icon_01"><color=#FDAB5B>${1}</color>\nElite Supply Cart <sprite name="territorywars_icon_02"><color=#FDAB5B>${2}</color>	タップして<color=#FDAB5B><u> 物資集積所</u></color>へ移動し、護送カートを納品します\n基本物資カート <sprite name="territorywars_icon_01"><color=#FDAB5B>${1}</color>\n精鋭物資カート <sprite name="territorywars_icon_02"><color=#FDAB5B>${2}</color>
25979	\n@{1}. Break through the castle gate and enter the Inner Area.\n@{2}. Defeat the Gatekeeper to gain additional attack time and open the path.\n@{3}.Capture the control point to secure the frontline Revive point.\n@{4}.Destroy the Crystal to claim victory!	\n@{1}. 城門を突破して内部エリアへ進入する。\n@{2}. ゲートキーパーを倒して追加の攻撃時間を獲得し、進路を開く。\n@{3}.制圧地点を占領して前線の復活地点を確保する。\n@{4}.クリスタルを破壊して勝利する！
25980	\n● The battering ram deals massive damage to the castle gate, so protect it.\n● When your side has more players inside the circle than the enemy, the battering ram moves forward.\n● Once the battering ram reaches the castle gate, it attacks automatically.	\n● 破城槌は城門へ大ダメージを与えるため、必ず守ってください。\n● 円内の味方プレイヤー数が敵より多いと、破城槌が前進します。\n● 破城槌が城門へ到達すると、自動で攻撃を開始します。
25981	After taking lethal skill damage, you may choose whether to Revive. After Revive, Life becomes @{1}. You are Invincible and Cannot move or Cannot use skill for @{2} seconds. After @{3} seconds, Life/MP is restored to @{4}%. Internal Cooldown: @{5} minutes.	スキルによる致死ダメージを受けた後、復活するかどうかを選択できます。復活後、HPは@{1}になります。@{2}秒間、無敵状態となり、移動およびスキル使用ができません。@{3}秒後、HP/MPが@{4}%まで回復します。内部クールダウン：@{5}分。
25982	Good eye! The 【White Dove】 belongs to Valkyrie Air, and it symbolizes the cooperation between the Papal State and the Republic. It's officially a cargo ship, but it still has a passenger cabin, making it perfect for a team that needs to keep a low profile.	お目が高い！【白鳩号】はヴァルキリー航空の船で、教皇庁と共和国の協力の象徴なんだ。正式には貨物船だけど客室もあるから、目立たず行動したいチームにはうってつけさ。
25983	^{1}^{2}【Fire Bolt】^{3}^{4}, ^{5}^{6}【Cold Bolt】^{7}^{8}, ^{9}^{10}【Lightning Bolt】^{11}^{12}, and ^{13}^{14}【Earth Spike】^{15}^{16} have their damage multipliers increased by ^{17}${1}%^{18} and their fixed skill damage increased by ^{19}${2}^{20} points.	^{1}^{2}【ファイアーボルト】^{3}^{4}、^{5}^{6}【コールドボルト】^{7}^{8}、^{9}^{10}【ライトニングボルト】^{11}^{12}、^{13}^{14}【アーススパイク】^{15}^{16}のダメージ倍率が^{17}${1}%^{18}、固定スキルダメージが^{19}${2}^{20}ポイント増加します。
25984	1. Activating a mount automatically grants its corresponding Style Points. Each mount grants Style Points only once.\n2. Style Points accumulate as you unlock more mounts. Your total Style Points will never decrease. Battle Mounts do not grant Style Points.	1. 乗り物を解放すると、対応するスタイルポイントを自動で獲得します。各乗り物から獲得できるスタイルポイントは1回のみです。\n2. 解放した乗り物が増えるほどスタイルポイントが累積します。合計スタイルポイントが減少することはありません。バトルマウントからはスタイルポイントを獲得できません。
25985	The first victim was Blacksmith Hollgrehenn. He lost a fine sword. The second was Nita, a young woman who lives on the west side of the city. She lost a piece of jewelry. The third was a Mage from Geffen who reportedly had a very important spellbook stolen.	最初の被害者はブラックスミスのホルグレン。上等な剣を失った。2人目は街の西側に住む若い女性ニータ。宝石を盗まれた。3人目はゲフェン出身のマジシャンで、非常に重要な魔法書を盗まれたらしい。
25986	...It makes no sense! Absolutely none! The protective barrier wasn't triggered, and the seal on the chest is completely intact. How could the book simply vanish? This violates the third, fifth, and seventh of the Twelve Fundamental Laws of Protective Magic!	……ありえない！まったくありえない！防護結界は作動していないし、箱の封印も完全なままだ。どうして本が忽然と消えるんだ？これは防護魔法十二基本法則の第3、第5、第7法則に反している！
25987	Sing a gospel hymn for ${4} sec. While active, increases the Physical Defense and Magic Defense of you and up to ${5} allies within ${1} m by ^{1}${2}^{2}, and reduces the Physical Attack and Magic Attack of up to ${5} enemies within ${1} m by ^{3}${3}^{4}.	${4}秒間、福音の聖歌を歌います。効果中、自身と${1}m以内の最大${5}人の味方の物理防御力と魔法防御力を^{1}${2}^{2}増加させ、${1}m以内の最大${5}体の敵の物理攻撃力と魔法攻撃力を^{3}${3}^{4}減少させます。
25988	An upgraded Camouflage. Enters the ^{1}【Enhanced Camouflage】^{2} state for @{1} sec. upon use, increasing Movement Speed by ^{3}@{2}%^{4}. ^{5}【Enhanced Camouflage】^{6} ends after taking damage @{3} times or dealing damage. Skill Cooldown: ^{7}@{4}^{8} sec.	強化されたカモフラージュ。使用すると@{1}秒間^{1}【強化カモフラージュ】^{2}状態になり、移動速度が^{3}@{2}%^{4}増加します。^{5}【強化カモフラージュ】^{6}は、@{3}回ダメージを受けるか、ダメージを与えると解除されます。スキルクールダウン：^{7}@{4}^{8}秒。
25989	Unleashes psychic power, granting you the ^{1}【Intense Telekinesis】^{2} state for ${1} sec. While active, your Ghost damage increases by ^{3}${2}%^{4}, Soul Burst Cooldown is reduced by ${3}%, and the acquisition rate of Telekinetic Orbs increases by ${4}%.	念動力を解放し、自身に${1}秒間^{1}【インテンス・テレキネシス】^{2}状態を付与します。効果中、念属性ダメージが^{3}${2}%^{4}増加し、【ソウルバースト】のクールダウンが${3}%短縮され、テレキネティックオーブの獲得速度が${4}%増加します。
25990	Join forces with other Crusaders on your team. For each Crusader on the team, gain 1 stack of 【Union】: Physical ATK, Physical DEF, and Magic DEF increase by ^{1}${1}^{2}. Stacks up to ${2} times. After learning this skill, the Gryphon mount Can be unlocked.	チーム内の他のクルセイダーと力を合わせます。チーム内のクルセイダー1人につき【ユニオン】を1スタック獲得し、物理攻撃力、物理防御力、魔法防御力が^{1}${1}^{2}増加します。最大${2}回まで重複します。このスキルを習得すると、グリフォンの乗り物を解放できます。
25991	@{1}.Treasure Chests appear randomly throughout the battlefield and may contain exclusive equipment, skills, Medicine, and other items.\n@{2}.Mix and match skills freely during the match to create countless builds. Choose your favorites and jump into battle!	@{1}.宝箱は戦場各地にランダムで出現し、限定装備、スキル、薬品などのアイテムが入っていることがあります。\n@{2}.試合中はスキルを自由に組み合わせて、無数のビルドを作れます。お気に入りを選んで戦いへ飛び込みましょう！
25992	Ilmata plays a hypnotic tune, drawing all players into an illusion where ^{1}nightmarish monsters relentlessly pursue them from behind^{2}. ^{3}Being stopped by an obstacle or caught by a monster deals fatal damage^{4}. Stay alert until you reach the finish.	イルマタが催眠の旋律を奏で、すべてのプレイヤーを幻影の中へ引き込みます。そこでは^{1}悪夢のようなモンスターが背後から執拗に追いかけてきます^{2}。^{3}障害物で足止めされたり、モンスターに捕まると致命的なダメージを受けます^{4}。ゴールへたどり着くまで気を抜かないでください。
25993	Phreeoni spits upward, causing multiple masses of Unidentified Digestive Matter to fall around itself and damage players on HIT. Players within the Unidentified Digestive Matter are slowed by @{1}% and gain one stack of 【Stomach Acid Corrosion】 every second.	フリオニが上空へ吐き出し、正体不明の消化物が自身の周囲へ複数落下して、命中したプレイヤーへダメージを与えます。正体不明の消化物の中にいるプレイヤーは移動速度が@{1}%減少し、毎秒【胃酸腐食】を1スタック獲得します。
25994	Two-Handed Sword-exclusive skill. Grants ^{1}【Parry】^{2} for ${1} seconds. While Active, increases your PDEF and MDEF by ^{3}${2}^{4}. When You take melee Physical damage, casts ^{5}^{6}【Auto Counter】^{7}^{8} in front of You. Internal cooldown: ${3} seconds.	両手剣専用スキル。${1}秒間^{1}【パリィ】^{2}を付与します。効果中、自身のPDEFとMDEFが^{3}${2}^{4}増加します。近接物理ダメージを受けると、自身の前方へ^{5}^{6}【オートカウンター】^{7}^{8}を発動します。内部クールダウン：${3}秒。
25995	DMG taken from the caster +${1}%. When taking damage from 【Soul Expansion】 or 【Voice of the Soul】, triggers @{1} instances of Ghost Ranged Magic damage equal to MATK * ^{1}${3}%^{2} within a ${2}-meter radius. Can trigger up to @{2} times every ${4} seconds.	使用者から受けるダメージ +${1}%。【ソウルエクスパンション】または【ボイスオブザソウル】によるダメージを受けると、${2}m以内にMATK * ^{1}${3}%^{2}の念属性遠距離魔法ダメージを@{1}回発生させます。${4}秒ごとに最大@{2}回発動します。
25996	^{1}^{2}[High Speed Cart Ram]^{3}^{4}performs @{1} Extra [Cart Clash] attacks against targets below ${1}% HP, dealing PATK*${2}%+${3} Neutral melee Physical damage and inflicting ^{5}^{6}[Stun]^{7}^{8} for @{2} seconds. This effect has a ${4}-second Cooldown.	^{1}^{2}[ハイスピードカートラム]^{3}^{4}は、HPが${1}%未満の対象に対して追加で@{1}回[カートクラッシュ]を行い、PATK*${2}%+${3}の無属性近接物理ダメージを与え、@{2}秒間^{5}^{6}[スタン]^{7}^{8}を付与します。この効果のクールダウンは${4}秒です。
25997	Become Ultimate Giant for @{1} sec., recovering @{2}% Max Life per sec., increasing Movement Speed by @{3}%, and increasing damage by @{4}%. (Triggers immediately while both Giant and Super Giant are active. Gaining this effect removes Giant and Super Giant.)	@{1}秒間アルティメットジャイアントになり、毎秒最大HPの@{2}%を回復し、移動速度が@{3}%、ダメージが@{4}%増加します。（ジャイアントとスーパージャイアントの両方が発動中の場合、即座に発動します。この効果を獲得すると、ジャイアントとスーパージャイアントは解除されます。）
25998	Ever since the stone platform appeared this morning, the Monsters in the Pyramid area have become extremely agitated for some unknown reason. Several Adventurers have already been injured! Our squad was sent to clear them out, but we can't handle them at all!	今朝あの石台が現れて以来、原因は分からないがピラミッド周辺のモンスターがひどく興奮している。すでに何人もの冒険者が負傷しているんだ！俺たちの部隊も討伐に派遣されたが、まるで歯が立たない！
25999	Viciously hammer the ground within a ${1}-meter radius, dealing Neutral melee Physical damage equal to Physical ATK * ^{1}${4}%+${7}^{2} to up to ${3} enemies within a ${2}-meter radius, with a ${5}% Chance to inflict ^{3} ^{4}【Stun】^{5}^{6} for ${6} seconds.	${1}m以内の地面を激しく叩きつけ、${2}m範囲内の最大${3}体の敵へ物理攻撃力 * ^{1}${4}%+${7}^{2}の無属性近接物理ダメージを与え、${5}%の確率で^{3} ^{4}【スタン】^{5}^{6}を${6}秒間付与します。
26000	When any ^{1}type of^{2} Primary Battle Skill is cast, the owner gains ^{3}^{4}【Esen's Slaughter】^{5}^{6}, granting a ${1}% DMG Bonus for ${2} seconds. Also Deals @{1} instances of Extra DMG to the target equal to the Primary Battle Skill's Total DMG * @{2}%.	任意の^{1}タイプの^{2}主要戦闘スキルを使用すると、所有者は^{3}^{4}【エセンの虐殺】^{5}^{6}を獲得し、${2}秒間${1}%のダメージボーナスを得ます。さらに、対象へ主要戦闘スキルの合計ダメージ * @{2}%に相当する追加ダメージを@{1}回与えます。
