Index	English	Japanese_Translation
26001	Unleashes blades from its body, dealing Neutral melee ^{5}adaptive damage^{6} equal to the master's ^{1}Adaptive ATK^{2}*^{3}${2}%^{4} to up to @{1} enemies within a ${1}-meter radius, and grants the master ^{7}^{8}Control Immunity^{9} ^{10} for ${3} seconds.	身体から刃を放ち、${1}m範囲内の最大@{1}体の敵へ、主人の^{1}適応攻撃^{2}*^{3}${2}%^{4}に相当する無属性近接^{5}適応ダメージ^{6}を与え、主人に${3}秒間^{7}^{8}コントロール無効^{9} ^{10}を付与します。
26002	Increases the Maximum Number of Targets of ^{1}Recovery-type^{2} and ^{3}Offensive-type^{4} Primary Battle Skills by ${1} (the number of designated targets for ST skills remains unchanged), but reduces Healing and damage dealt to each target by ^{5}${2}%^{6}.	^{1}回復型^{2}および^{3}攻撃型^{4}の主要戦闘スキルの最大対象数が${1}増加します（単体スキルの指定対象数は変わりません）が、各対象への回復量とダメージが^{5}${2}%^{6}減少します。
26003	Dagger-exclusive skill. Summon countless shadows to attack enemies, dealing a total of PATK*^{1}${3}%*(${4}+ASPD*${5}%)^{2} Neutral melee Physical damage to up to ${2} enemies within a ${1}-meter radius. Gain ^{3}^{4}【Endure】^{5}^{6} while casting this skill.	短剣専用スキル。無数の影を召喚して敵を攻撃し、${1}m範囲内の最大${2}体の敵へ、合計PATK*^{1}${3}%*(${4}+ASPD*${5}%)^{2}の無属性近接物理ダメージを与えます。このスキルの使用中は^{3}^{4}【エンデュア】^{5}^{6}を獲得します。
26004	@{1}. The host can set how Members turn on their mics and who has permission to speak. The host can also mute a Member or add them to the room's Blocks.\n@{2}. Please ^{1}use these permissions responsibly^{2} and make your Tavern room a fun place for everyone!	@{1}. ホストはメンバーのマイクのオン方法や発言権限を設定できます。また、メンバーをミュートしたり、ルームのブロックリストへ追加したりできます。\n@{2}. ^{1}これらの権限を適切に使用^{2}し、みんなが楽しめる酒場ルームを作りましょう！
26005	Ilmata plays a wondrous melody and ^{1}summons a giant spinning wheel onto the field^{2}. The wheel is covered with ^{3}obstacles and magic circles that deal heavy damage^{4}. As it spins continuously, players must ^{5}use Lope to survive the deadly trial^{6}.	イルマタが不思議な旋律を奏で、^{1}巨大な回転輪をフィールドへ召喚します^{2}。回転輪には^{3}大ダメージを与える障害物と魔法陣^{4}が多数設置されています。回転し続ける中、プレイヤーは^{5}跳躍を使って命がけの試練を切り抜ける^{6}必要があります。
26006	(Flicks the blade with a finger, making it ring with a crisp hum) Forged from fine southern steel and personally quenched by the apprentice of a distant cousin of a dwarven Moonlit Challenger! One swing turns a Poring into sashimi and a Dummy into a toothpick!	（指で刃を弾き、澄んだ音を響かせる）南方産の上質な鋼で鍛え、ドワーフのムーンライトチャレンジャーの遠い従兄弟の弟子が自ら焼き入れした逸品だ！一振りでポリンは刺身、ダミーは爪楊枝になるぞ！
26007	Immediately enters ^{1}^{2}【Camouflage】^{3}^{4} and 【Hiding】^{5}^{6}, making you invisible and untargetable and increasing Movement Speed by ^{7}${1}%^{8} for ${2} sec.\nDealing or taking damage a total of ${3} times immediately ends 【Camouflage】 and 【Hiding】.	即座に^{1}^{2}【カモフラージュ】^{3}^{4}と【ハイディング】^{5}^{6}状態になり、姿が見えなくなって対象に選択されなくなり、${2}秒間、移動速度が^{7}${1}%^{8}増加します。\nダメージを与える、または受ける回数の合計が${3}回に達すると、【カモフラージュ】と【ハイディング】は即座に解除されます。
26008	Orc Hero summons three greatswords that fall from the sky, dealing heavy damage to players hit. The greatswords remain on the ground for @{1} sec and continuously damage nearby players. When they disappear, they explode and deal heavy damage to nearby players.	オークヒーローが空から3本の大剣を落とし、命中したプレイヤーへ大ダメージを与えます。大剣は地面に@{1}秒間残り、周囲のプレイヤーへ継続的にダメージを与えます。消滅時に爆発し、周囲のプレイヤーへ大ダメージを与えます。
26009	After your ^{1}【Judex】^{2} is cast, it triggers ^{3}^{4}【Low Hum】^{5}^{6} once and grants you stacks of the ^{7}^{8}【Low Hum】^{9}^{10} effect. At ${1} stacks, all stacks are removed, triggering ^{13}^{14}【Organum】^{15} at the ^{11}【Judex】^{12} impact location.	自身の^{1}【ジュデックス】^{2}使用後、^{3}^{4}【ローハム】^{5}^{6}を1回発動し、^{7}^{8}【ローハム】^{9}^{10}効果をスタックします。${1}スタックに達すると全スタックを消費し、^{11}【ジュデックス】^{12}の着弾地点で^{13}^{14}【オルガヌム】^{15}を発動します。
26010	^{1}^{2}[Grand Cross]^{3}^{4} and ^{5}^{6}[Holy Cross]^{7}^{8} additionally cast [Absolute Judex] on the target, dealing PATK*${3}%+${4} Neutral melee Physical damage to the target and a total of ${2} enemies within ${1} meters. Internal Cooldown: ${5} seconds.	^{1}^{2}[グランドクロス]^{3}^{4}と^{5}^{6}[ホーリークロス]^{7}^{8}が対象へ追加で[アブソリュートジュデックス]を発動し、対象および${1}m以内の合計${2}体の敵へPATK*${3}%+${4}の無属性近接物理ダメージを与えます。内部クールダウン：${5}秒。
26011	Dear Player,\nYour Trade on the Exchange at ${8} [Item: ${1}, Trade Amount: ${5}, Order No.: ${7}] has entered the review period. The review is expected to be completed after ${9}. If approved, you will receive the Trade proceeds. Please watch for further mail.	プレイヤー様へ、\n${8}に取引所で行った取引[アイテム：${1}、取引数量：${5}、注文番号：${7}]は審査期間に入りました。審査は${9}以降に完了する予定です。承認されると取引代金を受け取れます。続報のメールをご確認ください。
26012	Calls upon the power of the god of hunting and archery, increasing Physical damage by ^{1}${1}%^{2} and Movement Speed by ^{3}${2}%^{4} for ${3} sec. During this time, the percentage damage multiplier of ^{5}^{6}【Aimed Shot】^{7}^{8} increases by ^{9}${4}%^{10}.	狩猟と弓術の神の力を呼び起こし、${3}秒間、物理ダメージを^{1}${1}%^{2}、移動速度を^{3}${2}%^{4}増加させます。効果中、^{5}^{6}【エイムドボルト】^{7}^{8}のダメージ倍率が^{9}${4}%^{10}増加します。
26013	High Orc stomps the ground, dealing ^{1}${3}%^{2} Neutral melee ^{3}Adaptive Damage^{4} to up to ${2} enemies within ${1} meters of the master and increasing the damage dealt by up to ${5} allies within ${4} meters of High Orc by ^{5}${6}%^{6} for ${7} seconds.	ハイオークが地面を踏みつけ、主人の${1}m以内の最大${2}体の敵へ^{1}${3}%^{2}の無属性近接^{3}適応ダメージ^{4}を与え、ハイオークの${4}m以内の最大${5}人の味方が与えるダメージを${7}秒間^{5}${6}%^{6}増加させます。
26014	Deals Ghost ranged magic damage equal to Magic ATK*^{5}${3}%+${4}^{6} to up to ^{3}${2}^{4} enemies within a ^{1}${1}^{2}-meter radius, with a ^{7}${5}%^{8} Chance to inflict ^{9}${6}^{10} sec. of 【Slow】, reducing the targets' Movement Speed by ^{11}${7}%^{12}.	^{1}${1}^{2}m範囲内の最大^{3}${2}^{4}体の敵へ、魔法攻撃力*^{5}${3}%+${4}^{6}の念属性遠距離魔法ダメージを与えます。^{7}${5}%^{8}の確率で^{9}${6}^{10}秒間【減速】を付与し、対象の移動速度を^{11}${7}%^{12}減少させます。
26015	Objective: Use the improved "Particle Resonator" to capture and analyze the free-floating thought particles here. If their energy spectrum resonates with the Nail of Order, it will prove that... human conviction and powerful Emotions can drive the Nail of Order.	目標：改良型「粒子共鳴装置」で、ここを漂う思念粒子を捕捉・解析する。そのエネルギースペクトルが秩序の釘と共鳴すれば……人間の強い信念と強烈な感情が、秩序の釘を動かせることの証明になる。
26016	On my way to the Guild, I spotted a creature in an alley. It was a... uh... Siamese cat. Strictly speaking, these cats are only found in the faraway East. They're extremely rare! Its figure was quite... Ahem! Anyway, it was sunning itself and looked very docile.	ギルドへ向かう途中、路地で生き物を見かけたんだ。あれは……ええと……シャム猫だった。厳密には、あの猫は遠い東方にしかいない。ものすごく珍しいんだ！姿形もかなり……ゴホン！とにかく、日向ぼっこしていて、とてもおとなしく見えたよ。
26017	According to the records, the 7th revised edition of the Festival Procedure Manual...does need an update. An accident forced a last-minute change to the schedule last year, but no one told me. So I wrote a correct version Myself, only to be told it was too long.	記録によると、祭典手順書の第7改訂版は……確かに更新が必要ですね。去年は事故で直前に日程が変更されたのに、誰も私に知らせてくれませんでした。それで私自身が正しい版を書いたのですが、今度は長すぎると言われました。
26018	^{1}Outside Prontera North Gate^{2}, beside the path leading from the North Gate to Labyrinth Forest, the ^{3}dead-tree Dummy directly in front of the dilapidated cabin^{4} stands out. A traveler in a hurry once hid a bag of coins beneath it, but never returned.	^{1}プロンテラ北門の外^{2}、北門から迷宮の森へ続く道沿いにある、^{3}朽ちた小屋の真正面の枯れ木ダミー^{4}が目印です。急いでいた旅人がかつてその下へ硬貨の袋を隠しましたが、二度と戻りませんでした。
26019	Dagger-exclusive skill. Command a shadow to stomp down from above, dealing total Neutral melee Physical damage equal to PATK*^{1}${3}%*(${4}+ASPD*${5}%)^{2} to up to ${2} enemies within a ${1}-meter radius. Gain ^{3}^{4}[Endure]^{5}^{6} while casting this skill.	短剣専用スキル。影に上空から踏みつけさせ、${1}m範囲内の最大${2}体の敵へ、合計PATK*^{1}${3}%*(${4}+ASPD*${5}%)^{2}の無属性近接物理ダメージを与えます。このスキルの使用中は^{3}^{4}[エンデュア]^{5}^{6}を獲得します。
26020	@{1}.If the Adventurer's Base Level differs too greatly from the monster's level, the reward drop Chance and variety of rewards dropped from the Kill will be reduced (headgear drops are unaffected)\n@{2}.The greater the level difference, the greater the reduction	@{1}.冒険者のBase Lv.とモンスターのLv.差が大きすぎる場合、討伐時の報酬ドロップ確率とドロップする報酬の種類が減少します（頭装備のドロップには影響しません）\n@{2}.Lv.差が大きいほど減少量も大きくなります
26021	A pet can gain @{2} star levels for every @{1} Pet Promotions.\nPet Promotion increases the pet's growth rate.\nIncreasing a pet's star level raises the star level of its active, Passive, and unlocked attribute skills. Higher-star skills provide stronger effects.	ペットは@{1}回ランクアップするごとに星Lv.を@{2}上げられます。\nペットのランクアップで成長率が上昇します。\nペットの星Lv.が上がると、メインスキル、パッシブスキル、解放済み属性スキルの星Lv.も上昇します。星Lv.が高いスキルほど効果が強化されます。
26022	^{1}^{2}【Hammer Fall】^{3}^{4} strikes ${1} enemies within range with 【Earth Spike】, dealing Neutral melee Physical damage equal to PATK * ${2}% + ${3}, with a ${4}% Chance to inflict ^{5}^{6}【Stun】^{7}^{8} for ${5} seconds. This effect has a ${6}-second Cooldown.	^{1}^{2}【ハンマーフォール】^{3}^{4}が範囲内の${1}体の敵へ【アーススパイク】を放ち、PATK * ${2}% + ${3}の無属性近接物理ダメージを与え、${4}%の確率で${5}秒間^{5}^{6}【スタン】^{7}^{8}を付与します。この効果のクールダウンは${6}秒です。
26023	Melee Basic Attacks have a @{1}% Chance to trigger a Splash effect within a @{2}-meter radius. (This Splash does not count as a Normal Attack effect.) Affects up to @{3} Extra targets, with damage reduced to @{4}% of the original. Internal Cooldown: @{5} seconds.	近接通常攻撃は@{1}%の確率で半径@{2}mの範囲へスプラッシュ効果を発動します。（このスプラッシュは通常攻撃効果として扱われません。）最大@{3}体の追加対象に命中し、ダメージは元の@{4}%に減少します。内部クールダウン：@{5}秒。
26024	After casting 【Gravitation Field】, triggers @{1} 【Spatial Distortion】, dealing Ghost ranged magic damage equal to Magic ATK * ${3}% to up to ${2} enemies within ${1}m, with a ${4}% Chance to inflict 【Slow】 for ${5} sec., reducing the target's Move Speed by ${6}%.	【グラビテーションフィールド】使用後、@{1}回【スペーシャルディストーション】を発動し、${1}m以内の最大${2}体の敵へ魔法攻撃力 * ${3}%の念属性遠距離魔法ダメージを与えます。${4}%の確率で${5}秒間【減速】を付与し、対象の移動速度を${6}%減少させます。
26025	The auction is Yet to start. Participate in evening guild events to unlock the Guild Auction.\n\nAfter the auction ends, players who participated in the event can receive an Auction Dividend.\n\nThe higher the Guild Auction sales, the larger the Auction Dividend!	オークションはまだ開始されていません。夜のギルドイベントに参加してギルドオークションを解放しましょう。\n\nオークション終了後、イベント参加者はオークション配当を受け取れます。\n\nギルドオークションの売上が高いほど、オークション配当も増えます！
26026	The temporary Revive skill obtained in the dungeon revives a targeted ST ally who is ^{1}dead^{2} within ${1} meters, restoring ^{3}${2}% of their Max Life^{4} and ^{5}${3}% of their Max MP^{6}. After learning ^{7}Revive^{8}, this skill can no longer be equipped.	ダンジョン内で獲得する一時的な復活スキル。${1}m以内の^{1}死亡^{2}した指定単体の味方を復活させ、^{3}最大HPの${2}%^{4}と^{5}最大MPの${3}%^{6}を回復します。^{7}リザレクション^{8}習得後、このスキルは装備できなくなります。
26027	Deals Neutral ranged magic damage equal to Pet Magic ATK*^{1}${4}%^{2} to up to ${3} enemies in a ${1}-meter-by-${2}-meter rectangular area ahead, with a ${5}% Chance to additionally deal @{1} hits of Fire ranged magic damage totaling Pet Magic ATK*^{3}${6}%^{4}.	前方の${1}m×${2}mの長方形範囲内の最大${3}体の敵へ、ペット魔法攻撃力*^{1}${4}%^{2}の無属性遠距離魔法ダメージを与えます。${5}%の確率で追加で@{1}ヒットし、合計ペット魔法攻撃力*^{3}${6}%^{4}の火属性遠距離魔法ダメージを与えます。
26028	The damage radius of 【Melodic High-Energy Impact】 increases to ^{1}@{1}^{2} meters. Damage Increase: ^{3}@{2}%^{4}. Before it Deals DMG, it pulls up to ^{7}@{4}^{8} members of the Enemy Team within a ^{5}@{3}^{6}-meter radius toward the center of the damage area.	【メロディック・ハイエナジーインパクト】のダメージ範囲が^{1}@{1}^{2}mに増加します。ダメージ増加：^{3}@{2}%^{4}。ダメージを与える前に、ダメージ範囲の中心へ^{5}@{3}^{6}m以内の最大^{7}@{4}^{8}人の敵チームメンバーを引き寄せます。
26029	Good eye! The White Dove belongs to Valkyrie Airlines and symbolizes the partnership between the Church State and the Republic. It's officially a cargo ship, but it still has a passenger cabin, making it perfect for teams like ours that need to keep a low profile.	お目が高い！ホワイトダヴはヴァルキリー航空所属で、教皇庁と共和国の協力の象徴なんだ。正式には貨物船だけど客室もあるから、目立たず行動したい俺たちみたいなチームにはぴったりさ。
26030	Let's play a game. The Rules are Easy. The three of us will hide inside these three Bells, and you'll have to guess where each of us is. Guess correctly, and we'll give you the item. Guess wrong... and you'll have to Join us, starting as our lowest-ranking lackey!	ゲームをしよう。ルールは簡単だ。俺たち3人がこの3つの鐘に隠れるから、誰がどこにいるか当ててみろ。正解したら品物をやる。外したら……俺たちの仲間になってもらう。一番下っ端からな！
26031	The Scout Basilisk goes on alert, granting its master ^{1}[Vigilant Recon]^{2} for ${1} sec. Each time the master takes damage, Physical DEF increases by ^{3}${2}%^{4} and Magic DEF by ^{5}${3}%^{6}, stacking up to ^{7}${4}^{8} times and lasting ^{9}${5}^{10} sec.	スカウトバジリスクが警戒態勢に入り、主人へ${1}秒間^{1}[警戒偵察]^{2}を付与します。主人がダメージを受けるたび、物理防御力が^{3}${2}%^{4}、魔法防御力が^{5}${3}%^{6}増加し、最大^{7}${4}^{8}スタックまで重複します。各スタックは^{9}${5}^{10}秒間持続します。
26032	@{1}.Consume Equipment Blueprints and other specified materials to perform Equipment Forging.\n@{2}.Forged equipment has random attributes.\n@{3}.Equipment Forging always produces equipment of Purple Quality or higher. Orange and red equipment will be unidentified.	@{1}.装備設計図と指定素材を消費して装備製造を行います。\n@{2}.製造した装備にはランダムな属性が付きます。\n@{3}.装備製造では必ず紫品質以上の装備が作られます。オレンジ品質と赤品質の装備は未鑑定状態になります。
26033	Creates a Trap Hunter at the current location. When an enemy enters within @{1}m of it, it explodes, dealing ATK * ^{1}@{4}%^{2} damage to up to @{3} enemies within a @{2}m radius and inflicting ^{3}【Immobilize】^{4} for @{5}^{5} sec. The Trap Hunter lasts @{6} sec.	現在地にハンタートラップを設置します。敵が@{1}m以内に入ると爆発し、半径@{2}m以内の最大@{3}体の敵へATK * ^{1}@{4}%^{2}のダメージを与え、@{5}^{5}秒間^{3}【移動不能】^{4}を付与します。ハンタートラップは@{6}秒間持続します。
26034	After casting 【Enlightenment】, gain one floor. Upon reaching @{1} floors, the next 【Enlightenment】 causes all targets hit to take damage again and increases your Movement Speed.\nThe Extra damage sends a wisp of 【Will】 flying back, restoring one charge of 【Stigma】.	【エンライトメント】使用後、1層獲得します。@{1}層に達すると、次の【エンライトメント】は命中した全対象へもう一度ダメージを与え、自身の移動速度を増加させます。\n追加ダメージ時、【ウィル】の光が飛んで戻り、【スティグマ】のチャージを1回復します。
26035	Resetting points will reset this Star and all subsequent Stars and automatically unequip their Star Cores\nContinue? (<color=#cc762a>${1}</color> Astral Points will be refunded)\n<color=#da3838>This will deactivate the attributes of subsequent Constellations</color>	ポイントをリセットすると、この星と以降のすべての星がリセットされ、装備中のスターコアも自動で解除されます\n続行しますか？（<color=#cc762a>${1}</color>アストラルポイントが返還されます）\n<color=#da3838>以降の星座の属性は無効化されます</color>
26036	Disbandment Rules: If the guild's Weekly Active rating remains Very Inactive for ${1} consecutive weeks, the guild will automatically disband at 5 o'clock on Monday of week ${2} (the first 2 weeks after the guild is created do not count toward the inactivity period)	解散ルール：ギルドの週間アクティブ評価が${1}週連続で「非常に非活発」の場合、${2}週目の月曜日5時にギルドは自動解散します（ギルド作成後最初の2週間は非活発期間に数えません）
26037	After taking lethal skill damage, you may choose whether to Revive. After Revive, Life/MP is immediately restored to @{1}%. Internal Cooldown: @{2} minutes. After the death-prevention effect triggers, Physical/Magic damage taken is reduced by @{3}% for @{4} seconds.	スキルによる致死ダメージを受けた後、復活するか選択できます。復活後、HP/MPが即座に@{1}%まで回復します。内部クールダウン：@{2}分。死亡防止効果発動後、@{4}秒間、受ける物理/魔法ダメージが@{3}%減少します。
26038	Moonlight Flower swings her Bell^{1}to smash the target area^{2}and sends out^{3}@{1} sound waves around her^{4}. The smash causes^{5}all Bells on the battlefield to resonate^{6}. Sound waves damage targets hit, and hitting a Bell causes^{7}the Bell to resonate^{8}.	月夜花が鈴を振り^{1}対象エリアを叩きつけ^{2}、周囲へ^{3}@{1}本の音波を放ちます^{4}。叩きつけにより^{5}戦場にあるすべての鈴が共鳴します^{6}。音波は命中した対象へダメージを与え、鈴に命中すると^{7}その鈴が共鳴します^{8}。
26039	Place a Flasher at your location. It explodes when an enemy enters its @{1}-meter trigger radius, dealing ATK * ^{1}@{4}%^{2} damage to up to @{3} enemies within a @{2}-meter radius and inflicting ^{3}【Blind】^{4} for @{5} seconds. The Trap Hunter lasts @{6} seconds.	現在地にフラッシャーを設置します。敵が@{1}mの起爆範囲内に入ると爆発し、半径@{2}m以内の最大@{3}体の敵へATK * ^{1}@{4}%^{2}のダメージを与え、@{5}秒間^{3}【暗闇】^{4}を付与します。ハンタートラップは@{6}秒間持続します。
26040	Places a Flasher at the caster's location. When an enemy enters within @{1} m of the Trap Hunter, it explodes, dealing ATK * ^{1}@{4}%^{2} damage to up to @{3} enemies within a @{2} m radius and inflicting ^{3}【Blind】^{4} for @{5} sec. The Trap Hunter lasts @{6} sec.	使用者の現在地にフラッシャーを設置します。敵がハンタートラップの@{1}m以内に入ると爆発し、半径@{2}m以内の最大@{3}体の敵へATK * ^{1}@{4}%^{2}のダメージを与え、@{5}秒間^{3}【暗闇】^{4}を付与します。ハンタートラップは@{6}秒間持続します。
26041	When 【Enhance Camouflage】 ends, unleash a ring of light discs, dealing a total of @{3}% Physical damage to up to @{2} enemies within @{1} meters (the more targets in range, the less damage each target takes) and reducing their Movement Speed by @{4}% for @{5} seconds.	【強化カモフラージュ】終了時、リング状の光ディスクを放ち、@{1}m以内の最大@{2}体の敵へ合計@{3}%の物理ダメージを与えます（範囲内の対象数が多いほど、各対象が受けるダメージは減少します）。さらに移動速度を@{5}秒間@{4}%減少させます。
26042	Owl Baron summons a massive lightning storm, dealing Neutral ranged magic damage equal to Magic ATK*^{1}${3}%^{2} per hit to up to ${2} enemies within ${1} meters for a total of ${4} hits, with a ^{3}${5}%^{4} Chance to inflict ^{5}^{6}【Stun】^{7}^{8} for ${6} seconds.	オウルバロンが巨大な雷嵐を召喚し、${1}m以内の最大${2}体の敵へ1ヒットごとに魔法攻撃力*^{1}${3}%^{2}の無属性遠距離魔法ダメージを合計${4}回与えます。各ヒットは^{3}${5}%^{4}の確率で${6}秒間^{5}^{6}【スタン】^{7}^{8}を付与します。
26043	You will spend <color=#C26B47>${1}*${2}</color> to create a guild. Creation Successful requires responses from <color=#C26B47>${4}</color> players within <color=#C26B47>${3}</color> hours. Create the guild? (The required items will be returned if guild creation fails.)	<color=#C26B47>${1}*${2}</color>を消費してギルドを作成します。作成成功には<color=#C26B47>${3}</color>時間以内に<color=#C26B47>${4}</color>人のプレイヤーから応答を得る必要があります。ギルドを作成しますか？（作成に失敗した場合、必要アイテムは返還されます。）
26044	(Claps softly) That dance wasn't bad~ As for what Boya likes... When she was little, I think she especially loved fluffy things, particularly... ones with long ears? Ah! The church bells are ringing. It's my turn to patrol. (Smirks slyly) ^{1}PlayerName^{2}, good luck!	（軽く拍手する）今の踊り、悪くなかったよ～。ボヤが好きなものね……小さい頃はふわふわしたものが特に好きだった気がする。とりわけ……耳が長いもの？あっ！教会の鐘が鳴ってる。見回りの時間だ。（いたずらっぽく笑う）^{1}PlayerName^{2}、頑張ってね！
26045	^{1}【Divine Hope】^{2} has an area effect and applies to up to ${2} allies within a ${1}-meter radius of the owner. Only the owner additionally gains HP Lock while ^{3}【Divine Hope】^{4} is Active, preventing their HP from falling below ^{5}${3}%^{6}. Cooldown: ${4} sec.	^{1}【ディヴァインホープ】^{2}が範囲効果になり、所有者の半径${1}m以内の最大${2}人の味方へ適用されます。^{3}【ディヴァインホープ】^{4}発動中、所有者のみ追加でHPロックを獲得し、HPが^{5}${3}%^{6}未満になりません。クールダウン：${4}秒。
26046	Summon a hymn that flies toward an ally, restoring ^{3}HP^{4} equal to MATK*^{1}${2}%+${6}^{2} to yourself and a designated ST ally within a ${1}-meter radius, and granting yourself a ^{7}Shield^{8} equal to MATK*^{5}${3}%^{6} for ${4} seconds. (Cooldown: ${5} seconds)	味方へ飛んでいく聖歌を召喚し、自身と${1}m以内の指定単体の味方の^{3}HP^{4}をMATK*^{1}${2}%+${6}^{2}回復し、自身へMATK*^{5}${3}%^{6}の^{7}シールド^{8}を${4}秒間付与します。（クールダウン：${5}秒）
26047	@{1}.Players can use Get Help to request cargo assistance from fellow guild members.\n@{2}.Guild members who help load cargo can earn rewards, so lend your friends a hand!\n@{3}.The number of times you can use Get Help or help others each day is limited, so plan wisely.	@{1}.プレイヤーは「ヘルプ要請」を使ってギルドメンバーへ積荷の支援を求められます。\n@{2}.積荷を手伝ったギルドメンバーも報酬を獲得できます。仲間を助けましょう！\n@{3}.1日に「ヘルプ要請」を使える回数と他人を手伝える回数には上限があるため、計画的に利用してください。
26048	It's settled! The Swordsman team's month of Lineup practice won't go to waste. The Mage team will use Ice Fog for special Effects, and the Acolyte team will offer Blessings along the route—the Archer team wanted to shoot apples with their Bows, but I put a stop to that.	決まりだ！ソードマンチームが1か月練習してきた隊列を無駄にはしない。マジシャンチームはアイスフォッグで演出、アコライトチームは沿道で祝福を担当――アーチャーチームは弓でリンゴを撃ちたいと言っていたが、それは止めた。
26049	Concentrate light to increase nearby allies' Magic ATK by ^{1}${2}%^{2} for ${1} seconds, then Launch a light wave that deals Neutral ranged magic damage equal to Magic ATK*^{3}${6}%^{4} to up to ${5} enemies within a ${3}m*${4}m area ahead. This damage ignores shields.	光を集めて周囲の味方の魔法攻撃力を${1}秒間^{1}${2}%^{2}増加させた後、前方${3}m*${4}m範囲内の最大${5}体の敵へ魔法攻撃力*^{3}${6}%^{4}の無属性遠距離魔法ダメージを与える光波を放ちます。このダメージはシールドを無視します。
26050	The shadows transform into mirage blades and rapidly circle you once, dealing a total of Physical ATK*^{1}${3}%*(@{1}+Attack Speed*@{2}）^{2} Neutral melee Physical damage to up to ${2} enemies within a ${1}-meter radius. You gain ^{3}Endure^{4} while casting this skill.	影が幻影の刃へ変化して自身の周囲を素早く1周し、${1}m範囲内の最大${2}体の敵へ合計物理攻撃力*^{1}${3}%*(@{1}+攻撃速度*@{2}）^{2}の無属性近接物理ダメージを与えます。このスキルの使用中は^{3}エンデュア^{4}を獲得します。
26051	Restores ^{3}Life^{4} equal to MATK * ^{1}${2}% + ${3}^{2} for you and a designated ST ally within ${1} m. Each ^{5}Base Level^{6} increases ^{7}Healing Volume by ${4}%^{8}. When used on an ^{9}Undead^{10} enemy, deals MATK * ^{11}${5}% + ${6}^{12} Holy ranged Magic DMG.	自身と${1}m以内の指定単体の味方の^{3}HP^{4}をMATK * ^{1}${2}% + ${3}^{2}回復します。^{5}Base Lv.^{6}が1上がるごとに^{7}回復量が${4}%^{8}増加します。^{9}不死属性^{10}の敵へ使用した場合、MATK * ^{11}${5}% + ${6}^{12}の聖属性遠距離魔法ダメージを与えます。
26052	Summons Storm Gust within @{1} m, dealing ^{1}@{4}%^{2} damage per hit to up to @{3} enemies within a circular area with a @{2} m radius. The magic field lasts @{5} sec. and attacks @{6} times per sec. Each hit has a @{7}% Chance to inflict ^{3}【Freeze】^{4} for @{8} sec.	@{1}m以内にストームガストを召喚し、半径@{2}mの円形範囲内の最大@{3}体の敵へ1ヒットごとに^{1}@{4}%^{2}のダメージを与えます。魔法領域は@{5}秒間持続し、毎秒@{6}回攻撃します。各ヒットは@{7}%の確率で@{8}秒間^{3}【凍結】^{4}を付与します。
26053	The Demon Maid uses Launch to fire “Charming Sweetheart” at an ST enemy within ${2} meters and up to ${4} enemies within ${3} meters of the target, dealing Neutral ranged magic damage equal to Pet Magic ATK*^{1}${1}%^{2} and inflicting ${5} sec of ^{3}^{4}【Stun】^{5}^{6}.	デーモンメイドがランチャーで「チャーミングスイートハート」を${2}m以内の単体の敵へ放ち、対象およびその${3}m以内の最大${4}体の敵へペット魔法攻撃力*^{1}${1}%^{2}の無属性遠距離魔法ダメージを与え、${5}秒間^{3}^{4}【スタン】^{5}^{6}を付与します。
26054	When casting a ^{1}Debuff-type^{2} or ^{3}Control-type^{4} Primary Battle Skill, the owner's Normal Attacks and skills deal Neutral melee ^{9}Adaptive Damage^{10} equal to the owner's ^{5}Adaptive Attack^{6}*^{7}${2}%^{8} to @{1} enemies for ${1} sec. Cooldown: ${3} sec.	^{1}デバフ型^{2}または^{3}コントロール型^{4}の主要戦闘スキル使用時、${1}秒間、所有者の通常攻撃とスキルが@{1}体の敵へ、所有者の^{5}適応攻撃^{6}*^{7}${2}%^{8}に相当する無属性近接^{9}適応ダメージ^{10}を与えます。クールダウン：${3}秒。
26055	Gain the accessory ^{1}【Sacrament】^{2}. Each time you cast ^{3}【Judex】^{4}, ^{5}【Sacrament】^{6} will Launch @{1}~@{2} ^{7}^{8}【Phrases】^{9}^{10} in sequence. Each HIT grants you one stack of ^{11}^{12}【Voice Part】^{13}^{14} and one stack of ^{15}^{16}【Low Hum】^{17}^{18}.	アクセサリー^{1}【サクラメント】^{2}を獲得します。^{3}【ジュデックス】^{4}を使用するたび、^{5}【サクラメント】^{6}が@{1}～@{2}個の^{7}^{8}【フレーズ】^{9}^{10}を順番に発射します。1ヒットごとに自身へ^{11}^{12}【ボイスパート】^{13}^{14}を1スタック、^{15}^{16}【ローハム】^{17}^{18}を1スタック付与します。
26056	When a Dagger is equipped, each Basic Attack has a ^{1}${1}%^{2} Chance to deal ${2} Extra hits of Neutral melee Physical damage equal to PATK * ^{3}${3}%^{4} (this damage is not considered a Normal Attack).\nWhen a Katar is equipped, increases CRIT Stat by ^{5}${4}^{6}.	短剣装備時、通常攻撃ごとに^{1}${1}%^{2}の確率で、PATK * ^{3}${3}%^{4}の無属性近接物理ダメージを${2}回追加で与えます（このダメージは通常攻撃として扱われません）。\nカタール装備時、CRIステータスが^{5}${4}^{6}増加します。
26057	Maya ^{1}repeats this @{1} times^{2}, summoning ^{3}@{2} Petrify Mists^{4} around the target each time. After a brief delay, the mists move toward the target and damage ^{5}targets they touch^{6}. When the mists dissipate, they scatter into ^{7}numerous smaller mists^{8}.	マヤがこれを^{1}@{1}回繰り返し^{2}、毎回対象の周囲へ^{3}@{2}個の石化の霧^{4}を召喚します。少しすると霧は対象へ向かって移動し、^{5}触れた対象へダメージを与えます^{6}。霧が消えると^{7}多数の小さな霧へ分裂します^{8}。
26058	Two-handed Spear skill. Charge up spiral energy and hurl your Spear at a target enemy within ${1} meters, dealing Neutral ranged Physical damage equal to Physical ATK * ^{1}${2}%^{2}, pulling the enemy in front of you, and inflicting ^{3}【Immobilize】^{4} for ${3} seconds.	両手槍スキル。螺旋の力を溜めて${1}m以内の対象へ槍を投げ、物理攻撃力 * ^{1}${2}%^{2}の無属性遠距離物理ダメージを与え、敵を自身の前へ引き寄せ、${3}秒間^{3}【移動不能】^{4}を付与します。
26059	^{1}^{2}【Frost Nova】^{3}^{4}'s area increases to ^{5}${1}^{6} meters and triggers 【Ice Spike】 @{1} times on all targets hit, dealing Water Ranged Magic damage equal to MATK*^{7}${2}%+${3}^{8}. Hitting enemies affected by ^{9}^{10}【Frozen】^{11}^{12} does not remove Frozen.	^{1}^{2}【フロストノヴァ】^{3}^{4}の範囲が^{5}${1}^{6}mに増加し、命中した全対象へ【アイススパイク】を@{1}回発動してMATK*^{7}${2}%+${3}^{8}の水属性遠距離魔法ダメージを与えます。^{9}^{10}【凍結】^{11}^{12}中の敵へ命中しても凍結は解除されません。
26060	Shield skill. Grants you 【Reflect Damage】. 【Reflect Damage】: When you are hit, deals Neutral Melee Physical DMG equal to PATK * ^{1}${2}%^{2} to up to ${3} enemies within a ${7}-meter radius. This effect can trigger up to ${5} times every ${4} seconds. Lasts ${1} seconds.	盾スキル。自身へ【ダメージ反射】を付与します。【ダメージ反射】：攻撃を受けると、${7}m範囲内の最大${3}体の敵へPATK * ^{1}${2}%^{2}の無属性近接物理ダメージを与えます。この効果は${4}秒ごとに最大${5}回発動できます。${1}秒間持続します。
26061	Zherlthsh attacks, dealing a total of ^{1}${3}%^{2} Neutral melee ^{3}Adaptive Damage^{4} to up to ${2} enemies within ${1} meters of the target area, and grants the master ^{5}^{6}[Zherlthsh's Execution]^{7}^{8}, increasing damage dealt by ^{9}${4}%^{10} for ${5} seconds.	ジルタスが攻撃し、対象エリアの${1}m以内の最大${2}体の敵へ合計^{1}${3}%^{2}の無属性近接^{3}適応ダメージ^{4}を与え、主人へ^{5}^{6}[ジルタスの処刑]^{7}^{8}を付与します。${5}秒間、与えるダメージが^{9}${4}%^{10}増加します。
26062	Garm Baby breathes wintry air, continuously dealing Neutral melee Physical damage equal to PATK*^{1}${4}%^{2} to up to ${3} enemies in a ${1}-meter-by-${2}-meter area in the designated direction, with a ^{3}${5}%^{4} Chance to inflict ^{5}^{6}【Frozen】^{7}^{8} for ${6} sec.	ガルムベビーが冷気を吐き、指定方向の${1}m×${2}m範囲内の最大${3}体の敵へPATK*^{1}${4}%^{2}の無属性近接物理ダメージを継続的に与え、^{3}${5}%^{4}の確率で${6}秒間^{5}^{6}【凍結】^{7}^{8}を付与します。
26063	1. When using a new Skill Build for the first time, you must reallocate skill points and equip skills. \n2. Skill Builds are independent. Switching Skill Builds also switches your skill point allocation and equipped skills. \n3. You cannot switch Skill Builds during combat.	1. 新しいスキルビルドを初めて使用する時は、スキルポイントを再配分し、スキルを装備し直す必要があります。 \n2. スキルビルドは互いに独立しており、切り替えるとスキルポイント配分と装備スキルも切り替わります。 \n3. 戦闘中はスキルビルドを切り替えられません。
26064	Pheromone stability is positively correlated with the host's physiological state. The adrenaline or some other metabolic byproduct produced during the race must have interfered with normal pheromone receptor binding. This wasn't a failure—it eliminated one major false lead!	フェロモンの安定性は宿主の生理状態と正の相関があります。レース中に生じたアドレナリン、あるいは別の代謝副産物が、通常のフェロモン受容体結合を妨げたに違いありません。これは失敗ではありません――重要な誤った仮説を一つ排除できたんです！
26065	Are you the investigator? Thank goodness! Please, you must help me recover the missing book. It's no ordinary spellbook—the knowledge it contains is extremely dangerous. If misused, the consequences could be catastrophic! I must take it back to Geffen Tower and seal it away.	あなたが調査員ですか？よかった！どうか、なくなった本を取り戻すのを手伝ってください。普通の魔法書ではありません――中に記された知識は極めて危険です。悪用されれば大変なことになります！ゲフェンタワーへ持ち帰って封印しなければなりません。
26066	Katar-exclusive skill. Throws a row of Rolling Cutter blades, dealing blade count (minimum @{1}) * PATK * ^{1}${2}% * (${3} + ASPD * ${4}%)^{2} as Neutral melee Physical damage to the targeted ST enemy within ${1} meters. At ${5} blades, ^{3}resets^{4} this skill's cooldown.	カタール専用スキル。ローリングカッターの刃を一列に投げ、${1}m以内の指定単体の敵へ、刃数（最低@{1}）* PATK * ^{1}${2}% * (${3} + ASPD * ${4}%)^{2}の無属性近接物理ダメージを与えます。刃が${5}個になると、このスキルのクールダウンを^{3}リセット^{4}します。
26067	Katar-exclusive skill. Quickly spin in place, dealing PATK*^{1}${3}%*(${4}+ASPD*${5}%）^{2} Neutral melee Physical damage to up to ${2} enemies within a ${1}-meter radius, and gain ${6} Cross Ripper Slasher blades, up to ${7}. ^{3}This skill is considered a Normal Attack^{4}.	カタール専用スキル。その場で素早く回転し、${1}m範囲内の最大${2}体の敵へPATK*^{1}${3}%*(${4}+ASPD*${5}%）^{2}の無属性近接物理ダメージを与え、クロスリッパースラッシャーの刃を${6}個獲得します。最大${7}個。^{3}このスキルは通常攻撃として扱われます^{4}。
26068	Unleashes several shadow slashes, dealing Neutral melee Physical damage equal to Physical ATK*^{1}${3}%*(@{1}+Attack Speed*@{2})^{2} to up to ${2} enemies within a ${1}-meter radius. You are ^{3}Invincible^{4} during this time. Immediately ^{5}refreshes 【Shadow Command】^{6}.	複数の影斬りを放ち、${1}m範囲内の最大${2}体の敵へ物理攻撃力*^{1}${3}%*(@{1}+攻撃速度*@{2})^{2}の無属性近接物理ダメージを与えます。効果中は^{3}無敵^{4}です。即座に^{5}【シャドウコマンド】をリフレッシュします^{6}。
26069	When 【Fire Bolt】, 【Cold Bolt】, 【Lightning Bolt】, or 【Earth Spike】 hits, there is a ${1}% Chance to trigger @{1} 【Elemental Shock】, dealing Neutral ranged magic damage equal to Magic ATK * ${4}% to up to ${3} enemies within a ${2}m radius. This effect has a ${5}-sec. Cooldown.	【ファイアーボルト】、【コールドボルト】、【ライトニングボルト】、【アーススパイク】が命中すると、${1}%の確率で@{1}回【エレメンタルショック】を発動し、半径${2}m以内の最大${3}体の敵へ魔法攻撃力 * ${4}%の無属性遠距離魔法ダメージを与えます。この効果のクールダウンは${5}秒です。
26070	Leaps high into the air and lands in a designated area within @{1} m, dealing a total of ATK * ^{1}@{4}%^{2} damage to up to @{3} enemies within @{2} m of the target area and inflicting ^{3}【Immobilize】^{4} for @{5} sec. Gains ^{5}【Control Immunity】^{6} while using the skill.	高く跳び上がって@{1}m以内の指定地点へ着地し、対象地点から@{2}m以内の最大@{3}体の敵へ合計ATK * ^{1}@{4}%^{2}のダメージを与え、@{5}秒間^{3}【移動不能】^{4}を付与します。スキル使用中は^{5}【コントロール無効】^{6}を獲得します。
26071	During the event, complete Activity Quests to earn Treasure Maps. Digging for treasure may unlock a Treasure Stage or summon monsters. Defeat them to earn generous rewards. Collect Treasure Map Fragments to craft a High-Grade Treasure Map and receive a guaranteed rare reward!	イベント期間中、活躍クエストをクリアして宝の地図を獲得できます。宝探しでは宝物ステージが解放されたり、モンスターが出現したりすることがあります。倒すと豪華な報酬を獲得できます。宝の地図の欠片を集めて高級宝の地図を作成すれば、レア報酬を必ず獲得できます！
26072	Greatly increases gravity in a designated area with a ${2}-meter radius within ${1} meters, dealing Ghost-property ranged magic damage equal to Magic ATK*^{1}${4}%+${5}^{2} to up to ${3} enemies per wave. The gravity field lasts ${6} seconds and strikes a total of ${7} times.	${1}m以内の指定地点に半径${2}mの重力場を発生させ、1波ごとに最大${3}体の敵へ魔法攻撃力*^{1}${4}%+${5}^{2}の念属性遠距離魔法ダメージを与えます。重力場は${6}秒間持続し、合計${7}回攻撃します。
26073	Artisans who turn gathered plant fibers and other supplementary materials into semi-finished cloth. Their products are widely used in equipment padding, structural components, and various advanced synthesis processes, making this a key Life Skill supporting equipment crafting.	採取した植物繊維や補助素材を半製品の布へ加工する職人。製品は装備の詰め物や構造部材、各種高等合成工程で広く使われ、装備製作を支える重要な生活スキルです。
26074	@{1}.Today's tax rate is updated daily at @{2}:@{3} and will remain unchanged for the rest of the day.\n@{4}.Trade tax is deducted at the rate in effect when the Trade is completed.\n@{5}.The tax rate increases in tiers based on Trade volume. Tax rate tiers reset every Monday.	@{1}.本日の税率は毎日@{2}:@{3}に更新され、その日の残り時間は変わりません。\n@{4}.取引税は取引成立時点の税率で差し引かれます。\n@{5}.税率は取引量に応じて段階的に上昇します。税率段階は毎週月曜日にリセットされます。
26075	Ilmata plays a true race against death and once again ^{1}summons a giant spinning wheel^{2}. The wheel has more obstacles, and ^{3}touching its mechanisms deals increased damage^{4}. Players must ^{5}nimbly evade the obstacles and damaging magic circles to pass the trial^{6}.	イルマタが真の死闘の旋律を奏で、再び^{1}巨大な回転輪を召喚します^{2}。障害物はさらに増え、^{3}仕掛けに触れた時のダメージも増加します^{4}。プレイヤーは^{5}障害物とダメージ魔法陣を素早く避けて試練を突破する^{6}必要があります。
26076	Bow-exclusive skill. Fires a hurricane Arrow in the designated direction across a ${1}-meter by ${2}-meter area, continuously dealing PATK * ^{1}${4}%^{2} Neutral Ranged Physical DMG to up to ${3} enemies in its path. While the skill is Active, MSPD increases by ^{3}${5}%^{4}.	弓専用スキル。指定方向の${1}m×${2}m範囲へハリケーンアローを放ち、進路上の最大${3}体の敵へPATK * ^{1}${4}%^{2}の無属性遠距離物理ダメージを継続的に与えます。スキル発動中、移動速度が^{3}${5}%^{4}増加します。
26077	Oh... You're with the scholar who came with the Knight? No wonder you're so confident. If you're determined to move Forward, then Please be careful. Ever since that glowing object appeared, every Monster in the Pyramid has gone Berserk, as if they'd been guzzling strong liquor.	ああ……騎士と一緒に来た学者の仲間だったんですね？どうりで自信満々なわけだ。どうしても先へ進むなら、どうか気をつけてください。あの光る物体が現れて以来、ピラミッドのモンスターはどれも強い酒を浴びるほど飲んだみたいに凶暴化しているんです。
26078	Spits upward, then after a @{1}-second warning, 【Unidentified Digestive Matter】 falls from the sky at several random locations, dealing A damage within a circular area with a @{2}-meter radius. 【Unidentified Digestive Matter】 lasts @{3}s and slows players and monsters within it	上空へ吐き出し、@{1}秒の予告後、複数のランダム地点へ【正体不明の消化物】が落下し、半径@{2}mの円形範囲内へAダメージを与えます。【正体不明の消化物】は@{3}秒持続し、範囲内のプレイヤーとモンスターを減速させます
26079	Can only be used while riding a Demonic Wolf. Command the Demonic Wolf to bite @{2} designated targets within @{1} meters, dealing x% Neutral Physical damage and reducing their healing received by @{3}% for @{4} seconds. Damage dealt to controlled targets is increased by @{5}%.	デーモンウルフ騎乗中のみ使用可能。デーモンウルフに@{1}m以内の@{2}体の指定対象を噛ませ、x%の無属性物理ダメージを与え、@{4}秒間、受ける回復量を@{3}%減少させます。コントロール状態の対象へ与えるダメージが@{5}%増加します。
26080	Katar-exclusive skill. Locks onto an enemy target within @{1} meters and launches a row of spinning blades, dealing Neutral Physical damage equal to the number of blades (minimum @{2}) * Physical ATK * ^{1}@{3}%^{2}. At @{4} blade stacks, this skill's cooldown is ^{3}reset^{4}.	カタール専用スキル。@{1}m以内の敵1体をロックオンし、回転する刃を一列に放って、刃数（最低@{2}）* 物理攻撃力 * ^{1}@{3}%^{2}の無属性物理ダメージを与えます。刃スタックが@{4}に達すると、このスキルのクールダウンが^{3}リセット^{4}されます。
26081	Complete a match to earn Protection Points.\nPlayers who perform well earn Extra Protection Points.\nProtection Points offset Victory Points lost after a defeat.\nYou can accumulate up to 99 Protection Points.\nPoint Protection no longer activates after reaching Dominator rank.	試合を完了すると保護ポイントを獲得します。\n活躍したプレイヤーは追加の保護ポイントを獲得します。\n保護ポイントは敗北時に失う勝利ポイントを相殺します。\n保護ポイントは最大99まで蓄積できます。\nドミネーターランク到達後、ポイント保護は発動しなくなります。
26082	After solving every puzzle, you can pluck the strings and attempt to play the piece, but the melody will only sound if every note is correct.\nEach person can obtain only a limited number of Clues per day. Try asking others and sharing information—you might uncover more answers!	すべての謎を解いた後、弦を弾いて楽曲の演奏に挑戦できます。ただし、すべての音符が正しい時だけ旋律が鳴ります。\n1日に1人が獲得できる手掛かり数には上限があります。他の人に聞いたり情報を共有したりすれば、さらに答えが見つかるかもしれません！
26083	Place an Anklesnare at your location. It explodes when an enemy enters its @{1}-meter trigger radius, dealing ATK * ^{1}@{4}%^{2} damage to up to @{3} enemies within a @{2}-meter radius and inflicting ^{3}【Immobilize】^{4} for @{5}^{5} seconds. The Trap Hunter lasts @{6} seconds.	現在地にアンクルスネアを設置します。敵が@{1}mの起爆範囲内に入ると爆発し、半径@{2}m以内の最大@{3}体の敵へATK * ^{1}@{4}%^{2}のダメージを与え、@{5}^{5}秒間^{3}【移動不能】^{4}を付与します。ハンタートラップは@{6}秒間持続します。
26084	Unleash Soul Buster and Enter the ^{1}^{2}【Intense Telekinesis】^{3}^{4} state for ${1} seconds. During this time, your Ghost Damage increases by ^{5}${2}%^{6}, Soul Expansion's Cooldown is reduced by ${3}%, and Psychokinetic Astral Body acquisition efficiency increases by ${4}%.	ソウルバスターを解放し、${1}秒間^{1}^{2}【インテンス・テレキネシス】^{3}^{4}状態になります。効果中、念属性ダメージが^{5}${2}%^{6}増加し、ソウルエクスパンションのクールダウンが${3}%短縮され、サイコキネティックアストラルボディの獲得効率が${4}%増加します。
26085	Deals ATK * ^{3}@{4}%^{4} damage and ^{1}【Knockback】^{2} to up to @{3} enemies in a @{1} m * @{2} m area ahead, then moves @{5} m in that direction and deals ATK * ^{7}@{6}%^{8} damage and ^{5}【Knock-up】^{6} to the targets. Gains ^{9}【Control Immunity】^{10} while using the skill.	前方@{1}m×@{2}m範囲内の最大@{3}体の敵へATK * ^{3}@{4}%^{4}のダメージと^{1}【ノックバック】^{2}を与えた後、その方向へ@{5}m移動し、対象へATK * ^{7}@{6}%^{8}のダメージと^{5}【ノックアップ】^{6}を与えます。スキル使用中は^{9}【コントロール無効】^{10}を獲得します。
26086	When the Active Skill is cast, the master gains a 【Fairy Shield】 equal to Max Life * ^{1}${1}%^{2} for ${3} seconds. Exclusive Trigger: 【Fairy Shield】's shield value is increased to ^{3}${2}%^{4}. While 【Fairy Shield】 is active, the master gains ^{5}^{6}【Debuff Immunity】^{7}^{8}.	アクティブスキル使用時、主人は${3}秒間、最大HP * ^{1}${1}%^{2}の【フェアリーシールド】を獲得します。専用発動：【フェアリーシールド】のシールド量が^{3}${2}%^{4}に増加します。【フェアリーシールド】発動中、主人は^{5}^{6}【デバフ無効】^{7}^{8}を獲得します。
26087	Places an Anklesnare at the caster's location. When an enemy enters within @{1} m of the Trap Hunter, it explodes, dealing ATK * ^{1}@{4}%^{2} damage to up to @{3} enemies within a @{2} m radius and inflicting ^{3}【Immobilize】^{4} for @{5}^{5} sec. The Trap Hunter lasts @{6} sec.	使用者の現在地にアンクルスネアを設置します。敵がハンタートラップの@{1}m以内に入ると爆発し、半径@{2}m以内の最大@{3}体の敵へATK * ^{1}@{4}%^{2}のダメージを与え、@{5}^{5}秒間^{3}【移動不能】^{4}を付与します。ハンタートラップは@{6}秒間持続します。
26088	Attack Speed is permanently increased by ${4}%. Gain 1 stack of 【Momentum】 every ${1} sec. 【Momentum】: Increases Movement Speed by ${2}%. The next attack skill deals Extra Neutral melee Physical damage equal to ${3}% of Physical ATK to the primary target. Removed after attacking.	攻撃速度が永続的に${4}%増加します。${1}秒ごとに【モメンタム】を1スタック獲得します。【モメンタム】：移動速度が${2}%増加します。次の攻撃スキルが主対象へ物理攻撃力の${3}%に相当する無属性近接物理の追加ダメージを与えます。攻撃後に解除されます。
26089	@{1}.Tap an item or select a filter to choose items for dismantling. \n@{2}.Tap it again or clear the filter to deselect it. \n@{3}.Certain Rare items are excluded from batch dismantling filters. \n@{4}.Dismantling cannot be undone. Carefully select the items you want to dismantle.	@{1}.アイテムをタップするかフィルターを選択して、一括分解するアイテムを指定します。 \n@{2}.もう一度タップするかフィルターを解除すると選択を外せます。 \n@{3}.一部のレアアイテムは一括分解フィルターの対象外です。 \n@{4}.分解は取り消せません。分解するアイテムを慎重に選んでください。
26090	Capable of using more powerful magics. Although their poor close-quarter combat ability being their weakness as past, by mastering the four elemental stats of Water, Earth, Fire, and Air, they can still be a powerful addition to the team with their incredibly wide-range AOE magics.	より強力な魔法を扱える職業です。近接戦闘が苦手なのは従来通りですが、水・地・火・風の4属性を極めることで、非常に広範囲の範囲魔法を駆使し、チームへ大きく貢献できます。
26091	Immediately enters the ^{1}【Camouflage】【Hiding】^{2} state upon use, becoming invisible and untargetable while increasing Movement Speed by ^{3} @{1}%^{4} for @{2} seconds.\nThe ^{5}【Camouflage】【Hiding】^{6} state ends immediately after dealing or taking damage a total of @{3} times.	使用すると即座に^{1}【カモフラージュ】【ハイディング】^{2}状態になり、姿が見えなくなって対象に選択されなくなり、@{2}秒間、移動速度が^{3} @{1}%^{4}増加します。\nダメージを与える、または受ける回数の合計が@{3}回に達すると、^{5}【カモフラージュ】【ハイディング】^{6}状態は即座に解除されます。
26092	Piamette summons a Bunny Doll, increasing the master's Physical and Magic DEF by ^{1}${2}%^{2} for ${1} sec. During this time, if the master is attacked while their Life is below ${3}% of Max Life, restores Life equal to Max Life * ^{3}${4}%^{4}. Can only trigger once per duration.	ピアメットがバニードールを召喚し、主人の物理防御力と魔法防御力を${1}秒間^{1}${2}%^{2}増加させます。効果中、主人のHPが最大HPの${3}%未満の状態で攻撃を受けると、最大HP * ^{3}${4}%^{4}のHPを回復します。効果時間中に1回のみ発動します。
26093	Draw a holy light magic circle with an Exorciser spell, dealing Holy ranged magic damage equal to Magic ATK*^{1}${4}%^{2} to up to ${3} enemies within a ${2}-meter radius within ${1} meters of you. This skill gains one ^{3}Uses:^{4} every ${5} seconds and can stack up to two times.	エクソシストの呪文で聖光の魔法陣を描き、自身から${1}m以内の指定地点を中心とする半径${2}mの範囲内の最大${3}体の敵へ魔法攻撃力*^{1}${4}%^{2}の聖属性遠距離魔法ダメージを与えます。このスキルは${5}秒ごとに^{3}使用回数：^{4}+1され、最大2回まで蓄積できます。
26094	When 【Enhance Camouflage】 ends, unleash a ring of discs that deals a total of ^{1}@{3}%^{2} Physical damage to up to @{2} enemies within @{1} meters (the more targets within range, the less damage each target takes) and reduces their Movement Speed by ^{3}@{4}%^{4} for @{5} seconds	【強化カモフラージュ】終了時、ディスクの輪を放ち、@{1}m以内の最大@{2}体の敵へ合計^{1}@{3}%^{2}の物理ダメージを与えます（範囲内の対象数が多いほど、各対象が受けるダメージは減少します）。さらに移動速度を@{5}秒間^{3}@{4}%^{4}減少させます
26095	@{1}.Rankings are updated in real time.\n@{2}.Each leaderboard is ranked according to criteria specific to that game mode. Some leaderboards allow you to click a column header to sort in ascending or descending order.\n@{3}.Click a character on the leaderboard to view their profile.	@{1}.ランキングはリアルタイムで更新されます。\n@{2}.各ランキングはゲームモード固有の基準で順位付けされます。一部のランキングでは列見出しをクリックして昇順または降順に並べ替えられます。\n@{3}.ランキング内のキャラクターをクリックするとプロフィールを確認できます。
26096	@{1}.The first time you use a new Skill Build, you must reallocate skill points and equip skills again. \n@{2}.Each Skill Build is independent. Switching Skill Builds also switches your skill point allocation and equipped skills. \n@{3}.Skill Builds cannot be switched during combat.	@{1}.新しいスキルビルドを初めて使う時は、スキルポイントを再配分し、スキルを装備し直す必要があります。 \n@{2}.各スキルビルドは独立しており、切り替えるとスキルポイント配分と装備スキルも切り替わります。 \n@{3}.戦闘中はスキルビルドを切り替えられません。
26097	When the bell tolls, Clock removes all control effects from its master and grants ${1} sec. of ^{1}^{2}【Control Immunity】^{3}^{4}. It also has a ^{5}${2}%^{6} Chance to inflict ^{9}^{10}【Silence】^{11}^{12} for ^{7}${5}^{8} sec. on up to ${4} enemies within ${3} meters of its master.	鐘が鳴ると、クロックが主人のすべてのコントロール効果を解除し、${1}秒間^{1}^{2}【コントロール無効】^{3}^{4}を付与します。さらに主人の${3}m以内の最大${4}体の敵へ、^{5}${2}%^{6}の確率で^{7}${5}^{8}秒間^{9}^{10}【沈黙】^{11}^{12}を付与します。
26098	Perform to manifest the Holy Spirit's true form, increasing your ^{1}${1}%^{2} Holy damage for ${2} seconds. During this time, ^{3}^{4}【Twin Holy Light】^{5}^{6} has a ^{7}${3}%^{8} Chance to trigger, and ^{9}^{10}【Voice Part】^{11}^{12} always remains at the maximum number of Floors.	演奏によって聖霊の真の姿を顕現し、${2}秒間、自身の聖属性ダメージを^{1}${1}%^{2}増加させます。効果中、^{3}^{4}【ツインホーリーライト】^{5}^{6}の発動率が^{7}${3}%^{8}になり、^{9}^{10}【ボイスパート】^{11}^{12}は常に最大層を維持します。
26099	●After successfully defending the dragon's seal, you can venture into the heart of Dragon Casket Isle to hunt the dragon. Some Adventurers must enter the Inner Area and face the dragon directly. Not all Adventurers can fight the dragon, so the guild must assign members appropriately.	●竜の封印の防衛に成功すると、ドラゴン棺島の中心部へ進み、竜討伐に挑戦できます。一部の冒険者は内部エリアへ入り、竜と直接戦う必要があります。すべての冒険者が竜と戦えるわけではないため、ギルドは適切にメンバーを配置する必要があります。
26100	After charging up, Cat o' Nine-Tail slams the designated ST enemy within ${1} meters, dealing a total of the master's ^{1}Adaptive ATK^{2}*^{3}${2}%^{4} Neutral melee ^{5}Adaptive Damage^{6}. For ${3} seconds, the master's next ${4} instances of damage deal ^{7}${5}%^{8} more damage.	チャージ後、九尾狐が${1}m以内の指定単体の敵を叩きつけ、主人の^{1}適応攻撃^{2}*^{3}${2}%^{4}に相当する合計無属性近接^{5}適応ダメージ^{6}を与えます。その後${3}秒間、主人が次に与える${4}回のダメージが^{7}${5}%^{8}増加します。
26101	Summons Demon Flame, dealing Neutral melee Magic damage equal to the enemy's Max HP*^{1}${3}%^{2} to up to ${2} enemies within a ${1}-meter radius, up to the Pet's MATK*^{3}${4}%^{4}, and inflicting 【Demonic Corrosion】: reduces all Elemental DMG Bonuses by ^{5}${5}%^{6} for ${6} sec.	デーモンフレイムを召喚し、${1}m範囲内の最大${2}体の敵へ、敵の最大HP*^{1}${3}%^{2}に相当する無属性近接魔法ダメージを与えます（上限：ペットMATK*^{3}${4}%^{4}）。さらに【デモニックコロージョン】を付与し、${6}秒間、すべての属性ダメージボーナスを^{5}${5}%^{6}減少させます。
26102	Skipping can be enabled manually during the preparation phase.\nIf the stage is too difficult, you can abandon it and select a different difficulty after enabling this option.\nThe rally Function lets you post a stage rally in the Guild Channel and invite Guild Members to participate.	準備フェーズ中に手動でスキップを有効化できます。\nステージが難しすぎる場合、この機能を有効化した後にステージを放棄して別の難易度を選択できます。\n集結機能を使うと、ギルドチャンネルへステージ集結を投稿し、ギルドメンバーを招待できます。
26103	Grants yourself and a designated ST ally within a ${1}-meter radius a ^{3}Physical damage absorption shield^{4} equal to your Magic ATK*^{1}${2}%^{2} for ${3} seconds. A target protected by ^{5}【Kyrie Eleison】^{6} immediately loses the shield when hit by ^{7}^{8}【Holy Light】^{9}^{10}.	自身と${1}m以内の指定単体の味方へ、自身の魔法攻撃力*^{1}${2}%^{2}に相当する^{3}物理ダメージ吸収シールド^{4}を${3}秒間付与します。^{5}【キリエエレイソン】^{6}で守られている対象が^{7}^{8}【ホーリーライト】^{9}^{10}を受けると、シールドは即座に消失します。
26104	Fires repeatedly, dealing Neutral ranged Physical damage totaling Pet Physical ATK*^{1}${4}%^{2} to up to ${3} enemies in a ${1}-meter-by-${2}-meter rectangular area ahead, reducing their healing dealt and received by ^{3}${5}%^{4} and Crit Resistance by ^{5}${6}^{6} for ${7} seconds.	連続射撃し、前方${1}m×${2}mの長方形範囲内の最大${3}体の敵へ、合計ペット物理攻撃力*^{1}${4}%^{2}の無属性遠距離物理ダメージを与え、${7}秒間、与える回復量と受ける回復量を^{3}${5}%^{4}、クリティカル耐性を^{5}${6}^{6}減少させます。
26105	Draw on the power of the god of hunting and archery to increase ranged Physical ATK by ^{1}${1}%^{2}, Crit Chance by ^{3}${2}%^{4}, and Movement Speed by ^{5}${3}%^{6} for ${4} seconds. During this time, Enhance ^{7}【Aimed Shot】^{8}, increasing its damage multiplier by ^{9}${5}%^{10}.	狩猟と弓術の神の力を引き出し、${4}秒間、遠距離物理攻撃力を^{1}${1}%^{2}、クリティカル率を^{3}${2}%^{4}、移動速度を^{5}${3}%^{6}増加させます。効果中、^{7}【エイムドボルト】^{8}を強化し、ダメージ倍率を^{9}${5}%^{10}増加させます。
26106	For ${1} sec after activating the skill, taking melee damage from an enemy player reflects the damage to nearby enemies, dealing Neutral Physical melee damage equal to *^{1}${4}%^{2} of the damage taken to up to ${3} enemies within a ${2}-meter radius. Can trigger once every ${5} sec.	スキル発動後${1}秒間、敵プレイヤーから近接ダメージを受けるとそのダメージを反射し、${2}m範囲内の最大${3}体の敵へ、受けたダメージの*^{1}${4}%^{2}に相当する無属性近接物理ダメージを与えます。${5}秒ごとに1回発動できます。
26107	1. Enter skill allocation mode to allocate skill points. Skill points from your current Job Advance stage can only be allocated to skills from that stage. \n2. Use a recommended build to allocate points automatically.\n3. Switch Skill Builds to quickly change the build Currently Using.	1. スキル配分モードに入り、スキルポイントを配分します。現在の転職段階で獲得したスキルポイントは、その段階のスキルにのみ配分できます。 \n2. おすすめビルドを使用すると自動でポイントを配分できます。\n3. スキルビルドを切り替えると、現在使用中のビルドを素早く変更できます。
26108	Finally, I'll need ^{1}【Eddga's Mane】^{2} for the balancing bristles. That big cat has been prowling around the bamboo forest lately, terrifying the villagers... and making so much noise I can't focus on my experiments! Go bring me some of its mane—and quiet it down while you're at it.	最後に、バランス用の毛には^{1}【エドガのたてがみ】^{2}が必要だ。あの大きな猫は最近、竹林をうろついて村人を怖がらせているし……何より騒がしくて実験に集中できない！たてがみを取ってきてくれ――ついでに少し静かにさせてくれ。
26109	Unleashes the power of thunder, dealing ATK * ^{1}@{4}%^{2} damage to up to @{3} enemies in a target area with a @{2} m radius within @{1} m, with a @{5}% Chance to inflict ^{3}【Stun】^{4} for @{6} sec. ^{5}【Stun】^{6}: Interrupts movement, casting, and skills. Cannot move or use skills.	雷の力を解放し、@{1}m以内の半径@{2}mの対象エリアにいる最大@{3}体の敵へATK * ^{1}@{4}%^{2}のダメージを与え、@{5}%の確率で@{6}秒間^{3}【スタン】^{4}を付与します。^{5}【スタン】^{6}：移動、詠唱、スキルを中断します。移動およびスキル使用ができません。
26110	The Watcher observes the target area, dealing Neutral ranged ^{5}Adaptive Damage^{6} equal to the master's ^{1}Adaptive ATK^{2}*^{3}${3}%^{4} to up to ${2} enemies within a ${1}-meter radius of the target area and reducing their Physical and Magic ATK by ^{7}${4}%^{8} for ${5} seconds.	ウォッチャーが対象エリアを監視し、対象エリアの${1}m範囲内の最大${2}体の敵へ、主人の^{1}適応攻撃^{2}*^{3}${3}%^{4}に相当する無属性遠距離^{5}適応ダメージ^{6}を与え、${5}秒間、物理攻撃力と魔法攻撃力を^{7}${4}%^{8}減少させます。
26111	【Brilliant Holy Light】can be Enhanced into 【Angel Incarnate】, reducing its Cooldown. Upon casting, transform into an Angel of Divine Light and convert Highness Heal into 【Manifestation】 for @{1}s. During this time, gain damage reduction and bonus Move SPD, float, and cast while moving.	【ブリリアントホーリーライト】は【エンジェルインカーネイト】へ強化でき、クールダウンが短縮されます。使用するとディヴァインライトの天使へ変身し、ハイネスヒールが【マニフェステーション】へ変化します。@{1}秒間、ダメージ軽減と移動速度ボーナスを獲得し、浮遊しながら移動詠唱できます。
26112	Creates a pillar of fire with a ${2}-meter radius at a designated location within ${1} meters of you. Every second, it deals Magic ATK*^{1}${4}%+${5}^{2} Fire ranged magic damage to up to ${3} enemies within its area. The pillar lasts ${6} seconds. Up to ${7} pillars can exist at once.	自身から${1}m以内の指定地点に半径${2}mの火柱を生成します。毎秒、範囲内の最大${3}体の敵へ魔法攻撃力*^{1}${4}%+${5}^{2}の火属性遠距離魔法ダメージを与えます。火柱は${6}秒間持続し、最大${7}本まで同時に存在できます。
26113	@{1}.Once the character reaches the required Base Lv. and Job Lv., you can complete the Job Advance quest from this screen to perform a Job Advance.\n@{2}.Use the Job descriptions and preview videos on this screen to learn about each Job's features.\n@{3}.Job Advance cannot be reversed.	@{1}.キャラクターが必要なBase Lv.とJob Lv.に達すると、この画面から転職クエストを完了して転職できます。\n@{2}.この画面の職業説明とプレビュー動画で、各職業の特徴を確認できます。\n@{3}.転職は取り消せません。
26114	For ${1} seconds after casting ^{1}^{2}[Grimtooth]^{3}^{4}, the percentage damage multiplier of your next ${2} casts of ^{5}^{6}[Basic Attack]^{7}^{8}, ^{9}^{10}[Sonic Blow]^{11}^{12}, or ^{13}^{14}[Envenomed Blade]^{15}^{16} increases by ${3}%, and their fixed damage increases by ${4}.	^{1}^{2}[グリムトゥース]^{3}^{4}使用後${1}秒間、次の${2}回の^{5}^{6}[通常攻撃]^{7}^{8}、^{9}^{10}[ソニックブロー]^{11}^{12}、または^{13}^{14}[エンベノムブレイド]^{15}^{16}のダメージ倍率が${3}%、固定ダメージが${4}増加します。
26115	Your guild did not meet the requirements for Auction Rewards in this match. Be sure to participate more often~\nAuction Rewards Requirements: At the end of the match, your guild must have at least ${1} win/loss points, and at least ${2} Guild Members must have participated in the match.	今回の試合では、あなたのギルドはオークション報酬の条件を満たしませんでした。次回はもっと積極的に参加しましょう～\nオークション報酬条件：試合終了時、ギルドの勝敗ポイントが${1}以上で、かつ${2}人以上のギルドメンバーが試合に参加している必要があります。
26116	In the glow of the Bonfire, the words in the manual seem to dance. After reading a few lines, your body begins to feel unfamiliar yet adorable again...\n^{1}Effect: Can only be used after you Transform at the Poring Party. Use it to randomly change your transformed appearance again.^{2}	焚き火の光の中、マニュアルの文字が踊って見える。数行読み進めると、身体がまた見慣れないけれど可愛らしい感覚に変わっていく……\n^{1}効果：ポリンパーティで変身した後にのみ使用できます。使用すると変身後の見た目をもう一度ランダムに変更します。^{2}
26117	Places a Flasher within ${1}m. When an enemy enters the Trap's ${2}m trigger radius, it explodes, dealing Physical ATK*^{1}${5}%+${6}^{2} Wind ranged Physical damage to up to ${4} enemies within a ${3}m radius and inflicting ^{3}^{4}【Blind】^{5}^{6} for ${7} sec. The Trap lasts ${8} sec.	${1}m以内にフラッシャーを設置します。敵がトラップの${2}m起爆範囲に入ると爆発し、半径${3}m以内の最大${4}体の敵へ物理攻撃力*^{1}${5}%+${6}^{2}の風属性遠距離物理ダメージを与え、${7}秒間^{3}^{4}【暗闇】^{5}^{6}を付与します。トラップは${8}秒間持続します。
26118	Sohee unleashes spectral power, dealing Neutral ranged magic damage equal to Pet Magic ATK*^{1}${3}%^{2} every @{1} seconds to up to ${2} enemies within a ${1}-meter radius, and gains a shield equal to Pet Magic ATK*^{3}${4}%^{4} and ^{5}^{6}【Control Immunity】^{7} ^{8} for ${5} seconds.	ソヒーが霊力を解放し、${1}m範囲内の最大${2}体の敵へ@{1}秒ごとにペット魔法攻撃力*^{1}${3}%^{2}の無属性遠距離魔法ダメージを与えます。さらにペット魔法攻撃力*^{3}${4}%^{4}に相当するシールドと、${5}秒間^{5}^{6}【コントロール無効】^{7} ^{8}を獲得します。
26119	Drive your weapon into the ground, continuously pulling in enemy targets within a @{1}-meter radius and dealing damage. Damage over Time deals a total of @{2}% melee Fire Physical damage. Then unleash a Burst attack that deals @{3}% melee Fire Physical damage and knocks enemies airborne	武器を地面へ突き立て、半径@{1}m以内の敵を継続的に引き寄せながらダメージを与えます。継続ダメージとして合計@{2}%の近接火属性物理ダメージを与えた後、バースト攻撃で@{3}%の近接火属性物理ダメージを与え、敵を空中へ打ち上げます
26120	Captain Aikuni, do you see this? Such a gentle temperament! Such a powerful physique! This will be a revolutionary innovation! Giant ants could become stronger, more Excellent mounts than Peco Pecos. And according to my research, their adaptability to difficult terrain is also Excellent.	アイクニ隊長、見えますか？この穏やかな気質！この力強い体格！これは革命的な革新になりますよ！巨大アリはペコペコよりも強くて優秀な乗り物になれるかもしれません。それに私の研究では、険しい地形への適応力も非常に優秀なんです。
26121	The ultimate evolution of the Crusader path. Royal Guards are not only the kingdom's mightiest warriors, but also engines of destruction that shatter enemy lines. They can withstand and deal heavy damage, crash repeatedly through enemy formations, or serve as the core of their own party.	クルセイダー系統の究極進化。ロイヤルガードは王国最強の戦士であるだけでなく、敵陣を粉砕する破壊の要でもあります。大ダメージに耐えながら自らも大ダメージを与え、敵陣へ何度も突撃して陣形を崩すことも、味方パーティの中核を担うこともできます。
26122	Create a ^{1}circular magic barrier^{2} with a ${2}-meter radius within ${1} meters of yourself. The barrier blocks ^{3}ranged Physical damage^{4} taken by a single ally standing inside it. It lasts ${3} seconds, can block up to ${4} instances of damage, and only one can exist at a time.	自身から${1}m以内に半径${2}mの^{1}円形魔法バリア^{2}を生成します。バリア内にいる味方1人が受ける^{3}遠距離物理ダメージ^{4}を防ぎます。${3}秒間持続し、最大${4}回のダメージを防げます。同時に存在できるのは1つだけです。
26123	@{1}.Certain classes have unique class items.\n@{2}.After meeting the specified requirements, Merchants can use carts, Knight classes can ride Peco Pecos, and Archer classes can bring Falcons.\n@{3}.Each class item serves a different purpose. Adventurers, go explore and Discover them all!	@{1}.一部の職業には専用の職業アイテムがあります。\n@{2}.指定条件を満たすと、マーチャントはカート、ナイト系職業はペコペコ、アーチャー系職業はファルコンを使用できます。\n@{3}.職業アイテムごとに用途は異なります。冒険者のみなさん、ぜひ探索して全部見つけてください！
26124	@{1}. The Hidden Land unlocks at Lv. @{2}.\n@{3}. When challenging the Hidden Land, you will face ^{1}one randomly selected BOSS from a Hard dungeon^{2}.\n@{4}. Defeating ^{3}a BOSS that has not yet been cleared for the first time^{4} also grants that BOSS's First Clear and clear rewards.	@{1}. 隠された地はLv. @{2}で解放されます。\n@{3}. 隠された地に挑戦すると、^{1}ハードダンジョンからランダムに選ばれたBOSS1体^{2}と戦います。\n@{4}. ^{3}まだ初回クリアしていないBOSSを倒す^{4}と、そのBOSSの初回クリア報酬とクリア報酬も獲得できます。
26125	For ${1} seconds after casting a ^{1}Healing-type^{2} or ^{3}Dispel-type^{4} Primary Battle Skill, when the owner Deals DMG, restores ^{5}Adaptive Attack^{6} * ^{7}${4}%^{8} ^{9}HP^{10} to this unit and up to ${3} allies within a ${2}-meter radius. (This effect has a ${5}-second Cooldown.)	^{1}回復型^{2}または^{3}解除型^{4}の主要戦闘スキル使用後${1}秒間、所有者がダメージを与えると、自身と${2}m範囲内の最大${3}人の味方の^{9}HP^{10}を^{5}適応攻撃^{6} * ^{7}${4}%^{8}回復します。（この効果のクールダウンは${5}秒です。）
26126	Aliza launches blades, dealing Neutral ranged Physical damage equal to Physical ATK * ^{1}${4}%^{2} to up to ${3} enemies in a ${1} × ${2} m rectangular area ahead. She also increases the Physical ATK of up to ${3} allies within a ${5} m radius of herself by ^{3}${6}%^{4} for ${7} seconds.	アリザが刃を放ち、前方${1} × ${2}mの長方形範囲内の最大${3}体の敵へ、物理攻撃力 * ^{1}${4}%^{2}の無属性遠距離物理ダメージを与えます。さらに自身の半径${5}m以内の最大${3}人の味方の物理攻撃力を${7}秒間^{3}${6}%^{4}増加させます。
26127	Each stronghold has a banner that attackers can damage. The guild of the player who deals the final blow temporarily takes control of the stronghold. If no other guild captures it within a certain period, the stronghold will be locked, giving that guild final control for the current battle.	各拠点には攻撃側がダメージを与えられる旗があります。最後の一撃を与えたプレイヤーのギルドが一時的に拠点を占領します。一定時間内に他ギルドが奪取しなければ拠点はロックされ、そのギルドが今回の戦闘で最終的な占領権を得ます。
26128	Are you sure you want to Leave Guild?\n1. After you Leave Guild, your Guild Funds Donation records will be cleared. If you rejoin this guild within two weeks, your Guild Funds records will be restored.\n2. If you Leave Guild before an auction ends, you will not receive the Auction Dividend.	ギルドを脱退しますか？\n1. ギルド脱退後、ギルド資金寄付記録は消去されます。2週間以内に同じギルドへ再加入した場合、ギルド資金記録は復元されます。\n2. オークション終了前にギルドを脱退すると、オークション配当を受け取れません。
26129	No, that's impossible! It completely contradicts the fundamental principles of Non-Sapient Creature Behavior! It was so docile, and spectral analysis of its purring showed that it was completely relaxed! Could... could all of this have been some kind of higher-dimensional mimicry disguise?!	いや、そんなのありえない！非知性生物行動学の基本原則に完全に反している！あんなにおとなしかったし、喉を鳴らす音のスペクトル解析でも完全にリラックスしていた！まさか……全部が高次元的な擬態による偽装だったというのか？！
26130	Can only be used while mounted on the Demonic Wolf. Commands ${1} wolf followers to attack the designated ST target within ${2}m, dealing ${3} hits of Neutral melee Physical damage totaling Physical ATK*^{1}${4}%^{2}. If you are more than ${5}m from the target, you also dash in front of it.	デーモンウルフ騎乗中のみ使用可能。${1}体のウルフフォロワーに${2}m以内の指定単体の対象を攻撃させ、合計物理攻撃力*^{1}${4}%^{2}となる${3}ヒットの無属性近接物理ダメージを与えます。対象から${5}m以上離れている場合、自身も対象の前へダッシュします。
26131	Can only be used while riding a Madogear Pilot. Mount ${1} cannons on its shoulders and Launch ${6} shells at ${3} designated enemies within ${2} meters and up to ${5} other enemies within ${4} meters of them, dealing total Neutral ranged Physical damage equal to Physical ATK*^{1}${7}%^{2}.	マドギアパイロット騎乗中のみ使用可能。肩に${1}門のキャノンを装着し、${2}m以内の指定した${3}体の敵と、その周囲${4}m以内の最大${5}体の敵へ${6}発の砲弾を放ち、合計物理攻撃力*^{1}${7}%^{2}の無属性遠距離物理ダメージを与えます。
26132	Don't just take my word for it—please accept this invitation. We're hosting an exclusive welcome gala at the most luxurious venue in town, the 【Oak Tavern】! There'll be endless gourmet food and fine wine, not to mention countless elite Members who've already achieved the life of their dreams!	私の言葉だけを信じろとは言いません――ぜひこの招待状を受け取ってください。街で最も豪華な会場【オーク酒場】で、特別な歓迎パーティを開くんです！豪華な料理と上質なワインが尽きることなく並び、夢の人生をすでに手に入れたエリートメンバーも大勢集まりますよ！
26133	When the bell tolls, Clock removes all control effects from its master and, for ${1} seconds, becomes ^{1}immune to all control effects^{2}. It also has a ^{3}${2}%^{4} Chance to inflict ^{5}${5}^{6} seconds of ^{7}^{8}【Silence】^{9}^{10} on up to ${4} enemies within ${3} meters of its master.	鐘が鳴ると、クロックが主人のすべてのコントロール効果を解除し、${1}秒間^{1}すべてのコントロール効果を無効化^{2}します。さらに主人の${3}m以内の最大${4}体の敵へ、^{3}${2}%^{4}の確率で^{5}${5}^{6}秒間^{7}^{8}【沈黙】^{9}^{10}を付与します。
26134	The Watcher summons a curtain of light, dealing total Neutral ranged Magic damage equal to Magic ATK*^{1}${3}%^{2} to up to ${2} enemies within a ${1}-meter radius, inflicting ^{3}^{4}【Immobilize】^{5}^{6} for ${4} seconds, and reducing Physical and Magic ATK by ^{7}${5}%^{8} for ${6} seconds.	ウォッチャーが光の幕を召喚し、${1}m範囲内の最大${2}体の敵へ合計魔法攻撃力*^{1}${3}%^{2}の無属性遠距離魔法ダメージを与え、${4}秒間^{3}^{4}【移動不能】^{5}^{6}を付与し、${6}秒間、物理攻撃力と魔法攻撃力を^{7}${5}%^{8}減少させます。
26135	@{1}.A Member with rally permissions can send a Guild Rally pop-up to every Guild Member.\n@{2}.After accepting the rally, Guild Members will immediately be teleported to the initiating Member's location.\n@{3}.The ^{1}Guild Rally Cooldown is @{4} minutes^{2} and is shared by the entire guild.	@{1}.集結権限を持つメンバーは、全ギルドメンバーへギルド集結のポップアップを送れます。\n@{2}.集結を承認すると、ギルドメンバーは発起人の位置へ即座にテレポートします。\n@{3}. ^{1}ギルド集結のクールダウンは@{4}分^{2}で、ギルド全体で共有されます。
26136	Question three. After facing countless dangers and battling terrifying monsters, you finally emerge victorious! Now a dust-covered treasure chest lies before you, with light shining through its keyhole! You rub your hands together, your heart pounding. What treasure do you hope to find inside?	第3問。数え切れない危険を乗り越え、恐ろしいモンスターとの戦いにも勝ち抜いたあなた！目の前には埃をかぶった宝箱があり、鍵穴から光が漏れています！胸を高鳴らせながら手をこすり合わせます。さて、中から何が出てきてほしい？
26137	Miguel Initiates an attack, dealing a total of the owner's ^{1}Adaptive Attack^{2} * ^{3}${3}%^{4} Neutral melee ^{5}Adaptive Damage^{6} to ${2} designated enemies within ${1} meters. Also grants the owner ^{7}^{8}【Raging Gale】^{9}^{10}, providing an ^{11}${4}%^{12} DMG Bonus for ${5} seconds.	ミゲルが攻撃を仕掛け、${1}m以内の指定した${2}体の敵へ、所有者の^{1}適応攻撃^{2} * ^{3}${3}%^{4}に相当する合計無属性近接^{5}適応ダメージ^{6}を与えます。さらに所有者へ^{7}^{8}【レイジングゲイル】^{9}^{10}を付与し、${5}秒間^{11}${4}%^{12}のダメージボーナスを与えます。
26138	A core Member of the Church who has begun taking on more practical duties. After mastering basic Divine Light magic, the Praiser Priest gains the ability to Revive allies, use AoE Divine Light, and provide shields. Their AoE buffs are also comprehensively Enhanced, making them a capable healer.	教会の中核メンバーとして実務を担い始めた職業。基本的な聖光魔法を習得したプレイザープリーストは、味方の復活、範囲聖光、シールド付与が可能になります。範囲バフも全面的に強化され、優秀なヒーラーとして活躍できます。
26139	Places a Freezing Trap within ${1}m. When an enemy enters the Trap's ${2}m trigger radius, it explodes, dealing Physical ATK*^{1}${5}%+${6}^{2} Water ranged Physical damage to up to ${4} enemies within a ${3}m radius and inflicting ^{3}^{4}【Freeze】^{5}^{6} for ${7} sec. The Trap lasts ${8} sec.	${1}m以内にフリージングトラップを設置します。敵がトラップの${2}m起爆範囲に入ると爆発し、半径${3}m以内の最大${4}体の敵へ物理攻撃力*^{1}${5}%+${6}^{2}の水属性遠距離物理ダメージを与え、${7}秒間^{3}^{4}【凍結】^{5}^{6}を付与します。トラップは${8}秒間持続します。
26140	High Orc stomps the ground, dealing the master's ^{1}Adaptive ATK^{2}*^{3}${3}%^{4} Neutral melee ^{5}Adaptive Damage^{6} to up to ${2} enemies within ${1} meters of the master and increasing the damage dealt by up to ${5} allies within ${4} meters of High Orc by ^{7}${6}%^{8} for ${7} seconds.	ハイオークが地面を踏みつけ、主人の${1}m以内の最大${2}体の敵へ、主人の^{1}適応攻撃^{2}*^{3}${3}%^{4}に相当する無属性近接^{5}適応ダメージ^{6}を与えます。さらにハイオークの${4}m以内の最大${5}人の味方が与えるダメージを${7}秒間^{7}${6}%^{8}増加させます。
26141	When casting a ^{1}Shield-type^{2} Primary Battle Skill, Deals Neutral Ranged ^{7}Adaptive Damage^{8} equal to the owner's ^{3}Adaptive Attack^{4}*^{5}${3}%^{6} to up to ${2} enemies within ${1} meters of the owner and reduces their Healing Done and Healing Taken by ^{9}${4}%^{10} for ${5} sec.	^{1}シールド型^{2}の主要戦闘スキル使用時、所有者の${1}m以内の最大${2}体の敵へ、所有者の^{3}適応攻撃^{4}*^{5}${3}%^{6}に相当する無属性遠距離^{7}適応ダメージ^{8}を与え、${5}秒間、与える回復量と受ける回復量を^{9}${4}%^{10}減少させます。
26142	When casting a ^{1}Buff-type^{2} Primary Battle Skill, inflicts 【Undead Convergence】 on up to ${3} enemies within a ${2}-meter radius of the owner for ${4} sec. While Active, increases all Elemental Damage they take by ^{3}${5}%^{4} and inflicts ^{5}【Sluggish】^{6} ${6}%^{7}. Cooldown: ${7} sec.	^{1}バフ型^{2}の主要戦闘スキル使用時、所有者の半径${2}m以内の最大${3}体の敵へ${4}秒間【アンデッドコンバージェンス】を付与します。効果中、受ける全属性ダメージが^{3}${5}%^{4}増加し、^{5}【鈍足】^{6} ${6}%^{7}を付与します。クールダウン：${7}秒。
26143	@{1}.Each class has multiple builds, and each build comes with @{2} skills.\n@{3}.All builds can use universal skills.\n@{4}.The Unlock Requirement for each skill is to use or pick it up during Kafra: Battle of the Survivors!\n@{5}.These skills can only be used in Kafra: Battle of the Survivors.	@{1}.各職業には複数のビルドがあり、各ビルドには@{2}個のスキルがあります。\n@{3}.すべてのビルドで共通スキルを使用できます。\n@{4}.各スキルの解放条件は、「カプラ：サバイバーバトル」で使用するか拾うことです！\n@{5}.これらのスキルは「カプラ：サバイバーバトル」でのみ使用できます。
26144	Create a ^{1}circular magic barrier^{2} with a radius of ${2} meters within ${1} meters of yourself, protecting one ally within its area from incoming ^{3}melee Physical damage^{4}. The barrier lasts ${3} seconds and can block up to ^{5}${4}^{6} instances of damage. Only one can exist at a time.	自身から${1}m以内に半径${2}mの^{1}円形魔法バリア^{2}を生成し、範囲内の味方1人を受ける^{3}近接物理ダメージ^{4}から守ります。バリアは${3}秒間持続し、最大^{5}${4}^{6}回のダメージを防げます。同時に存在できるのは1つだけです。
26145	Consumes ${1}% of current HP to Curse nearby enemies, reducing the Physical and Magic DEF of up to ${3} enemies within a ${2}-meter radius by ^{1}${4}%^{2} for ${5} seconds. For the next ${6} seconds, damage dealt increases by ^{3}${7}%^{4} for every @{1}% HP lost, up to ${8}%, for ${9} seconds.	現在HPの${1}%を消費して周囲の敵を呪い、半径${2}m以内の最大${3}体の敵の物理防御力と魔法防御力を${5}秒間^{1}${4}%^{2}減少させます。その後${6}秒間、失ったHP@{1}%ごとに与えるダメージが^{3}${7}%^{4}増加し、最大${8}%まで増加します。効果は${9}秒間持続します。
26146	Rainbow Ferus breathes flames, continuously dealing Neutral melee ^{5}Adaptive Damage^{6} equal to the owner's ^{1}Adaptive Attack^{2}*^{3}${4}%^{4} to up to ${3} enemies in a ${1}-meter-by-${2}-meter area in the designated direction and reducing their damage dealt by ^{7}${5}%^{8} for ${6} sec.	レインボーフェルスが炎を吐き、指定方向の${1}m×${2}m範囲内の最大${3}体の敵へ、所有者の^{1}適応攻撃^{2}*^{3}${4}%^{4}に相当する無属性近接^{5}適応ダメージ^{6}を継続的に与え、${6}秒間、対象が与えるダメージを^{7}${5}%^{8}減少させます。
26147	Katar-exclusive skill. Rapidly attacks the target, dealing Neutral melee Physical damage equal to PATK * ^{1}${2}%+${3}^{2} to the designated ST enemy within ${1} meters. If the target's HP is at or below ^{3}${4}%^{4}, increases the percentage damage multiplier of 【Sonic Blow】 by ^{5}${5}%^{6}.	カタール専用スキル。対象へ素早く連続攻撃し、${1}m以内の指定単体の敵へPATK * ^{1}${2}%+${3}^{2}の無属性近接物理ダメージを与えます。対象のHPが^{3}${4}%^{4}以下の場合、【ソニックブロー】のダメージ倍率が^{5}${5}%^{6}増加します。
26148	The BOSS creates @{1} Stone Pillars, then pulls players toward the center. It simultaneously creates @{2} arena-wide circular AOEs from the edge. Finally, after a @{3}-second warning, it unleashes a sandstorm lasting @{4} seconds that pulls players toward the center and inflicts Damage over Time	BOSSが@{1}本の石柱を生成した後、プレイヤーを中央へ引き寄せます。同時に外周から戦場全体へ広がる円形範囲攻撃を@{2}個生成します。最後に@{3}秒の予告後、@{4}秒間続く砂嵐を放ち、プレイヤーを中央へ引き寄せながら継続ダメージを与えます
26149	● ^{1}Fafnir^{2} is a powerful Boss that dwells on Dragon Coffin Island. It appears at a fixed time after the match begins.\n \n● Landing the First Strike or Final Blow on ^{3}Fafnir^{4} grants Extra Score.\n \n● Players also Score each time they deal a certain amount of damage to ^{5}Fafnir.^{6}	● ^{1}ファフニール^{2}はドラゴン棺島に棲む強力なBossです。試合開始から一定時間後に出現します。\n \n● ^{3}ファフニール^{4}へのファーストストライクまたはラストヒットを取ると追加スコアを獲得します。\n \n● ^{5}ファフニール^{6}へ一定量のダメージを与えるたびにもスコアを獲得します。
26150	${1} minutes of bonus auto-battle time have been added today. You currently have ${2} minutes remaining. (You can store up to ${3} minutes of bonus auto-battle time. Any time exceeding this limit will not be stored.)\n^{1}^{2}^{3}Tap here to view a summary of your auto-battle earnings^{4}^{5}^{6}	本日のボーナスオートバトル時間が${1}分追加されました。現在の残り時間は${2}分です。（ボーナスオートバトル時間は最大${3}分まで保存できます。上限を超えた時間は保存されません。）\n^{1}^{2}^{3}ここをタップしてオートバトル収益の概要を確認^{4}^{5}^{6}
26151	Unleashes a powerful Holy Light, dealing your Magic ATK *^{1}${4}%^{2} as ranged Holy magic damage to up to ${3} enemies in a targeted area with a ${2}-meter radius within ${1} meters of you, and inflicting ^{3}^{4}【Immobilize】^{5}^{6} and ^{7}^{8}【Blind】^{9}^{10} on enemies hit for ${5} seconds.	強力な聖光を放ち、自身から${1}m以内にある半径${2}mの対象エリア内の最大${3}体の敵へ、自身の魔法攻撃力 *^{1}${4}%^{2}に相当する聖属性遠距離魔法ダメージを与え、命中した敵へ${5}秒間^{3}^{4}【移動不能】^{5}^{6}と^{7}^{8}【暗闇】^{9}^{10}を付与します。
26152	During the event, guilds compete based on their total accumulated Contribution. Spending Contribution will not reduce this total. Each Member must reach the base Contribution requirement to claim rewards. If you switch guilds during the event, your base Contribution will be recalculated from zero.	イベント期間中、ギルドは累積貢献度の合計で競います。貢献度を消費してもこの合計値は減少しません。各メンバーは報酬を受け取るために基礎貢献度の条件を満たす必要があります。イベント期間中にギルドを移籍すると、基礎貢献度は0から再計算されます。
26153	1. When listing items at a Stall, a 7% Stall fee applies when the Currency is Diamonds, and an 8% Stall fee applies when the Currency is Zeny.\n2. For Diamonds, the minimum is 700 Meow Fruits and the maximum is 50000 Meow Fruits.\n3. For Zeny, the minimum is 800 Zeny and the maximum is 10000 Zeny.	1. 露店へアイテムを出品する際、通貨がダイヤの場合は7%、通貨がZenyの場合は8%の露店手数料がかかります。\n2. ダイヤの場合、最低価格は700ニャンフルーツ、最高価格は50000ニャンフルーツです。\n3. Zenyの場合、最低価格は800 Zeny、最高価格は10000 Zenyです。
26154	Protected by the Sacred Tree Spirit, when you take ^{1}lethal damage^{2}, you gain one chance to ^{3}^{4}【Respawn】^{5}^{6}. When triggered, you recover ^{7}${2}% Life^{8} and enter the ^{9}【Withered】^{10} state for ${3} minutes. During this time, ^{11}^{12}【Respawn】^{13}^{14} cannot trigger again.	聖樹の精霊に守られ、^{1}致死ダメージ^{2}を受けると1回だけ^{3}^{4}【リスポーン】^{5}^{6}できます。発動時、^{7}${2}%のHP^{8}を回復し、${3}分間^{9}【ウィザー】^{10}状態になります。効果中、^{11}^{12}【リスポーン】^{13}^{14}は再発動できません。
26155	Explore the region associated with the Movement and use Interaction on objects marked with a musical note to obtain ^{1}Lost Notes^{2}.\nWhile the event is active, Lost Notes may also drop randomly from ^{3}AFK monster hunting^{4} and ^{5}Life Skill gathering^{6}. You can obtain up to @{1} per day.	楽章に対応する地域を探索し、音符マークの付いたオブジェクトをインタラクトして^{1}失われた音符^{2}を獲得します。\nイベント期間中、^{3}放置狩り^{4}や^{5}生活スキル採集^{6}でも失われた音符がランダムでドロップすることがあります。1日に最大@{1}個獲得できます。
26156	Dagger-only skill. The user's shadow transforms into illusory blades that swiftly circle them once, dealing Neutral melee Physical damage equal to PATK*^{1}${3}%*(${4}+ASPD*${5}%)^{2} to up to ${2} enemies within a ${1}-meter radius. The user gains ^{3}^{4}[Endure]^{5}^{6} while casting this skill.	短剣専用スキル。使用者の影が幻影の刃へ変化し、素早く周囲を1周して${1}m範囲内の最大${2}体の敵へPATK*^{1}${3}%*(${4}+ASPD*${5}%)^{2}の無属性近接物理ダメージを与えます。使用中は^{3}^{4}[エンデュア]^{5}^{6}を獲得します。
26157	Requires a Dagger. Your shadow transforms into illusory blades and rapidly circles you, dealing a total of Physical ATK*^{1}${3}%*(${4}+Attack Speed*${5}%)^{2} Neutral melee Physical damage to up to ${2} enemies within a ${1}-meter radius. You gain ^{3}^{4}【Endure】^{5}^{6} while casting this skill.	短剣が必要です。自身の影が幻影の刃へ変化して素早く周囲を回り、${1}m範囲内の最大${2}体の敵へ合計物理攻撃力*^{1}${3}%*(${4}+攻撃速度*${5}%)^{2}の無属性近接物理ダメージを与えます。使用中は^{3}^{4}【エンデュア】^{5}^{6}を獲得します。
26158	Countdown rhythm circles appear in the arena. While standing inside one, players gain the Interaction skill [Dance Move].\nDepending on when the Interaction skill is used, ^{1}trigger [perfect]^{2}\nand gain the perfect status for @{1} seconds: ^{3}Gain @{2}% increased Movement Speed and damage^{4}.	戦場にカウントダウン付きのリズムサークルが出現します。中に立つとインタラクトスキル[ダンスムーブ]を獲得します。\nインタラクトスキルを使うタイミングに応じて^{1}[perfect]を発動^{2}し、\n@{1}秒間perfect状態を獲得します：^{3}移動速度とダメージが@{2}%増加します^{4}。
26159	Shield skill. Grants you 【Shield Reflect】 for ${3} seconds. 【Shield Reflect】: When you take Melee Physical DMG from an attacker within ${5} meters, deals Neutral Melee Physical DMG equal to your PATK * ^{1}${2}%^{2} + ^{3}${6}^{4} to the attacker. This effect can trigger up to ${4} times per second.	盾スキル。自身へ${3}秒間【シールドリフレクト】を付与します。【シールドリフレクト】：${5}m以内の攻撃者から近接物理ダメージを受けると、攻撃者へ自身のPATK * ^{1}${2}%^{2} + ^{3}${6}^{4}に相当する無属性近接物理ダメージを与えます。この効果は毎秒最大${4}回発動できます。
26160	Multiplies 【Turbid Soul Impact】's DEF reduction by ^{1}${1}^{2} and additionally inflicts ^{3}^{4}【Stun】^{5}^{6} for @{2} seconds on enemies above @{1}% HP. If the target's HP is no higher than @{3}% or the target was not Stunned, reduces its Physical and Magic ATK by ^{7}${2}%^{8} for ${3} seconds.	【タービッドソウルインパクト】の防御力減少効果を^{1}${1}^{2}倍にし、HPが@{1}%を超える敵へ追加で@{2}秒間^{3}^{4}【スタン】^{5}^{6}を付与します。対象のHPが@{3}%以下、または対象がスタンしなかった場合、${3}秒間、物理攻撃力と魔法攻撃力を^{7}${2}%^{8}減少させます。
26161	@{1}.After choosing a style, you may select any location on the mode map as your Spawn.\n@{2}.You can see your teammates' and enemies' Spawn locations, allowing you to adjust your Spawn strategy as the situation changes.\n@{3}.In Team Mode, you may invite teammates to follow you or follow a teammate.	@{1}.スタイルを選択後、モードマップ上の任意の場所を出現地点として選べます。\n@{2}.味方と敵の出現地点を確認できるため、状況の変化に応じて出現戦略を調整できます。\n@{3}.チームモードでは、味方へ追従を依頼したり、自分が味方へ追従したりできます。
26162	●Many ferocious monsters have appeared on Dragon Sarcophagus Isle, intent on breaking the dragon's seal. Before challenging the dragon, you must first stop the endless onslaught. Monsters will continuously pour from the purple portals. Only by deploying Adventurers wisely can you repel their assault.	●ドラゴン石棺島には竜の封印を破ろうとする凶暴なモンスターが大量に出現しています。竜へ挑む前に、まず終わりのない猛攻を食い止めなければなりません。紫色のポータルからモンスターが次々と押し寄せます。冒険者を適切に配置して襲撃を退けましょう。
26163	A novice practitioner and new Member of the Church, the Exorciser Acolyte can use Divine Light on themselves and allies while providing numerous buffs and removing debuffs. They are also highly effective against Undead and Demon monsters, making them well suited for auto-battle leveling in the field.	教会へ入ったばかりの新米修練者であるエクソシストアコライトは、自身と味方へ聖光を使えるほか、多数のバフ付与やデバフ解除が可能です。不死種族や悪魔種族のモンスターにも強く、フィールドでのオートバトルレベリングに適しています。
26164	Places an Anklesnare within ${1}m. When an enemy enters the Trap's ${2}m trigger radius, it explodes, dealing Physical ATK*^{1}${5}%+${6}^{2} Earth ranged Physical damage to up to ${4} enemies within a ${3}m radius and inflicting ^{3}^{4}【Immobilize】^{5}^{6} for ${7}^{7} sec. The Trap lasts ${8} sec.	${1}m以内にアンクルスネアを設置します。敵がトラップの${2}m起爆範囲に入ると爆発し、半径${3}m以内の最大${4}体の敵へ物理攻撃力*^{1}${5}%+${6}^{2}の地属性遠距離物理ダメージを与え、${7}^{7}秒間^{3}^{4}【移動不能】^{5}^{6}を付与します。トラップは${8}秒間持続します。
26165	Nightmare appears, dealing Neutral ranged ^{5}adaptive damage^{6} equal to the master's ^{1}Adaptive ATK^{2}*^{3}${4}%^{4} to up to ${3} enemies in a targeted area with a ${2}-meter radius within ${1} meters, and inflicts ^{7}^{8}【Immobilize】^{9}^{10} and ^{11}^{12}【Blind】^{13}^{14} for ${5} seconds.	ナイトメアが出現し、自身から${1}m以内にある半径${2}mの対象エリア内の最大${3}体の敵へ、主人の^{1}適応攻撃^{2}*^{3}${4}%^{4}に相当する無属性遠距離^{5}適応ダメージ^{6}を与え、${5}秒間^{7}^{8}【移動不能】^{9}^{10}と^{11}^{12}【暗闇】^{13}^{14}を付与します。
26166	Create a circular magic barrier with a ${2}-meter radius at a location within ${1} meters of yourself, protecting up to ${3} allies within the area from incoming melee Physical damage. The barrier lasts ^{1}${4}^{2} seconds and can block up to ^{3}${5}^{4} hits. Up to ${6} barriers can exist at once.	自身から${1}m以内の地点に半径${2}mの円形魔法バリアを生成し、範囲内の最大${3}人の味方を受ける近接物理ダメージから守ります。バリアは^{1}${4}^{2}秒間持続し、最大^{3}${5}^{4}回の攻撃を防げます。同時に最大${6}個まで存在できます。
26167	@{1}.This is an @{2}VS@{3} Faction Battle mode.\n@{4}.After you Enter Battlefield, there will be a @{5}-second Ready period.\n@{6}.When the Battle phase Countdown ends, the Faction with the higher Total Points wins.\n@{7}.Inactive behavior during a match will be penalized. Please participate actively!	@{1}.これは@{2}VS@{3}の勢力戦モードです。\n@{4}.戦場へ入ると、@{5}秒間の準備時間があります。\n@{6}.戦闘フェーズのカウントダウン終了時、合計ポイントが高い勢力が勝利します。\n@{7}.試合中の放置行為にはペナルティがあります。積極的に参加してください！
26168	Ilmata plays a melody of surging undercurrents, calling upon the great whale to unleash a combo attack. A Blackhole ^{1}pulls players toward the center of the field^{2} as a tide of fins surges from it. ^{3}Countless fins swim around the field^{4}, and ^{5}players who touch them take minor damage^{6}.	イルマタが激流のような旋律を奏で、巨大なクジラを呼び出して連携攻撃を行います。ブラックホールが^{1}プレイヤーをフィールド中央へ引き寄せ^{2}、そこからヒレの波が押し寄せます。^{3}無数のヒレがフィールドを泳ぎ回り^{4}、^{5}触れたプレイヤーは小ダメージを受けます^{6}。
26169	Two-handed Spear skill. Charge up to generate spiraling energy, then hurl your Spear at the target, dealing Neutral ranged Physical damage equal to Physical ATK * ^{1}${2}%^{2} to the targeted enemy within ${1} meters. Pulls the enemy in front of you and inflicts ^{3}【Immobilize】^{4} for ${3} seconds.	両手槍スキル。力を溜めて螺旋エネルギーを生成し、${1}m以内の対象へ槍を投げ、物理攻撃力 * ^{1}${2}%^{2}の無属性遠距離物理ダメージを与えます。敵を自身の前へ引き寄せ、${3}秒間^{3}【移動不能】^{4}を付与します。
26170	Dagger-only skill. Initiate several shadow slashes around you, dealing a total of PATK*^{1}${3}%*(${4}+ASPD*${5}%)^{2} Neutral melee Physical damage to up to ${2} enemies within a ${1}-meter radius. You remain ^{3}^{4}[Invincible]^{5}^{6} during this time. Immediately ^{7}refreshes [Shadow Guard]^{8}.	短剣専用スキル。自身の周囲へ複数の影斬りを放ち、${1}m範囲内の最大${2}体の敵へ合計PATK*^{1}${3}%*(${4}+ASPD*${5}%)^{2}の無属性近接物理ダメージを与えます。効果中は^{3}^{4}[無敵]^{5}^{6}です。即座に^{7}[シャドウガード]をリフレッシュします^{8}。
26171	@{1}.On the Recommended Monster screen, click the favorite button in the upper-left corner of a monster's info to add it to your favorites. You can favorite up to @{2} monsters\n@{3}.In your monster favorites, click a monster's Portrait to open the Recommended Monster screen and quickly Locate its info	@{1}.おすすめモンスター画面で、モンスター情報の左上にあるお気に入りボタンをクリックするとお気に入りへ追加できます。最大@{2}体まで登録できます\n@{3}.モンスターのお気に入り一覧でモンスターのポートレートをクリックするとおすすめモンスター画面が開き、その情報をすぐに確認できます
26172	You're the only one who managed to Activate the Stone Pillar in the city. I spent months tinkering with it and got no response. So... would you like to try touching this? Don't worry, I have Isis standing by over there. If it throws you back, his sturdy frame should probably—maybe—be able to catch you.	街で石柱を起動できたのは君だけだ。私は何か月もいじったのに、まったく反応しなかった。それで……これにも触れてみてくれないか？心配はいらない、向こうにイシスを待機させてある。もし弾き飛ばされても、あの頑丈な体ならたぶん――おそらく――受け止められるはずだ。
26173	Katar-exclusive skill. Quickly spins in place, dealing Neutral melee Physical damage equal to PATK * ^{1}${3}%*(${4}+ASPD*${5}%)^{2} to up to ${2} enemies within a ${1}-meter radius of You, and adds ${6} blades to Cross Ripper Slasher, up to ${7} blades. ^{3}This skill is considered a Basic Attack^{4}.	カタール専用スキル。その場で素早く回転し、自身の${1}m範囲内の最大${2}体の敵へPATK * ^{1}${3}%*(${4}+ASPD*${5}%)^{2}の無属性近接物理ダメージを与え、クロスリッパースラッシャーへ${6}個の刃を追加します。最大${7}個。^{3}このスキルは通常攻撃として扱われます^{4}。
26174	Two-Handed Spear skill. Deals Neutral Melee Physical DMG equal to PATK * ^{1}${3}%^{2} to up to ${2} enemies within a ${1}-meter radius. For every ${6}% ASPD, this DMG increases by ^{3}${4}%^{4}, up to @{1}% ASPD. This skill counts as a Basic Attack and has an ASPD effectiveness ratio of ^{5}${5}%^{6}.	両手槍スキル。${1}m範囲内の最大${2}体の敵へPATK * ^{1}${3}%^{2}の無属性近接物理ダメージを与えます。ASPDが${6}%増えるごとにダメージが^{3}${4}%^{4}増加し、最大@{1}% ASPDまで有効です。このスキルは通常攻撃として扱われ、ASPD有効率は^{5}${5}%^{6}です。
26175	(No Translation Needed@{1}.Tap an item or select a filter to choose items for dismantling. \n@{2}.Tap it again or clear the filter to deselect it. \n@{3}.Certain Rare items are excluded from batch dismantling filters. \n@{4}.Dismantling cannot be undone. Carefully select the items you want to dismantle.	@{1}.アイテムをタップするかフィルターを選択して、分解するアイテムを指定します。 \n@{2}.もう一度タップするかフィルターを解除すると選択を外せます。 \n@{3}.一部のレアアイテムは一括分解フィルターの対象外です。 \n@{4}.分解は取り消せません。分解するアイテムを慎重に選んでください。
26176	Unlike priests who devote themselves to the gods and focus on the training of the power of mind and magic, they hone their physical body to its peak, focusing on the combat techniques instead. Through achieving the balance of their chi within and utilizing it, they are capable of dealing massive damage.	神へ身を捧げ、精神力と魔力の鍛錬を重視するプリーストとは異なり、肉体を極限まで鍛え、戦闘技術を磨くことへ重点を置きます。体内の気を調和させて自在に操ることで、凄まじいダメージを与えられます。
26177	Instantly calls down Divine Light, restoring HP equal to your MATK * ^{1}${3}%^{2} ^{3}to You and up to ${2} allies within a ${1}-meter radius, prioritizing Party Members (^{4}^{5}Dexterity Resonance ${6}%^{6}^{7})^{8}. Also grants a Shield equal to your MATK * ^{9}${4}%^{10}^{11}^{12} for ${5} seconds.	即座に聖光を降らせ、自身のMATK * ^{1}${3}%^{2}に相当するHPを^{3}自身と${1}m範囲内の最大${2}人の味方へ回復します。パーティメンバーを優先します（^{4}^{5}DEX共鳴 ${6}%^{6}^{7}）^{8}。さらに${5}秒間、自身のMATK * ^{9}${4}%^{10}^{11}^{12}に相当するシールドを付与します。
26178	Summons cursed spirits all around, dealing @{1} hits of Neutral ranged magic damage totaling Pet Magic ATK*^{1}${3}%^{2} to up to ${2} enemies within a ${1}-meter radius and inflicting ${5}% ^{3}【Slow】^{4} for ${4} seconds. Increases the caster's Physical and Magic DEF by ^{5}${6}%^{6} for ${7} seconds.	周囲に呪われた霊を召喚し、${1}m範囲内の最大${2}体の敵へ合計ペット魔法攻撃力*^{1}${3}%^{2}となる@{1}ヒットの無属性遠距離魔法ダメージを与え、${4}秒間${5}%の^{3}【減速】^{4}を付与します。さらに使用者の物理防御力と魔法防御力を${7}秒間^{5}${6}%^{6}増加させます。
26179	Chimera summons a Holy Light Field for its master. Every ${1} sec., it grants the master and up to ${3} allies within ${2} meters a shield equal to the master's Max Life * ^{1}${4}%^{2}. While active, the master can gain ^{3}^{4}[Control Immunity]^{5}^{6} ${5} times. The Holy Light Field lasts ${6} sec.	キメラが主人のためにホーリーライトフィールドを召喚します。${1}秒ごとに、主人と${2}m以内の最大${3}人の味方へ、主人の最大HP * ^{1}${4}%^{2}に相当するシールドを付与します。発動中、主人は^{3}^{4}[コントロール無効]^{5}^{6}を${5}回獲得できます。ホーリーライトフィールドは${6}秒間持続します。
26180	Follow Nysha and her dance partners\nMove in one of four random directions to the beat\nMove correctly to ^{1}trigger [perfect]^{2} and gain the ^{3}perfect status for @{1} seconds^{4}, granting ^{5}@{2}% increased Movement Speed and damage^{6}. If you\nmove incorrectly or take no action, trigger [MISS].	ニーシャとダンスパートナーに続こう\nビートに合わせてランダムな4方向のうち1方向へ移動します\n正しく移動すると^{1}[perfect]を発動^{2}して、^{3}@{1}秒間perfect状態^{4}を獲得し、^{5}移動速度とダメージが@{2}%増加します^{6}。\n移動を間違えるか何もしないと[MISS]が発動します。
26181	Cart-exclusive skill. Deals Physical ATK * ^{1}${1}% + ${5}^{2} Neutral melee Physical DMG to a designated ST enemy within @{1} m. Has a ${2}% Chance to inflict Stun for ${3} sec. When used while under ^{3}^{4}【Cart Boost】^{5}^{6}, High Speed Cart Ram can be cast while moving and deals ${4}% more damage.	カート専用スキル。@{1}m以内の指定単体の敵へ物理攻撃力 * ^{1}${1}% + ${5}^{2}の無属性近接物理ダメージを与えます。${2}%の確率で${3}秒間スタンを付与します。^{3}^{4}【カートブースト】^{5}^{6}中に使用すると、ハイスピードカートラムを移動しながら使用でき、ダメージが${4}%増加します。
26182	Can only be used while riding Madogear. Bombard a ${1} * ${2}-meter area in the specified direction. You have 【Immunity】 while using the skill and deal Neutral Ranged Physical DMG totaling PATK * ^{1}${4}%^{2} to up to ${3} enemies along the path. Increases MSPD by ^{3}${5}%^{4} for the skill's duration.	マドギア騎乗中のみ使用可能。指定方向の${1} * ${2}m範囲を砲撃します。スキル使用中は【無効】状態になり、進路上の最大${3}体の敵へ合計PATK * ^{1}${4}%^{2}の無属性遠距離物理ダメージを与えます。効果中、移動速度が^{3}${5}%^{4}増加します。
26183	Two-Handed Spear skill. Consumes @{1} stack of 【Enhance Hundred Spear Pierce】 charge to summon a barrage of Spears toward the locked target, dealing ${4} hits of Neutral ranged Physical damage equal to Physical Attack*^{1}${5}%^{2} in total to up to ${3} enemies within a ${1}m*${2}m area in front of you.	両手槍スキル。【強化ハンドレッドスピアピアース】のチャージを@{1}スタック消費し、ロックした対象へ槍の雨を召喚します。前方${1}m*${2}m範囲内の最大${3}体の敵へ、合計物理攻撃力*^{1}${5}%^{2}となる${4}ヒットの無属性遠距離物理ダメージを与えます。
26184	Replaces 【Soul Expansion】 with 【Voice of the Soul】, increasing each Musical Note's skill multiplier by ^{1}${1}%^{2}. During 【Intense Telekinesis】, each Musical Note can ricochet up to ^{5}${3}^{6} times among targets within ^{3}${2}^{4} meters, with damage to subsequent targets reduced by ^{7}${4}%^{8}.	【ソウルエクスパンション】を【ボイスオブザソウル】へ置き換え、各音符のスキル倍率を^{1}${1}%^{2}増加させます。【インテンス・テレキネシス】中、各音符は^{3}${2}^{4}m以内の対象間を最大^{5}${3}^{6}回跳ね返り、2体目以降の対象へのダメージは^{7}${4}%^{8}減少します。
26185	@{1}.Equipment Forging, defeating monsters, and other activities may yield unidentified equipment.\n@{2}.Identifying equipment does not consume any materials. Its attributes are randomized upon identification. Tap the ^{1}Equipment Forging Info^{2} button to view the possible attributes for the equipment.	@{1}.装備製造やモンスター討伐などで未鑑定装備を獲得することがあります。\n@{2}.装備の鑑定には素材を消費しません。鑑定時に属性がランダムで決まります。^{1}装備製造情報^{2}ボタンをタップすると、その装備に付く可能性がある属性を確認できます。
26186	1. After a gift is sent, both friends will gain the corresponding values.\n2. Popularity: The value gained by the gift recipient after receiving a gift.\n3. Affection: The value gained by the sender after sending a gift.\n4. Intimacy: The value gained by both the sender and recipient after a gift is sent.	1. ギフト送信後、双方のフレンドが対応する数値を獲得します。\n2. 人気度：受取人がギフトを受け取った後に獲得する数値です。\n3. 好感度：送信者がギフトを送った後に獲得する数値です。\n4. 親密度：ギフト送信後に送信者と受取人の双方が獲得する数値です。
26187	Unique Effect: Casting a skill or using a Normal Attack grants maximum Floors of the 【Icebound Protection】 defensive buff. Initial limit: @{1} Floors. Duration: @{2} sec. Each Floor increases your DEF by @{3}% and has a @{4}% Chance to Slow enemies that hit you by @{5}% for @{6} sec. (Cooldown: @{7} sec.)	固有効果：スキル使用または通常攻撃を行うと、防御バフ【アイスバウンドプロテクション】を最大層まで獲得します。初期上限：@{1}層。持続時間：@{2}秒。1層ごとに防御力が@{3}%増加し、自身を攻撃した敵を@{4}%の確率で@{6}秒間@{5}%減速させます。（クールダウン：@{7}秒）
26188	Their stopping power is enough to crush frontline enemies in the blink of an eye, and they are the most powerful force of The Knights. Not only do they excel in both offensive and defensive positions, once they are in rampage, they're able to massively increase their physique within a short amount of time.	その制圧力は前線の敵を一瞬で粉砕するほどで、ナイト系の中でも最強の戦力です。攻防の両面に優れ、ひとたび猛攻に入れば、短時間で体格を大幅に強化することもできます。
26189	After ^{1}^{2}【Fire Bolt】^{3}^{4}, ^{5}^{6}【Cold Bolt】^{7}^{8}, ^{9}^{10}【Lightning Bolt】^{11}^{12}, or ^{13}^{14}【Earth Spike】^{15}^{16} hits, it triggers 【Elemental Pursuit】 @{1} times, dealing Neutral Ranged Magic damage equal to MATK*^{17}${1}%+${2}^{18} to the target. Cooldown: ^{19}${3}^{20} seconds.	^{1}^{2}【ファイアーボルト】^{3}^{4}、^{5}^{6}【コールドボルト】^{7}^{8}、^{9}^{10}【ライトニングボルト】^{11}^{12}、または^{13}^{14}【アーススパイク】^{15}^{16}が命中すると、【エレメンタルパースート】を@{1}回発動し、対象へMATK*^{17}${1}%+${2}^{18}の無属性遠距離魔法ダメージを与えます。クールダウン：^{19}${3}^{20}秒。
26190	Summons a storm that goes Flying in the designated direction, dealing ^{1}@{2}%^{2} damage to enemies within a @{1}-meter radius along its path and ^{3}【knocking them airborne】^{4}. After being ^{5}【knocked airborne】^{6}, four equipped items are randomly selected, each with a @{3}% Chance to ^{7}【drop】^{8}.	指定方向へ飛ぶ嵐を召喚し、進路上の半径@{1}m以内の敵へ^{1}@{2}%^{2}のダメージを与え、^{3}【空中へ打ち上げ】^{4}ます。^{5}【空中へ打ち上げ】^{6}られた後、装備中のアイテムからランダムに4個が選ばれ、それぞれ@{3}%の確率で^{7}【ドロップ】^{8}します。
26191	Question one. Imagine you're leaving your village to seek adventure. Dawn has just broken, and your pack is on your back. The village is still asleep, except for a few early-rising little Porings chirping away. You stand at the village entrance, where the road leads out into the wider world. What do you do?	第1問。村を出て冒険へ旅立つ場面を想像してください。夜が明けたばかりで、背中には荷物。村はまだ眠っていて、早起きした小さなポリンが数匹鳴いているだけです。あなたは村の入口に立ち、その道は広い世界へ続いています。どうしますか？
26192	Focuses psychic power to distort space, dealing Magic ATK * ^{1}${4}%^{2} Ghost-property ranged magic damage to a designated ST enemy within ${1}m and up to ${3} other enemies within ${2}m of the target. While in ^{3}【Reading】^{4}, consumes ${5} stacks of ^{5}【Pages】^{6} to cast this skill ${6} Extra times.	念動力を集中して空間を歪め、${1}m以内の指定単体の敵と、その周囲${2}m以内の最大${3}体の敵へ、魔法攻撃力 * ^{1}${4}%^{2}の念属性遠距離魔法ダメージを与えます。^{3}【リーディング】^{4}中は^{5}【ページ】^{6}を${5}スタック消費し、このスキルを${6}回追加で発動します。
26193	@{1}.Every @{2} levels, a Soul Echo unlocks an element and gains a random attribute\n@{3}.You can equip up to @{4} Soul Echoes\n@{5}.The elements of equipped Soul Echoes can activate Elemental Resonance. Each Elemental Resonance can reach up to Lv. @{6}, requiring @{7}, @{8}, and @{9} elements, respectively.	@{1}.ソウルエコーは@{2}Lv.ごとに属性を1つ解放し、ランダム属性を獲得します\n@{3}.ソウルエコーは最大@{4}個まで装備できます\n@{5}.装備したソウルエコーの属性で属性共鳴を発動できます。各属性共鳴は最大Lv. @{6}まで上昇し、それぞれ@{7}、@{8}、@{9}種類の属性が必要です。
26194	Ilmata plays an echo of summoning. Almakia circles the field and gathers waves while spirits ^{1}periodically appear around the waves' central area and fire piercing lasers^{2}. Players can only evade the spirits' attacks within the space inside the waves. ^{3}Players hit by a laser take moderate damage^{4}.	イルマタが召喚の残響を奏でます。アルマキアがフィールドを旋回しながら波を集め、^{1}波の中心付近に霊体が定期的に出現して貫通レーザーを放ちます^{2}。プレイヤーは波の内側の空間でのみ霊体の攻撃を回避できます。^{3}レーザーに命中すると中程度のダメージを受けます^{4}。
26195	Dear Player,\nPlease collect your Purchased items from the attachment.\nIf you have any payment issues or other questions, please contact Customer Support.\nWe will respond as soon as possible after receiving your inquiry.\n\n*Once the items have been claimed, the associated payment order cannot be refunded.	プレイヤー様へ、\n購入したアイテムを添付からお受け取りください。\nお支払いに関する問題やその他のご質問がある場合は、カスタマーサポートへお問い合わせください。\nお問い合わせを受領後、できるだけ早く対応いたします。\n\n*アイテムを受け取った後は、関連する支払い注文を返金できません。
26196	Zherlthsh attacks, dealing a total of the master's ^{1}Adaptive ATK^{2}*^{3}${3}%^{4} Neutral melee ^{5}Adaptive Damage^{6} to up to ${2} enemies within ${1} meters of the target area, and grants the master ^{7}^{8}[Zherlthsh's Execution]^{9}^{10}, increasing damage dealt by ^{11}${4}%^{12} for ${5} seconds.	ジルタスが攻撃し、対象エリアの${1}m以内の最大${2}体の敵へ、主人の^{1}適応攻撃^{2}*^{3}${3}%^{4}に相当する合計無属性近接^{5}適応ダメージ^{6}を与え、主人へ^{7}^{8}[ジルタスの処刑]^{9}^{10}を付与します。${5}秒間、与えるダメージが^{11}${4}%^{12}増加します。
26197	@{1}.The Codex System includes multiple collections, such as the Monster Codex and Card Codex.\n@{2}.Defeating a Monster for the first time or Obtaining a Card for the first time grants Collection Points.\n@{3}.After accumulating enough Collection Points, you can increase your Collection Lv. and earn rewards.	@{1}.図鑑システムには、モンスター図鑑やカード図鑑など複数のコレクションがあります。\n@{2}.モンスターを初めて倒す、またはカードを初めて獲得するとコレクションポイントを獲得します。\n@{3}.コレクションポイントを一定量貯めるとコレクションLv.を上げ、報酬を獲得できます。
26198	Inflict ^{1}【Knockback】^{2} and deal ATK * ^{3}@{4}%^{4} damage to up to @{3} enemies in a @{1}-meter by @{2}-meter area ahead while moving @{5} meters in that direction. Then inflict ^{5}【Knock-up】^{6} and deal ATK * ^{7}@{6}%^{8} damage to the targets. Gain ^{9}【Control Immunity】^{10} while using the skill.	前方@{1}m×@{2}m範囲内の最大@{3}体の敵へ^{1}【ノックバック】^{2}とATK * ^{3}@{4}%^{4}のダメージを与えながら、その方向へ@{5}m移動します。その後、対象へ^{5}【ノックアップ】^{6}とATK * ^{7}@{6}%^{8}のダメージを与えます。スキル使用中は^{9}【コントロール無効】^{10}を獲得します。
26199	Immediately enters the ^{1}【Camouflage】【Hiding】^{2} states upon use, becoming invisible and untargetable and increasing Movement Speed by ^{3}@{1}%^{4} for @{2} sec.\nThe ^{5}【Camouflage】【Hiding】^{6} states end immediately after dealing or taking damage a total of @{3} times. Skill Cooldown: ^{7}@{4}^{8} sec.	使用すると即座に^{1}【カモフラージュ】【ハイディング】^{2}状態になり、姿が見えなくなって対象に選択されなくなり、@{2}秒間、移動速度が^{3}@{1}%^{4}増加します。\nダメージを与える、または受ける回数の合計が@{3}回に達すると、^{5}【カモフラージュ】【ハイディング】^{6}状態は即座に解除されます。スキルクールダウン：^{7}@{4}^{8}秒。
26200	Deals Neutral melee Physical damage equal to Physical ATK *^{1}${3}%^{2} to up to ${2} enemy targets within a ${1}-meter radius around you (damage increases by ^{3}${4}%^{4} for every ${6}% Attack Speed you have). This skill is treated as a Normal Attack and has an Attack Speed scaling ratio of ^{5}${5}%^{6}.	自身の周囲${1}m範囲内の最大${2}体の敵へ、物理攻撃力 *^{1}${3}%^{2}の無属性近接物理ダメージを与えます（攻撃速度が${6}%増えるごとにダメージが^{3}${4}%^{4}増加）。このスキルは通常攻撃として扱われ、攻撃速度の反映率は^{5}${5}%^{6}です。
26201	Plant timed Dynamite on a designated ST enemy within ${1} meters. After ${2} seconds, deal Physical ATK * ^{1}${5}%^{2} Poison ranged Physical damage that ignores FLEE to the designated enemy and up to ${4} other enemies within a ${3}-meter radius, and inflict 【^{3}^{4}【Poisoned】^{5}^{6} damage on the target.	${1}m以内の指定単体の敵へ時限ダイナマイトを設置します。${2}秒後、指定した敵とその半径${3}m以内の最大${4}体の敵へ、FLEEを無視する物理攻撃力 * ^{1}${5}%^{2}の毒属性遠距離物理ダメージを与え、対象へ【^{3}^{4}【毒】^{5}^{6}ダメージを付与します。
26202	Summons a mud pit with a radius of ${2} meters at a designated area within ${1} meters of you, reducing the ASPD of up to ${3} enemies inside by ^{1}${4}%^{2} and their Movement Speed by ^{3}${5}%^{4}. Units entering the mud pit have their Movement Speed and ASPD buffs removed. The mud pit lasts ${6} seconds.	自身から${1}m以内の指定エリアに半径${2}mの泥沼を召喚し、範囲内の最大${3}体の敵のASPDを^{1}${4}%^{2}、移動速度を^{3}${5}%^{4}減少させます。泥沼へ入ったユニットは移動速度とASPDのバフが解除されます。泥沼は${6}秒間持続します。
26203	Underage players may only Login ROO <color=#cc762a>from 20:00 to 21:00 on Fridays, Saturdays, Sundays, and legal holidays</color>. You have been verified as an underage player and <color=#cc762a>cannot enter the game at this time</color>. For details, please see the official Anti-Addiction System announcement.	未成年のプレイヤーがROOへログインできるのは、<color=#cc762a>金曜日、土曜日、日曜日および法定休日の20:00～21:00のみ</color>です。未成年プレイヤーとして認証されているため、<color=#cc762a>現在はゲームへ入れません</color>。詳細は公式の依存防止システムのお知らせをご確認ください。
26204	When the 【Enhance Camouflage】 status is removed by dealing or taking damage, unleash a ring of discs around yourself, dealing Neutral melee Physical damage equal to Physical ATK * ^{1}${3}%^{2} to up to ${2} enemies within a ${1}-meter radius and reducing their Movement Speed by ^{3}${4}%^{4} for ${5} seconds.	【強化カモフラージュ】状態がダメージを与える、または受けることで解除された時、自身の周囲へディスクの輪を放ち、${1}m範囲内の最大${2}体の敵へ物理攻撃力 * ^{1}${3}%^{2}の無属性近接物理ダメージを与え、${5}秒間、移動速度を^{3}${4}%^{4}減少させます。
26205	...The Nail of Order is by no means a natural creation. Ancient records from Juno state that the ancient civilization of Juperos possessed technology capable of converting Life Emotions (thought forms) into physical energy. I theorize that activating the Nail requires some Ultra form of "conviction" as the key.	……秩序の釘が自然に生まれたものではないことは確かです。ジュノーの古代記録によれば、古代文明ジュピロスには生命の感情（思念体）を物理エネルギーへ変換する技術があったそうです。私は、秩序の釘を起動する鍵には、何らかの極限的な「信念」が必要だと考えています。
26206	Spend <link="${3}"><sprite name="${1}"><color=${2}>X${4}</color></link> to Create Guild?\n\n(After creating the guild, receive responses from <color=#C26B47>3 players</color> within <color=#C26B47>24 hours</color> for Creation Successful. If creation fails, the items spent to Create Guild will Return via mail.)	<link="${3}"><sprite name="${1}"><color=${2}>X${4}</color></link>を消費してギルドを作成しますか？\n\n（ギルド作成後、<color=#C26B47>24時間</color>以内に<color=#C26B47>3人のプレイヤー</color>から応答を受けると作成成功です。作成に失敗した場合、ギルド作成に消費したアイテムはメールで返還されます。）
26207	The BOSS creates @{1} Stone Pillars, then pulls players toward the center. It creates arena-wide circular AOEs from the edge @{2} times at @{3}-second intervals. Finally, after a @{4}-second warning, it unleashes a sandstorm lasting @{5} seconds that pulls players toward the center and inflicts Damage over Time	BOSSが@{1}本の石柱を生成した後、プレイヤーを中央へ引き寄せます。続いて@{3}秒間隔で、外周から戦場全体へ広がる円形範囲攻撃を@{2}回発生させます。最後に@{4}秒の予告後、@{5}秒間続く砂嵐を放ち、プレイヤーを中央へ引き寄せながら継続ダメージを与えます
26208	Can only be used while under ^{1}^{2}【Camouflage】^{3}^{4}. Deals Physical ATK * ^{5}${3}% + ${4}^{6} Neutral melee Physical DMG to up to ${2} enemies within a ${1} m radius, with a ${5}% Chance to inflict ^{7}^{8}【Stun】^{9}^{10} for ${6} sec and a ${7}% Chance to inflict ^{11}^{12}【Blind】^{13}^{14} for ${8} sec.	^{1}^{2}【カモフラージュ】^{3}^{4}中のみ使用可能。${1}m範囲内の最大${2}体の敵へ物理攻撃力 * ^{5}${3}% + ${4}^{6}の無属性近接物理ダメージを与え、${5}%の確率で${6}秒間^{7}^{8}【スタン】^{9}^{10}、${7}%の確率で${8}秒間^{11}^{12}【暗闇】^{13}^{14}を付与します。
26209	After using ^{1}^{2}【Heaven's Drive】^{3}^{4}, the next ^{5}^{6}【Meteor Storm】^{7}^{8} used within ${1} seconds creates an 【Ember Zone】 lasting ^{9}${2}^{10} seconds. Every ^{11}${3}^{12} seconds, it deals Fire Ranged Magic damage equal to MATK*^{15}${5}%+${6}^{16} to up to ^{13}${4}^{14} enemies within the area.	^{1}^{2}【ヘヴンズドライブ】^{3}^{4}使用後${1}秒以内に次の^{5}^{6}【メテオストーム】^{7}^{8}を使用すると、^{9}${2}^{10}秒間持続する【エンバーゾーン】を生成します。^{11}${3}^{12}秒ごとに、範囲内の最大^{13}${4}^{14}体の敵へMATK*^{15}${5}%+${6}^{16}の火属性遠距離魔法ダメージを与えます。
26210	@{1}.Authorized Guild Management personnel can send Notification Mail to every Guild Member.\n@{2}.Group Mail can be sent ^{1}@{3} times per day^{2}. ^{3}The limit resets daily at @{4} a.m.^{4}.\n@{5}.The number of emails available is tied to the Guild, so Guild Management should plan the mailing schedule wisely~	@{1}.権限を持つギルド管理メンバーは、全ギルドメンバーへ通知メールを送信できます。\n@{2}.一斉メールは^{1}1日@{3}回^{2}まで送信できます。^{3}上限は毎日午前@{4}時にリセットされます^{4}。\n@{5}.送信可能回数はギルド全体で共有されるため、ギルド管理メンバーは送信予定を計画的に調整してください～
26211	The Silver Moon Witch summons moonlight to strike enemies, increasing the ranged damage of up to ${3} allies within ${2} meters by ^{1}${5}%^{2} for ${6} seconds and dealing Neutral ranged magic damage equal to Pet Magic ATK * ^{3}${4}%^{4} to up to ${3} enemies in a ${1}-meter-by-${2}-meter area in front of her.	シルバームーンウィッチが月光を召喚して敵を攻撃し、${2}m以内の最大${3}人の味方の遠距離ダメージを${6}秒間^{1}${5}%^{2}増加させ、前方${1}m×${2}m範囲内の最大${3}体の敵へペット魔法攻撃力 * ^{3}${4}%^{4}の無属性遠距離魔法ダメージを与えます。
26212	@{1}.After a gift is sent, both friends receive the corresponding stat increases.\n@{2}.Popularity: The stat gained by the recipient after receiving a gift.\n@{3}.Heart Points: The stat gained by the sender after sending a gift.\n@{4}.Intimacy: The stat gained by both the sender and recipient after a gift is sent.	@{1}.ギフトを送信すると、双方のフレンドが対応する数値を獲得します。\n@{2}.人気度：受取人がギフト受領後に獲得する数値です。\n@{3}.ハートポイント：送信者がギフト送信後に獲得する数値です。\n@{4}.親密度：ギフト送信後に送信者と受取人の双方が獲得する数値です。
26213	Participate in the Spirit Tower during the event to earn ranking rewards at Settlement. The higher your rank, the better the rewards!\n@{1}. Players who reach higher Floors will rank higher.\n@{2}. Players who complete the same number of Floors will be ranked by completion time, with faster players ranking higher.	イベント期間中に精霊の塔へ参加すると、集計時にランキング報酬を獲得できます。順位が高いほど報酬も豪華になります！\n@{1}. より高い階層へ到達したプレイヤーほど上位になります。\n@{2}. 到達階層が同じ場合、クリア時間が短いプレイヤーほど上位になります。
26214	Garm Baby breathes wintry air, continuously dealing Neutral melee ^{5}Adaptive Damage^{6} equal to the owner's ^{1}Adaptive Attack^{2}*^{3}${4}%^{4} to up to ${3} enemies in a ${1}-meter-by-${2}-meter area in the designated direction, with a ^{7}${5}%^{8} Chance to inflict ^{9}^{10}【Frozen】^{11}^{12} for ${6} sec.	ガルムベビーが冷気を吐き、指定方向の${1}m×${2}m範囲内の最大${3}体の敵へ、所有者の^{1}適応攻撃^{2}*^{3}${4}%^{4}に相当する無属性近接^{5}適応ダメージ^{6}を継続的に与え、^{7}${5}%^{8}の確率で${6}秒間^{9}^{10}【凍結】^{11}^{12}を付与します。
26215	When using ^{1}【Wolf Hunt】^{2} against an enemy more than @{1} meters away, summon an Extra @{2} wolf followers to charge the target, dealing Neutral melee Physical DMG equal to Physical ATK * ^{3}${1}%^{4}. Cooldown: @{3} sec. When used against Boss monsters, ^{5}【Wolf Hunt】^{6} ignores this Distance requirement.	@{1}mより離れた敵へ^{1}【ウルフハント】^{2}を使用すると、追加で@{2}体のウルフフォロワーを召喚して対象へ突撃させ、物理攻撃力 * ^{3}${1}%^{4}の無属性近接物理ダメージを与えます。クールダウン：@{3}秒。Bossモンスターへ使用する場合、^{5}【ウルフハント】^{6}はこの距離条件を無視します。
26216	Unleash the power of thunder, dealing ATK * ^{1}@{4}%^{2} damage to up to @{3} enemies within a targeted @{2}-meter-radius area located within @{1} meters, with a @{5}% Chance to inflict ^{3}【Stun】^{4} for @{6} seconds. ^{5}【Stun】^{6}: Interrupts movement, casting, and skills. The target Cannot move or cast skills.	雷の力を解放し、自身から@{1}m以内にある半径@{2}mの対象エリア内の最大@{3}体の敵へATK * ^{1}@{4}%^{2}のダメージを与え、@{5}%の確率で@{6}秒間^{3}【スタン】^{4}を付与します。^{5}【スタン】^{6}：移動、詠唱、スキルを中断します。移動およびスキル使用ができません。
26217	When a ^{1}Debuff-type^{2} or ^{3}Control-type^{4} Primary Battle Skill Deals DMG, the owner's attacks deal Extra Neutral melee damage equal to the owner's ^{5}Adaptive Attack^{6}*^{7}${2}%^{8} for the next ${1} sec, with a ${3}% Chance to inflict ^{9}^{10}【Stun】^{11}^{12} for ${4} sec. Internal Cooldown: ${5} sec.	^{1}デバフ型^{2}または^{3}コントロール型^{4}の主要戦闘スキルがダメージを与えると、その後${1}秒間、所有者の攻撃が所有者の^{5}適応攻撃^{6}*^{7}${2}%^{8}に相当する無属性近接追加ダメージを与え、${3}%の確率で${4}秒間^{9}^{10}【スタン】^{11}^{12}を付与します。内部クールダウン：${5}秒。
26218	@{1}.When an item listed in a raid auction is purchased, the Currency spent is distributed proportionally among the raid Members as Auction Dividends;\n@{2}.If an item listed in a raid auction receives no bids, it is randomly assigned to a raid Member;\n@{3}.If every Member taps Pass, the item can quickly go unsold;	@{1}.レイドオークションに出品されたアイテムが購入されると、消費された通貨がオークション配当としてレイドメンバーへ割合に応じて分配されます。\n@{2}.レイドオークションに出品されたアイテムへ入札がなかった場合、レイドメンバー1人へランダムに配布されます。\n@{3}.全メンバーがパスを選択すると、そのアイテムはすぐに売れ残りにできます。
26219	Dear Player:\nThe System detected an irregularity in your Trade Market transaction at ${8} 【Trade Item:${1}, Trade Amount:${5}, Order No.:${7}】.\nAs you are a veteran player, the System will not penalize you for this Trade. However, to maintain a fair Trade environment, please refrain from violating the Trade rules.	プレイヤー様へ：\n${8}の取引市場での取引【取引アイテム：${1}、取引数量：${5}、注文番号：${7}】に異常を検出しました。\n長く遊んでいただいているプレイヤーのため、今回の取引には処罰を行いません。ただし、公平な取引環境を維持するため、今後は取引ルールに違反しないようお願いいたします。
26220	When casting ^{1}any type^{2} of Primary Battle Skill, triggers 【Slash】: Deals Neutral melee ^{7}Adaptive Damage^{8} equal to the owner's ^{3}Adaptive Attack^{4}*^{5}${3}%^{6} to up to ${2} enemies within a ${1}-meter radius, and inflicts 【Corrupted Soul Impact】: reduces Physical and Magic DEF by ${4}% for ${5} sec.	^{1}任意のタイプ^{2}の主要戦闘スキル使用時、【スラッシュ】を発動します。${1}m範囲内の最大${2}体の敵へ、所有者の^{3}適応攻撃^{4}*^{5}${3}%^{6}に相当する無属性近接^{7}適応ダメージ^{8}を与え、【コラプテッドソウルインパクト】を付与して${5}秒間、物理防御力と魔法防御力を${4}%減少させます。
26221	You can earn only a limited number of Competition Medals each week. Once you reach This Week's Limit, you cannot earn any more. You can earn up to 20,000 points per week; any excess will be discarded. This resets every Monday. You can carry up to 100,000 points; any points earned beyond this limit will be discarded.	毎週獲得できるコンペティションメダルには上限があります。今週の上限へ達すると、それ以上獲得できません。1週間に最大20,000ポイントまで獲得でき、超過分は破棄されます。毎週月曜日にリセットされます。所持上限は100,000ポイントで、上限を超えて獲得した分は破棄されます。
26222	Summons a meteor shower within ${1} meters of you, dealing Magic ATK*^{1}${4}%+${5}^{2} Fire ranged magic damage per wave to up to ${3} targets in a circular area with a ${2}-meter radius. The meteor shower strikes in ${6} waves, each with a ${7}% Chance to inflict ^{3}^{4}【Stun】^{5}^{6} on targets for ${8} seconds.	自身から${1}m以内に隕石群を召喚し、半径${2}mの円形範囲内の最大${3}体の敵へ、1波ごとに魔法攻撃力*^{1}${4}%+${5}^{2}の火属性遠距離魔法ダメージを与えます。隕石群は${6}波攻撃し、各波は${7}%の確率で対象へ${8}秒間^{3}^{4}【スタン】^{5}^{6}を付与します。
26223	Warlocks are the ultimate form of the Mage path and the most complex class in the entire Magic system. They combine absolute mastery of the four Elements with the secrets of Soul Buster. A Warlock can weave the four Elements into an Entrapping Net or crush a single target through sheer force of will with Soul Buster.	ウォーロックはマジシャン系統の究極形であり、魔法体系の中でも最も複雑な職業です。4属性を完全に操る力とソウルバスターの秘術を併せ持ちます。4属性を織り合わせて敵を封じる網を作ることも、ソウルバスターによる圧倒的な意志の力で単体の敵を粉砕することもできます。
26224	The Silver Moon Witch summons moonlight to strike enemies, increasing the ranged damage of up to ${3} allies within ${7} meters by ^{1}${5}%^{2} for ${6} seconds and dealing Neutral ranged magic damage equal to Pet Magic ATK * ^{3}${4}%^{4} to up to ${3} enemies within a ${1}-meter by ${2}-meter area in front of her.	シルバームーンウィッチが月光を召喚して敵を攻撃し、${7}m以内の最大${3}人の味方の遠距離ダメージを${6}秒間^{1}${5}%^{2}増加させ、前方${1}m×${2}m範囲内の最大${3}体の敵へペット魔法攻撃力 * ^{3}${4}%^{4}の無属性遠距離魔法ダメージを与えます。
26225	@{1}.When listing an item at a Stall, a @{2}% Stall fee is charged if the Currency is Meowfruit, while a @{3}% fee is charged if the Currency is Zeny.\n@{4}.For Meowfruit, the minimum price is @{5} Meowfruit and the maximum is @{6} Meowfruit.\n@{7}.For Zeny, the minimum price is @{8} Zeny and the maximum is @{9} Zeny.	@{1}.露店へアイテムを出品する際、通貨がニャンフルーツの場合は@{2}%、Zenyの場合は@{3}%の露店手数料がかかります。\n@{4}.ニャンフルーツの場合、最低価格は@{5}ニャンフルーツ、最高価格は@{6}ニャンフルーツです。\n@{7}.Zenyの場合、最低価格は@{8} Zeny、最高価格は@{9} Zenyです。
26226	The Death Witch summons a giant scythe to crash down, dealing her Magic ATK*^{1}${4}%^{2} Neutral ranged Magic damage to the designated ST enemy within ${1}m and up to ${3} enemies within ${2}m of the target. Enemies hit receive ^{3}${5}%^{4} less healing and have their Magic DEF reduced by ^{5}${6}%^{6} for ${7} sec.	デスウィッチが巨大な大鎌を召喚して叩きつけ、${1}m以内の指定単体の敵と、その周囲${2}m以内の最大${3}体の敵へ、自身の魔法攻撃力*^{1}${4}%^{2}の無属性遠距離魔法ダメージを与えます。命中した敵は${7}秒間、受ける回復量が^{3}${5}%^{4}減少し、魔法防御力が^{5}${6}%^{6}減少します。
26227	【Holy Spirit Surge】 becomes 【Evil Spirit Possession】. When activated, you enter the 【Embrace of Sin】 state, raising a cross behind you that launches a coordinated attack whenever you deal damage. (Cooldown: @{1}s)\nWhen the coordinated attack scores a HIT, a wisp of 【Will】 flies back and restores charge to 【Stigmata】.	【ホーリースピリットサージ】が【イビルスピリットポゼッション】へ変化します。発動すると【エンブレイスオブシン】状態になり、背後に十字架が出現して、自身がダメージを与えるたびに連携攻撃を放ちます。（クールダウン：@{1}秒）\n連携攻撃が命中すると、【ウィル】の光が飛んで戻り、【スティグマ】のチャージを回復します。
26228	@{1}.Drops are independent for each player and their teammates.\n@{2}.When a teammate uses Auto Mode on the same map, there is a Chance that the Monster's Drops will also be shared with the player.\n@{3}.Drops shared by teammates are shown Below each item on this screen with “Teammate:” followed by the quantity shared.	@{1}.ドロップは各プレイヤーとそのチームメンバーごとに独立しています。\n@{2}.チームメンバーが同じマップでオートモードを使用している場合、モンスターのドロップがプレイヤーにも共有されることがあります。\n@{3}.チームメンバーから共有されたドロップは、この画面の各アイテムの下に「チームメンバー：」と共有数量が表示されます。
26229	Bongun claps its hands together to unleash demonic energy, dealing Neutral melee ^{5}adaptive damage^{6} equal to the master's ^{1}Adaptive ATK^{2}*^{3}${3}%^{4} to up to ${2} enemies within ${1} meters of the master, plus Poison melee ^{11}adaptive damage^{12} totaling the master's ^{7}Adaptive ATK^{8}*^{9}${4}%^{10}.	ボンゴンが両手を打ち合わせて魔気を放ち、主人の${1}m以内の最大${2}体の敵へ、主人の^{1}適応攻撃^{2}*^{3}${3}%^{4}に相当する無属性近接^{5}適応ダメージ^{6}を与え、さらに主人の^{7}適応攻撃^{8}*^{9}${4}%^{10}に相当する合計毒属性近接^{11}適応ダメージ^{12}を与えます。
26230	Corrupted Wander Man slashes, dealing ranged Neutral ^{5}adaptive damage^{6} equal to the master's ^{1}Adaptive ATK^{2}*^{3}${4}%^{4} to up to ${3} enemies in a targeted area with a ${2}-meter radius within ${1} meters, and inflicts 【Turbid Soul Impact】: reduces Physical and Magic DEF by ^{7}${5}%^{8} for ${6} seconds.	コラプテッドワンダーマンが斬撃を放ち、自身から${1}m以内にある半径${2}mの対象エリア内の最大${3}体の敵へ、主人の^{1}適応攻撃^{2}*^{3}${4}%^{4}に相当する無属性遠距離^{5}適応ダメージ^{6}を与え、【タービッドソウルインパクト】を付与して${6}秒間、物理防御力と魔法防御力を^{7}${5}%^{8}減少させます。
26231	When a ^{1}Control-type^{2} Primary Battle Skill Deals DMG, it has a ^{3}${1}%^{4} Chance to inflict ^{5}^{6}【Petrify】^{7}^{8} on the target for ${2} sec. For the next ${3} sec, the owner's DMG Bonus against enemies affected by ^{9}^{10}【Petrify】^{11}^{12} or ^{13}^{14}【Sluggish】^{15}^{16} increases by ^{17}${4}%^{18}.	^{1}コントロール型^{2}の主要戦闘スキルがダメージを与えると、^{3}${1}%^{4}の確率で対象へ${2}秒間^{5}^{6}【石化】^{7}^{8}を付与します。その後${3}秒間、^{9}^{10}【石化】^{11}^{12}または^{13}^{14}【鈍足】^{15}^{16}状態の敵に対する所有者のダメージボーナスが^{17}${4}%^{18}増加します。
26232	Can only be cast while riding a dragon. The dragon mount breathes a wintry orb, dealing ${4} hits of Water ranged Physical damage totaling Physical ATK * ^{1}${5}%^{2} to up to ${3} enemies within a ${1}m x ${2}m area in the target direction, with a ^{3}${6}%^{4} Chance to inflict ^{5}^{6}【Frozen】^{7}^{8} for ${7} sec.	ドラゴン騎乗中のみ使用可能。ドラゴンが冷気の球を吐き、指定方向の${1}m×${2}m範囲内の最大${3}体の敵へ、合計物理攻撃力 * ^{1}${5}%^{2}となる${4}ヒットの水属性遠距離物理ダメージを与え、^{3}${6}%^{4}の確率で${7}秒間^{5}^{6}【凍結】^{7}^{8}を付与します。
26233	Increases your Neutral, Ghost, Fire, Water, Wind, and Earth Element DMG Bonus by ^{1}${1}%^{2}. When a Boss target resists your ^{3}^{4}【Frozen】^{5}^{6}, ^{7}^{8}【Petrify】^{9}^{10}, or ^{11}^{12}【Stun】^{13}^{14}, respectively deals Water/Earth/Wind Ranged Magic damage equal to your MATK * ^{15}${2}%^{16} to the target.	無、念、火、水、風、地属性のダメージボーナスが^{1}${1}%^{2}増加します。Boss対象が自身の^{3}^{4}【凍結】^{5}^{6}、^{7}^{8}【石化】^{9}^{10}、^{11}^{12}【スタン】^{13}^{14}にそれぞれ抵抗した場合、対象へ自身のMATK * ^{15}${2}%^{16}に相当する水/地/風属性遠距離魔法ダメージを与えます。
26234	Elio performs a precise operation, dealing a total of ^{1}Adaptive ATK^{2}*^{3}${2}%^{4} Neutral melee ^{5}Adaptive Damage^{6} to the designated ST enemy within ${1} meters. Each attack drains the enemy's Life, restoring ^{7}Adaptive ATK^{8}*^{9}${5}%^{10} ^{11}Life^{12} to up to ${4} allies within a ${3}-meter radius.	エリオが精密な手術を行い、${1}m以内の指定単体の敵へ、合計^{1}適応攻撃^{2}*^{3}${2}%^{4}の無属性近接^{5}適応ダメージ^{6}を与えます。攻撃ごとに敵の生命力を吸収し、${3}m範囲内の最大${4}人の味方の^{11}HP^{12}を^{7}適応攻撃^{8}*^{9}${5}%^{10}回復します。
26235	Maya first pulls players back to the center, then ^{1}summons meteors that fall to the ground^{2}. After the meteors land, Maya gathers ^{3}a quicksand storm^{4}. Players pulled into the center ^{5}take Damage over Time^{6} and must use ^{7}the stone pillars generated on the field^{8} to avoid the meteors and quicksand.	マヤはまずプレイヤーを中央へ引き戻し、^{1}地面へ落下する隕石を召喚します^{2}。隕石が落下すると、マヤは^{3}流砂の嵐^{4}を発生させます。中央へ引き込まれたプレイヤーは^{5}継続ダメージを受け^{6}、^{7}フィールドに生成された石柱^{8}を利用して隕石と流砂を避ける必要があります。
26236	Draw a holy light magic circle with an Exorciser incantation, dealing Holy ranged magic damage equal to Magic ATK * ^{1}${4}%^{2} to up to ${3} enemies within the targeted ${2}-meter-radius area within ${1} meters of you (^{3}^{4}DEX Resonance ${6}%^{5}^{6}). For this skill, ^{7}Uses:^{8} +1 every ${5} seconds, up to 2.	エクソシストの呪文で聖光の魔法陣を描き、自身から${1}m以内にある半径${2}mの対象エリア内の最大${3}体の敵へ、魔法攻撃力 * ^{1}${4}%^{2}の聖属性遠距離魔法ダメージを与えます（^{3}^{4}DEX共鳴 ${6}%^{5}^{6}）。このスキルは${5}秒ごとに^{7}使用回数：^{8}+1され、最大2回まで蓄積できます。
26237	The naked young woman suddenly transforms into a giant ant—she was the Ant Queen all along!\nShe unleashes an attack skill and summons several Pieres to surround the Professor.\nA cocoon gradually envelops the Professor, and the ants drag them toward a mysterious opening. The Ant Queen follows them inside and disappears.	裸の若い女性が突然巨大なアリへ変身した――正体はアントクイーンだった！\n彼女は攻撃スキルを放ち、複数のピエールを召喚して教授を取り囲みます。\n繭が徐々に教授を包み込み、アリたちは教授を謎の穴へ引きずっていきます。アントクイーンもその中へ入り、姿を消します。
26238	Can only be used while riding Madogear. Launch Pile Bunker at ${2} selected enemies within ${1} meters of you and up to ${4} enemies within ${3} meters of them, dealing Neutral Ranged Physical DMG equal to PATK * ^{1}${5}%^{2}, inflicting ${6}-meter Knockback, and inflicting Stun for ${7} seconds. DMG increases with STR.	マドギア騎乗中のみ使用可能。自身から${1}m以内の選択した${2}体の敵と、その周囲${3}m以内の最大${4}体の敵へパイルバンカーを発射し、PATK * ^{1}${5}%^{2}の無属性遠距離物理ダメージを与え、${6}mノックバックさせ、${7}秒間スタンを付与します。ダメージはSTRに応じて増加します。
26239	Range: @{1}-@{2} m\nVertical Firing Arc: @{3}-@{4} degrees\nHorizontal Firing Arc: @{5} degrees\nAmmo Capacity: @{6} rounds\nRounds per Launch: @{7}\nAim Time: @{8} sec\nReload Time: @{9} sec\nDamage: Low\nAdditional Effect: Burn\nCannot move after construction. Find a good spot to build it and unleash its full firepower.	射程：@{1}-@{2}m\n垂直射角：@{3}-@{4}度\n水平射角：@{5}度\n装弾数：@{6}発\n1回の発射弾数：@{7}\n照準時間：@{8}秒\nリロード時間：@{9}秒\nダメージ：低\n追加効果：燃焼\n建造後は移動できません。適切な場所へ設置し、火力を最大限に発揮しましょう。
26240	A skill exclusive to two-handed Spears. Charge up to generate a spiral of energy, then hurl your Spear at the target, dealing Neutral ranged Physical damage equal to Physical ATK * ^{1}${2}%^{2} to the targeted enemy within ${1} meters, pulling them in front of you and inflicting ^{3}^{4}【Immobilize】^{5}^{6} for ${3} sec.	両手槍専用スキル。力を溜めて螺旋エネルギーを生成し、対象へ槍を投げ、${1}m以内の指定した敵へ物理攻撃力 * ^{1}${2}%^{2}の無属性遠距離物理ダメージを与えます。対象を自身の前へ引き寄せ、${3}秒間^{3}^{4}【移動不能】^{5}^{6}を付与します。
26241	For ${1} sec after casting a ^{1}Buff-type^{2} Primary Battle Skill, inflicts 【Undead Convergence】 on up to ${3} members of the Enemy Team within a ${2}-meter radius of the owner for ${4} sec. While Active, increases all Elemental Damage they take by ^{3}${5}%^{4} and inflicts ^{5}【Sluggish】^{6} ${6}%. Cooldown: ${7} sec.	^{1}バフ型^{2}の主要戦闘スキル使用後${1}秒間、所有者の${2}m範囲内の最大${3}人の敵チームメンバーへ${4}秒間【アンデッドコンバージェンス】を付与します。効果中、受ける全属性ダメージが^{3}${5}%^{4}増加し、^{5}【鈍足】^{6} ${6}%を付与します。クールダウン：${7}秒。
26242	Range: @{1}-@{2} m\nVertical Firing Arc: @{3}-@{4} degrees\nHorizontal Firing Arc: @{5} degrees\nAmmo Capacity: @{6} rounds\nRounds per Launch: @{7}\nAim Time: @{8} sec\nReload Time: @{9} sec\nDamage: High\nAdditional Effect: Burn\nCannot move after construction. Find a good spot to build it and unleash its full firepower.	射程：@{1}-@{2}m\n垂直射角：@{3}-@{4}度\n水平射角：@{5}度\n装弾数：@{6}発\n1回の発射弾数：@{7}\n照準時間：@{8}秒\nリロード時間：@{9}秒\nダメージ：高\n追加効果：燃焼\n建造後は移動できません。適切な場所へ設置し、火力を最大限に発揮しましょう。
26243	Axe and Mace skill. Throw flying axes around you, dealing Neutral Melee Physical DMG totaling PATK * ^{1}${3}%^{2} to up to ${2} members of the Enemy Team within a ${1}-meter radius. For every @{1} enemies hit, reduce Axe Tornado's Cooldown by ${4} seconds and gain 【Immunity】 while casting your next unenhanced Axe Tornado.	斧・鈍器スキル。自身の周囲へ飛斧を投げ、${1}m範囲内の最大${2}人の敵チームメンバーへ合計PATK * ^{1}${3}%^{2}の無属性近接物理ダメージを与えます。@{1}体の敵へ命中するごとにアックストルネードのクールダウンが${4}秒短縮され、次に未強化のアックストルネードを使用する間【無効】を獲得します。
26244	After using ^{1}^{2}【Storm Gust】^{3}^{4}, immediately triggers 【Frost Explosion】 @{1} times, dealing Water Ranged Magic damage equal to MATK*^{9}${3}%+${4}^{10} to up to ^{7}${2}^{8} enemies within a ^{5}${1}^{6}-meter radius, with a ^{11}${5}%^{12} Chance to inflict ^{13}^{14}【Frozen】^{15}^{16} for ^{17}${6}^{18} seconds.	^{1}^{2}【ストームガスト】^{3}^{4}使用後、即座に【フロストエクスプロージョン】を@{1}回発動し、^{5}${1}^{6}m範囲内の最大^{7}${2}^{8}体の敵へMATK*^{9}${3}%+${4}^{10}の水属性遠距離魔法ダメージを与え、^{11}${5}%^{12}の確率で^{17}${6}^{18}秒間^{13}^{14}【凍結】^{15}^{16}を付与します。
26245	Cooking success is affected by several factors. Higher-quality dishes have lower success rates. If cooking fails, you will receive one ^{1}Yor's Kitchen Creation.^{2}\nBase Success Rate: ^{3}Green-@{1}%^{4}, ^{5}Blue-@{2}%^{6}, ^{7}Purple-@{3}%^{8}, ^{9}Orange-@{4}%^{10}\nChef title skills also affect cooking success rates.	料理の成功率は複数の要素に影響されます。品質が高い料理ほど成功率は低くなります。調理に失敗すると^{1}ヨルのキッチンクリエーション^{2}を1個獲得します。\n基本成功率：^{3}緑-@{1}%^{4}、^{5}青-@{2}%^{6}、^{7}紫-@{3}%^{8}、^{9}オレンジ-@{4}%^{10}\nシェフ称号スキルも料理の成功率へ影響します。
26246	Range: @{1}-@{2} m\nVertical Firing Arc: @{3}-@{4} degrees\nHorizontal Firing Arc: @{5} degrees\nAmmo Capacity: @{6} rounds\nRounds per Launch: @{7}\nAim Time: @{8} sec\nReload Time: @{9} sec\nDamage: High\nAdditional Effect: Blind\nCannot move after construction. Find a good spot to build it and unleash its full firepower.	射程：@{1}-@{2}m\n垂直射角：@{3}-@{4}度\n水平射角：@{5}度\n装弾数：@{6}発\n1回の発射弾数：@{7}\n照準時間：@{8}秒\nリロード時間：@{9}秒\nダメージ：高\n追加効果：暗闇\n建造後は移動できません。適切な場所へ設置し、火力を最大限に発揮しましょう。
26247	Enhance the next 【Crimson Rock】, 【Jack Frost】, 【Thunderclap】, or 【Earth Strain】, adding Ranged Magic damage equal to MATK * ^{1}${1}%^{2} of the corresponding Element. The Chance to trigger ^{3}^{4}Meteor^{5}^{6}, ^{7}^{8}Frozen^{9}^{10}, ^{11}^{12}Petrify^{13}^{14}, or ^{15}^{16}Stun^{17}^{18} increases to ^{19}${2}%^{20}.	次に使用する【クリムゾンロック】、【ジャックフロスト】、【サンダークラップ】、または【アースストレイン】を強化し、対応属性のMATK * ^{1}${1}%^{2}に相当する遠距離魔法ダメージを追加します。^{3}^{4}メテオ^{5}^{6}、^{7}^{8}凍結^{9}^{10}、^{11}^{12}石化^{13}^{14}、または^{15}^{16}スタン^{17}^{18}の発動率が^{19}${2}%^{20}に増加します。
26248	@{1}.When you obtain a Divine Art Totem, its stats and skills are randomized.\n@{2}.Use Skill Books for Learning Skills to add or replace Divine Art Totem skills.\n@{3}.Use designated items to reroll its stats.\n@{4}.Divine Art Totems of the same quality can be combined. The resulting totem's stats and skills are randomized.	@{1}.ディヴァインアートトーテムを獲得すると、属性とスキルがランダムに決定されます。\n@{2}.スキル習得でスキルブックを使用すると、ディヴァインアートトーテムのスキルを追加または置換できます。\n@{3}.指定アイテムを使用して属性を再抽選できます。\n@{4}.同品質のディヴァインアートトーテムを合成できます。合成後のトーテムの属性とスキルはランダムに決定されます。
26249	● Turn it in to the guild for guild Currency rewards.\n● It cannot be taken out of the Realm Sandbox and will drop from your inventory when you leave.● Upon dying in an Orange Zone, you will drop @{1}% of the total amount you are carrying.● Upon dying in a Black Zone, you will drop @{2}% of the total amount you are carrying.	● ギルドへ提出するとギルド通貨の報酬を獲得できます。\n● レルムサンドボックスの外へ持ち出すことはできず、退出時にインベントリからドロップします。● オレンジゾーンで死亡すると、所持総量の@{1}%をドロップします。● ブラックゾーンで死亡すると、所持総量の@{2}%をドロップします。
26250	Party members who defeat monsters together on the same field map receive Extra bonuses\n2-player party: Base EXP, Job EXP, and item drop rate +20%\n3-player party: Base EXP, Job EXP, and item drop rate +30%\n4-player party: Base EXP, Job EXP, and item drop rate +40%\n5-player party: Base EXP, Job EXP, and item drop rate +50%	同じフィールドマップで一緒にモンスターを倒したパーティメンバーは追加ボーナスを獲得します\n2人パーティ：Base EXP、Job EXP、アイテムドロップ率 +20%\n3人パーティ：Base EXP、Job EXP、アイテムドロップ率 +30%\n4人パーティ：Base EXP、Job EXP、アイテムドロップ率 +40%\n5人パーティ：Base EXP、Job EXP、アイテムドロップ率 +50%
26251	During Guild League placement This Week, your guild did not meet the placement requirements. Please increase your guild's membership and Active rating to qualify. Guilds that fail to meet the placement requirements for @{1} consecutive placements will be unable to participate in the Guild League competition. Please take note!	今週のギルドリーグ振り分けで、あなたのギルドは振り分け条件を満たしませんでした。ギルドメンバー数とアクティブ評価を上げて参加資格を満たしてください。@{1}回連続で振り分け条件を満たさなかったギルドは、ギルドリーグへ参加できなくなります。ご注意ください！
26252	Restores ^{3}Life^{4} equal to your Magic ATK * ^{1}${2}% + ${3}^{2} for you and the designated ST ally within ${1}m. Each ^{5}Base Lv.^{6} gained increases ^{7}Healing Volume by ${4}%^{8}. When used on an ^{9}Undead-property^{10} enemy, deals Holy-property ranged magic damage equal to your Magic ATK * ^{11}${5}% + ${6}^{12}.	自身と${1}m以内の指定単体の味方の^{3}HP^{4}を、自身の魔法攻撃力 * ^{1}${2}% + ${3}^{2}回復します。^{5}Base Lv.^{6}が1上がるごとに^{7}回復量が${4}%^{8}増加します。^{9}不死属性^{10}の敵へ使用すると、自身の魔法攻撃力 * ^{11}${5}% + ${6}^{12}の聖属性遠距離魔法ダメージを与えます。
26253	Can only be used while riding Madogear. Equip ${1} Arm Cannons on the Madogear's shoulders and Launch ${6} Cannon shells at ${3} selected enemies within ${2} meters and up to ${5} Other enemies within ${4} meters of them, dealing Neutral Ranged Physical DMG totaling PATK * ^{1}${7}%^{2} (^{3}^{4}Luck Resonance ${8}%^{5}^{6}).	マドギア騎乗中のみ使用可能。マドギアの肩へ${1}門のアームキャノンを装着し、${2}m以内の選択した${3}体の敵と、その周囲${4}m以内の最大${5}体の敵へ${6}発の砲弾を放ち、合計PATK * ^{1}${7}%^{2}の無属性遠距離物理ダメージを与えます（^{3}^{4}LUK共鳴 ${8}%^{5}^{6}）。
26254	Issti begins singing an ocean concerto, applying a musical-note movement to all players and summoning numerous bubbles that move toward the center. A bubble ^{1}disappears upon touching a player with the matching note^{2}, granting that player increased damage for a time. If a bubble ^{3}touches a Crystal orb, it explodes^{4}.	イスティが海の協奏曲を歌い始め、すべてのプレイヤーへ音符の移動状態を付与し、中央へ向かう多数の泡を召喚します。泡は^{1}同じ音符を持つプレイヤーへ触れると消滅し^{2}、そのプレイヤーのダメージを一定時間増加させます。泡が^{3}クリスタルオーブへ触れると爆発します^{4}。
26255	Use telekinesis to Summon White Imprison around ${1} enemies within ${2} meters of you, dealing Ghost Ranged Magic DMG equal to MATK * ^{1}${3}%^{2}, inflicting ^{3}^{4}【Immobilize】^{5}^{6} for ${4} seconds, and applying ^{7}^{8}【Prison】^{9}^{10} for ${5} seconds. Targets with 【Prison】 take ${6}% increased DMG from the caster.	念動力で自身から${2}m以内の${1}体の敵をホワイトインプリズンに閉じ込め、MATK * ^{1}${3}%^{2}の念属性遠距離魔法ダメージを与え、${4}秒間^{3}^{4}【移動不能】^{5}^{6}を付与し、${5}秒間^{7}^{8}【プリズン】^{9}^{10}を付与します。【プリズン】状態の対象は使用者から受けるダメージが${6}%増加します。
26256	The appearance of the Sky Rift heralds the arrival of a new world. That unknown land holds immense energy, and the magical power of Arcane Crystals may be the key to defending ourselves against the unknown. If we all work together to gather Arcane Crystals, we may be able to withstand the power that is about to descend upon us.	スカイリフトの出現は、新たな世界の到来を告げています。未知の土地には膨大なエネルギーが眠り、アーケインクリスタルの魔力が未知の脅威へ対抗する鍵になるかもしれません。みんなで力を合わせてアーケインクリスタルを集めれば、迫り来る力へ立ち向かえるはずです。
26257	Range: @{1}-@{2} m\nVertical Firing Arc: @{3}-@{4} degrees\nHorizontal Firing Arc: @{5} degrees\nAmmo Capacity: @{6} rounds\nRounds per Launch: @{7}\nAim Time: @{8} sec\nReload Time: @{9} sec\nDamage: High\nAdditional Effect: Knockback\nCannot move after construction. Find a good spot to build it and unleash its full firepower.	射程：@{1}-@{2}m\n垂直射角：@{3}-@{4}度\n水平射角：@{5}度\n装弾数：@{6}発\n1回の発射弾数：@{7}\n照準時間：@{8}秒\nリロード時間：@{9}秒\nダメージ：高\n追加効果：ノックバック\n建造後は移動できません。適切な場所へ設置し、火力を最大限に発揮しましょう。
26258	The Ranger can rent a loyal Demonic Wolf. While mounted on the Demonic Wolf, Movement Speed increases by ^{1}${1}%^{2} and Normal Attack becomes ^{3}^{4}【Warg Strike】^{5}^{6}. When the Demonic Wolf is not mounted and follows the Ranger, it howls every ${2} sec, increasing the Ranger's Physical ATK by ^{7}${3}%^{8} for ${4} sec.	レンジャーは忠実なデーモンウルフを借りられます。デーモンウルフ騎乗中、移動速度が^{1}${1}%^{2}増加し、通常攻撃が^{3}^{4}【ウォーグストライク】^{5}^{6}へ変化します。デーモンウルフへ騎乗せずレンジャーに追従させている場合、${2}秒ごとに遠吠えし、レンジャーの物理攻撃力を${4}秒間^{7}${3}%^{8}増加させます。
26259	The Demon Attendant appears beside its master and grants them 【Demonic Aura】 for ${2} seconds. 【Demonic Aura】: Reduces damage taken from all elements by ^{1}${5}%^{2}. Every ${7} seconds, deals Neutral melee ^{7}Adaptive Damage^{8} equal to the master's ^{3}Adaptive ATK^{4}*^{5}${3}%^{6} to up to ${6} enemies within ${1} meters.	デーモンアテンダントが主人のそばに現れ、${2}秒間【デモニックオーラ】を付与します。【デモニックオーラ】：全属性から受けるダメージを^{1}${5}%^{2}減少させます。${7}秒ごとに、${1}m以内の最大${6}体の敵へ、主人の^{3}適応攻撃^{4}*^{5}${3}%^{6}に相当する無属性近接^{7}適応ダメージ^{8}を与えます。
26260	After using Interaction with the rope, the players reach Almagia's back and Discover Ilmata!\n@{1}. ^{1}The battle against Parasitic Divine Vessel Ilmata begins.^{2}\n@{2}. Once the battle begins, hordes of monsters appear in the sky. Some players must remain on the airship and ^{3}operate the Rapid-Fire Cannon to fight them.^{4}	ロープをインタラクトすると、プレイヤーはアルマキアの背中へ到達し、イルマタを発見します！\n@{1}. ^{1}寄生神器イルマタとの戦闘が始まります。^{2}\n@{2}. 戦闘開始後、空には大量のモンスターが出現します。一部のプレイヤーは飛空艇へ残り、^{3}速射砲を操作して戦う^{4}必要があります。
26261	When Morale reaches @{1}/@{2}/@{3}, all Members on the Main Battlefield and Sub-Battlefield gain @{4}%/@{5}%/@{6}% DMG Reduction. The following actions grant Morale on the Sub-Battlefield:\nDefeat a player: @{7} Morale/player\nDefeat a Guard: @{8} Morale each\nDefeat a Commander: @{9} Morale each\nDefeat a Boss: @{10} Morale each	士気が@{1}/@{2}/@{3}に達すると、メイン戦場とサブ戦場の全メンバーのダメージ軽減が@{4}%/@{5}%/@{6}%増加します。サブ戦場では次の行動で士気を獲得します：\nプレイヤー撃破：1人につき@{7}士気\nガード撃破：1体につき@{8}士気\nコマンダー撃破：1体につき@{9}士気\nBoss撃破：1体につき@{10}士気
26262	【Quick Cast】PC Mode only. Press the button to cast the skill immediately at the mouse cursor;\n【Standard Cast】PC Mode only. Press the button to display an indicator that follows the mouse cursor, then click the left mouse button again to cast;\n【Smart Cast】Press the skill to cast it on the Selected Target without using the mouse.	【クイックキャスト】PCモード限定。ボタンを押すと、マウスカーソル位置へ即座にスキルを使用します。\n【スタンダードキャスト】PCモード限定。ボタンを押すとマウスカーソルに追従するインジケーターを表示し、左クリックでもう一度入力すると使用します。\n【スマートキャスト】スキルを押すと、マウス操作なしで選択中の対象へ使用します。
26263	Last week's guild activity was ${1}, with an Active rating of [Very Inactive]. Guilds that maintain an Active rating of [Very Inactive] (weekly activity < @{2}) for @{1} consecutive weeks will be automatically disbanded. Guild Members can earn activity by participating in daily activities, so please encourage everyone to join in!	先週のギルドアクティブ度は${1}で、アクティブ評価は[非常に非活発]でした。[非常に非活発]（週間アクティブ度 < @{2}）の評価が@{1}週連続すると、ギルドは自動解散します。ギルドメンバーはデイリー活動へ参加してアクティブ度を獲得できます。みんなへ積極的な参加を呼びかけましょう！
26264	Range: @{1}-@{2} m\nVertical Firing Arc: @{3}-@{4} degrees\nHorizontal Firing Arc: @{5} degrees\nAmmo Capacity: @{6} rounds\nRounds per Launch: @{7}\nAim Time: @{8} sec\nReload Time: @{9} sec\nDamage: Medium\nAdditional Effect: Knockback\nCannot move after construction. Find a good spot to build it and unleash its full firepower.	射程：@{1}-@{2}m\n垂直射角：@{3}-@{4}度\n水平射角：@{5}度\n装弾数：@{6}発\n1回の発射弾数：@{7}\n照準時間：@{8}秒\nリロード時間：@{9}秒\nダメージ：中\n追加効果：ノックバック\n建造後は移動できません。適切な場所へ設置し、火力を最大限に発揮しましょう。
26265	Fox Immortal summons a refreshing breeze in a ${1}-meter-by-${2}-meter rectangular area ahead, dealing a total of ^{1}Adaptive ATK^{2}*^{3}${4}%^{4} Neutral ranged ^{5}Adaptive Damage^{6} to up to ${3} enemies. Hit enemies deal ^{7}${5}%^{8} less Wind damage, while the master's damage increases by ^{9}${6}%^{10} for ${7} seconds.	フォックスイモータルが前方${1}m×${2}mの長方形範囲へ爽やかな風を召喚し、最大${3}体の敵へ合計^{1}適応攻撃^{2}*^{3}${4}%^{4}の無属性遠距離^{5}適応ダメージ^{6}を与えます。命中した敵が与える風属性ダメージを^{7}${5}%^{8}減少させ、主人が与えるダメージを${7}秒間^{9}${6}%^{10}増加させます。
26266	Secret ore from the dwarven realm of Vartalheim, said in Legend to share the same origin as the world itself. It is every craftsperson's lifelong pursuit.\n^{1}Use: Used to refine weapons and accessories. Increases the refinement success rate; on failure, the Refine Level will not decrease and the equipment will not be damaged^{2}	ドワーフの国ヴァルタルハイムに伝わる秘鉱石。伝説では世界そのものと同じ起源を持つとされ、すべての職人が生涯追い求める逸品です。\n^{1}用途：武器やアクセサリーの精錬に使用します。精錬成功率が上昇し、失敗しても精錬Lv.が低下せず、装備も損傷しません^{2}
26267	Deals PATK * ^{1}${2}%^{2} Neutral melee Physical DMG to the designated ST enemy within ${1} meters. If you are more than ${6} meters from the target, you also Charge directly in front of it. This skill's cast speed is unaffected by ASPD, but every ${3}% ASPD grants an Extra ^{3}${4}%^{4} Skill Damage Multiplier, up to ${5}% ASPD.	${1}m以内の指定単体の敵へPATK * ^{1}${2}%^{2}の無属性近接物理ダメージを与えます。対象から${6}mより離れている場合、対象の正面へ突進します。このスキルの使用速度はASPDの影響を受けませんが、ASPDが${3}%増えるごとにスキルダメージ倍率が追加で^{3}${4}%^{4}増加し、最大${5}% ASPDまで有効です。
26268	Shield skill. Deals Neutral Melee Physical DMG equal to PATK * ^{5}${2}%^{6} to the selected ST enemy within ${4} meters and inflicts ^{1}^{2}【Stun】^{3}^{4} for ${1} seconds. This skill greatly increases Monster aggro, with a greater increase than Provoke. Against Monsters, the percentage DMG multiplier increases by ^{7}${6}%^{8}.	盾スキル。${4}m以内の選択した単体の敵へPATK * ^{5}${2}%^{6}の無属性近接物理ダメージを与え、${1}秒間^{1}^{2}【スタン】^{3}^{4}を付与します。このスキルはモンスターへのヘイトを大幅に増加させます（プロボックより高い）。モンスターへ与えるダメージ倍率が^{7}${6}%^{8}増加します。
26269	Guild League Elite Rules:\n@{1}.On this screen, you can designate elite players who may participate in Guild League arena modes.\n@{2}.Quick Team Formation sends a team invitation to each Member. Members will not be added to the team in the order shown on the elite settings screen, so the team leader must adjust the lineup manually.	ギルドリーグ精鋭ルール：\n@{1}.この画面では、ギルドリーグのアリーナモードへ参加できる精鋭プレイヤーを指定できます。\n@{2}.クイックチーム編成を使用すると各メンバーへチーム招待を送信します。精鋭設定画面の表示順にチームへ加入するわけではないため、チームリーダーが手動で編成を調整してください。
26270	The ultimate evolution of the Crusader path. Royal Guards are not only the kingdom's mightiest warriors, but also engines of Destroy that can shatter enemy Formations on the battlefield. They can both withstand and deal heavy damage, charging through enemy ranks to break their Formation or serving as the core of their own Formation.	クルセイダー系統の究極進化。ロイヤルガードは王国最強の戦士であるだけでなく、戦場で敵陣を粉砕する破壊の要でもあります。大ダメージに耐えながら自らも大ダメージを与え、敵陣へ突撃して陣形を崩すことも、味方陣形の中核を担うこともできます。
26271	Deals ^{1}knockback^{2} and Physical ATK * ^{3}${3}% + ${7}^{4} Neutral melee Physical DMG to up to ${6} enemy targets in a ${2}m × ${1}m area ahead, then moves ${12}m in that direction and deals ^{5}knock-up^{6} and Physical ATK * ^{7}${5}% + ${7}^{8} Neutral melee Physical DMG to the targets. Immune to crowd control while casting.	前方${2}m×${1}m範囲内の最大${6}体の敵へ、^{1}ノックバック^{2}と物理攻撃力 * ^{3}${3}% + ${7}^{4}の無属性近接物理ダメージを与えた後、その方向へ${12}m移動し、対象へ^{5}ノックアップ^{6}と物理攻撃力 * ^{7}${5}% + ${7}^{8}の無属性近接物理ダメージを与えます。使用中はコントロール効果を無効化します。
26272	When casting an ^{1}Offensive-type^{2} or ^{3}Buff-type^{4} Primary Battle Skill, Summons ${2} Lightning Strikes every ${1} sec to attack random enemies within ${3} meters, Summoning ^{5}${4}^{6} Lightning Strikes in total. Each Lightning Strike Deals Neutral Ranged damage equal to the owner's ^{7}Adaptive Attack^{8}*^{9}${5}%^{10}.	^{1}攻撃型^{2}または^{3}バフ型^{4}の主要戦闘スキル使用時、${1}秒ごとに${2}本の落雷を召喚し、${3}m以内のランダムな敵を攻撃します。合計^{5}${4}^{6}本の落雷を召喚します。各落雷は所有者の^{7}適応攻撃^{8}*^{9}${5}%^{10}に相当する無属性遠距離ダメージを与えます。
26273	After being dragged into Ilmata's dream, the players arrive in Almagia's midsection. ^{1}They must break through the obstacles ahead and escape the dream quickly^{2}.\nWhen the game begins, a Vessel Protector appears behind the players and ^{3}cannot be attacked^{4}. Approaching the Vessel Protector continuously deals massive damage.	イルマタの夢へ引き込まれたプレイヤーは、アルマキアの胴体中央部へ到達します。^{1}前方の障害物を突破し、素早く夢から脱出しなければなりません^{2}。\nゲーム開始時、プレイヤーの背後に器の守護者が出現し、^{3}攻撃することはできません^{4}。器の守護者へ近づくと継続的に大ダメージを受けます。
26274	Range: @{1}-@{2} m\nVertical Firing Arc: @{3}-@{4} degrees\nHorizontal Firing Arc: @{5} degrees\nAmmo Capacity: @{6} rounds\nRounds per Launch: @{7}\nAim Time: @{8} sec\nReload Time: @{9} sec\nDamage: High\nAdditional Effect: Chain Lightning\nCannot move after construction. Find a good spot to build it and unleash its full firepower.	射程：@{1}-@{2}m\n垂直射角：@{3}-@{4}度\n水平射角：@{5}度\n装弾数：@{6}発\n1回の発射弾数：@{7}\n照準時間：@{8}秒\nリロード時間：@{9}秒\nダメージ：高\n追加効果：チェインライトニング\n建造後は移動できません。適切な場所へ設置し、火力を最大限に発揮しましょう。
26275	The Headless Knight summons a charging duplicate ahead, dealing Neutral melee Physical damage equal to Physical ATK*^{1}${1}%^{2} to up to ${6} enemies within a ${4}*${5} rectangular area. The master gains ^{3}${2}%^{4} damage reduction for ${3} seconds. Hitting a monster with this skill greatly increases its aggro toward the master.	ヘッドレスナイトが前方へ突進する分身を召喚し、${4}*${5}の長方形範囲内の最大${6}体の敵へ物理攻撃力*^{1}${1}%^{2}の無属性近接物理ダメージを与えます。主人は${3}秒間^{3}${2}%^{4}のダメージ軽減を獲得します。このスキルがモンスターへ命中すると、主人へのヘイトが大幅に増加します。
26276	Summons a golden Sacred Tree of Life at the caster's location, increasing damage reduction by ^{1}@{2}%^{2} for self and party Members within a @{1} m radius for @{3} sec. If self or a party Member takes ^{3}fatal damage^{4} while the effect is active, triggers ^{5}【Death Immunity】^{6} once and sets Life to ^{7}@{4}% of Max Life^{8}.	使用者の現在地に黄金の聖なる生命の樹を召喚し、自身と@{1}m範囲内のパーティメンバーのダメージ軽減を@{3}秒間^{1}@{2}%^{2}増加させます。効果中に自身またはパーティメンバーが^{3}致死ダメージ^{4}を受けると、1回だけ^{5}【死亡無効】^{6}を発動し、HPを最大HPの^{7}@{4}%^{8}にします。
26277	When casting a ^{1}Buff-type^{2} Primary Battle Skill, grants the owner 【Demonic Aura】 for ${1} sec: reduces all Elemental Damage taken by ^{3}${2}%^{4} and, every ${3} sec, Deals Neutral melee ^{9}Adaptive Damage^{10} equal to the owner's ^{5}Adaptive Attack^{6}^{7}${6}%^{8} to up to ${5} members of the Enemy Team within ${4} meters.	^{1}バフ型^{2}の主要戦闘スキル使用時、所有者へ${1}秒間【デモニックオーラ】を付与します。全属性から受けるダメージを^{3}${2}%^{4}減少させ、${3}秒ごとに、${4}m以内の最大${5}人の敵チームメンバーへ、所有者の^{5}適応攻撃^{6}^{7}${6}%^{8}に相当する無属性近接^{9}適応ダメージ^{10}を与えます。
26278	Two-handed Spear skill. Consumes @{1} charges of 【Hundred Spears】 to summon a barrage of spears toward the locked target, dealing ${4} hits of Neutral ranged Physical damage totaling Physical ATK*^{1}${5}%^{2} to up to ${3} enemies within a ${1}m*${2}m area in front of you. Restores @{2} charges of 【Hundred Spears】 every ${6} seconds.	両手槍スキル。【ハンドレッドスピア】のチャージを@{1}消費し、ロックした対象へ槍の雨を召喚します。前方${1}m*${2}m範囲内の最大${3}体の敵へ、合計物理攻撃力*^{1}${5}%^{2}となる${4}ヒットの無属性遠距離物理ダメージを与えます。${6}秒ごとに【ハンドレッドスピア】のチャージを@{2}回復します。
26279	Instantly unleashes a sacred chorus of primal notes, restoring HP equal to MATK*^{1}${3}%^{2} to yourself and ${2} allies within a ${1}-meter radius, with priority given to each party Member (^{3}^{4}Dexterity Resonance ${6}%^{5}^{6}), and granting a Shield equal to MATK*^{7}${4}%^{8} that absorbs all types of damage for ${5} seconds.	原初の音からなる神聖な合唱を即座に解放し、自身と${1}m範囲内の${2}人の味方のHPをMATK*^{1}${3}%^{2}回復します。パーティメンバーを優先します（^{3}^{4}DEX共鳴 ${6}%^{5}^{6}）。さらに${5}秒間、すべての種類のダメージを吸収するMATK*^{7}${4}%^{8}のシールドを付与します。
26280	Chants a powerful purification spell, removing ^{1}【Movement Restriction】^{2} and ^{3}【Abnormal Status】^{4} effects from self and party Members within a @{1} m radius. For the next @{2} sec., grants immunity to up to ^{5}@{3}^{6} ^{7}【Movement Restriction】^{8} and ^{9}【Abnormal Status】^{10} effects. Skill Cooldown: ^{11}@{4}^{12} sec.	強力な浄化の呪文を唱え、自身と@{1}m範囲内のパーティメンバーから^{1}【移動制限】^{2}と^{3}【状態異常】^{4}を解除します。その後@{2}秒間、最大^{5}@{3}^{6}回の^{7}【移動制限】^{8}と^{9}【状態異常】^{10}を無効化します。スキルクールダウン：^{11}@{4}^{12}秒。
26281	Guild Points are the sum of the individual Contribution Points earned by all Members of the Guild. Each player's Contribution Points are proportional to the number of Crystals contributed. Open Activity Chests in the Event Calendar and participate in MVP challenges, Daily Activity, and Guild Recruitment to earn more Contribution Points!	ギルドポイントは、ギルド全メンバーが獲得した個人貢献ポイントの合計です。各プレイヤーの貢献ポイントは、寄付したクリスタル数に比例します。イベントカレンダーの活躍宝箱を開け、MVP挑戦、デイリー活躍、ギルド募集へ参加して、さらに多くの貢献ポイントを獲得しましょう！
26282	Range: @{1}-@{2} m\nVertical Firing Arc: @{3}-@{4} degrees\nHorizontal Firing Arc: @{5} degrees\nAmmo Capacity: @{6} rounds\nRounds per Launch: @{7}\nAim Time: @{8} sec\nReload Time: @{9} sec\nDamage: Low\nAdditional Effect: Heals allied targets\nCannot move after construction. Find a good spot to build it and unleash its full firepower.	射程：@{1}-@{2}m\n垂直射角：@{3}-@{4}度\n水平射角：@{5}度\n装弾数：@{6}発\n1回の発射弾数：@{7}\n照準時間：@{8}秒\nリロード時間：@{9}秒\nダメージ：低\n追加効果：味方対象を回復\n建造後は移動できません。適切な場所へ設置し、火力を最大限に発揮しましょう。
26283	Strike the target with soul power, Launching ${2} bursts of soul energy at the designated ST enemy within ${1} meters and dealing @{1} instances of Ghost-property ranged magic damage equal to Magic ATK *^{1}${3}%^{2}; while in the ^{3}^{4}【Reading】^{5}^{6} state, consume @{2} stacks of ^{7}【Book Page】^{8} to cast this skill 1 Extra time.	魂の力で対象を攻撃し、${1}m以内の指定単体の敵へ${2}発のソウルエネルギーを放ち、魔法攻撃力 *^{1}${3}%^{2}の念属性遠距離魔法ダメージを@{1}回与えます。^{3}^{4}【リーディング】^{5}^{6}状態中は^{7}【ブックページ】^{8}を@{2}スタック消費し、このスキルを1回追加で発動します。
26284	Zherlthsh attacks with her Whip, dealing a total of PATK * ^{1}${5}%^{2} Neutral melee Physical DMG to ${2} designated enemies within ${1} meters of the target area and up to ${4} targets within a ${3}-meter radius of them. Grants her a ^{3}${6}%^{4} DMG Bonus for ${7} seconds, and the final hit inflicts ^{5}${8}^{6} meters of Knockback.	ジルタスが鞭で攻撃し、対象エリア内の${1}m以内にいる指定した${2}体の敵と、その周囲${3}m以内の最大${4}体の敵へ、合計PATK * ^{1}${5}%^{2}の無属性近接物理ダメージを与えます。${7}秒間^{3}${6}%^{4}のダメージボーナスを獲得し、最後の一撃は^{5}${8}^{6}mノックバックさせます。
26285	Range: @{1}-@{2} m\nVertical Firing Arc: @{3}-@{4} degrees\nHorizontal Firing Arc: @{5} degrees\nAmmo Capacity: @{6} rounds\nRounds per Launch: @{7}\nAim Time: @{8} sec\nReload Time: @{9} sec\nDamage: High\nAdditional Effect: Heals allied targets\nCannot move after construction. Find a good spot to build it and unleash its full firepower.	射程：@{1}-@{2}m\n垂直射角：@{3}-@{4}度\n水平射角：@{5}度\n装弾数：@{6}発\n1回の発射弾数：@{7}\n照準時間：@{8}秒\nリロード時間：@{9}秒\nダメージ：高\n追加効果：味方対象を回復\n建造後は移動できません。適切な場所へ設置し、火力を最大限に発揮しましょう。
26286	Bokba unleashes a barrage, dealing @{2} hits of Neutral ranged ^{5}adaptive damage^{6} totaling the master's ^{1}Adaptive ATK^{2}*^{3}${4}%^{4} every @{1} seconds to up to ${3} enemies in a targeted area with a ${2}-meter radius within ${1} meters. Each hit reduces the target's healing dealt and received by ^{7}${5}%^{8} for ${6} seconds.	ボクバが弾幕を放ち、@{1}秒ごとに、自身から${1}m以内にある半径${2}mの対象エリア内の最大${3}体の敵へ、主人の^{1}適応攻撃^{2}*^{3}${4}%^{4}に相当する合計無属性遠距離^{5}適応ダメージ^{6}を@{2}ヒット与えます。各ヒットは${6}秒間、対象の与える回復量と受ける回復量を^{7}${5}%^{8}減少させます。
26287	1. A pet's level cannot exceed the Adventurer's level.\n2. Tap the Level-up button to automatically raise the pet to the specified level. Lower-quality Pet EXP Books will be consumed first.\n3. If the Pet EXP Books consumed provide more EXP than required for the Level-up, the excess will be converted into Pet EXP Books of equivalent value.	1. ペットのLv.は冒険者のLv.を超えられません。\n2. レベルアップボタンをタップすると、指定Lv.まで自動で上昇します。低品質のペットEXPブックから優先して消費されます。\n3. レベルアップ時に消費したペットEXPブックのEXPが必要量を超えた場合、超過分は同価値のペットEXPブックへ変換されます。
26288	The BOSS targets @{1}/@{2}/@{3} players and fires silk projectiles. On HIT, they link @{4}/@{5} players (@{6} players are linked in pairs). Linked players are pulled back together when the Distance between them exceeds @{7}m. (When only @{8} players remain, the two players are linked. When only @{9} players remain, this mechanic is skipped.)	BOSSが@{1}/@{2}/@{3}人のプレイヤーを狙って糸の弾を放ちます。命中すると@{4}/@{5}人のプレイヤーをリンクします（@{6}人は2人ずつリンク）。リンクされたプレイヤー同士の距離が@{7}mを超えると、互いに引き戻されます。（残り@{8}人の場合は2人をリンクします。残り@{9}人の場合、このギミックは発動しません。）
26289	To ensure fair play, improper Trade practices are prohibited (including offline transactions and transactions at abnormal prices intended to transfer Currency or items).\nImproper Trade practices may result in penalties including, but not limited to, suspension of the Trade Function or account bans.\nWe need your support to keep the game fair!	公平なゲーム環境を維持するため、不正な取引行為（ゲーム外取引や、通貨・アイテム移転を目的とした異常価格での取引を含む）は禁止されています。\n不正な取引行為には、取引機能の停止やアカウント停止などの処罰が科される場合があります。\n公平なゲーム環境を守るため、ご協力をお願いします！
26290	@{1}.Select filters to bulk-discard equipment and skills that match them. \n@{2}.Click a selected filter again or clear its checkbox to deselect it. \n@{3}.Items in the Item category, equipped gear, and equipped skills cannot be bulk-discarded. \n@{4}.Tap Confirm Discard to discard every item in your Backpack that matches the selected filters.	@{1}.フィルターを選択して、条件に一致する装備とスキルを一括破棄します。 \n@{2}.選択済みのフィルターをもう一度クリックするか、チェックを外すと選択解除できます。 \n@{3}.アイテム分類のアイテム、装備中の装備、装備中のスキルは一括破棄できません。 \n@{4}.「破棄を確定」をタップすると、選択したフィルター条件に一致するバックパック内の全アイテムを破棄します。
26291	A Two-Handed Spear-exclusive skill. Deals Neutral melee Physical damage equal to PATK*^{1}${3}%^{2} to up to ${2} Enemy Team targets within a ${1}-meter radius around You (every ${6}% ASPD grants this damage a ^{3}${4}%^{4} DMG Bonus, Active up to @{1}% ASPD). This skill counts as a Normal Attack and has an ASPD scaling ratio of ^{5}${5}%^{6}.	両手槍専用スキル。自身の${1}m範囲内の最大${2}人の敵チームメンバーへPATK*^{1}${3}%^{2}の無属性近接物理ダメージを与えます（ASPDが${6}%増えるごとにこのダメージへ^{3}${4}%^{4}のダメージボーナスを獲得し、最大@{1}% ASPDまで有効）。このスキルは通常攻撃として扱われ、ASPD反映率は^{5}${5}%^{6}です。
26292	Bidding Fund Rules:\n@{1}.Escort missions convert Guild Supplies into Bidding Funds.\n@{2}.Eligibility for Stronghold War and Siege War can only be obtained by bidding with Bidding Funds.\n@{3}.Bidding Funds can be accumulated without limit during the Season.\n@{4}.Bidding Funds will be reset when the Season ends, so be sure to use them in time.	入札資金ルール：\n@{1}.護送任務でギルド物資を入札資金へ変換できます。\n@{2}.拠点戦と攻城戦の参加資格は、入札資金を使った入札でのみ獲得できます。\n@{3}.入札資金はシーズン中、上限なく蓄積できます。\n@{4}.入札資金はシーズン終了時にリセットされるため、忘れずに使い切ってください。
26293	Ilmata plays a deadly tune and targets one player, causing piccolos to continuously fall at that player's location for a time. ^{1}After a brief delay, each piccolo explodes^{2} and ^{3}releases a large number of fins in three directions^{4}. The fins swim toward the outer edge of the field, ^{5}dealing minor damage to any player they touch^{6}.	イルマタが死を招く旋律を奏で、プレイヤー1人を狙います。しばらくの間、そのプレイヤーの位置へピッコロが次々と落下します。^{1}各ピッコロは短い遅延後に爆発し^{2}、^{3}3方向へ大量のヒレを放ちます^{4}。ヒレはフィールド外周へ泳いでいき、^{5}触れたプレイヤーへ小ダメージを与えます^{6}。
26294	The stone pillars drain your power, leaving you floating helplessly in midair. The pillars in Prontera and other cities shatter, revealing enormous nail-shaped sculptures within. The nails then plunge a short Distance into the ground, causing the entire continent to quake. The shock wave sends you flying, but Ji suddenly appears and catches you.	石柱があなたの力を吸い取り、身動きできないまま空中へ浮かされます。プロンテラや各都市の石柱が砕け、その内部から巨大な釘状の彫刻が現れます。釘は少しだけ地面へ突き刺さり、大陸全体を揺らします。衝撃波であなたは吹き飛ばされますが、ジーが突然現れて受け止めてくれます。
26295	Replaces 【White Imprison】 with 【Resonance Focus】, increasing the duration of 【Immobilize】 by ^{1}${1}%^{2}. When the target takes damage from 【Soul Expansion】 within ^{3}${2}^{4} seconds, triggers @{1} instance of Ghost Ranged Magic damage equal to MATK * ^{7}${4}%^{8} in a ^{5}${3}^{6}-meter radius, up to @{2} times every ^{9}${5}^{10} seconds.	【ホワイトインプリズン】を【レゾナンスフォーカス】へ置き換え、【移動不能】の持続時間を^{1}${1}%^{2}増加させます。対象が^{3}${2}^{4}秒以内に【ソウルエクスパンション】のダメージを受けると、^{5}${3}^{6}m範囲内へMATK * ^{7}${4}%^{8}の念属性遠距離魔法ダメージを@{1}回発生させます。^{9}${5}^{10}秒ごとに最大@{2}回発動できます。
26296	You spin your battle axe to create a hurricane filled with axe trails. Targets hit are inflicted with ${1} stacks of ${2}% Slow (cannot stack) for ${3} seconds. The hurricane deals ${6} instances of ${7}% Physical damage to up to ${5} enemies within a ${4}-meter radius. Each instance that hits ${8} targets grants you ${9} stacks of 【Blade Mark】.	バトルアックスを回転させ、斧の軌跡をまとったハリケーンを発生させます。命中した対象へ${2}%の減速を${1}スタック付与し、${3}秒間持続します（重複不可）。ハリケーンは${4}m範囲内の最大${5}体の敵へ${7}%の物理ダメージを${6}回与えます。1回のダメージが${8}体へ命中するごとに【ブレイドマーク】を${9}スタック獲得します。
26297	Swing your weapon to unleash a blade of energy, dealing ${3} hits of Neutral melee Physical damage equal to Physical ATK * ^{1}${4}%^{2} to up to ${2} enemies within a ${1}-meter radius. Increases your Movement Speed by ^{3}${5}%^{4} for ${6} seconds. This skill is treated as a Normal Attack and is affected by ^{5}${7}%^{6} of your Attack Speed.	武器を振ってエネルギーの刃を放ち、${1}m範囲内の最大${2}体の敵へ、物理攻撃力 * ^{1}${4}%^{2}に相当する${3}ヒットの無属性近接物理ダメージを与えます。${6}秒間、移動速度が^{3}${5}%^{4}増加します。このスキルは通常攻撃として扱われ、攻撃速度の^{5}${7}%^{6}が反映されます。
26298	Dydre summons the undead, increasing the master's ^{3}all-element damage^{4} by ^{1}${1}%^{2} for ${2} seconds, and deals Neutral ranged ^{9}adaptive damage^{10} equal to the master's ^{5}Adaptive ATK^{6}*^{7}${5}%^{8} to up to ${4} enemies in a ${3}-meter cone ahead, increasing all elemental damage they take by ^{11}${6}%^{12} for ${7} seconds.	ディードレがアンデッドを召喚し、主人の^{3}全属性ダメージ^{4}を${2}秒間^{1}${1}%^{2}増加させます。さらに前方${3}mの扇形範囲内の最大${4}体の敵へ、主人の^{5}適応攻撃^{6}*^{7}${5}%^{8}に相当する無属性遠距離^{9}適応ダメージ^{10}を与え、${7}秒間、受ける全属性ダメージを^{11}${6}%^{12}増加させます。
26299	After casting ^{1}^{2}[Grimtooth]^{3}^{4}, there is a ${1}% Chance to Deals DMG equal to PATK * ${4}% + ${5} as Neutral Melee Physical damage to up to ${3} enemies within a ${2}-meter radius of the target. Cooldown: ${6} seconds. ^{5}^{6}[Grimtooth]^{7}^{8}'s percentage damage multiplier increases by ${7}%, and its fixed damage increases by ${8}.	^{1}^{2}[グリムトゥース]^{3}^{4}使用後、${1}%の確率で対象の${2}m範囲内の最大${3}体の敵へPATK * ${4}% + ${5}の無属性近接物理ダメージを与えます。クールダウン：${6}秒。^{5}^{6}[グリムトゥース]^{7}^{8}のダメージ倍率が${7}%、固定ダメージが${8}増加します。
26300	Fire Ninja Shinobi hurls a series of Dynamite blasts around itself, sequentially dealing Neutral ranged Physical damage equal to Pet Physical ATK * ^{1}${2}%^{2} to up to ${3} enemies within ${1}, ${4}, and ${5} meters and ^{3}knocking them back^{4}. The final hit also reduces the targets' Physical and Magic ATK by ^{5}${6}%^{6} for ${7} seconds.	ファイアーニンジャ・シノビが自身の周囲へ連続してダイナマイトを投げ、${1}m、${4}m、${5}m以内の最大${3}体の敵へ順番にペット物理攻撃力 * ^{1}${2}%^{2}の無属性遠距離物理ダメージを与え、^{3}ノックバック^{4}させます。最後の一撃はさらに${7}秒間、対象の物理攻撃力と魔法攻撃力を^{5}${6}%^{6}減少させます。
26301	Fruit Tree Turtle lashes out with vines, restoring ^{1}${1}^{2} Life to its master every second for ${2} seconds. It also deals Neutral ranged ^{7}Adaptive Damage^{8} equal to the master's ^{3}Adaptive ATK^{4} *^{5}${5}%^{6} to up to ${4} enemies within a ${3}-meter radius. For every ${6} enemies hit, it restores ^{9}${7}^{10} Life to its master.	フルーツツリータートルがツタを振り回し、${2}秒間、毎秒主人の^{1}${1}^{2}HPを回復します。さらに${3}m範囲内の最大${4}体の敵へ、主人の^{3}適応攻撃^{4} *^{5}${5}%^{6}に相当する無属性遠距離^{7}適応ダメージ^{8}を与えます。${6}体の敵へ命中するごとに、主人の^{9}${7}^{10}HPを回復します。
26302	Axe- and Mace-only skill. Rapidly spins the Axe, dealing total Neutral melee Physical damage equal to PATK * ^{1}${3}%^{2} to up to ${2} enemies within a ${1}-meter radius (^{3}^{4}Vitality Resonance ${5}%^{5}^{6}). While Enhance is Active, Axe Tornado lasts longer, increases your MSPD by ${4}%, and grants [Immunity] for the duration of the skill.	斧・鈍器専用スキル。斧を高速回転させ、${1}m範囲内の最大${2}体の敵へ合計PATK * ^{1}${3}%^{2}の無属性近接物理ダメージを与えます（^{3}^{4}VIT共鳴 ${5}%^{5}^{6}）。強化中、アックストルネードの持続時間が延長され、移動速度が${4}%増加し、スキル持続中[無効]を獲得します。
26303	The Goddess of Hope slashes through the air with a dark blade, dealing Neutral melee ^{5}Adaptive Damage^{6} equal to the master's ^{1}Adaptive ATK^{2}*^{3}${3}%^{4} to up to ${2} enemies within a ${1}-meter radius of the target area, and grants the master ^{7}【Divine Hope】^{8}, increasing Physical and Magic DEF by ^{9}${4}%^{10} for ${5} seconds.	希望の女神が闇の刃で空間を切り裂き、対象エリアの${1}m範囲内の最大${2}体の敵へ、主人の^{1}適応攻撃^{2}*^{3}${3}%^{4}に相当する無属性近接^{5}適応ダメージ^{6}を与えます。さらに主人へ^{7}【ディヴァインホープ】^{8}を付与し、${5}秒間、物理防御力と魔法防御力を^{9}${4}%^{10}増加させます。
26304	After using ^{1}^{2}【Gravitation Field】^{3}^{4}, trigger 【Spatial Distortion】 @{1} times, dealing Ghost Ranged Magic damage equal to MATK * ^{9}${3}% + ${4}^{10} to up to ^{7}${2}^{8} enemies within a ^{5}${1}^{6}-meter radius. Has a ^{11}${5}%^{12} Chance to inflict 【Slow】 for ^{13}${6}^{14} seconds, reducing the target's MSPD by ^{15}${7}%^{16}.	^{1}^{2}【グラビテーションフィールド】^{3}^{4}使用後、【スペーシャルディストーション】を@{1}回発動し、^{5}${1}^{6}m範囲内の最大^{7}${2}^{8}体の敵へMATK * ^{9}${3}% + ${4}^{10}の念属性遠距離魔法ダメージを与えます。^{11}${5}%^{12}の確率で^{13}${6}^{14}秒間【減速】を付与し、対象の移動速度を^{15}${7}%^{16}減少させます。
26305	@{1}. If a BOSS has multiple Unlock Requirements, it will only unlock after all of them are met.\n@{2}. After a dungeon BOSS is unlocked, it receives one Initial Reward Count, and ^{1}its Reward Count will only increase at each refresh after it has been unlocked.^{2}\n@{3}. The party can Enter Dungeon only after every Member has unlocked that BOSS.	@{1}. BOSSに複数の解放条件がある場合、すべての条件を満たした後にのみ解放されます。\n@{2}. ダンジョンBOSS解放時、初期報酬回数を1回獲得し、^{1}解放後の各更新時にのみ報酬回数が増加します。^{2}\n@{3}. パーティ全員がそのBOSSを解放した後にのみダンジョンへ入場できます。
26306	Can only be used while in Ride mode on the Madogear Pilot. With ${1} Arm Cannons mounted on its shoulders, Launch ${6} Cannon rounds at ${3} designated enemies within ${2} meters and up to ${5} Other enemies within ${4} meters around them, dealing total Neutral Ranged Physical damage equal to PATK*^{1}${7}%^{2}^{3}^{4}Luck Resonance ${8}%^{5}^{6}).	マドギアパイロット騎乗モード中のみ使用可能。肩に${1}門のアームキャノンを装着し、${2}m以内の指定した${3}体の敵と、その周囲${4}m以内の最大${5}体の敵へ${6}発の砲弾を放ち、合計PATK*^{1}${7}%^{2}^{3}^{4}LUK共鳴 ${8}%^{5}^{6}）の無属性遠距離物理ダメージを与えます。
26307	Can only be used while mounted on a Demonic Wolf. Command @{1} wolf companions to attack @{3} designated targets within @{2} meters, dealing @{4} hits of @{5}% Neutral Physical damage. If your Distance from the target exceeds @{6} meters, you will also charge toward the target. Every @{7} hits dealt by [Warg Strike] refreshes this skill's cooldown.	デーモンウルフ騎乗中のみ使用可能。@{1}体のウルフコンパニオンへ、@{2}m以内の指定した@{3}体の対象を攻撃させ、@{5}%の無属性物理ダメージを@{4}ヒット与えます。対象との距離が@{6}mを超えている場合、自身も対象へ突進します。[ウォーグストライク]で@{7}ヒット与えるごとに、このスキルのクールダウンをリフレッシュします。
26308	Ilmata plays a harmonious score, ^{1}transforming players into red or blue musical notes^{2}. Within the allotted time, they must ^{3}touch the large note of the same color on the field^{4} to remove it. Touching a large note of a different color knocks them away. If a note remains when the countdown ends, ^{5}it explodes and deals heavy damage^{6}.	イルマタが調和の旋律を奏で、^{1}プレイヤーを赤または青の音符へ変身させます^{2}。制限時間内に、^{3}フィールド上にある同じ色の大きな音符へ触れて消す^{4}必要があります。異なる色の大きな音符へ触れると吹き飛ばされます。カウントダウン終了時に音符が残っている場合、^{5}爆発して大ダメージを与えます^{6}。
26309	During This Week's Guild League placement, your guild did not meet the requirements and cannot participate in this season. Increase your Guild Member count and Active rating to qualify for the next season's placement. (Guilds that fail to meet the requirements for @{1} consecutive placements will be unable to participate in the Guild League season.)	今週のギルドリーグ振り分けにおいて、所属ギルドが参加条件を満たさなかったため、今シーズンには参加できません。次シーズンの振り分けに参加できるよう、ギルドメンバー数と活躍度を上げてください。（@{1}回連続で振り分け条件を満たさなかったギルドは、そのギルドリーグシーズンに参加できません。）
26310	Instantly unleashes a sacred primal chorus, restoring Life equal to Magic ATK * ^{1}${3}%^{2} for you and up to ${2} allies within a ${1}-meter radius (prioritizing party Members), and granting a universal damage absorption shield equal to Magic ATK * ^{3}${4}%^{4} for ${5} sec. While active, increases the targets' damage reduction by ^{5}${6}%^{6}.	聖なる原初の合唱を即座に響かせ、自身と半径${1}m以内の最大${2}人の味方（パーティメンバー優先）のHPを魔法攻撃力 * ^{1}${3}%^{2}回復し、魔法攻撃力 * ^{3}${4}%^{4}に相当する全ダメージ吸収シールドを${5}秒間付与します。効果中、対象のダメージ軽減が^{5}${6}%^{6}増加します。
26311	Dagger-exclusive skill. Throws a poisoned blade, dealing Poison Ranged Physical damage equal to PATK * ^{1}${2}%+${3}^{2} to the designated ST enemy within ${1} meters. Then Launches a poisoned blade at a random enemy within ${4} meters of the target, dealing Poison Ranged Physical damage equal to PATK * ^{3}${5}%+${6}^{4}, up to ^{5}${7}^{6} times.	短剣専用スキル。毒刃を投げ、${1}m以内の指定した単体の敵へPATK * ^{1}${2}%+${3}^{2}の毒属性遠距離物理ダメージを与えます。その後、対象から${4}m以内のランダムな敵へ毒刃を放ち、PATK * ^{3}${5}%+${6}^{4}の毒属性遠距離物理ダメージを与えます。最大^{5}${7}^{6}回発動します。
26312	Upon use, immediately enter the ^{1}^{2}【Camouflage】^{3} and ^{4}【Hiding】^{5}^{6} states, becoming invisible and untargetable and increasing Movement Speed by ^{7}${1}%^{8} for ${2} seconds.\nDealing or taking damage a total of ${3} times immediately ends 【Camouflage】 and 【Hiding】. Passive: Using Back Slide also grants 【Camouflage】 for ${4} seconds.	使用すると即座に^{1}^{2}【カモフラージュ】^{3}と^{4}【ハイディング】^{5}^{6}状態になり、姿が見えなくなって対象に選択されなくなり、${2}秒間移動速度が^{7}${1}%^{8}増加します。\nダメージを与えるか受ける回数の合計が${3}回に達すると、【カモフラージュ】と【ハイディング】は即座に解除されます。パッシブ：【バックスライド】使用時にも${4}秒間【カモフラージュ】を獲得します。
26313	Summon a holy spirit that circles around you and locates one enemy within a ${1}-meter radius who is under the ^{1}^{2}[Disguise]^{3}^{4} Status Effect. Removes their ^{5}^{6}[Disguise]^{7}^{8} Status Effect and deals Holy Ranged Magic damage equal to MATK * ^{9}${2}%^{10}. The holy spirit lasts ${3} seconds and disappears after Discovering a target.	自身の周囲を旋回する聖霊を召喚し、半径${1}m以内にいる^{1}^{2}[変装]^{3}^{4}状態の敵を1体発見します。対象の^{5}^{6}[変装]^{7}^{8}状態を解除し、MATK * ^{9}${2}%^{10}の聖属性遠距離魔法ダメージを与えます。聖霊は${3}秒間持続し、対象を発見すると消滅します。
26314	Hey, Adventurer.\nI'm the programmer who stays up late fixing bugs every night. Your mail... was accidentally flung into a rift in space-time by a mysterious line of my code.\nKeep this quiet. Log In Again or contact Customer Support, and I'll secretly pull your mail back for you.\n\nA mysterious programmer who doesn't want to write an incident report	やあ、冒険者。\n毎晩夜更かししてバグを直しているプログラマーだ。君のメールが……僕の謎めいたコード1行のせいで、うっかり時空の裂け目へ飛ばされてしまった。\nこのことは内緒にしてくれ。再ログインするかカスタマーサポートへ連絡してくれれば、こっそりメールを引き戻しておくよ。\n\n障害報告書を書きたくない謎のプログラマー
26315	Summon a storm, sending it Flying in the designated direction. It deals ^{1}@{2}%^{2} damage to enemies within a @{1}-meter radius along its path and inflicts ^{3}【Knockback】^{4}. After ^{5}【Knockback】^{6}, four equipped items are selected at random, each with a @{3}% Chance to ^{7}【drop】^{8}, with a guaranteed ^{9}【drop】^{10} of ^{11}@{4}^{12} items.	嵐を召喚し、指定方向へ飛ばします。経路上の半径@{1}m以内の敵へ^{1}@{2}%^{2}のダメージを与え、^{3}【ノックバック】^{4}させます。^{5}【ノックバック】^{6}後、装備中のアイテム4個がランダムに選ばれ、それぞれ@{3}%の確率で^{7}【ドロップ】^{8}し、さらに^{11}@{4}^{12}個は必ず^{9}【ドロップ】^{10}します。
26316	He's been staying at the camp for the past week, leaving early and returning late every day. Oh! I even said hello to him before he left this morning. He headed west^{2} of the camp at dawn with his equipment^{1}, saying he was looking for something called [Memory Particles]. He's so stubborn—he wouldn't listen when I told him to find someone to help.	彼はこの1週間ずっとキャンプに滞在していて、毎日朝早く出て夜遅く帰ってくるんだ。あっ！今朝出発する前にも挨拶したよ。夜明けに装備^{1}を持ってキャンプの西^{2}へ向かった。「メモリーパーティクル」とかいうものを探すんだって。頑固だからさ、誰かに手伝ってもらえって言っても聞かなかったよ。
26317	Medusa releases a silver snake that ricochets between enemies, dealing Magic ATK*^{1}${2}%^{2} Neutral ranged magic damage to the first enemy within ${1}m and Magic ATK*^{3}${3}%^{4} Neutral ranged magic damage to subsequent targets. Ricochets up to ${4} times. Each HIT has a ^{5}${5}%^{6} Chance to inflict ^{7}^{8}【Petrify】^{9}^{10} for ${6} seconds.	メデューサが銀の蛇を放ち、敵の間を跳ね回らせます。${1}m以内の最初の敵へ魔法攻撃力*^{1}${2}%^{2}の無属性遠距離魔法ダメージを与え、その後の対象へ魔法攻撃力*^{3}${3}%^{4}の無属性遠距離魔法ダメージを与えます。最大${4}回跳ね返ります。各ヒットは^{5}${5}%^{6}の確率で${6}秒間^{7}^{8}【石化】^{9}^{10}を付与します。
26318	Use psychic power to summon White Imprison, trapping ${1} enemies within ${2} meters and dealing Ghost-property ranged magic damage equal to Magic ATK*^{1}${3}%^{2}. Inflicts ^{3}【Immobilize】^{4} for ${4} seconds and 【Prison】 for ${5} seconds. 【Prison】: Physical and magic damage taken increases by ${6}%. 【Immobilize】: Interrupts movement. Cannot move.	念動力でホワイトインプリズンを召喚し、${2}m以内の敵${1}体を閉じ込めて、魔法攻撃力*^{1}${3}%^{2}の念属性遠距離魔法ダメージを与えます。${4}秒間^{3}【移動不能】^{4}、${5}秒間【プリズン】を付与します。【プリズン】：受ける物理・魔法ダメージが${6}%増加します。【移動不能】：移動を中断し、移動できなくなります。
26319	Owl Baron gathers storm clouds and locks onto a ST enemy within ${1} meters, Summoning ${3} Lightning Strikes every ${2} sec to attack random ST enemies within a ${4}-meter radius of the target. Summons ^{1}${5}^{2} Lightning Strikes in total. Each Lightning Strike Deals Neutral Ranged damage equal to the owner's ^{3}Adaptive Attack^{4}*^{5}${6}%^{6}.	オウルバロンが雷雲を集め、${1}m以内の単体の敵をロックオンします。${2}秒ごとに${3}回の落雷を召喚し、対象から半径${4}m以内のランダムな単体の敵を攻撃します。合計^{1}${5}^{2}回の落雷を召喚します。各落雷は所有者の^{3}適応攻撃^{4}*^{5}${6}%^{6}の無属性遠距離ダメージを与えます。
26320	Gain Melt Down for ${1} seconds. While active, attacks against enemy players have a ${2}% Chance to cause ^{1}Weapon Damage^{2} (disabling all attributes, affixes, and Stunts on both main-hand and off-hand weapons) for ${3} seconds. Attacks against monsters instead have a ${4}% Chance to reduce their ^{3}${5}%^{4} Physical ATK and DEF for ${6} seconds.	${1}秒間【メルトダウン】を獲得します。効果中、敵プレイヤーへの攻撃は${2}%の確率で${3}秒間^{1}武器破損^{2}を付与します（メイン／サブ武器の全属性、特性、スタントが無効になります）。モンスターへの攻撃では代わりに${4}%の確率で${6}秒間、その^{3}物理攻撃力と防御力を${5}%^{4}低下させます。
26321	Chant a powerful purification spell, removing ^{1}【Movement-Restricting Status Effects】^{2} and ^{3}【Control Status Effects】^{4} from yourself and party Members within a @{1}-meter radius. For the next @{2} seconds, they become immune to up to ^{5}@{3}^{6} instances of ^{7}【Movement-Restricting Status Effects】^{8} and ^{9}【Control Status Effects】^{10}.	強力な浄化呪文を詠唱し、自身と半径@{1}m以内のパーティメンバーから^{1}【移動制限系状態異常】^{2}と^{3}【行動妨害系状態異常】^{4}を解除します。その後@{2}秒間、^{7}【移動制限系状態異常】^{8}と^{9}【行動妨害系状態異常】^{10}を最大^{5}@{3}^{6}回無効化します。
26322	Angeling summons a radiant halo, restoring ^{1}Adaptive ATK^{2}*^{3}${3}%^{4} ^{5}Life^{6} to up to ${2} allies within ${1} meters and granting the master a ${4}-meter-radius ^{7}[Radiant Ring]^{8}. Allies within the area receive ^{9}${5}%^{10} more healing and periodically recover ^{11}Adaptive ATK^{12}*^{13}${6}%^{14} ^{15}Life^{16} for ${7} seconds.	エンジェリングが輝く光輪を召喚し、${1}m以内の最大${2}人の味方の^{5}HP^{6}を^{1}適応攻撃^{2}*^{3}${3}%^{4}回復し、主人に半径${4}mの^{7}[光輝の輪]^{8}を付与します。範囲内の味方は受ける回復量が^{9}${5}%^{10}増加し、${7}秒間、定期的に^{11}適応攻撃^{12}*^{13}${6}%^{14}の^{15}HP^{16}を回復します。
26323	Explore the region associated with each movement to obtain <color=#ff6161>Melody Conches</color> and <color=#ff6161>Lost Notes</color>.\nDrag <color=#ff6161>Lost Notes</color> into the measure, and the corresponding story quest Can be unlocked.\nExchange <color=#ff6161>Melody Conches</color> for <color=#ff6161>Lost Notes</color> in the Exploration Shop.	各楽章に対応する地域を探索して、<color=#ff6161>メロディーコンク</color>と<color=#ff6161>失われた音符</color>を入手します。\n<color=#ff6161>失われた音符</color>を小節へドラッグすると、対応するストーリークエストを解放できます。\n探索ショップでは、<color=#ff6161>メロディーコンク</color>を<color=#ff6161>失われた音符</color>と交換できます。
26324	@{1}.Trade Records Keep the @{2} most recent purchase and sale records.\n@{3}.Purchase records show the Shop Item Name, amount spent, order number, and Trade time.\n@{4}.Sale records show the Shop Item Name, net earnings, transaction fee, and Trade time.\n@{5}.When an item is sold, the System charges a percentage of the total price as a transaction fee.	@{1}.取引履歴には直近@{2}件の購入・販売記録が保存されます。\n@{3}.購入記録には、ショップアイテム名、支払額、注文番号、取引時刻が表示されます。\n@{4}.販売記録には、ショップアイテム名、純利益、取引手数料、取引時刻が表示されます。\n@{5}.アイテムが売れると、システムは合計価格の一定割合を取引手数料として徴収します。
26325	Summon continuous lightning strikes that deal Magic ATK*^{1}${4}%+${5}^{2} Wind-property ranged magic damage per wave to up to ${3} enemy targets in a circular area with a ${2}-meter radius within ${1} meters of you. The lightning lasts ${6} seconds and strikes ${7} times, with a ${8}% Chance to inflict the ^{3}^{4}【Blind】^{5}^{6} status for ${9} seconds.	連続する雷を召喚し、自身から${1}m以内にある半径${2}mの円形範囲内の最大${3}体の敵へ、1波ごとに魔法攻撃力*^{1}${4}%+${5}^{2}の風属性遠距離魔法ダメージを与えます。雷は${6}秒間持続して${7}回攻撃し、各攻撃は${8}%の確率で${9}秒間^{3}^{4}【暗闇】^{5}^{6}を付与します。
26326	Controls the Madogear Pilot to swing its weapon at enemies ahead in a three-hit combo. The first hit deals ^{1}@{3}%^{2} damage to up to @{2} enemies within @{1} meters, the second deals ^{3}@{6}%^{4} damage to up to @{5} enemies within @{4} meters, and the third deals ^{5}@{9}%^{6} damage to up to @{8} enemies within @{7} meters and inflicts ^{7}Slow^{8}.	魔導ギアを操り、前方の敵へ武器で3連撃を繰り出します。1撃目は@{1}m以内の最大@{2}体へ^{1}@{3}%^{2}、2撃目は@{4}m以内の最大@{5}体へ^{3}@{6}%^{4}、3撃目は@{7}m以内の最大@{8}体へ^{5}@{9}%^{6}のダメージを与え、^{7}減速^{8}を付与します。
26327	^{1}【Judex】^{2} cast by you has a ^{3}${1}%^{4} Chance to deal one Extra instance of Neutral ranged magic damage equal to your Magic ATK * ^{5}${2}%^{6} to the target, and a ^{7}${1}%^{8} Chance to deal one Extra instance of Neutral ranged Physical damage equal to your Magic ATK * ^{9}${3}%^{10} to the target. (The two Chances are calculated independently.)	自身が使用した^{1}【ジュデックス】^{2}は^{3}${1}%^{4}の確率で、対象へ魔法攻撃力 * ^{5}${2}%^{6}の無属性遠距離魔法ダメージを追加で1回与え、さらに^{7}${1}%^{8}の確率で、対象へ魔法攻撃力 * ^{9}${3}%^{10}の無属性遠距離物理ダメージを追加で1回与えます。（2つの確率は個別に判定されます。）
26328	The BOSS first casts a cone AOE in front with a @{1}s warning, a radius of @{2}m, and an angle of @{3}°, then casts a cone AOE behind with a @{4}s warning, a radius of @{5}m, and an angle of @{6}°. Finally, it targets all players and casts a rectangular AOE at each player's current location with a @{7}-second warning, a width of @{8}m, and a length of @{9}m	BOSSはまず、予兆@{1}秒・半径@{2}m・角度@{3}°の扇形範囲攻撃を前方へ放ち、次に予兆@{4}秒・半径@{5}m・角度@{6}°の扇形範囲攻撃を後方へ放ちます。最後に全プレイヤーを対象とし、各プレイヤーの現在位置へ予兆@{7}秒・幅@{8}m・長さ@{9}mの長方形範囲攻撃を放ちます。
26329	@{1}.Each equipment slot has fixed card slots. Base Level Increased automatically triggers their ^{1}Unseal^{2}.\n@{2}.Unsealed card slots can hold compatible cards.\n@{3}.When a card is inserted into an equipment slot's card slot and equipment is worn in that slot, the character gains the card's effects.\n@{4}.Select or drag cards to insert or replace them.	@{1}.各装備スロットには固定のカードスロットがあり、ベースLv.が上昇すると自動で^{1}封印解除^{2}されます。\n@{2}.封印解除済みのカードスロットには対応するカードを装着できます。\n@{3}.装備スロットのカードスロットへカードを挿入し、そのスロットに装備を着用すると、キャラクターはカードの効果を獲得します。\n@{4}.カードを選択またはドラッグして、挿入・交換できます。
26330	After ^{1}^{2}【Fire Bolt】^{3}^{4}, ^{5}^{6}【Cold Bolt】^{7}^{8}, ^{9}^{10}【Lightning Bolt】^{11}^{12}, or ^{13}^{14}【Earth Spike】^{15}^{16} hits, it triggers 【Elemental Shock】 @{1} times, dealing Neutral Ranged Magic damage equal to MATK*^{21}${3}%+${4}^{22} to up to ^{19}${2}^{20} enemies within a ^{17}${1}^{18}-meter radius. Cooldown: ^{23}${5}^{24} seconds.	^{1}^{2}【ファイアーボルト】^{3}^{4}、^{5}^{6}【コールドボルト】^{7}^{8}、^{9}^{10}【ライトニングボルト】^{11}^{12}、^{13}^{14}【アーススパイク】^{15}^{16}が命中すると、【エレメンタルショック】が@{1}回発動し、半径^{17}${1}^{18}m以内の最大^{19}${2}^{20}体の敵へMATK*^{21}${3}%+${4}^{22}の無属性遠距離魔法ダメージを与えます。クールダウン：^{23}${5}^{24}秒。
26331	Summon a ${2}m*${3}m cross within ${1}m of yourself. For the next ${4} sec., it deals Magic ATK*^{1}${7}%+${8}^{2} Holy ranged magic damage to up to ${6} enemies in the area every ${5} sec. Damage dealt to enemies of the ^{3}Undead Race^{4} or ^{5}Demon Race^{6}, or with the ^{7}Shadow property^{8} or ^{9}Undead property^{10}, is increased by ^{11}${9}%^{12}.	自身から${1}m以内に${2}m*${3}mの十字範囲を召喚します。${4}秒間、${5}秒ごとに範囲内の最大${6}体の敵へ魔法攻撃力*^{1}${7}%+${8}^{2}の聖属性遠距離魔法ダメージを与えます。^{3}不死種族^{4}、^{5}悪魔種族^{6}、または^{7}闇属性^{8}、^{9}不死属性^{10}の敵へのダメージは^{11}${9}%^{12}増加します。
26332	Summons a massive Comet from space, dealing Neutral Ranged Magic damage equal to MATK * ^{1}${4}%^{2} to up to ${3} enemies within a ${2}-meter radius of the target within ${1} meters of You (^{3}^{4}Dexterity Resonance ${6}%^{5}^{6}). While in the ^{7}^{8}【Reading】^{9}^{10} state, consumes ${5} stacks of ^{11}【Book Page】^{12} to cast this skill 1 Extra time.	宇宙から巨大なコメットを召喚し、自身から${1}m以内の対象を中心とする半径${2}m範囲内の最大${3}体の敵へMATK * ^{1}${4}%^{2}の無属性遠距離魔法ダメージを与えます（^{3}^{4}DEX共鳴 ${6}%^{5}^{6}）。^{7}^{8}【リーディング】^{9}^{10}状態では、^{11}【ブックページ】^{12}を${5}スタック消費して、このスキルを追加で1回発動します。
26333	Retribution summons a sword formation, dealing Neutral ranged Physical damage equal to Pet Physical ATK * ^{1}${4}%^{2} to up to ${3} enemies within a ${2}-meter-radius target area located within ${1} meters, reducing their Physical and Magic ATK by ^{3}${5}%^{4}, Physical and Magic DEF by ^{5}${5}%^{6}, and inflicting ^{7}【Slow】^{8} by ${6}% for ${7} seconds.	リトリビューションが剣陣を召喚し、${1}m以内にある半径${2}mの対象範囲内の最大${3}体の敵へ、ペット物理攻撃力 * ^{1}${4}%^{2}の無属性遠距離物理ダメージを与えます。さらに物理・魔法攻撃力を^{3}${5}%^{4}、物理・魔法防御力を^{5}${5}%^{6}低下させ、${7}秒間${6}%の^{7}【減速】^{8}を付与します。
26334	Two-Handed Spear skill. Deals @{1} hits of Neutral Melee Physical DMG equal to PATK * ^{1}${3}%^{2} to up to ${5} enemies within a ${1}-meter radius. For every ${6}% ASPD, this DMG increases by ^{3}${7}%^{4}, up to @{2}% ASPD. Pulls the targets ^{5}closer^{6} and grants you ^{7}^{8}【Over Brand】^{9} ^{10} for ${4} seconds. You can Move while casting this skill.	両手槍スキル。半径${1}m以内の最大${5}体の敵へ、PATK * ^{1}${3}%^{2}の無属性近接物理ダメージを@{1}回与えます。ASPDが${6}%上昇するごとに、このダメージが^{3}${7}%^{4}増加し、最大@{2}% ASPDまで有効です。対象を^{5}引き寄せ^{6}、自身に${4}秒間^{7}^{8}【オーバーブランド】^{9} ^{10}を付与します。このスキルは移動しながら使用できます。
26335	Shield-only skill. Deals Neutral melee Physical damage equal to PATK*^{3}${2}%^{4} and inflicts a ${1}-second^{1} Stun^{2} on up to ${5} enemies within a ${3}m*${4}m area in the target direction. This skill greatly increases the user's Monster aggro (more than Provoke) and increases its percentage-based damage multiplier against Monster targets by^{5}${6}%^{6}.	盾専用スキル。指定方向の${3}m*${4}m範囲内の最大${5}体の敵へPATK*^{3}${2}%^{4}の無属性近接物理ダメージを与え、${1}秒間^{1}スタン^{2}させます。このスキルはモンスターからのヘイトを大幅に増加させ（プロボック以上）、モンスター対象への割合ダメージ倍率を^{5}${6}%^{6}増加させます。
26336	@{1}. Choose your preferred style before entering battle. The styles available in Survivor Battle differ from traditional styles.\n@{2}. Each style is bound to two skills. These two skills can only be changed by switching styles during the mode.\n@{3}. In addition to style skills, you can find more skills during the mode and carry up to @{4} Extra custom skills.	@{1}. 戦闘開始前に好みのスタイルを選択します。サバイバーバトルで使用できるスタイルは通常のスタイルとは異なります。\n@{2}. 各スタイルには2つのスキルが紐づいています。この2つのスキルは、モード中にスタイルを切り替える場合のみ変更できます。\n@{3}. スタイルスキルに加え、モード中にさらにスキルを見つけ、追加のカスタムスキルを最大@{4}個まで所持できます。
26337	Bloody Butterfly dances, dealing @{1} hits of Neutral Ranged Magic damage equal to the Pet's MATK*^{1}${3}%^{2} to up to ${2} enemies within ${1} meters, then Deals Neutral Ranged Magic damage equal to the Pet's MATK*^{3}${7}%^{4} to up to ${6} enemies in a ${4}-meter-by-${5}-meter area ahead. Each hit restores Life equal to ${8}% of its Skill Damage Multiplier.	ブラッディバタフライが舞い、${1}m以内の最大${2}体の敵へ、ペットのMATK*^{1}${3}%^{2}の無属性遠距離魔法ダメージを@{1}回与えます。その後、前方${4}m×${5}m範囲内の最大${6}体の敵へ、ペットのMATK*^{3}${7}%^{4}の無属性遠距離魔法ダメージを与えます。各ヒットで、スキルダメージ倍率の${8}%に相当するHPを回復します。
26338	Can only be used while mounted on the Demonic Wolf. Casting 【Warg Charge】 or 【Warg Hunt】 resets this skill's Cooldown. Commands the Demonic Wolf to dash ${1}m in the designated direction and increases your Movement Speed by ^{1}${2}%^{2} for ${3} sec. After casting 【Warg Charge】 or 【Warg Hunt】, your next movement instead casts this skill in the movement direction.	デモニックウルフ騎乗中のみ使用可能。【ウォーグチャージ】または【ウォーグハント】を使用すると、このスキルのクールダウンがリセットされます。デモニックウルフに指定方向へ${1}mダッシュさせ、自身の移動速度を${3}秒間^{1}${2}%^{2}増加させます。【ウォーグチャージ】または【ウォーグハント】使用後、次の移動時は代わりに移動方向へこのスキルを使用します。
26339	Dydre summons the undead, increasing the master's ^{3}all-element damage^{4} by ^{1}${1}%^{2} for ${2} seconds, and deals Neutral ranged ^{9}adaptive damage^{10} equal to the master's ^{5}Adaptive ATK^{6}*^{7}${5}%^{8} to up to ${4} enemies in a ${3}-meter cone ahead. Enemies hit gain ^{11}${6}%^{12} increased ^{13}all elemental damage taken^{14} for ${7} seconds.	ダイドレがアンデッドを召喚し、${2}秒間、主人の^{3}全属性ダメージ^{4}を^{1}${1}%^{2}増加させます。さらに前方${3}mの扇形範囲内の最大${4}体の敵へ、主人の^{5}適応攻撃^{6}*^{7}${5}%^{8}の無属性遠距離^{9}適応ダメージ^{10}を与えます。命中した敵は${7}秒間、^{13}全属性被ダメージ^{14}が^{11}${6}%^{12}増加します。
26340	After casting, enter a Parry state for ${1} sec. While active, ^{1}^{2}【Immune to Debuffs】^{3}^{4}. When Parry ends, perform an Auto Counter against up to ${5} enemies within a ${6}m * ${7}m area ahead, dealing Physical ATK * ^{5}${2}% + ${3}^{6} Neutral melee Physical damage. If you take melee Physical damage while parrying, Auto Counter damage increases by ${4}%.	使用後、${1}秒間パリィ状態になります。効果中、^{1}^{2}【デバフ無効】^{3}^{4}を獲得します。パリィ終了時、前方${6}m * ${7}m範囲内の最大${5}体の敵へオートカウンターを行い、物理攻撃力 * ^{5}${2}% + ${3}^{6}の無属性近接物理ダメージを与えます。パリィ中に近接物理ダメージを受けると、オートカウンターのダメージが${4}%増加します。
26341	Eve slashes the designated ST enemy within ${1} meters with her giant scythe @{1} times, then throws it, dealing @{3} hits to up to @{2} targets in a ^{1}${2}^{2}*^{3}${3}^{4}-meter rectangular area ahead. Deals a total of ^{5}Adaptive ATK^{6}*^{7}${4}%^{8} Neutral melee ^{9}Adaptive Damage^{10} and reduces Physical and Magic DEF by ^{11}${5}%^{12} for ${6} seconds.	イヴが巨大な鎌で${1}m以内の指定した単体の敵を@{1}回斬りつけた後、鎌を投げ、前方^{1}${2}^{2}*^{3}${3}^{4}mの長方形範囲内の最大@{2}体へ@{3}回攻撃します。合計で^{5}適応攻撃^{6}*^{7}${4}%^{8}の無属性近接^{9}適応ダメージ^{10}を与え、${6}秒間、物理・魔法防御力を^{11}${5}%^{12}低下させます。
26342	Gain ${1} stacks of Shield, each equal to your Max HP*^{1}${2}%^{2}, then charge toward the target area and ram back and forth. Each hit Deals Neutral melee Physical damage equal to PATK*^{3}${6}%^{4} to up to ${5} enemies in a ${3}-meter-by-${4}-meter area in the designated direction. Each hit grants an Extra ${7} Shield stacks, up to ${8} stacks, lasting ${9} sec.	自身の最大HP*^{1}${2}%^{2}に相当するシールドを${1}スタック獲得した後、対象範囲へ突進して往復しながら体当たりします。各ヒットで指定方向の${3}m×${4}m範囲内の最大${5}体の敵へPATK*^{3}${6}%^{4}の無属性近接物理ダメージを与えます。各ヒットでシールドを追加で${7}スタック獲得し、最大${8}スタック、${9}秒間持続します。
26343	The Mutant roars loudly, dealing Neutral melee Physical damage equal to Pet Physical ATK*^{1}${3}%^{2} to up to ${2} enemies within a ${1}-meter radius, then increasing its Life Steal by ${4}%. Its Normal Attacks also trigger Extra area damage, dealing the same damage as the Normal Attack to the target and up to @{2} enemies within @{1} meters of it for ${5} seconds.	ミュータントが大声で咆哮し、半径${1}m以内の最大${2}体の敵へペット物理攻撃力*^{1}${3}%^{2}の無属性近接物理ダメージを与え、その後自身のHP吸収を${4}%増加させます。さらに${5}秒間、通常攻撃でも追加の範囲ダメージが発生し、対象とその周囲@{1}m以内の最大@{2}体の敵へ通常攻撃と同じダメージを与えます。
26344	How to Obtain Guild Funds:\n@{1}.Guild Funds are extremely important and will be ^{1}used to purchase essential Currency and items, such as Guild Supplies, in Guild Territory War^{2}.\n@{2}.During Guild Caravan, Guild Members can earn Guild Funds by submitting requested items.\n@{3}.Completing a full round of caravan item requests grants a large amount of Guild Funds.	ギルド資金の獲得方法：\n@{1}.ギルド資金は非常に重要で、^{1}領地戦でギルド物資などの重要な通貨やアイテムを購入するために使用されます^{2}。\n@{2}.ギルドキャラバンでは、ギルドメンバーが指定されたアイテムを納品することでギルド資金を獲得できます。\n@{3}.キャラバンのアイテム依頼を1周すべて完了すると、大量のギルド資金を獲得できます。
26345	Demon Maid appears beside the master, removing their control effects and granting them ^{1}^{2}[Control Immunity]^{3}^{4} for ${1} seconds. She deals Neutral melee ^{9}Adaptive Damage^{10} equal to the master's ^{5}Adaptive ATK^{6}*^{7}${4}%^{8} to up to ${3} enemies within a ${2}-meter radius and inflicts ^{11}^{12}[Silence]^{13}^{14} on enemies hit for ${6} seconds.	デーモンメイドが主人のそばに現れ、行動妨害効果を解除して${1}秒間^{1}^{2}[行動妨害無効]^{3}^{4}を付与します。さらに半径${2}m以内の最大${3}体の敵へ、主人の^{5}適応攻撃^{6}*^{7}${4}%^{8}の無属性近接^{9}適応ダメージ^{10}を与え、命中した敵へ${6}秒間^{11}^{12}[沈黙]^{13}^{14}を付与します。
26346	All pets and their master gain ^{1}^{2}Anti-Stealth^{3}^{4} for ${1} sec., allowing them to detect hidden enemies within ^{5}${2} meters^{6}. They also gain ^{7}【Alert Recon】^{8} for ${3} sec. While active, each hit taken increases ^{9}Physical DEF by ${4}%^{10} and ^{11}Magic DEF by ${5}%^{12}, stacking up to ^{13}${6}^{14} times. Each stack lasts ^{15}${7}^{16} sec.	すべてのペットと主人が${1}秒間^{1}^{2}アンチステルス^{3}^{4}を獲得し、^{5}${2}m^{6}以内の隠れている敵を発見できるようになります。さらに${3}秒間^{7}【警戒偵察】^{8}を獲得します。効果中、攻撃を受けるたびに^{9}物理防御力が${4}%^{10}、^{11}魔法防御力が${5}%^{12}増加し、最大^{13}${6}^{14}スタックします。各スタックは^{15}${7}^{16}秒間持続します。
26347	@{1}. When any BOSS in the Final Trial is cleared, the game checks whether the challenge objectives were completed during that clear. Challenge objectives may be completed in any order.\n@{2}. ^{1}Each challenge objective can only be completed once^{2}. Complete an objective to claim its reward.\n@{3}. Trial Coins can be exchanged for items in the ^{3}[Trial Shop]^{4}.	@{1}. ファイナルトライアルのいずれかのBOSSをクリアすると、そのクリア中に挑戦目標を達成したか判定されます。挑戦目標は任意の順序で達成できます。\n@{2}. ^{1}各挑戦目標は1回だけ達成できます^{2}。目標を達成すると報酬を受け取れます。\n@{3}. トライアルコインは^{3}[トライアルショップ]^{4}でアイテムと交換できます。
26348	During this phase, players from opposing Factions cannot attack each other. Guild Members who do Not owned a stronghold may move through non-stronghold areas, while Guild Members who own a stronghold may move through any area. During this phase, you can gather intelligence before the battle, and battle commanders can use the command Function to deploy combat strategies.	このフェーズ中、敵対勢力のプレイヤー同士は攻撃できません。拠点を所有していないギルドメンバーは非拠点エリアを移動でき、拠点を所有しているギルドメンバーはすべてのエリアを移動できます。このフェーズでは戦闘前の情報収集が可能で、戦闘指揮官は指揮機能を使って戦略を配置できます。
26349	Can only be cast while riding a dragon. The dragon Mount breathes fire, dealing Fire Ranged Physical damage totaling PATK * ^{1}${5}%^{2} over ${4} hits to up to ${3} enemies in a ${1}-meter x ${2}-meter area in the designated direction, with a ^{3}${6}%^{4} Chance to Burn damaged enemies, dealing Fire Ranged Physical damage totaling PATK * ^{5}${7}%^{6} over @{1} hits.	ドラゴン騎乗中のみ使用可能。ドラゴンマウントが炎を吐き、指定方向の${1}m×${2}m範囲内の最大${3}体の敵へ、${4}ヒット合計PATK * ^{1}${5}%^{2}の火属性遠距離物理ダメージを与えます。ダメージを受けた敵は^{3}${6}%^{4}の確率で炎上し、@{1}ヒット合計PATK * ^{5}${7}%^{6}の火属性遠距離物理ダメージを受けます。
26350	Raise your shield for @{1} seconds to Fortify You, reducing DMG taken by ^{1}@{2}%^{2}. During this time, You suffer ^{3}【Slow】^{4} by @{3}% but gain ^{5}Immunity^{6}. Every @{6} seconds, up to @{5} Enemy Team members within @{4} meters in front of You are pushed @{7} meters in your Facing direction with ^{7}【Knockback】^{8} and take DMG equal to your ATK * ^{9}@{8}%^{10}.	@{1}秒間盾を構えて自身を堅守し、受けるダメージを^{1}@{2}%^{2}軽減します。この間、@{3}%の^{3}【減速】^{4}を受けますが、^{5}無敵^{6}を獲得します。@{6}秒ごとに、前方@{4}m以内の敵チーム最大@{5}人を、自身が向いている方向へ@{7}m^{7}【ノックバック】^{8}させ、攻撃力 * ^{9}@{8}%^{10}のダメージを与えます。
26351	When you HIT a target with Shield Bash or Reflect Damage, you have a @{1}% and @{2}% Chance, respectively, to gain 1 stack of [Shield Momentum] for @{3} seconds. At @{4} stacks, your next @{5} Shield Bashes become [Powerful Shield Bash], increasing their damage by @{6}%. After each cast, gain a shield equal to Life Limit × @{8}% for @{7} seconds. This shield cannot stack.	シールドバッシュまたはリフレクトダメージが対象に命中すると、それぞれ@{1}%、@{2}%の確率で@{3}秒間[シールドモメンタム]を1スタック獲得します。@{4}スタックに達すると、次の@{5}回のシールドバッシュが[パワフルシールドバッシュ]になり、ダメージが@{6}%増加します。使用するたびに、@{7}秒間、最大HP × @{8}%のシールドを獲得します。このシールドは重複しません。
26352	Stronghold Contest Phases:\n\nBattle Prep Phase: During this phase, attacks are prohibited. Players may move within the permitted area to gather information, discuss tactics, and coordinate battle plans.\n\nBattle Phase: During this phase, players may attack members of an opposing Faction. Capture the stronghold's banner and successfully defend it to occupy the stronghold.	拠点争奪フェーズ：\n\n戦闘準備フェーズ：このフェーズでは攻撃できません。プレイヤーは許可されたエリア内を移動して情報収集、戦術相談、戦闘計画の調整を行えます。\n\n戦闘フェーズ：このフェーズでは敵対勢力のメンバーを攻撃できます。拠点の旗を奪取し、守り切ることで拠点を占領できます。
26353	1. Chests are special items containing many rewards. Players can open chests to obtain these rewards.\n2. At set intervals, the Goddess blesses one type of chest. Blessed chests receive an opening bonus that grants Additional rewards based on the number opened. The cycle and order of the Goddess's chest blessings are fixed, so Adventurers can save their chests accordingly.	1. 宝箱は多くの報酬が入った特別なアイテムです。プレイヤーは宝箱を開けて報酬を獲得できます。\n2. 一定間隔で、女神が1種類の宝箱に祝福を与えます。祝福された宝箱には開封ボーナスが付き、開けた数に応じて追加報酬を獲得できます。女神による宝箱の祝福周期と順番は固定されているため、冒険者はそれに合わせて宝箱を保存しておけます。
26354	Welcome to the Bonfire Party! The event consists of @{1} stages. Stage @{2} is the preparation stage, during which Adventurers can collect Live Coals scattered throughout the territory and add them to the Bonfire to earn rewards. Stages @{3}-@{4} are the main party stages, during which Adventurers can defeat mischievous monsters to earn rewards and enter the prize drawing.	焚き火パーティへようこそ！イベントは@{1}段階で構成されます。第@{2}段階は準備段階で、冒険者は領地内に散らばる燃えさしを集めて焚き火へ加え、報酬を獲得できます。第@{3}～@{4}段階はパーティ本番で、いたずら好きのモンスターを倒して報酬を獲得し、抽選に参加できます。
26355	Quickly slash forward ${1} times, unleashing a massive blade of wind that deals ${3} hits of ${4}%, ${5}%, and ${6}% Physical damage to a single target within a ${2}-meter radius.\nThe third slash unleashes a blade of wind, dealing ${8}% Physical damage to up to ${7} targets in a rectangular area ahead. Each time damage hits ${9} targets, gain ${10} stacks of 【Blade Mark】.	前方へ素早く${1}回斬りつけ、巨大な風刃を放ち、半径${2}m以内の単体対象へ${4}%、${5}%、${6}%の物理ダメージを合計${3}ヒット与えます。\n3撃目は風刃を放ち、前方の長方形範囲内の最大${7}体の対象へ${8}%の物理ダメージを与えます。ダメージが${9}体の対象に命中するたび、【ブレードマーク】を${10}スタック獲得します。
26356	Deals Earth melee Physical damage equal to Physical ATK * ^{1}${1}%+${6}^{2} to up to ${5} enemies within ${4} meters and reduces their ^{3}Attack Speed and Move Speed by ${3}%^{4} for ${2} seconds. This skill reveals enemies in 【Hiding】 that it hits, greatly increases your threat toward monsters (more than Provoke), and increases damage dealt to monsters by ^{5}${7}%^{6}.	${4}m以内の最大${5}体の敵へ物理攻撃力 * ^{1}${1}%+${6}^{2}の地属性近接物理ダメージを与え、${2}秒間^{3}攻撃速度と移動速度を${3}%^{4}低下させます。このスキルが命中した【ハイディング】中の敵を暴き、モンスターへのヘイトを大幅に増加させ（プロボック以上）、モンスターへのダメージを^{5}${7}%^{6}増加させます。
26357	Deals Neutral ranged magic damage equal to Magic ATK^{1}${3}%^{2} to up to ${7} enemies in a designated area with a ${2}-meter radius within ${1} meters of you, reducing their Physical and Magic DEF by ${4}% for ${6}s^{3}^{4} and giving them a ${5}% Chance to suffer one random effect for ${8}s^{5}:^{6}【Freeze】^{7}^{8} ^{9}^{10}【Petrify】^{11}^{12} ^{13}^{14}【Stun】^{15}^{16}.	自身から${1}m以内に指定した半径${2}mの範囲内の最大${7}体の敵へ、魔法攻撃力^{1}${3}%^{2}の無属性遠距離魔法ダメージを与えます。${6}秒間^{3}^{4}物理・魔法防御力を${4}%低下させ、${5}%の確率で${8}秒間^{5}、^{6}【凍結】^{7}^{8} ^{9}^{10}【石化】^{11}^{12} ^{13}^{14}【スタン】^{15}^{16}のうちランダムな1つを付与します。
26358	This purchase exceeds <color=#cc762a>RMB 50</color>, so the top-up failed. Please spend responsibly and top up in moderation.\n\nAccording to the "Notification on Preventing Minors from Becoming Addicted to Online Games" issued by the National Press and Publication Administration, players aged 8 to under 16 may top up no more than RMB 50 per transaction and RMB 200 per month.	今回の購入額が<color=#cc762a>50人民元</color>を超えるため、チャージに失敗しました。適度な消費を心がけ、節度を持ってチャージしてください。\n\n国家新聞出版署が公布した「未成年者のオンラインゲーム依存防止に関する通知」に基づき、8歳以上16歳未満のプレイヤーは、1回あたり50人民元、1か月あたり200人民元を超えてチャージできません。
26359	Range: @{1}-@{2} m\nVertical Firing Arc: @{3}-@{4} degrees\nHorizontal Firing Arc: @{5} degrees\nAmmo Capacity: @{6} rounds\nRounds per Launch: @{7}\nAim Time: @{8} sec\nReload Time: @{9} sec\nDamage: Medium\nAdditional Effect: Poring shells Split into more Poring shells upon landing\nCannot move after construction. Find a good spot to build it and unleash its full firepower.	射程：@{1}-@{2} m\n垂直射角：@{3}-@{4}度\n水平射角：@{5}度\n装弾数：@{6}発\n1回の発射数：@{7}\n照準時間：@{8}秒\n装填時間：@{9}秒\nダメージ：中\n追加効果：ポリン弾は着弾時にさらに複数のポリン弾へ分裂します\n設置後は移動できません。適切な場所に建設して最大火力を発揮しましょう。
26360	Warriors who walk the path of holy war, wielding faith and Spear as their sharpest weapons. After Job Advance from Swordsman, Crusaders Keep their formidable melee capabilities while further specializing in Spear weapons. They develop two distinct combat styles: an Attack-type Spear build that trades blood for damage, and a defensive shield build that protects allies in peril.	聖戦の道を歩み、信仰と槍を最も鋭い武器とする戦士。ソードマンから転職したクルセイダーは、強力な近接戦闘能力を維持しながら槍武器にさらに特化します。HPを代償にダメージを高める攻撃型の槍ビルドと、危機に陥った味方を守る防御型の盾ビルドという、2つの異なる戦闘スタイルを発展させます。
26361	Congratulations! You received a South Gate Reunion Invitation from the Novice Seven-Day Gifts during the Ignition Test. Players who receive this invitation will automatically gain Eligibility for the next test and may also log in to the official website before the next test begins to invite one Extra player to participate.\n^{1}^{2}^{3}Tap to view the detailed Rules^{4}^{5}^{6}	おめでとうございます！イグニッションテストの「初心者7日間ギフト」から南門再会招待状を受け取りました。この招待状を受け取ったプレイヤーは次回テストへの参加資格を自動で獲得し、次回テスト開始前に公式サイトへログインして、さらに1人のプレイヤーを招待できます。\n^{1}^{2}^{3}タップして詳細ルールを確認^{4}^{5}^{6}
26362	Summon a ${2}m*${3}m Holy Spirit blessing area within ${1}m of yourself. For the next ${4} seconds, every ${5} seconds, it restores Life equal to your Magic ATK*^{1}${7}%+${8}^{2} points to up to ${6} allies within the area^{3}^{4}. ^{5}Undead-property^{6} and ^{7}Demon Race^{8} monsters within the area take ranged Holy magic damage equal to your Magic ATK*^{9}${9}%+${10}^{10}.	自身から${1}m以内に${2}m*${3}mの聖霊の祝福エリアを召喚します。${4}秒間、${5}秒ごとに範囲内の最大${6}人の味方のHPを魔法攻撃力*^{1}${7}%+${8}^{2}回復します^{3}^{4}。範囲内の^{5}不死属性^{6}および^{7}悪魔種族^{8}のモンスターには、魔法攻撃力*^{9}${9}%+${10}^{10}の聖属性遠距離魔法ダメージを与えます。
26363	Goddess of Hope briefly gathers flames before charging forward, dealing Neutral melee Physical damage equal to PATK*^{1}${4}%^{2} to up to ${3} enemies in a ${1}-meter-by-${2}-meter area in the designated direction. Grants the owner ^{3}【Divine Hope】^{4} for ${5} sec: increases Physical DEF and MDEF by ^{5}${6}%^{6}. While Active, the owner's HP cannot fall below ^{7}${7}%^{8}.	希望の女神が短時間炎を集めてから前方へ突進し、指定方向の${1}m×${2}m範囲内の最大${3}体の敵へPATK*^{1}${4}%^{2}の無属性近接物理ダメージを与えます。所有者に${5}秒間^{3}【ディバインホープ】^{4}を付与し、物理防御力と魔法防御力を^{5}${6}%^{6}増加させます。効果中、所有者のHPは^{7}${7}%^{8}未満になりません。
26364	After using 【Sonic Burst】, you gain Musical Note for ${1} seconds. When 【Hundred Spear - Enhance】 hits, it adds ^{1}${2}^{2} stacks of Musical Note and refreshes the duration. Upon reaching ^{3}${3}^{4} stacks, your next 【Hundred Spear - Enhance】 becomes 【Ultimate Hundred Spear】, striking from multiple directions, and its percentage damage multiplier increases by ^{5}${4}%^{6}.	【ソニックバースト】使用後、${1}秒間【音符】を獲得します。【ハンドレッドスピア - 強化】が命中すると、【音符】を^{1}${2}^{2}スタック追加して持続時間を更新します。^{3}${3}^{4}スタックに達すると、次の【ハンドレッドスピア - 強化】が【アルティメットハンドレッドスピア】となり、複数方向から攻撃し、割合ダメージ倍率が^{5}${4}%^{6}増加します。
26365	Shield skill. Deals Neutral Melee Physical DMG equal to PATK * ^{1}${7}%^{2} to up to ${6} enemies within a ${4}-degree, ${5}-meter area in front of you. Against Monster targets, the percentage DMG multiplier increases by ^{3}${12}%^{4}. During this time, you have Debuff Immunity, Monster DMG Reduction increases by ^{5}${2}%^{6}, and you gain ^{7}${3}%^{8} DEF and MDEF Increase.	盾スキル。前方${4}度・${5}m範囲内の最大${6}体の敵へPATK * ^{1}${7}%^{2}の無属性近接物理ダメージを与えます。モンスター対象への割合ダメージ倍率が^{3}${12}%^{4}増加します。この間、デバフ無効を獲得し、モンスターから受けるダメージが^{5}${2}%^{6}軽減され、DEFとMDEFが^{7}${3}%^{8}増加します。
26366	Ilmata plays a dramatic variation, periodically releasing shock waves at several ^{1}random locations on the field^{2}. Players must use Lope to evade them. A memory game also begins, ^{3}covering large areas of the field with attacks^{4}. Players must remember the affected areas and evade them in advance. ^{5}Shock waves and area-covering attacks deal moderate damage on hit^{6}.	イルマタが劇的な変奏曲を奏で、フィールド上の^{1}ランダムな複数地点^{2}に周期的に衝撃波を放ちます。プレイヤーは跳躍を使って回避する必要があります。同時に記憶ゲームが始まり、^{3}フィールドの広範囲が攻撃で覆われます^{4}。プレイヤーは攻撃範囲を覚え、事前に回避してください。^{5}衝撃波と広範囲攻撃は命中すると中程度のダメージを与えます^{6}。
26367	This transaction exceeds <color=#cc762a>RMB 100</color>, so the top-up failed. Please spend responsibly and top up in moderation.\n\nAccording to the Notification on Preventing Minors from Becoming Addicted to Online Games issued by the National Press and Publication Administration, players aged 16 to under 18 may not top up more than RMB 100 per transaction or RMB 400 per month.	今回の取引額が<color=#cc762a>100人民元</color>を超えるため、チャージに失敗しました。適度な消費を心がけ、節度を持ってチャージしてください。\n\n国家新聞出版署が公布した「未成年者のオンラインゲーム依存防止に関する通知」に基づき、16歳以上18歳未満のプレイヤーは、1回あたり100人民元、1か月あたり400人民元を超えてチャージできません。
26368	@{1}.After befriending other adventurers, Intimacy bonuses between friends can be unlocked.\n@{2}.Actions such as ^{1}Unfriend or adding a friend to Blocks^{2} will immediately ^{3}reset Intimacy^{4}. Proceed with caution.\n@{3}.The maximum Intimacy level between friends is ^{5}Lv. @{4}^{6}.\n@{5}.After unlocking other Connect relationships, higher Intimacy levels can be unlocked.	@{1}.他の冒険者とフレンドになると、フレンド間の親密度ボーナスを解放できます。\n@{2}.^{1}フレンド解除やブロックへの追加^{2}などを行うと、^{3}親密度は即座にリセットされます^{4}。慎重に操作してください。\n@{3}.フレンド間の親密度は最大^{5}Lv. @{4}^{6}です。\n@{5}.他のつながり関係を解放すると、さらに高い親密度レベルを解放できます。
26369	After using Interaction near the rope, the players reach Almagia's back and Discover Ilmata absorbing divine power to recover. Begin the battle!\n@{1}. ^{1}The battle against Parasitic Divine Vessel Ilmata begins.^{2}\n@{2}. Once the battle begins, hordes of monsters appear in the sky. Some players must remain on the airship and ^{3}operate the Rapid-Fire Cannon to fight them.^{4}	ロープ付近でインタラクションを使用すると、プレイヤーはアルマギアの背中へ到達し、神力を吸収して回復しているイルマタを発見します。戦闘開始！\n@{1}. ^{1}寄生神器イルマタとの戦闘が始まります。^{2}\n@{2}. 戦闘開始後、空中に大量のモンスターが出現します。一部のプレイヤーは飛行船に残り、^{3}速射砲を操作して迎撃する必要があります。^{4}
26370	@{1}.Use Skill Books in Learning Skills to add or replace Divine Arts Totem skills.\n@{2}.Learning Skills cannot exceed the Initial skill limit for the Totem's quality. Purple Totems can have up to @{3} skills, while Orange Totems can have up to @{4}. Once a Totem has reached its Initial skill limit, Skill Books can only replace skills.\n@{5}.Blue Totems cannot use Learning Skills.	@{1}.スキル習得でスキルブックを使用し、神術トーテムのスキルを追加または置き換えます。\n@{2}.習得できるスキル数はトーテム品質ごとの初期上限を超えられません。紫トーテムは最大@{3}個、橙トーテムは最大@{4}個まで習得できます。初期上限に達したトーテムでは、スキルブックは既存スキルの置き換えにのみ使用できます。\n@{5}.青トーテムではスキル習得を利用できません。
26371	After traveling aboard the airship, the players finally catch up with the fleeing Ilmata. To defeat Ilmata, they must first find a way onto the great beast's back...\n@{1}. ^{1}Use the airship's Heavy Cannon to make Almagia Weak.^{2}\n@{2}. While Almagia is Weak, use the Ballista to secure a rope to it, then ^{3}use Interaction with the rope to reach Almagia's back and explore.^{4}	飛行船で移動した一行は、ついに逃走するイルマタへ追いつきます。イルマタを倒すには、まず巨大な獣の背中へ乗る方法を見つけなければなりません……\n@{1}. ^{1}飛行船の重砲を使ってアルマギアを弱体化させます。^{2}\n@{2}. アルマギアが弱体化している間にバリスタでロープを固定し、^{3}ロープでインタラクションを使用してアルマギアの背中へ移動し、探索します。^{4}
26372	Guild Member ${1} has initiated impeachment proceedings against Guild Leader ${2}. Rally ${4} Guild Members to Respond to Impeachment within ${3} hours to achieve a Successful Impeachment. After a Successful Impeachment, ${5} will become this guild's Guild Leader. Go to the Guild Member screen and select 【Respond to Impeachment】 to open the Respond to Impeachment screen and respond.	ギルドメンバー${1}がギルドマスター${2}への弾劾を開始しました。${3}時間以内に${4}人のギルドメンバーから弾劾への賛同を集めると、弾劾が成立します。成立後、${5}がこのギルドのギルドマスターになります。ギルドメンバー画面で【弾劾に応答】を選択し、弾劾応答画面を開いて応答してください。
26373	@{1}.Battle records are divided into Match Data and Season Data, both of which track contestants' performance in the reality show during the current Season.\n@{2}.Season Data provides an overview by tracking only cumulative and best results.\n@{3}.Match Data tracks detailed results for each match, separated into Team and Solo modes.\n@{4}.All data is cleared at the end of the Season.	@{1}.戦績はマッチデータとシーズンデータに分かれ、どちらも現在のシーズンにおけるリアリティショーでの参加者の成績を記録します。\n@{2}.シーズンデータでは累計値と最高記録のみを集計し、概要を確認できます。\n@{3}.マッチデータでは各試合の詳細結果を、チームモードとソロモードに分けて記録します。\n@{4}.シーズン終了時にすべてのデータがリセットされます。
26374	He's been staying at the camp for the past week, leaving early and returning late every day. Oh! I even said hello to him before he left this morning. He took his equipment to ^{1}【Ant Hell】^{2} again at the crack of dawn, saying he was going to collect some kind of 【Memory Particles】. He's incredibly stubborn. I tried to convince him to take someone with him, but he wouldn't listen.	彼はこの1週間ずっとキャンプに滞在していて、毎日朝早く出て夜遅く帰ってくるんだ。あっ！今朝出発する前にも挨拶したよ。夜明け早々、装備を持ってまた^{1}【蟻地獄】^{2}へ向かった。「メモリーパーティクル」とかいうものを集めるんだって。本当に頑固なんだ。誰かを連れて行けって説得したけど、全然聞いてくれなかったよ。
26375	1. The Tree Hollow channel offers an 【Anonymous】 mode.\n\n2. There is a Chance that your disguise will slip, revealing your true identity.\n\n3. A different anonymous theme is available each day. You will receive a random alias, including a name and Portrait, which refreshes the next day.\n\n4. We will Keep a strict moderation system in place. Please do not post inappropriate content.	1. 木の洞チャンネルには【匿名】モードがあります。\n\n2. 一定の確率で変装が外れ、本当の身元が明かされることがあります。\n\n3. 匿名テーマは毎日変わります。名前とポートレートを含むランダムな別名が付与され、翌日に更新されます。\n\n4. 厳格なモデレーション体制を維持します。不適切な内容は投稿しないでください。
26376	When cast, removes the master's ^{1}^{2}【Debuffs】^{3}^{4} and grants ^{5}^{6}【Crowd Control Immunity】^{7}^{8} for ${1} sec. The Death Witch then tears open a ${2}m-long void rift ahead, dealing @{1} hits of ^{9}Adaptive ATK^{10}*^{11}${4}%^{12} Neutral ranged ^{13}Adaptive Damage^{14} to up to ${3} enemies. Each enemy hit restores ^{15}Adaptive ATK^{16}*^{17}${5}%^{18} ^{19}Life^{20}.	使用時、主人の^{1}^{2}【デバフ】^{3}^{4}を解除し、${1}秒間^{5}^{6}【行動妨害無効】^{7}^{8}を付与します。デスウィッチが前方に長さ${2}mの虚空の裂け目を開き、最大${3}体の敵へ^{9}適応攻撃^{10}*^{11}${4}%^{12}の無属性遠距離^{13}適応ダメージ^{14}を@{1}回与えます。敵に命中するたび、^{15}適応攻撃^{16}*^{17}${5}%^{18}の^{19}HP^{20}を回復します。
26377	Plants timed Dynamite on a designated ST enemy within ${1} meters. Each player can have up to @{1} timed Dynamite planted on them. After ${2} seconds, deals Physical ATK*^{1}${5}%+${6}^{2} Poison-element ranged Physical damage that ignores FLEE to the designated enemy and up to ${4} other enemies within a ${3}-meter radius, and inflicts ^{3}^{4}【Poisoned】^{5}^{6} damage on the targets.	${1}m以内の指定した単体の敵に時限ダイナマイトを設置します。各プレイヤーには最大@{1}個まで設置できます。${2}秒後、指定した敵とその半径${3}m以内の他の最大${4}体の敵へ、FLEEを無視する物理攻撃力*^{1}${5}%+${6}^{2}の毒属性遠距離物理ダメージを与え、対象へ^{3}^{4}【毒】^{5}^{6}ダメージを付与します。
26378	Ella finally understood. She gently buried the fruit beside the stream. In the morning light, glowing flowers bloomed all along the bank. They bore no fruit, but allowed everyone who passed to see their heart's true desire. From then on, no one in the forest fought over treasure, because everyone Discovered that the most precious magic had already quietly taken root within their hearts.	エラはついに理解しました。彼女は果実を小川のそばへそっと埋めました。朝の光の中、川岸いっぱいに輝く花が咲きました。実を結ぶことはありませんでしたが、通りかかるすべての人に心の本当の望みを見せてくれました。それ以来、森では誰も宝を巡って争わなくなりました。最も尊い魔法は、すでに自分たちの心の中へ静かに根を下ろしていたと気づいたからです。
26379	The Warlock periodically gathers energy, Auto-generating ${2} ^{1}^{2}【Psychokinetic Astral Bodies】^{3}^{4} every ${1} seconds, up to ${3}. If you already have ${4} ^{5}^{6}【Psychokinetic Astral Bodies】^{7}^{8}, hitting with Soul Expansion Launches all ^{9}^{10}【Psychokinetic Astral Bodies】^{11}^{12}. Each Deals Ghost Ranged Magic DMG equal to MATK * ^{13}${5}%^{14} to the target enemy.	ウォーロックは周期的に念動力を集め、${1}秒ごとに^{1}^{2}【サイコキネティックアストラルボディ】^{3}^{4}を${2}個自動生成します。最大${3}個まで。すでに^{5}^{6}【サイコキネティックアストラルボディ】^{7}^{8}を${4}個所持している場合、ソウルエクスパンション命中時にすべての^{9}^{10}【サイコキネティックアストラルボディ】^{11}^{12}を放ちます。それぞれ対象の敵へMATK * ^{13}${5}%^{14}の念属性遠距離魔法ダメージを与えます。
26380	@{1}.Refining applies to equipment slots only. Changing Equipment does not affect Refine bonuses.\n@{2}.Slots can still be Refined without Equipment equipped, but Refine bonuses are only Active while Equipment is equipped.\n@{3}.Refining every equipment slot to the specified Refine Level will Activate Resonance stats. Equipment must still be equipped to receive the corresponding bonuses.	@{1}.精錬は装備スロットにのみ適用されます。装備を変更しても精錬ボーナスには影響しません。\n@{2}.装備していないスロットも精錬できますが、精錬ボーナスは装備を着用している間のみ有効です。\n@{3}.すべての装備スロットを指定された精錬Lv.まで上げると、共鳴ステータスが発動します。対応するボーナスを得るには装備を着用している必要があります。
26381	【Stigma】 becomes 【Black Feather Burst】, with enhanced visuals and damage. When 【Black Feather Burst】 has two charges, it becomes Enhanced. Casting it consumes both charges at once and deals skill damage twice, with the second hit covering a larger area. 【Divine Retribution】 becomes 【Demonic Judgment】. After it is cast, 【Black Feather Burst】 is automatically cast at the target's location.	【スティグマ】が【ブラックフェザーバースト】へ変化し、演出とダメージが強化されます。【ブラックフェザーバースト】が2チャージある時は強化状態となり、使用すると2チャージを一度に消費してスキルダメージを2回与えます。2撃目は範囲が拡大します。【ディバインリトリビューション】は【デモニックジャッジメント】へ変化します。使用後、対象位置へ【ブラックフェザーバースト】を自動発動します。
26382	The BOSS first casts a cone AOE in front with a @{1}s warning, a radius of @{2}m, and an angle of @{3}°, then casts one behind with a @{4}s warning, a radius of @{5}m, and an angle of @{6}°. It then casts one toward @{7}° with a @{8}s warning, a radius of @{9}m, and an angle of @{10}°, and finally casts one toward -@{11}° with a @{12}s warning, a radius of @{13}m, and an angle of @{14}°.	BOSSはまず、予兆@{1}秒・半径@{2}m・角度@{3}°の扇形範囲攻撃を前方へ放ち、次に予兆@{4}秒・半径@{5}m・角度@{6}°の扇形範囲攻撃を後方へ放ちます。その後、@{7}°方向へ予兆@{8}秒・半径@{9}m・角度@{10}°の攻撃を放ち、最後に-@{11}°方向へ予兆@{12}秒・半径@{13}m・角度@{14}°の攻撃を放ちます。
26383	Spend <link="${3}"><sprite name="${1}"><color=${2}>X${4}</color></link> to purchase <link="${7}"><sprite name="${5}"><color=${6}>X${8}</color></link> and Create Guild?\n\n(After creating the guild, receive responses from <color=#C26B47>3 players</color> within <color=#C26B47>24 hours</color> for Creation Successful. If creation fails, the items spent to Create Guild will Return via mail.)	<link="${3}"><sprite name="${1}"><color=${2}>X${4}</color></link>を消費して<link="${7}"><sprite name="${5}"><color=${6}>X${8}</color></link>を購入し、ギルドを作成しますか？\n\n（ギルド作成後、<color=#C26B47>24時間以内</color>に<color=#C26B47>3人のプレイヤー</color>から応答を得ると作成成功です。作成に失敗した場合、ギルド作成に消費したアイテムはメールで返却されます。）
26384	@{1}.Guild War Technology^{1} applies to Territory War^{2}. More effects gradually unlock with each Guild Institute Level Increased milestone.\n@{2}.War Technology resets every Season. At the start of a new Season, Guild Supplies must be spent on Level-up again.\n@{3}.During Stronghold Battles, Convoy Escort Battles, and Siege Battles, War Technology affects the stats of every Guild Member.	@{1}.ギルド戦技術^{1}は領地戦^{2}で適用されます。ギルド研究所のレベルが一定段階に達するごとに、より多くの効果が順次解放されます。\n@{2}.戦争技術はシーズンごとにリセットされます。新シーズン開始時、再度レベルアップするにはギルド物資が必要です。\n@{3}.拠点戦、輸送隊護衛戦、攻城戦では、戦争技術がすべてのギルドメンバーのステータスに影響します。
26385	@{1}.Select filters to define which items should be automatically dismantled. \n@{2}.After changing the conditions, tap Confirm to save your settings. \n@{3}.Once the conditions are set and Auto-Dismantle is enabled, items that match the filters will be automatically dismantled when they enter the Backpack.\n@{4}.Dismantling cannot be undone. Carefully review your Auto-Dismantle conditions.	@{1}.自動分解するアイテムの条件をフィルターで設定します。 \n@{2}.条件を変更したら、確認をタップして設定を保存します。 \n@{3}.条件を設定して自動分解を有効にすると、フィルター条件に一致するアイテムがバックパックへ入った時に自動で分解されます。\n@{4}.分解は元に戻せません。自動分解の条件をよく確認してください。
26386	When the greedy lord heard about it, he stormed into the forest with an axe. But as he struck the trunk, all the fruit suddenly shattered at once, reflecting thousands of disappointed eyes—the eyes of every impoverished person in his domain. The Crystal tree dissolved into mist, leaving only the plainest fruit to roll into Ella's hand. Within it was a vision of the entire forest flourishing.	欲深い領主がその話を聞くと、斧を手に森へ乗り込んできました。ところが幹を打ちつけた瞬間、すべての果実が一斉に砕け、領地で貧困に苦しむ人々の失望した目が無数に映し出されました。水晶の木は霧となって消え、最も質素な果実だけがエラの手元へ転がりました。その中には、森全体が繁栄する光景が映っていました。
26387	● ^{1}Battle of Dragon Coffin Island^{2} is an @{1}V@{2} multiplayer mode.\n \n● ^{3}In Battle of Dragon Coffin Island,^{4} you can Score by ^{5}picking up Dragonblood Crystals, participating in kills, attacking the Boss,^{6} and ^{7}killing Enemy Team players carrying the Demonic Dragon Soul.^{8}\n \n● When the Countdown at the top of the screen ends, the Faction with the higher Score wins.	● ^{1}竜棺島の戦い^{2}は@{1}V@{2}のマルチプレイモードです。\n \n● ^{3}竜棺島の戦いでは、^{4}^{5}竜血クリスタルの取得、キルへの参加、BOSSへの攻撃、^{6}そして^{7}魔竜の魂を運ぶ敵チームのプレイヤーを倒す^{8}ことでスコアを獲得できます。\n \n● 画面上部のカウントダウン終了時、スコアが高い勢力が勝利します。
26388	Summon a Golden Sacred Tree of Life at your location, increasing ^{5}damage reduction^{6} by ^{3}${2}%^{4} for you and ^{1}party Members^{2} within a ${1}-meter radius for ${3} seconds. While the effect is active, you and party Members can ^{9}^{10}【Respawn】^{11}^{12} once upon taking ^{7}lethal damage^{8}, returning with ^{13}${4}% of Max Life^{14}. (This skill is disabled in PVE dungeons.)	自身の位置に黄金の聖なる生命樹を召喚し、${3}秒間、自身と半径${1}m以内の^{1}パーティメンバー^{2}の^{5}ダメージ軽減^{6}を^{3}${2}%^{4}増加させます。効果中、自身とパーティメンバーは^{7}致死ダメージ^{8}を受けた時に1度だけ^{9}^{10}【復活】^{11}^{12}し、最大HPの^{13}${4}%^{14}で戻ります。（このスキルはPVEダンジョンでは無効です。）
26389	Can only be cast while riding a Madogear. Equips ${1} Vulcan Arm on each hand and fires at ${3} designated enemies within ${2} m, dealing Physical ATK * ^{1}${5}%^{2} Neutral ranged Physical DMG ${4} times. Every ${6} casts of 【Vulcan Arm】 triggers 【Firepower Loading】 ${7} times.\n【Firepower Loading】: Increases the number of shells fired by each 【Arm Cannon】 Launch to ${8} for ${9} Launches.	魔導ギア騎乗中のみ使用可能。両手に${1}基ずつバルカンアームを装備し、${2}m以内の指定した敵${3}体へ発射して、物理攻撃力 * ^{1}${5}%^{2}の無属性遠距離物理ダメージを${4}回与えます。【バルカンアーム】を${6}回使用するごとに【火力装填】を${7}回発動します。\n【火力装填】：次の${9}回、【アームキャノン】1回の発射弾数が${8}発に増加します。
26390	Deals Holy melee Physical damage equal to the caster's Physical ATK*^{1}${2}%^{2}+^{3}${7}^{4} to a designated ST enemy within ${1} meters and has a ${3}% Chance to inflict ^{5}Blind^{6} for ${6} seconds. When the caster has a two-handed spear equipped, the damage multiplier is increased by an Extra ^{7}${4}%^{8}. This skill is treated as a Basic Attack and has an Attack Speed ratio of ${5}%.	${1}m以内の指定した単体の敵へ、使用者の物理攻撃力*^{1}${2}%^{2}+^{3}${7}^{4}の聖属性近接物理ダメージを与え、${3}%の確率で${6}秒間^{5}暗闇^{6}を付与します。使用者が両手槍を装備している場合、ダメージ倍率がさらに^{7}${4}%^{8}増加します。このスキルは通常攻撃として扱われ、攻撃速度比率は${5}%です。
26391	Summons Baphomet Jr. to a designated location within ${1} meters, dealing ^{1}Adaptive ATK^{2}*^{3}${4}%^{4} Neutral ranged ^{5}Adaptive Damage^{6} to up to ${3} enemies within ${2} meters and applying a ^{7}${5}%^{8} ^{9}[Slow]^{10} for ${6} seconds. If a target is already ^{11}[Slowed]^{12}, there is a ^{13}${7}%^{14} Chance to apply the Extra ^{15}[Immobilize]^{16} effect for ${8} seconds.	バフォメットJr.を${1}m以内の指定地点へ召喚し、${2}m以内の最大${3}体の敵へ^{1}適応攻撃^{2}*^{3}${4}%^{4}の無属性遠距離^{5}適応ダメージ^{6}を与え、${6}秒間^{7}${5}%^{8}の^{9}[減速]^{10}を付与します。対象がすでに^{11}[減速]^{12}状態なら、^{13}${7}%^{14}の確率で追加の^{15}[移動不能]^{16}を${8}秒間付与します。
26392	Only usable with an Axe or Mace. Rapidly spins the Axe, dealing total Neutral melee Physical damage equal to PATK * ^{1}${3}%^{2} (^{3}^{4}Vitality Resonance ${5}%^{5}^{6}) to up to ${2} enemies within a ${1}-meter radius and periodically pulling them toward the tornado's center. While Enhance is active, Axe Tornado lasts longer, increases MSPD by ${4}%, and grants 【Immunity】 for the duration.	斧または鈍器装備時のみ使用可能。斧を高速回転させ、半径${1}m以内の最大${2}体の敵へ合計PATK * ^{1}${3}%^{2}の無属性近接物理ダメージ（^{3}^{4}VIT共鳴 ${5}%^{5}^{6}）を与え、周期的に竜巻の中心へ引き寄せます。強化中はアックストルネードの持続時間が延び、移動速度が${4}%増加し、効果中【無敵】を獲得します。
26393	Your guild's First Match in the Guild League will begin soon. Only Elite Members may Enter the Main Battlefield. Since you have Elite Settings Permissions, please open the league screen and Tap the [Eligibility] Button to configure the Elite Members for the Main Battlefield. (If there are fewer than @{1} Elite Members before the match begins, the System will Auto fill the guild's Elite roster.)	ギルドリーグの初戦がまもなく始まります。メイン戦場へ入れるのは精鋭メンバーのみです。あなたには精鋭設定権限があるため、リーグ画面を開いて[参加資格]ボタンをタップし、メイン戦場の精鋭メンバーを設定してください。（試合開始前に精鋭メンバーが@{1}人未満の場合、システムがギルドの精鋭名簿を自動補充します。）
26394	Dive toward a designated location within ${1} meters. Upon impact, deal Neutral Melee Physical DMG equal to ^{3}${6}%^{4} of Physical ATK to up to ${3} enemies within a ${2}-meter radius and inflict ^{1}${5}%【Slow】^{2} for ${4} seconds, plus ^{5}【Stun】^{6} for ${7} seconds. Each enemy hit grants a ^{9}【Shield】^{10} equal to ^{7}${7}%^{8} of your Max Life for ${8} seconds, up to ^{11}${9}%^{12}.	${1}m以内の指定地点へ急降下します。着地時、半径${2}m以内の最大${3}体の敵へ物理攻撃力の^{3}${6}%^{4}に相当する無属性近接物理ダメージを与え、${4}秒間^{1}${5}%【減速】^{2}、さらに${7}秒間^{5}【スタン】^{6}を付与します。敵1体に命中するごとに、最大HPの^{7}${7}%^{8}に相当する^{9}【シールド】^{10}を${8}秒間獲得し、最大^{11}${9}%^{12}まで獲得できます。
26395	The Warlock periodically gathers musical energy, automatically generating ${2} ^{1}^{2}【Psychokinetic Astral Body】^{3}^{4} every ${1} seconds, up to ${3}. If ${4} ^{5}^{6}【Psychokinetic Astral Body】^{7}^{8} are Owned when 【Soul Expansion】 hits, all ^{9}^{10}【Psychokinetic Astral Body】^{11}^{12} will Launch. Each deals Ghost Ranged Magic damage equal to MATK * ^{13}${5}%^{14} to the target enemy.	ウォーロックは周期的に音楽エネルギーを集め、${1}秒ごとに^{1}^{2}【サイコキネティックアストラルボディ】^{3}^{4}を${2}個自動生成します。最大${3}個まで。【ソウルエクスパンション】命中時に^{5}^{6}【サイコキネティックアストラルボディ】^{7}^{8}を${4}個所持していると、すべての^{9}^{10}【サイコキネティックアストラルボディ】^{11}^{12}を放ちます。それぞれ対象の敵へMATK * ^{13}${5}%^{14}の念属性遠距離魔法ダメージを与えます。
26396	Creates ${9} rectangular Fire Walls, each ${3}*${2}, at a designated location within ${1} meters of you. Each time an enemy touches a Fire Wall, it deals Magic ATK *^{1}${4}%+${10}^{2} Fire-property ranged magic damage and ^{3}knocks the enemy back^{4} ${5} meters. Fire Walls last ${6} seconds and disappear early after being touched by enemies ${7} times. Up to ${8} Fire Walls can exist at once.	自身から${1}m以内の指定地点に、${3}*${2}の長方形ファイアーウォールを${9}個生成します。敵がファイアーウォールへ触れるたび、魔法攻撃力 *^{1}${4}%+${10}^{2}の火属性遠距離魔法ダメージを与え、敵を${5}m^{3}ノックバック^{4}させます。ファイアーウォールは${6}秒間持続し、敵に${7}回触れられると早期消滅します。同時に存在できるファイアーウォールは最大${8}個です。
26397	Mummy uses Cursed Attack, dealing Neutral ranged ^{5}adaptive damage^{6} equal to the master's ^{1}Adaptive ATK^{2}*^{3}${4}%^{4} to up to ${3} enemies in a targeted area with a ${2}-meter radius within ${1} meters, and granting the master 【Evil Curse】 for ${5} seconds. When the master Kills an enemy, casts ^{7}^{8}【Malicious Curse】^{9}^{10} at that enemy's location. Can trigger up to ${6} times.	マミーが呪いの攻撃を使用し、主人から${1}m以内に指定した半径${2}mの範囲内の最大${3}体の敵へ、主人の^{1}適応攻撃^{2}*^{3}${4}%^{4}の無属性遠距離^{5}適応ダメージ^{6}を与え、主人に${5}秒間【イビルカース】を付与します。主人が敵を倒すと、その敵の位置に^{7}^{8}【マリシャスカース】^{9}^{10}を発動します。最大${6}回発動します。
26398	After our last adventure in the desert, we've built an exceptionally solid foundation of trust.\nThe lovely Miss Aiquni told me that I could send any future requests your way and put you to work however I pleased. The more I thought about it, the more I liked the idea of making you my assistant for a while.\nCome find me near the fountain. I have an extremely urgent matter that requires your help.	この前の砂漠での冒険を経て、私たちの信頼関係はかなり盤石なものになりました。\n可愛いアイクニ嬢から、「これから何か頼み事があればあなたへ回して、好きなように働かせてもいい」と聞きましてね。考えれば考えるほど、しばらくあなたを助手にするのも悪くないと思えてきました。\n噴水の近くまで来てください。あなたの助けが必要な、非常に緊急の用件があります。
26399	Raise your Shield for @{1} seconds to Fortify yourself, reducing DMG taken by ^{1}@{2}%^{2}. During this time, your MSPD is ^{3}【reduced】^{4} by @{3}%, but you have ^{5}Immunity^{6}. Every @{6} seconds, inflict a @{7}-meter ^{7}【Knockback】^{8} in the direction you are Facing on up to @{5} members of the Enemy Team within @{4} meters in front of you and Deals DMG equal to your ATK * ^{9}@{8}%^{10}.	@{1}秒間盾を構えて自身を堅守し、受けるダメージを^{1}@{2}%^{2}軽減します。この間、移動速度が@{3}%^{3}【低下】^{4}しますが、^{5}無敵^{6}を獲得します。@{6}秒ごとに、前方@{4}m以内の敵チーム最大@{5}人を、自身が向いている方向へ@{7}m^{7}【ノックバック】^{8}させ、攻撃力 * ^{9}@{8}%^{10}のダメージを与えます。
26400	Can only be used while mounted on the Demonic Wolf. Casting 【Warg Charge】 or 【Warg Hunt】 resets this skill's Cooldown. Commands the Demonic Wolf to dash ${1}m in the designated direction and increases your Movement Speed by ^{1}${2}%^{2} for ${3} sec. When this skill reaches Lv. @{1}, after casting 【Warg Charge】 or 【Warg Hunt】, your next movement instead casts this skill in the movement direction.	デモニックウルフ騎乗中のみ使用可能。【ウォーグチャージ】または【ウォーグハント】を使用すると、このスキルのクールダウンがリセットされます。デモニックウルフに指定方向へ${1}mダッシュさせ、自身の移動速度を${3}秒間^{1}${2}%^{2}増加させます。このスキルがLv. @{1}に達すると、【ウォーグチャージ】または【ウォーグハント】使用後、次の移動時は代わりに移動方向へこのスキルを使用します。
26401	Life Skills include professions such as ^{1}【Miner】, 【Gardener】, and 【Chef】^{2}. You may learn any two of them.\nGathering or crafting with a Life Skill consumes ^{3}Vigor^{4} and grants profession EXP used to increase your profession level.\nOnce your profession Level Increased, more profession abilities Can be unlocked, including gathering higher-level resources and preparing higher-level recipes.	生活スキルには^{1}【鉱夫】、【園芸家】、【料理人】^{2}などの職業があり、そのうち任意の2つを習得できます。\n生活スキルで採集や製作を行うと^{3}活力^{4}を消費し、職業レベルを上げるための職業EXPを獲得します。\n職業レベルが上がると、高レベル資源の採集や高レベルレシピの調理など、さらに多くの職業能力を解放できます。
26402	Summons a Meteor, dealing Fire Ranged Magic damage equal to MATK * ^{1}${4}%^{2} to up to ${3} enemies within a ${2}-meter radius of the target within ${1} meters of You (^{3}^{4}Dexterity Resonance ${7}%^{5}^{6}), with a ${5}% Chance to trigger ^{7}^{8}Meteorite^{9}^{10}. While in the ^{11}^{12}【Reading】^{13}^{14} state, consumes ${6} stacks of ^{15}【Book Page】^{16} to cast this skill 1 Extra time.	メテオを召喚し、自身から${1}m以内の対象を中心とする半径${2}m範囲内の最大${3}体の敵へMATK * ^{1}${4}%^{2}の火属性遠距離魔法ダメージを与えます（^{3}^{4}DEX共鳴 ${7}%^{5}^{6}）。${5}%の確率で^{7}^{8}メテオライト^{9}^{10}を発動します。^{11}^{12}【リーディング】^{13}^{14}状態では、^{15}【ブックページ】^{16}を${6}スタック消費して、このスキルを追加で1回発動します。
26403	Dagger-exclusive skill. Casting 【Shadow Guard】, 【Thousand Shadows】, or 【Looping Shadow】 ^{1}resets this skill's cooldown^{2}. Choose a direction to dash ${1} meters as a phantom, dealing Neutral melee Physical damage equal to PATK * ^{3}${4}%^{4} to up to @{1} enemies in a ${2}-meter-wide, ${3}-meter-long rectangular area in that direction. You gain ^{5}^{6}【Endure】^{7}^{8} while casting this skill.	短剣専用スキル。【シャドウガード】、【サウザンドシャドウ】、【ルーピングシャドウ】使用時、^{1}このスキルのクールダウンがリセットされます^{2}。方向を選んで幻影となり${1}mダッシュし、その方向の幅${2}m・長さ${3}mの長方形範囲内の最大@{1}体の敵へPATK * ^{3}${4}%^{4}の無属性近接物理ダメージを与えます。使用中、^{5}^{6}【エンデュア】^{7}^{8}を獲得します。
26404	1. Gifts can only be sent between players who are friends with each other.\n2. The recipient must be Online to receive a gift.\n3. You can switch recipients on the gifting screen.\n4. Each gift grants different amounts of Intimacy and Affection. Once sent, both friends will receive the corresponding bonuses.\n5. Only premium gifts allow custom messages and trigger a flashy Entire Server Notification.	1. ギフトは互いにフレンドであるプレイヤー同士でのみ送れます。\n2. ギフトを受け取る側はオンラインである必要があります。\n3. ギフト画面で送付先を切り替えられます。\n4. ギフトごとに獲得できる親密度と好感度が異なります。送信に成功すると、双方が対応するボーナスを獲得します。\n5. プレミアムギフトのみ、カスタムメッセージを追加でき、華やかな全サーバー通知が発生します。
26405	Congratulations! You've been appointed the guild's Charisma Baby! While serving as Charisma Baby, you'll enjoy the following Benefits:\nAn exclusive Portrait, Portrait Frame, Chat Bubble, and chat tag (all activated automatically)\nA Charisma Baby statue featuring your appearance and nickname will be erected in the guild area. We hope you'll lead everyone in building a warm, supportive guild community!	おめでとうございます！ギルドの「人気ベビー」に任命されました！人気ベビー在任中は、以下の特典を利用できます：\n専用ポートレート、ポートレートフレーム、チャットバブル、チャットタグ（すべて自動で有効化）\nあなたの外見とニックネームを再現した人気ベビー像がギルドエリアに設置されます。みんなを率いて、温かく支え合えるギルドコミュニティを作ってください！
26406	Swing your Weapon horizontally to unleash a blade of air, dealing ${3} hits of Neutral melee Physical DMG totaling PATK * ^{1}${4}%^{2} to up to ${2} enemies within a ${1}-meter radius. For every @{1}% ASPD, this attack gains ^{3}${8}%^{4} DMG Bonus, Active up to @{2}% ASPD. Increases your MSPD by ^{5}${5}%^{6} for ${6} seconds. This skill is treated as a Normal Attack, with ^{7}${7}%^{8} ASPD scaling.	武器を横薙ぎに振って衝撃刃を放ち、半径${1}m以内の最大${2}体の敵へ、合計PATK * ^{1}${4}%^{2}の無属性近接物理ダメージを${3}ヒット与えます。ASPDが@{1}%上昇するごとに、この攻撃のダメージボーナスが^{3}${8}%^{4}増加し、最大@{2}% ASPDまで有効です。${6}秒間、移動速度が^{5}${5}%^{6}増加します。このスキルは通常攻撃として扱われ、ASPD補正は^{7}${7}%^{8}です。
26407	How to Earn Guild Contribution:\n@{1}. Guild Contribution can be used to ^{1}upgrade Guild Buildings. Higher-level Guild Buildings unlock more Guild Benefits^{2}.\n@{2}. Guild Members earn Weekly Guild Activity, Guild Contribution, and Personal Contribution by completing Guild Quests.\n@{3}. Personal Contribution can be exchanged for items in the Guild Shop and will not be cleared when leaving the guild.	ギルド貢献度の獲得方法：\n@{1}. ギルド貢献度は^{1}ギルド施設のレベルアップに使用できます。高レベルのギルド施設では、より多くのギルド特典が解放されます^{2}。\n@{2}. ギルドメンバーはギルドクエストを完了すると、週間ギルド活躍度、ギルド貢献度、個人貢献度を獲得します。\n@{3}. 個人貢献度はギルドショップでアイテムと交換でき、ギルド脱退時にもリセットされません。
26408	Your spending this month has reached <color=#cc762a>${1} RMB</color>. This purchase would exceed the monthly top-up limit. Please spend responsibly and top up in moderation.\n\nUnder the National Press and Publication Administration's "Notification on Preventing Minors from Becoming Addicted to Online Games," users ages 16 to under 18 may not top up more than RMB 100 per transaction or RMB 400 per month.	今月の利用額が<color=#cc762a>${1}人民元</color>に達しています。今回の購入を行うと月間チャージ上限を超えるため、適度な消費を心がけ、節度を持ってチャージしてください。\n\n国家新聞出版署の「未成年者のオンラインゲーム依存防止に関する通知」に基づき、16歳以上18歳未満のユーザーは、1回あたり100人民元、1か月あたり400人民元を超えてチャージできません。
26409	@{1}. When the dungeon is cleared, whether party Members have a Reward Count for the current BOSS will affect the entire party's Auction Rewards.\n@{2}. First Clear rewards and personal rewards earned after clearing the dungeon are unaffected by other players' Reward Counts.\n@{3}. If ^{1}more than seven party Members have no Reward Count^{2}, the party ^{3}will receive no raid auction after clearing^{4}.	@{1}. ダンジョンクリア時、パーティメンバーが現在のBOSSの報酬回数を所持しているかどうかによって、パーティ全体のオークション報酬が変化します。\n@{2}. 初回クリア報酬およびダンジョンクリア後に得られる個人報酬は、他のプレイヤーの報酬回数の影響を受けません。\n@{3}. ^{1}報酬回数がないパーティメンバーが7人を超える場合^{2}、クリア後に^{3}レイドオークションは発生しません^{4}。
26410	【Nearest】Prioritizes nearby targets. Recommended for close-range Jobs that fight on the front line;\n【Low HP】Prioritizes targets with low HP. Recommended for players looking to secure more kills;\n【Smart DPS】The System selects the optimal target. Recommended for players who prefer automatic target selection;\n【Smart Healing】Selects only party Members as targets. Recommended for players using healing Jobs.	【最近接】近くの対象を優先します。前線で戦う近距離職におすすめです。\n【低HP】HPが少ない対象を優先します。より多くのキルを狙うプレイヤーにおすすめです。\n【スマートDPS】システムが最適な対象を選択します。自動で対象を選びたいプレイヤーにおすすめです。\n【スマートヒール】パーティメンバーのみを対象に選択します。回復職を使うプレイヤーにおすすめです。
26411	@{1}. 【Stigma】transforms into 【Blackwing Burst】, gaining improved effects and increased damage.\n@{2}. When 【Blackwing Burst】 has two charges, it gains Enhance. Casting it consumes both charges at once, dealing skill damage twice, with a larger area on the second hit.\n@{3}. 【Divine Retribution】 transforms into 【Demonic Judgment】. After casting, automatically casts 【Blackwing Burst】 at the target location.	@{1}. 【スティグマ】が【ブラックウィングバースト】へ変化し、演出が強化されダメージが増加します。\n@{2}. 【ブラックウィングバースト】が2チャージある時は強化状態となり、使用すると2チャージを一度に消費してスキルダメージを2回与えます。2撃目は範囲が拡大します。\n@{3}. 【ディバインリトリビューション】が【デモニックジャッジメント】へ変化します。使用後、対象位置へ【ブラックウィングバースト】を自動発動します。
26412	Fire Ninja Shinobi appears beside its master and uses a ninja art, removing control effects from its master and granting them ^{1}^{2}【Control Immunity】^{3}^{4} for ${1} seconds. It also moves its master ${2} meters in the designated direction, then increases their Movement Speed by ^{5}${4}%^{6} and grants Stealth for ${3} seconds (dealing damage or taking damage ${5} times during Stealth ends the effect).	火忍シノビが主人のそばに現れて忍術を使い、主人の行動妨害効果を解除し、${1}秒間^{1}^{2}【行動妨害無効】^{3}^{4}を付与します。さらに主人を指定方向へ${2}m移動させ、${3}秒間移動速度を^{5}${4}%^{6}増加させてステルスを付与します（ステルス中にダメージを与えるか、受ける回数が${5}回に達すると効果が終了します）。
26413	While ^{1}^{2}[Aura Blade]^{3}^{4} is active, ^{5}^{6}[Bash]^{7}^{8}'s percentage damage multiplier increases by ${1}% and its fixed damage increases by ${2}; ^{9}^{10}[Magnum Break]^{11}^{12}'s percentage damage multiplier increases by ${3}% and its fixed damage increases by ${4}; and ^{13}^{14}[Bowling Bash]^{15}^{16}'s percentage damage multiplier increases by ${5}% and its fixed damage increases by ${6}.	^{1}^{2}[オーラブレイド]^{3}^{4}発動中、^{5}^{6}[バッシュ]^{7}^{8}の割合ダメージ倍率が${1}%、固定ダメージが${2}増加します。^{9}^{10}[マグナムブレイク]^{11}^{12}の割合ダメージ倍率が${3}%、固定ダメージが${4}増加します。^{13}^{14}[ボウリングバッシュ]^{15}^{16}の割合ダメージ倍率が${5}%、固定ダメージが${6}増加します。
26414	@{1}.Once the Guild Auction begins, all Guild Members are eligible to participate.\n@{2}.After the auction ends, Members eligible for a dividend from the event will receive an Auction Dividend.\n@{3}.The Auction Dividend from each auction will be sent by mail, so be sure to check your inbox.\n@{4}.If you leave the guild before the Guild Auction ends, you will not receive an Auction Dividend from that auction.	@{1}.ギルドオークション開始後は、すべてのギルドメンバーが参加できます。\n@{2}.オークション終了後、そのイベントの配当資格を持つメンバーはオークション配当を受け取ります。\n@{3}.各オークションの配当はメールで送付されます。受信箱をご確認ください。\n@{4}.ギルドオークション終了前にギルドを脱退すると、そのオークションの配当は受け取れません。
26415	Can only be used while riding Madogear. Equip ${1} Vulcan Arm on each hand and Launch them at ${3} selected enemies up to ${2} meters away, dealing ${4} hits of Neutral Ranged Physical DMG equal to PATK * ^{1}${5}%^{2}. Every ${6} casts of 【Vulcan Arm】 trigger 【Firepower Loaded】 ${7} times.\n【Firepower Loaded】: Increases the number of Cannon shells Launched by each 【Arm Cannon】 attack to ${8} for ${9} attacks.	魔導ギア騎乗中のみ使用可能。両手に${1}基ずつバルカンアームを装備し、${2}m以内の選択した敵${3}体へ発射して、PATK * ^{1}${5}%^{2}の無属性遠距離物理ダメージを${4}ヒット与えます。【バルカンアーム】を${6}回使用するごとに【火力装填済み】を${7}回発動します。\n【火力装填済み】：次の${9}回、【アームキャノン】1回の攻撃で発射する砲弾数が${8}発に増加します。
26416	Due to temporal and spatial instability (related to the setting), strange rifts have begun appearing in the Field at fixed times. If left open too long, dangerous Monsters will emerge from them. To preserve peace across the continent, the kingdom has commissioned the Eden Group to Post Gold-rank adventure requests, calling on experienced Adventurers to enter the rifts, defeat the Monsters, and Repair the rifts.	時空の不安定化（設定に関連）により、フィールドの決まった時間に奇妙な裂け目が現れるようになりました。長時間放置すると、危険なモンスターがそこから出現します。大陸の平和を守るため、王国は楽園団へゴールドランクの冒険依頼を発注し、熟練の冒険者に裂け目へ入り、モンスターを倒して裂け目を修復するよう求めています。
26417	(No Translation Needed@{1}.Select filters to define which items should be automatically dismantled. \n@{2}.After changing the conditions, tap Confirm to save your settings. \n@{3}.Once the conditions are set and Auto-Dismantle is enabled, items that match the filters will be automatically dismantled when they enter the Backpack.\n@{4}.Dismantling cannot be undone. Carefully review your Auto-Dismantle conditions.	@{1}.自動分解するアイテムの条件をフィルターで設定します。 \n@{2}.条件を変更したら、確認をタップして設定を保存します。 \n@{3}.条件を設定して自動分解を有効にすると、フィルター条件に一致するアイテムがバックパックへ入った時に自動で分解されます。\n@{4}.分解は元に戻せません。自動分解の条件をよく確認してください。
26418	@{1}.Tap the Challenge button to begin the Dummy Challenge.\n@{2}.The Challenge has a time limit of @{3} seconds. When the Countdown ends, your Total DMG and Damage per Second during the Challenge will be calculated. Reach the required Damage per Second to earn the corresponding rewards.\n@{4}.Dummy Challenge results will be displayed in the Ranking, which includes an overall Ranking and separate class Rankings.	@{1}.挑戦ボタンをタップすると、ダミーチャレンジを開始します。\n@{2}.挑戦の制限時間は@{3}秒です。カウントダウン終了時、挑戦中の総ダメージと秒間ダメージが集計されます。必要な秒間ダメージに到達すると、対応する報酬を獲得できます。\n@{4}.ダミーチャレンジの結果はランキングに表示され、総合ランキングと職業別ランキングがあります。
26419	Shield skill. ^{1}【Powerful Auto Counter】^{2}: Deals Neutral Melee Physical DMG equal to PATK * ^{3}${7}%^{4} to up to ${6} enemies within a ${4}-degree, ${9}-meter area in front of you. Against Monster targets, the percentage DMG multiplier increases by ^{5}${12}%^{6}. During this time, you have Debuff Immunity, Monster DMG Reduction increases by ^{7}${2}%^{8}, and you gain ^{9}${3}%^{10} DEF and MDEF Increase.	盾スキル。^{1}【パワフルオートカウンター】^{2}：前方${4}度・${9}m範囲内の最大${6}体の敵へPATK * ^{3}${7}%^{4}の無属性近接物理ダメージを与えます。モンスター対象への割合ダメージ倍率が^{5}${12}%^{6}増加します。この間、デバフ無効を獲得し、モンスターから受けるダメージが^{7}${2}%^{8}軽減され、DEFとMDEFが^{9}${3}%^{10}増加します。
26420	Stores ^{3}@{2}^{4} stacks every ^{1}@{1}^{2} sec, up to ^{5}@{3}^{6} stacks. Locks onto an enemy within @{4} m and teleports to a position @{5} m in front of the target, ^{7}slowing^{8} them by @{6}% for @{7} sec and dealing ^{9}@{8}%^{10} * Physical ATK as Neutral Physical damage. Immediately gains @{9} Blade stacks, and increases the blade count * and damage of the next Cross Ripper Slasher by ^{11}@{10}%^{12}	^{1}@{1}^{2}秒ごとに^{3}@{2}^{4}スタック蓄積し、最大^{5}@{3}^{6}スタックまで。@{4}m以内の敵をロックオンし、対象の前方@{5}m地点へテレポートして、@{7}秒間@{6}%^{7}減速^{8}させ、物理攻撃力 * ^{9}@{8}%^{10}の無属性物理ダメージを与えます。即座にブレードを@{9}スタック獲得し、次のクロスリッパースラッシャーのブレード数*とダメージを^{11}@{10}%^{12}増加させます。
26421	Dear player, in accordance with the National Press and Publication Administration’s “Notification on Preventing Minors from Becoming Addicted to Online Games” and “Notification on Further Strengthening Regulations to Effectively Prevent Minors from Becoming Addicted to Online Games,” accounts without verified real-name registration cannot access the game. Please complete real-name registration as soon as possible.	プレイヤー様へ。国家新聞出版署の「未成年者のオンラインゲーム依存防止に関する通知」および「未成年者のオンラインゲーム依存を効果的に防止するための管理強化に関する通知」に基づき、実名認証が完了していないアカウントではゲームを利用できません。お早めに実名登録を完了してください。
26422	The League has eight tiers: Ragnarok, Diamond, Jade, Platinum, Gold, Silver, Bronze, and Black Iron. At the start of each tournament, the System assigns tiers based on each guild's group ranking from the previous tournament. Higher-ranked guilds are promoted, while lower-ranked guilds are demoted. Guilds in the same tier are then divided into groups and randomly matched within their group for the preliminary round.	リーグにはラグナロク、ダイヤモンド、翡翠、プラチナ、ゴールド、シルバー、ブロンズ、黒鉄の8階級があります。各大会開始時、システムは前回大会の各ギルドのグループ順位に基づいて階級を割り当てます。上位ギルドは昇格し、下位ギルドは降格します。同じ階級のギルドはさらにグループ分けされ、予選ではグループ内でランダムにマッチングされます。
26423	^{1}【King of the Pack】^{2} becomes ^{3}【Rhythmic King of the Pack】^{4}. While ^{5}【King of the Pack】^{6} is active, Physical damage dealt to non-player enemies increases by ^{7}${1}%^{8}. Killing a player resets the Cooldown of ^{9}【Warg Charge】【Warg Bite】^{10} and extends the duration of ^{11}【King of the Pack】^{12} by ${2} seconds. The duration of each ^{13}【King of the Pack】^{14} can be extended up to ${3} times.	^{1}【群れの王】^{2}が^{3}【リズミック・群れの王】^{4}へ変化します。^{5}【群れの王】^{6}発動中、プレイヤー以外の敵へ与える物理ダメージが^{7}${1}%^{8}増加します。プレイヤーを倒すと^{9}【ウォーグチャージ】【ウォーグバイト】^{10}のクールダウンがリセットされ、^{11}【群れの王】^{12}の持続時間が${2}秒延長されます。各^{13}【群れの王】^{14}は最大${3}回まで延長できます。
26424	This certifies that Novice ${1} has completed the Novice Combat Trial administered under the supervision of the Eden Group. The courage, skill, and determination demonstrated during the trial meet the kingdom's basic requirements for an officially recognized Job Advance.\nThe bearer of this certificate is hereby authorized to proceed to Criatura Academy for Job Advance.\nIssued by: Prontera Eden Group\nExaminer: Rhein	初心者${1}が楽園団監督のもと実施された初心者戦闘試験を修了したことを証明します。試験中に示した勇気、技能、決意は、王国が正式な転職に求める基本要件を満たしています。\n本証明書の所持者は、転職のためクリトゥラ学園へ進むことを許可されます。\n発行：プロンテラ・楽園団\n試験官：ライン
26425	The mighty Fafnir is imprisoned in the Inner Area of Redrock Fortress. Thorough preparations are essential to defeating it. The first priority is repairing the Dragon-Hunting Cannons on the raised platforms, which are crucial for suppressing the beast. Meanwhile, other heroes must enter the Inner Area and face Fafnir directly. (Warning: Confronting Fafnir is extremely dangerous. Only the strongest heroes should enter.)	強大なファフニールは赤岩砦の内部エリアに封印されています。討伐には十分な準備が欠かせません。最優先は高台にある竜狩り砲の修復です。これは巨獣を抑え込むための重要な兵器です。同時に、他の英雄たちは内部エリアへ入り、ファフニールと直接対峙しなければなりません。（警告：ファフニールとの直接戦闘は極めて危険です。最強の英雄のみが進入してください。）
26426	Drive your weapon into the ground with tremendous force, unleashing a massive shockwave that deals ${4} hits of Neutral ranged Physical damage totaling Physical ATK *^{1}${5}%^{2} to up to ${3} enemies within a ${1}m * ${2}m area in front of you, knocking them airborne and inflicting ^{3}【Immobilize】^{4} for ${6} seconds. You enter ^{5}【Fury】^{6}. ^{7}【Fury】^{8}: Immediately gain @{1} charge of 【Enhance Hundred Spear】.	武器を渾身の力で地面へ突き立て、巨大な衝撃波を放ちます。前方${1}m * ${2}m範囲内の最大${3}体の敵へ、合計物理攻撃力 *^{1}${5}%^{2}の無属性遠距離物理ダメージを${4}ヒット与え、打ち上げて${6}秒間^{3}【移動不能】^{4}を付与します。自身は^{5}【フューリー】^{6}状態になります。^{7}【フューリー】^{8}：即座に【ハンドレッドスピア - 強化】のチャージを@{1}獲得します。
26427	When a pet is deployed in a Utility Slot, its Passive Skill always applies to the Adventurer, making the Main Skill more powerful. The Passive Skill's star rank also increases with the pet's star rank.\nSome pets have a Core Passive Skill. Only 1 Core Passive Skill effect can be active at a time. If multiple pets with Core Passive Skill effects are deployed, only the pet in the lowest-numbered Utility Slot takes effect.	ペットをユーティリティスロットへ配置すると、そのパッシブスキルは常に冒険者へ適用され、メインスキルがより強力になります。パッシブスキルの星ランクもペットの星ランクに応じて上昇します。\n一部のペットにはコアパッシブスキルがあります。コアパッシブスキルの効果は同時に1つだけ有効です。複数のコアパッシブ持ちペットを配置した場合、番号が最も小さいユーティリティスロットのペットのみ効果が発動します。
26428	Chants a powerful purification spell, removing ^{3}^{4}[Status Effect]^{5}^{6} and ^{7}^{8}[Movement Restriction]^{9}^{10} effects from You and ^{1}Party Members^{2} within a ${1}-meter radius. For the next ${2} seconds, grants them Immunity to up to ^{11}${3}^{12} ^{13}^{14}[Status Effect]^{15}^{16} and ^{17}^{18}[Movement Restriction]^{19}^{20} effects. This skill cannot be cast while You are under any control effect.	強力な浄化呪文を詠唱し、自身と半径${1}m以内の^{1}パーティメンバー^{2}から^{3}^{4}[状態異常]^{5}^{6}と^{7}^{8}[移動制限]^{9}^{10}効果を解除します。その後${2}秒間、最大^{11}${3}^{12}回の^{13}^{14}[状態異常]^{15}^{16}および^{17}^{18}[移動制限]^{19}^{20}効果を無効化します。このスキルは自身が行動妨害を受けている間は使用できません。
26429	Summons Storm Gust, dealing Water-property ranged magic damage equal to Magic ATK *^{1}${4}%+${5}^{2} per wave to up to ${3} enemies in a circular area with a radius of ${2} meters within ${1} meters of you. Enemies within Storm Gust are afflicted with ${6}% ^{3}^{4}【Slow】^{5}^{6}. Storm Gust lasts ${7} seconds and strikes ${8} times. Each strike has a ${9}% Chance to inflict ^{7}^{8}【Frozen】^{9}^{10} for ${10} seconds.	ストームガストを召喚し、自身から${1}m以内にある半径${2}mの円形範囲内の最大${3}体の敵へ、1波ごとに魔法攻撃力 *^{1}${4}%+${5}^{2}の水属性遠距離魔法ダメージを与えます。ストームガスト内の敵は${6}%の^{3}^{4}【減速】^{5}^{6}を受けます。ストームガストは${7}秒間持続して${8}回攻撃し、各攻撃は${9}%の確率で${10}秒間^{7}^{8}【凍結】^{9}^{10}を付与します。
26430	A pet's level cannot exceed the Adventurer's level.\nTap the Level-up button to automatically reach the selected level. Lower-quality Pet EXP Books will be consumed first.\nIf the Pet EXP Books consumed during this Level-up provide more EXP than required, the excess will be converted into EXP Books of equal value.\nWhen the next Season begins, all pet levels will be reset and all EXP Books in the Backpack will be removed.	ペットのレベルは冒険者のレベルを超えられません。\nレベルアップボタンをタップすると、選択したレベルまで自動で上昇します。低品質のペットEXPブックから先に消費されます。\n今回のレベルアップで消費したペットEXPブックのEXPが必要量を超えた場合、余剰分は同価値のEXPブックへ変換されます。\n次のシーズン開始時、すべてのペットレベルはリセットされ、バックパック内のEXPブックはすべて削除されます。
26431	Your spending this month has reached <color=#cc762a>${1} RMB</color>. This transaction would exceed the monthly top-up limit. Please spend responsibly and top up in moderation.\n\nAccording to the Notification on Preventing Minors from Becoming Addicted to Online Games issued by the National Press and Publication Administration, users aged 8 to under 16 may top up no more than RMB 50 per transaction and RMB 200 per month.	今月の利用額が<color=#cc762a>${1}人民元</color>に達しています。今回の取引を行うと月間チャージ上限を超えるため、適度な消費を心がけ、節度を持ってチャージしてください。\n\n国家新聞出版署が公布した「未成年者のオンラインゲーム依存防止に関する通知」に基づき、8歳以上16歳未満のユーザーは、1回あたり50人民元、1か月あたり200人民元を超えてチャージできません。
26432	Deep in the forest lived a girl named Ella, who wove winter nests for small animals from fallen leaves each day. One snowy night, she rescued a frozen bluebird. When the bird awoke, it repaid her by spitting out a glowing seed. Ella buried the seed in the moss, and by the next day, it had grown into a Crystal tree. Silver fruit hung among its branches like dewdrops, each reflecting what people desired most in their hearts.	森の奥深くに、エラという少女が暮らしていました。彼女は毎日、落ち葉を使って小動物たちの冬の巣を編んでいました。雪の降るある夜、凍えていた青い鳥を助けると、目を覚ました鳥はお礼に光る種を吐き出しました。エラがその種を苔へ埋めると、翌日には水晶の木へ成長していました。枝には露のような銀色の果実が実り、それぞれに人々が心の底で最も望むものが映っていました。
26433	You gain the [Melt Down] Effect for ${1} seconds. While [Melt Down] is Active, attacking an Enemy Team player has a ${2}% Chance to inflict ^{1}[Weapon Damage]^{2} for ${3} seconds. When attacking a Monster while [Melt Down] is Active, there is a ${4}% Chance to reduce its ^{3}PATK and DEF by ${5}%^{4} for ${6} seconds. [Weapon Damage]: The Initial stats and Affixes of Main/Off-Hand Weapons are not Active for the duration.	${1}秒間[メルトダウン]効果を獲得します。[メルトダウン]発動中、敵チームのプレイヤーを攻撃すると${2}%の確率で${3}秒間^{1}[武器破損]^{2}を付与します。[メルトダウン]発動中にモンスターを攻撃すると、${4}%の確率で${6}秒間その^{3}PATKとDEFを${5}%^{4}低下させます。[武器破損]：効果中、メイン／サブ武器の初期ステータスと特性が無効になります。
26434	【Judex】transforms into 【Enlightenment】, gaining enhanced visuals and increased damage. When cast, it deals one instance of Extra ST damage to up to @{2} enemies within @{1} meters of the target.\n【Second Holy Light】transforms into 【Interwoven Light and Shadow】 and has a Chance to be triggered by the initial hit of 【Enlightenment】, dealing Physical or Magic damage. While in 【Divine Stance】, the trigger Chance becomes @{3}%.	【ジュデックス】が【エンライトメント】へ変化し、演出が強化されダメージが増加します。使用時、対象から@{1}m以内の最大@{2}体の敵へ追加の単体ダメージを1回与えます。\n【セカンドホーリーライト】は【光と影の交錯】へ変化し、【エンライトメント】の初撃で発動することがあり、物理または魔法ダメージを与えます。【ディバインスタンス】中は発動確率が@{3}%になります。
26435	Unleashes the power of thunder, dealing Wind Ranged Magic damage equal to MATK * ^{1}${4}%^{2} to up to ${3} enemies within a ${2}-meter radius of the target within ${1} meters of You (^{3}^{4}Dexterity Resonance ${8}%^{5}^{6}), with a ${5}% Chance to inflict ^{7}^{8}【Stun】^{9}^{10} for ${6} seconds. While in the ^{11}^{12}【Reading】^{13}^{14} state, consumes ${7} stacks of ^{15}【Book Page】^{16} to cast this skill 1 Extra time.	雷の力を解き放ち、自身から${1}m以内の対象を中心とする半径${2}m範囲内の最大${3}体の敵へMATK * ^{1}${4}%^{2}の風属性遠距離魔法ダメージを与えます（^{3}^{4}DEX共鳴 ${8}%^{5}^{6}）。${5}%の確率で${6}秒間^{7}^{8}【スタン】^{9}^{10}を付与します。^{11}^{12}【リーディング】^{13}^{14}状態では、^{15}【ブックページ】^{16}を${7}スタック消費して、このスキルを追加で1回発動します。
26436	Unleashes a Burst of frost, dealing Water Ranged Magic damage equal to MATK * ^{1}${4}%^{2}^{3} to up to ${3} enemies within a ${2}-meter radius of the target within ${1} meters of You (^{4}^{5}Dexterity Resonance ${8}%^{6}^{7}), with a ${5}% Chance to inflict ^{8}^{9}【Frozen】^{10}^{11} for ${6} seconds. While in the ^{12}^{13}【Reading】^{14}^{15} state, consumes ${7} stacks of ^{16}【Book Page】^{17} to cast this skill 1 Extra time.	冷気を爆発させ、自身から${1}m以内の対象を中心とする半径${2}m範囲内の最大${3}体の敵へMATK * ^{1}${4}%^{2}^{3}の水属性遠距離魔法ダメージを与えます（^{4}^{5}DEX共鳴 ${8}%^{6}^{7}）。${5}%の確率で${6}秒間^{8}^{9}【凍結】^{10}^{11}を付与します。^{12}^{13}【リーディング】^{14}^{15}状態では、^{16}【ブックページ】^{17}を${7}スタック消費して、このスキルを追加で1回発動します。
26437	Dives toward a designated location within ${1} meters. Upon landing, deals Neutral melee Physical damage equal to PATK * ^{3}${6}%^{4} and applies a ^{1}${5}%【Slow】^{2} for ${4} seconds to up to ${3} enemies within a ${2}-meter radius. Every @{1}% ASPD increases this damage by ^{5}${10}%^{6}, up to @{2}% ASPD. For each enemy hit, You gain a ^{9}【Shield】^{10} equal to ^{7}${7}%^{8} of Max HP for ${8} seconds, up to ^{11}${9}%^{12}.	${1}m以内の指定地点へ急降下します。着地時、半径${2}m以内の最大${3}体の敵へPATK * ^{3}${6}%^{4}の無属性近接物理ダメージを与え、${4}秒間^{1}${5}%【減速】^{2}を付与します。ASPDが@{1}%上昇するごとに、このダメージが^{5}${10}%^{6}増加し、最大@{2}% ASPDまで有効です。敵1体に命中するごとに、最大HPの^{7}${7}%^{8}に相当する^{9}【シールド】^{10}を${8}秒間獲得し、最大^{11}${9}%^{12}まで獲得できます。
26438	The first guild to reach @{1} Guild Points wins. If both guilds have @{2} points, or if the scores are tied when the match ends, the guild with more total player defeats on the Main Battlefield wins. The following actions on the Main Battlefield grant Guild Points:\nDefeat a player: @{3} points/player\nCapture a point: @{4} points/capture\nHold a capture point: @{5} points/@{6} sec.\nSuccessfully deliver a flag: @{7} points/delivery	メイン戦場で先にギルドポイント@{1}へ到達したギルドが勝利します。両ギルドが@{2}ポイントの場合、または試合終了時に同点の場合、メイン戦場でのプレイヤー撃破総数が多いギルドが勝利します。メイン戦場では以下の行動でギルドポイントを獲得します：\nプレイヤー撃破：1人につき@{3}ポイント\n地点占領：1回につき@{4}ポイント\n占領地点維持：@{6}秒ごとに@{5}ポイント\n旗の納品成功：1回につき@{7}ポイント
26439	Activity Dividend:\n@{1}.^{1}The weekly Guild Activity Dividend Settlement takes place every Monday at 5 AM^{2}. After Settlement, you can manually claim your dividend from the interface.\n@{2}.If you select Leave Guild without claiming last week's dividend, it will be sent to you by mail. Please check your inbox.\n\nAuction Dividend:\n@{3}.Every Monday at 5 AM, the Auction Dividend Settlement for the previous week will be displayed.	活躍度配当：\n@{1}.^{1}週間ギルド活躍度配当の精算は毎週月曜午前5時に行われます^{2}。精算後、画面から手動で配当を受け取れます。\n@{2}.先週分の配当を受け取らずにギルド脱退を選択した場合、メールで送付されます。受信箱をご確認ください。\n\nオークション配当：\n@{3}.毎週月曜午前5時に、前週分のオークション配当精算が表示されます。
26440	Can only be cast while riding a Madogear. Uses a flamethrower on ${2} designated enemies within ${1} m, dealing a total of Physical ATK * ^{1}${7}%^{2} Fire ranged Physical DMG over ${6} hits to up to ${5} targets in a ${3} * ${4} m rectangular area ahead. Immediately triggers 【Firepower Loading】 @{1} times after casting. 【Firepower Loading】: Increases the number of shells fired by each 【Arm Cannon】 Launch to ${8} for "${9} Launches.	魔導ギア騎乗中のみ使用可能。${1}m以内の指定した敵${2}体へ火炎放射器を使用し、前方${3} * ${4}mの長方形範囲内の最大${5}体へ、${6}ヒット合計物理攻撃力 * ^{1}${7}%^{2}の火属性遠距離物理ダメージを与えます。使用直後に【火力装填】を@{1}回発動します。【火力装填】：次の"${9}回、【アームキャノン】1回の発射弾数が${8}発に増加します。
26441	@{1}.Only players who are mutual friends can send each other gifts.\n@{2}.The recipient must be Online to receive a gift.\n@{3}.You can switch recipients on the Gift page.\n@{4}.Different gifts grant different amounts of Intimacy and Love. Once a gift is successfully sent, both friends will receive the corresponding bonuses.\n@{5}.Only premium gift items allow you to add a custom message and trigger a flashy Entire Server Notification.	@{1}.互いにフレンドであるプレイヤー同士のみギフトを送れます。\n@{2}.受取人はオンラインである必要があります。\n@{3}.ギフト画面で受取人を切り替えられます。\n@{4}.ギフトごとに獲得できる親密度と愛情度が異なります。送信に成功すると、双方が対応するボーナスを獲得します。\n@{5}.プレミアムギフトのみ、カスタムメッセージを追加でき、華やかな全サーバー通知が発生します。
26442	Deals PATK * ^{1}${2}%^{2} Neutral melee Physical DMG to the designated ST enemy within ${1} meters. If you are more than ${6} meters from the target, you also Charge directly in front of it. After casting this skill @{1} times, the next 【Warg Strike】 becomes ^{3}^{4}【Empowered Warg Strike】^{5}^{6}. This skill's cast speed is unaffected by ASPD, but every ${3}% ASPD grants an Extra ^{7}${4}%^{8} Skill Damage Multiplier, up to ${5}% ASPD.	${1}m以内の指定した単体の敵へPATK * ^{1}${2}%^{2}の無属性近接物理ダメージを与えます。対象から${6}mより離れている場合、その正面まで突進します。このスキルを@{1}回使用すると、次の【ウォーグストライク】が^{3}^{4}【エンパワードウォーグストライク】^{5}^{6}になります。このスキルの発動速度はASPDの影響を受けませんが、ASPDが${3}%上昇するごとにスキルダメージ倍率が追加で^{7}${4}%^{8}増加し、最大${5}% ASPDまで有効です。
26443	@{1}.Each card has unique stats or skill effects.\n@{2}.Insert a card into its designated equipment slot while that slot has equipment equipped to gain the card's effects.\n@{3}.Combine cards strategically to maximize your character's power.\n@{4}.Cards can be advanced to enhance their effects.\n@{5}.Cards of Purple Quality or higher can be added to the Collection. Collected cards feature stunning artwork and significantly enhanced effects.	@{1}.各カードには固有のステータスまたはスキル効果があります。\n@{2}.指定された装備スロットに装備を着用した状態でカードを挿入すると、カード効果を獲得します。\n@{3}.カードを戦略的に組み合わせ、キャラクターの力を最大限に高めましょう。\n@{4}.カードは進化させて効果を強化できます。\n@{5}.紫品質以上のカードはコレクションへ追加できます。収集したカードでは美しいイラストを閲覧でき、効果も大幅に強化されます。
26444	Stores ^{3}${2}^{4} stacks every ^{1}${1}^{2} sec, up to ^{5}${3}^{6} stacks. Charges to a point ${5} meters in front of the target ST enemy within ${4} meters, inflicting ^{7}【Slow】^{8} by ${6}% for ${7} sec and dealing Physical ATK * ^{9}${8}%^{10} as Neutral melee Physical damage. Immediately gains ${9} Blade stacks, multiplies the blade count of the next Cross Ripper Slasher by ${10}, and increases each hit's damage by ^{11}${11}%^{12}.	^{1}${1}^{2}秒ごとに^{3}${2}^{4}スタック蓄積し、最大^{5}${3}^{6}スタックまで。${4}m以内の対象単体の敵の前方${5}m地点へ突進し、${7}秒間${6}%の^{7}【減速】^{8}を付与して、物理攻撃力 * ^{9}${8}%^{10}の無属性近接物理ダメージを与えます。即座にブレードを${9}スタック獲得し、次のクロスリッパースラッシャーのブレード数を${10}倍にし、各ヒットのダメージを^{11}${11}%^{12}増加させます。
26445	Dagger-exclusive skill. Casting 【Shadow Guard】, 【Thousand Shadows】, or 【Circling Shadow】 will ^{1}reset this skill's cooldown^{2}. Choose a direction and dash in the Format of a phantom, gaining ${1} meters of Movement and dealing Neutral melee Physical damage equal to PATK*${4}% to up to @{1} enemies within a rectangular area ${2} meters wide and ${3} meters long in that direction. While casting this skill, you gain ^{3}^{4}【Endure】^{5}^{6}.	短剣専用スキル。【シャドウガード】、【サウザンドシャドウ】、【サークリングシャドウ】使用時、^{1}このスキルのクールダウンがリセットされます^{2}。方向を選び、幻影となって${1}m移動し、その方向の幅${2}m・長さ${3}mの長方形範囲内の最大@{1}体の敵へPATK*${4}%の無属性近接物理ダメージを与えます。使用中、^{3}^{4}【エンデュア】^{5}^{6}を獲得します。
26446	Stores ^{1}@{2}^{2} stacks every ^{3}@{1}^{4} sec, up to ^{5}@{3}^{6} stacks. Locks on to an enemy within @{4} meters and teleports to a position @{5} meters in front of the target, ^{7}slowing^{8} them by @{6}% for @{7} sec and dealing ^{9}@{8}%^{10} * Physical ATK as Neutral Physical damage. Immediately gains @{9} Blade stacks, and the next Cross Ripper Slasher's hit count is multiplied by @{10} and its damage increases by ^{11}@{11}%^{12}.	^{3}@{1}^{4}秒ごとに^{1}@{2}^{2}スタック蓄積し、最大^{5}@{3}^{6}スタックまで。@{4}m以内の敵をロックオンし、対象の前方@{5}m地点へテレポートして、@{7}秒間@{6}%^{7}減速^{8}させ、物理攻撃力 * ^{9}@{8}%^{10}の無属性物理ダメージを与えます。即座にブレードを@{9}スタック獲得し、次のクロスリッパースラッシャーのヒット数が@{10}倍になり、ダメージが^{11}@{11}%^{12}増加します。
26447	Stores ^{3}${2}^{4} stacks every ^{1}${1}^{2} sec, up to ^{5}${3}^{6} stacks. Dash to a position ${5}m in front of a targeted ST enemy within ${4}m, reducing their ^{7}Movement Speed by ${6}%^{8} for ${7} sec and dealing Physical ATK * ^{9}${8}%^{10} as Neutral melee Physical damage. Immediately gain ${9} Blade stacks. The number of blades in the next Cross Ripper Slasher is multiplied by ${10}, and each hit deals ^{11}${11}%^{12} more damage.	^{1}${1}^{2}秒ごとに^{3}${2}^{4}スタック蓄積し、最大^{5}${3}^{6}スタックまで。${4}m以内の対象単体の敵の前方${5}m地点へダッシュし、${7}秒間^{7}移動速度を${6}%^{8}低下させ、物理攻撃力 * ^{9}${8}%^{10}の無属性近接物理ダメージを与えます。即座にブレードを${9}スタック獲得します。次のクロスリッパースラッシャーのブレード数は${10}倍になり、各ヒットのダメージが^{11}${11}%^{12}増加します。
26448	@{1}. Season Rank activities include Dungeons, Guilds, Territory War, Battle Royale, Treasure Hunting, and Secondary Professions.\n@{2}. Each activity awards its own points, which increase the corresponding rank and earn you rewards.\n@{3}. Rewards for each rank can be claimed up to @{4} times, so you can freely choose the activities you enjoy.\n@{5}. Season Ranks reset when a new Season begins, and new ranked activities may be added. Stay tuned.	@{1}. シーズンランク対象コンテンツには、ダンジョン、ギルド、領地戦、バトルロイヤル、宝探し、副職業があります。\n@{2}. 各コンテンツでは個別のポイントを獲得し、対応するランクを上げて報酬を獲得できます。\n@{3}. 各ランクの報酬は最大@{4}回まで受け取れるため、好きなコンテンツを自由に選べます。\n@{5}. シーズンランクは新シーズン開始時にリセットされ、新たなランク対象コンテンツが追加されることもあります。お楽しみに。
26449	There is no limit to the number of players who may Enter the Sub-Battlefield. All Members except Temporary Members may participate. Once the Battle begins, large numbers of Guards appear immediately. After @{1} minutes, more Guards and @{2} Commanders appear. After @{3} minutes, a Boss appears. Defeating Guards, Commanders, and the Boss grants Morale. Defeating Commanders and the Boss increases the Uses of Commander skills in the Main Battlefield.	サブ戦場への参加人数に制限はありません。臨時メンバーを除くすべてのメンバーが参加できます。戦闘開始直後、大量の衛兵が出現します。@{1}分後にはさらに衛兵と@{2}体の指揮官が出現し、@{3}分後にはBOSSが出現します。衛兵、指揮官、BOSSを倒すと士気を獲得します。指揮官とBOSSを倒すと、メイン戦場で使用できる指揮官スキルの使用回数が増加します。
26450	The Warlock periodically gathers energy, automatically generating ${2} ^{1}【Psychic Astral Body】^{2} every ${1} seconds, up to ${3}. If ${4} ^{3}【Psychic Astral Body】^{4} are Owned, the next ${5} times You deal Ghost Damage, all ^{5}【Psychic Astral Body】^{6} will Launch. Each deals Ghost Ranged Magic damage equal to MATK * ^{7}${8}%^{8} to the target enemy and up to ${7} Other enemies within ${6} meters, and applies a ${10}% Slow for ${9} seconds.	ウォーロックは周期的にエネルギーを集め、${1}秒ごとに^{1}【サイキックアストラルボディ】^{2}を${2}個自動生成します。最大${3}個まで。^{3}【サイキックアストラルボディ】^{4}を${4}個所持している場合、次の${5}回、念属性ダメージを与えるたびにすべての^{5}【サイキックアストラルボディ】^{6}を放ちます。それぞれ対象とその周囲${6}m以内の他の最大${7}体の敵へMATK * ^{7}${8}%^{8}の念属性遠距離魔法ダメージを与え、${9}秒間${10}%の減速を付与します。
26451	Shield skill. Deals Earth Melee Physical DMG equal to PATK * ^{1}${1}%^{2} (^{3}^{4}Vitality Resonance ${6}%^{5}^{6}) to up to ${5} enemies within a ${4}-meter radius and reduces their ^{7}ASPD and MSPD^{8} by ${3}% for ${2} seconds. Enemies in 【Hiding】 hit by this skill are revealed. This skill greatly increases Monster aggro, with a greater increase than Provoke. Against Monster targets, the percentage DMG multiplier increases by ^{9}${7}%^{10}.	盾スキル。半径${4}m以内の最大${5}体の敵へPATK * ^{1}${1}%^{2}の地属性近接物理ダメージ（^{3}^{4}VIT共鳴 ${6}%^{5}^{6}）を与え、${2}秒間^{7}ASPDと移動速度^{8}を${3}%低下させます。このスキルが命中した【ハイディング】中の敵を暴きます。また、モンスターへのヘイトをプロボック以上に大幅増加させます。モンスター対象への割合ダメージ倍率が^{9}${7}%^{10}増加します。
26452	Can only be used while riding Madogear. Use Flame Launcher on ${2} selected enemies within ${1} meters of you, dealing ${6} hits of Fire Ranged Physical DMG totaling PATK * ^{1}${7}%^{2} to up to ${5} targets in a ${3} * ${4}-meter rectangular area in front of you. Immediately triggers 【Firepower Loaded】 @{1} times after casting. 【Firepower Loaded】: Increases the number of Cannon shells Launched by each 【Arm Cannon】 attack to ${8} for ${9} attacks.	魔導ギア騎乗中のみ使用可能。自身から${1}m以内の選択した敵${2}体へフレイムランチャーを使用し、前方${3} * ${4}mの長方形範囲内の最大${5}体へ、${6}ヒット合計PATK * ^{1}${7}%^{2}の火属性遠距離物理ダメージを与えます。使用直後に【火力装填済み】を@{1}回発動します。【火力装填済み】：次の${9}回、【アームキャノン】1回の攻撃で発射する砲弾数が${8}発に増加します。
26453	Shield skill. Raise your Shield to block for ${1} seconds. During this time, you have Debuff Immunity, Monster DMG Reduction increases by ^{1}${2}%^{2}, and you gain ^{3}${3}%^{4} DEF and MDEF Increase. Tap this skill again while blocking or wait until the block ends to use ^{5}^{6}【Shield Auto Counter】^{7}^{8}. If you are attacked while blocking, ^{9}^{10}【Shield Auto Counter】^{11}^{12} is Enhanced into ^{13}^{14}【Powerful Auto Counter】^{15}^{16}.	盾スキル。盾を構えて${1}秒間ガードします。この間、デバフ無効を獲得し、モンスターから受けるダメージが^{1}${2}%^{2}軽減され、DEFとMDEFが^{3}${3}%^{4}増加します。ガード中にもう一度このスキルをタップするか、ガード終了まで待つと^{5}^{6}【シールドオートカウンター】^{7}^{8}を使用します。ガード中に攻撃を受けると、^{9}^{10}【シールドオートカウンター】^{11}^{12}が^{13}^{14}【パワフルオートカウンター】^{15}^{16}へ強化されます。
26454	1. Refinement applies to equipment slots only. Changing equipment does not affect refinement bonuses.\n2. Slots can still be refined when no equipment is worn, but refinement bonuses only take effect when equipment is equipped.\n3. The maximum Refine Level is equal to the character's Current Level.\n4. Refining all equipment slots to the specified level activates Resonance stats. The corresponding bonuses only take effect when equipment is equipped.	1. 精錬は装備スロットにのみ適用されます。装備を変更しても精錬ボーナスには影響しません。\n2. 装備していないスロットも精錬できますが、精錬ボーナスは装備を着用している間のみ有効です。\n3. 最大精錬Lv.はキャラクターの現在Lv.と同じです。\n4. すべての装備スロットを指定Lv.まで精錬すると、共鳴ステータスが発動します。対応するボーナスを得るには装備を着用している必要があります。
26455	Enhance 【Cannon】 into 【Melody Cannon】. After a successful HIT, applies 【Melody Bubble】 to the target for @{1} sec. 【Melody Bubble】: Each time an enemy carrying 【Melody Bubble】 takes damage, the bubble expands. Upon reaching ^{1}@{2}^{2} stacks, it explodes, dealing @{3} instances of Neutral Ranged Physical DMG equal to Physical ATK*^{3}@{4}%^{4}. If 【Melody Bubble】 does not fully expand and explode, it explodes and deals damage when its duration ends.	【キャノン】を【メロディーキャノン】へ強化します。命中すると対象へ@{1}秒間【メロディーバブル】を付与します。【メロディーバブル】：【メロディーバブル】を持つ敵がダメージを受けるたびにバブルが膨らみます。^{1}@{2}^{2}スタックに達すると爆発し、物理攻撃力*^{3}@{4}%^{4}の無属性遠距離物理ダメージを@{3}回与えます。【メロディーバブル】が最大まで膨らんで爆発しなかった場合、持続時間終了時に爆発してダメージを与えます。
26456	Causes the earth to rise, dealing Earth Ranged Magic damage equal to MATK * ^{1}${4}%^{2} to up to ${3} enemies in a ${1}-meter by ${2}-meter area in front of You (^{3}^{4}Dexterity Resonance ${8}%^{5}^{6}), with a ${5}% Chance to inflict ^{7}^{8}【Petrify】^{9}^{10} for ${6} seconds. Also reveals targets in ^{11}【Hiding】^{12}. While in the ^{13}^{14}【Reading】^{15}^{16} state, consumes ${7} stacks of ^{17}【Book Page】^{18} to cast this skill 1 Extra time.	地面を隆起させ、自身の前方${1}m×${2}m範囲内の最大${3}体の敵へMATK * ^{1}${4}%^{2}の地属性遠距離魔法ダメージを与えます（^{3}^{4}DEX共鳴 ${8}%^{5}^{6}）。${5}%の確率で${6}秒間^{7}^{8}【石化】^{9}^{10}を付与し、^{11}【ハイディング】^{12}状態の対象も暴きます。^{13}^{14}【リーディング】^{15}^{16}状態では、^{17}【ブックページ】^{18}を${7}スタック消費して、このスキルを追加で1回発動します。
26457	@{1}.If you are defeated for the first time within @{2} seconds after the battlefield officially opens, you receive one Extra opportunity to rejoin the battle.\n@{3}.After being defeated for the first time, you do not need another teammate's aid and may choose a new drop point.\n@{4}.There is a time limit for choosing a drop point with this Extra opportunity. If time expires, you will automatically Revive where you were defeated. Keep an eye on the timer.	@{1}.戦場が正式に開いてから@{2}秒以内に初めて倒された場合、追加で1回戦闘へ復帰できます。\n@{3}.最初に倒された後は味方の救助を待つ必要がなく、新しい降下地点を選べます。\n@{4}.この追加復帰で降下地点を選べる時間には制限があります。時間切れになると、倒された場所で自動復活します。タイマーに注意してください。
26458	The first guild to reach @{1} Guild Points on the Main Battlefield wins. If both guilds have @{2} Points, or if their Points are tied when the match ends, the guild with more total player Defeats on the Main Battlefield wins. The following actions grant Guild Points on the Main Battlefield:\nDefeat a player: @{3} Points/player\nCapture a Stronghold: @{4} Points/time\nMaintain control: @{5} Points/@{6} seconds\nFlag Delivered Successfully: @{7} Points/time	メイン戦場で先にギルドポイント@{1}へ到達したギルドが勝利します。両ギルドが@{2}ポイントの場合、または試合終了時に同点の場合、メイン戦場でのプレイヤー撃破総数が多いギルドが勝利します。メイン戦場では以下の行動でギルドポイントを獲得します：\nプレイヤー撃破：1人につき@{3}ポイント\n拠点占領：1回につき@{4}ポイント\n占領維持：@{6}秒ごとに@{5}ポイント\n旗の納品成功：1回につき@{7}ポイント
26459	@{1}. Auto Bid can be configured during the preparation phase and will automatically place bids once the auction begins.\n@{2}. After each failed qualification attempt, the bid will automatically Increase Bid based on the fixed tier multiplier until it exceeds the threshold price.\n@{3}. If none of the tiers exceed the threshold price, Auto Bid will stop and send a Notification to the Guild.\n@{4}. Bid Style determines the delay before each automatic bid.	@{1}. 自動入札は準備フェーズ中に設定でき、オークション開始後に自動で入札します。\n@{2}. 参加資格の獲得に失敗するたび、固定の段階倍率に基づいて、しきい値価格を超えるまで入札額が自動で引き上げられます。\n@{3}. どの段階でもしきい値価格を超えなかった場合、自動入札は停止し、ギルドへ通知が送信されます。\n@{4}. 入札スタイルによって各自動入札までの待ち時間が決まります。
26460	\n@{1}.After the MVP is Defeated, Points are calculated for all participating parties based on Damage dealt, Damage taken, Healing Volume, and death count Data. Deaths deduct a small number of Points. All participating parties are then ranked by Points.\n@{2}.If a party includes Members with no Remaining Ranking Reward or Participation Reward Counts, the total score is Decayed by a certain percentage. The more such Members there are, the greater the Decay.	\n@{1}.MVP討伐後、参加した全パーティについて与ダメージ、被ダメージ、回復量、死亡回数のデータをもとにポイントが算出されます。死亡すると少量のポイントが減点され、全参加パーティがポイント順にランキングされます。\n@{2}.パーティ内にランキング報酬または参加報酬の残り回数がないメンバーがいる場合、総スコアが一定割合で減衰します。該当メンバーが多いほど減衰率も高くなります。
26461	Shield skill. Deals Neutral Melee Physical DMG equal to PATK * ^{1}${1}%^{2} to up to ${5} enemies within a ${4}-meter radius and grants you 【Casting Shield】 equal to ^{3}${3}%^{4} of your Max HP for ${2} seconds. Against Monsters, the percentage DMG multiplier increases by ^{5}${6}%^{6}. 【Casting Shield】: When you are hit, triggers an Extra Auto Counter from 【Reflect Damage】. If the target is a Boss, also Activate ^{7}^{8}【Holy Light Suppression】^{9}^{10}.	盾スキル。半径${4}m以内の最大${5}体の敵へPATK * ^{1}${1}%^{2}の無属性近接物理ダメージを与え、自身に最大HPの^{3}${3}%^{4}に相当する【キャスティングシールド】を${2}秒間付与します。モンスター対象への割合ダメージ倍率が^{5}${6}%^{6}増加します。【キャスティングシールド】：攻撃を受けると【リフレクトダメージ】による追加のオートカウンターを発動します。対象がBOSSの場合、さらに^{7}^{8}【ホーリーライトサプレッション】^{9}^{10}を発動します。
26462	1. Mail is divided into System Mail and Guild Mail, which unlock at different levels.\n2. System Mail and Guild Mail have separate storage limits. Mail exceeding these limits cannot be received, so Adventurers should clear out mail regularly.\n3. Mail with attachments can only be deleted after the attachments have been claimed.\n4. Each mail has an expiration date. Expired mail is automatically deleted, so be sure to read it and claim its attachments in time.	1. メールはシステムメールとギルドメールに分かれ、それぞれ異なるレベルで解放されます。\n2. システムメールとギルドメールには別々の保存上限があります。上限を超えるメールは受信できないため、定期的に整理してください。\n3. 添付付きメールは、添付を受け取った後でのみ削除できます。\n4. 各メールには有効期限があります。期限切れのメールは自動削除されるため、期限内に内容を確認して添付を受け取ってください。
26463	Two-Handed Spear skill. Deals Neutral Melee Physical DMG equal to PATK * ^{1}${3}%^{2} to up to ${7} enemies within a circular ${2}-meter area around you. For every ${8}% ASPD, this DMG increases by ^{3}${5}%^{4}, up to @{1}% ASPD. If 【Over Brand】 is Active, instead damages the same number of enemies within ${2} meters of you, increasing the DMG to ^{5}${4}%^{6} Neutral Melee PATK. This skill counts as a Basic Attack and has an ASPD effectiveness ratio of ${6}%.	両手槍スキル。自身の周囲${2}mの円形範囲内の最大${7}体の敵へPATK * ^{1}${3}%^{2}の無属性近接物理ダメージを与えます。ASPDが${8}%上昇するごとに、このダメージが^{3}${5}%^{4}増加し、最大@{1}% ASPDまで有効です。【オーバーブランド】発動中は代わりに、自身から${2}m以内の同数の敵へダメージを与え、ダメージがPATKの^{5}${4}%^{6}の無属性近接物理ダメージへ増加します。このスキルは通常攻撃として扱われ、ASPD有効率は${6}%です。
26464	Active Skill: A skill the Adventurer can actively use in battle when the pet is assigned to an active slot.\nPassive Skill: A skill that grants bonuses to the Adventurer when the pet is assigned to a Utility slot.\nUnlocked Attribute Skill: A skill that permanently grants attribute bonuses to the Adventurer after the pet is unlocked, even when it is not deployed.\nCombat Skill: A skill used actively by the pet after it enters battle in modes such as the Pet Tower.	アクティブスキル：ペットをアクティブスロットへ配置した時、冒険者が戦闘中に能動的に使用できるスキルです。\nパッシブスキル：ペットをユーティリティスロットへ配置した時、冒険者へボーナスを付与するスキルです。\n解放属性スキル：ペットを解放すると、配置していなくても冒険者へ恒久的な属性ボーナスを付与するスキルです。\n戦闘スキル：ペットタワーなどでペットが戦闘へ参加した後、自動的に使用するスキルです。
26465	@{1}.If a player is defeated for the first time within @{2} seconds after the battlefield officially opens, they receive @{3} Extra opportunities to rejoin the battle.\n@{4}.After being defeated for the first time, you do not need to wait for a teammate's aid and may choose a new drop point to rejoin the battle.\n@{5}.You have a limited time to choose a drop point. If time expires before you make a selection, one will be assigned at random. Keep an eye on the timer.	@{1}.戦場が正式に開いてから@{2}秒以内に初めて倒された場合、追加で@{3}回戦闘へ復帰できます。\n@{4}.最初に倒された後は味方の救助を待つ必要がなく、新しい降下地点を選んで戦闘へ復帰できます。\n@{5}.降下地点を選べる時間には制限があります。時間切れになるとランダムな地点が割り当てられます。タイマーに注意してください。
26466	@{1}.Enhance applies only to equipment slots. Changing equipment does not affect Enhance bonuses.\n@{2}.You can Enhance an equipment slot even when no equipment is equipped, but the bonuses only take effect once equipment is equipped.\n@{3}.The maximum Reinforcement level is equal to the character's Current Level.\n@{4}.Enhancing all equipment slots to the specified level activates Resonance attributes. Equipment must be equipped to receive the corresponding bonuses.	@{1}.強化は装備スロットにのみ適用されます。装備を変更しても強化ボーナスには影響しません。\n@{2}.装備を着用していないスロットも強化できますが、ボーナスは装備を着用した時のみ有効です。\n@{3}.最大強化レベルはキャラクターの現在レベルと同じです。\n@{4}.すべての装備スロットを指定レベルまで強化すると、共鳴属性が発動します。対応するボーナスを得るには装備を着用している必要があります。
26467	Spear-exclusive skill. Deals Neutral Ranged Physical damage equal to PATK * ^{1}${2}%+${8}^{2} to the designated ST enemy within ${1} meters. Each hit against the same enemy shatters the target's body parts in sequence, applying the following effects for ${3} seconds: 【Shattered Ankle】Reduces MSPD. by ^{3}${4}%^{4}; 【Shattered Wrist】reduces ASPD by ^{5}${5}%^{6}; 【Shattered Lumbar】reduces PDEF by ^{7}${6}%^{8}; 【Shattered Neck】reduces DMG Reduction by ^{9}${7}%^{10}.	槍専用スキル。${1}m以内の指定した単体の敵へPATK * ^{1}${2}%+${8}^{2}の無属性遠距離物理ダメージを与えます。同じ敵へ命中するたび、対象の部位を順番に破壊し、${3}秒間以下の効果を付与します：【足首破砕】移動速度を^{3}${4}%^{4}低下、【手首破砕】ASPDを^{5}${5}%^{6}低下、【腰部破砕】PDEFを^{7}${6}%^{8}低下、【頸部破砕】ダメージ軽減を^{9}${7}%^{10}低下。
26468	The full Territory War cycle lasts one Season and includes the War Map, Stronghold Battles, Supply Transport, and Siege Battles.\nThe War Map is a standard open-world mode that can be entered at any time, while the other modes have specific unlock requirements and follow a set sequence.\nEach Season consists of multiple rounds, with modes opening in the following order during each round: Stronghold Battle → Supply Transport → Regional Capital Siege → Royal Capital Siege	領地戦の1サイクルは1シーズンにわたり、戦争マップ、拠点戦、物資輸送、攻城戦で構成されます。\n戦争マップはいつでも入場できる通常のオープンワールドモードですが、その他のモードには固有の解放条件があり、決められた順序で進行します。\n各シーズンは複数ラウンドで構成され、各ラウンドでは「拠点戦 → 物資輸送 → 地方首都攻城戦 → 王都攻城戦」の順にモードが開放されます。
26469	Retribution summons the Executioner's Sword, dealing its master's ^{1}Adaptive ATK^{2}*^{3}${4}%^{4} as Neutral ranged ^{5}Adaptive Damage^{6} to up to ${3} enemies in a designated area with a ${2}-meter radius within ${1} meters of its master and ^{7}knocking them into the air^{8} for ${7} seconds. Its master also gains the ^{9}【Execution】^{10} effect for ${5} seconds. ^{11}【Execution】^{12}: On HIT, has a ${8}% Chance to inflict ${6}% ^{13}【Slow】^{14} for ${9} seconds.	リトリビューションが処刑人の剣を召喚し、主人から${1}m以内に指定した半径${2}mの範囲内の最大${3}体の敵へ、主人の^{1}適応攻撃^{2}*^{3}${4}%^{4}の無属性遠距離^{5}適応ダメージ^{6}を与え、${7}秒間^{7}打ち上げます^{8}。さらに主人へ${5}秒間^{9}【処刑】^{10}を付与します。^{11}【処刑】^{12}：命中時、${8}%の確率で${9}秒間${6}%の^{13}【減速】^{14}を付与します。
26470	Dear Adventurer,\nWe have finished calculating and issuing your security deposit.\nThe security deposit issued to you this time is 【${11}】, while 【${12}】 remains frozen.\nThe security deposit has automatically been sent to your in-game mailbox. Please claim it promptly. If there is a delay (generally no more than @{1}-@{2} business days) or it does not arrive, please submit a report through in-game Customer Support. We will investigate and assist you as soon as possible.	冒険者様へ\n保証金の精算および支給が完了しました。\n今回支給された保証金は【${11}】、引き続き凍結されている保証金は【${12}】です。\n支給された保証金はゲーム内メールへ自動送付されています。お早めにお受け取りください。遅延（通常@{1}-@{2}営業日以内）が発生した場合、または届かない場合は、ゲーム内カスタマーサポートからご報告ください。速やかに調査し対応いたします。
26471	The Headless Warrior unleashes its fury, striking a designated area with a ${2}-meter radius within ${1} meters three times and dealing total Neutral melee ^{5}Adaptive Damage^{6} equal to the master's ^{1}Adaptive ATK^{2}*^{3}${4}%^{4} to up to ${3} enemies. For the next ${5} seconds, the master's Normal Attacks and skills deal Extra Neutral melee ^{11}Adaptive Damage^{12} equal to the master's ^{7}Adaptive ATK^{8}*^{9}${6}%^{10}. This effect has a ${7}-second Cooldown.	首なし戦士が怒りを解き放ち、主人から${1}m以内に指定した半径${2}mの範囲を3回攻撃し、最大${3}体の敵へ主人の^{1}適応攻撃^{2}*^{3}${4}%^{4}に相当する合計無属性近接^{5}適応ダメージ^{6}を与えます。その後${5}秒間、主人の通常攻撃とスキルが、主人の^{7}適応攻撃^{8}*^{9}${6}%^{10}に相当する無属性近接^{11}適応ダメージ^{12}を追加で与えます。この効果のクールダウンは${7}秒です。
26472	In the orange and black zones of the 【Realm Map】, the longer you stay and the more players you Kill, the more 【Fatigue】 Floors you accumulate.\nFatigue 【reduces damage dealt】 and 【increases damage taken】. These effects become stronger at higher Floors.\nUpon reaching the Fatigue limit (20 Floors), you will be 【forcibly warped back to Prontera】 and lose 1 Floor of Fatigue.\nAfter leaving an orange or black zone, Fatigue will 【gradually decrease】 over time, even while offline.	【領域マップ】のオレンジ・黒エリアでは、滞在時間が長いほど、また倒したプレイヤーが多いほど【疲労】スタックが増加します。\n疲労は【与ダメージを低下】させ、【被ダメージを増加】させます。スタックが高いほど効果が強くなります。\n疲労上限（20スタック）に達すると、【強制的にプロンテラへ転送】され、疲労が1スタック減少します。\nオレンジ・黒エリアを離れると、オフライン中も含め、時間経過で疲労が【徐々に減少】します。
26473	Guild Supplies Acquisition Rules:\n@{1}.Complete Territory War quests to obtain Guild Supplies.\n@{2}.Use Guild Funds to purchase Guild Supplies from other guilds.\nGuild Supplies Usage Rules:\n@{3}.Guild Supplies can be used to purchase siege weapons and vehicles from the Guild Store.\n@{4}.Guild War technology Level-ups and limited-time Guild Strategy activations consume Guild Supplies.\n@{5}.Guild Supplies are an important Currency in Territory War, so be sure to stock up~	ギルド物資の獲得ルール：\n@{1}.領地戦クエストを完了するとギルド物資を獲得できます。\n@{2}.ギルド資金を使って他のギルドからギルド物資を購入できます。\nギルド物資の使用ルール：\n@{3}.ギルド物資はギルドショップで攻城兵器や車両を購入するために使用できます。\n@{4}.ギルド戦技術のレベルアップや期間限定ギルド戦略の発動にはギルド物資を消費します。\n@{5}.ギルド物資は領地戦の重要な通貨です。しっかり備蓄しておきましょう～
26474	The Academy has witnessed the growth and potential you have shown throughout your journey. Now, you have reached a pivotal point on your path to power—the time has come for your second class advancement.\nWe cordially invite you to return to Kratu Academy and choose your specialized path. This advancement will determine your future development and shape your combat style and calling.\nI will await your arrival at the Academy so that we may embark on this new journey together.	学園は、あなたが旅の中で示してきた成長と可能性を見届けてきました。今、力を求める道の大きな転機――二次転職の時が訪れています。\nクルトゥラ学園へ戻り、専門となる道を選んでください。この転職が今後の成長を決め、あなたの戦闘スタイルと使命を形作ります。\n学園であなたの到着を待っています。共に新たな旅へ踏み出しましょう。
26475	Thanks to the combined efforts of all Adventurers, the Magic Crystal support campaign was a complete success! You contributed ${1}, your guild contributed ${2}, and you placed ${3} across the Entire Server. The following guilds were the top five contributors on the Current Server. Their contributions and information are listed below:\n${4}Their leadership helped ensure the mission to the New World was completed successfully. Here are your rewards. Please check the attachments!	すべての冒険者の協力により、魔力クリスタル支援作戦は大成功を収めました！あなたの貢献量は${1}、所属ギルドの貢献量は${2}、全サーバー順位は${3}位でした。現在のサーバーで貢献量上位5位のギルドと、その貢献量・情報は以下のとおりです：\n${4}皆さんの尽力により、新世界への任務は無事成功しました。こちらが報酬です。添付をご確認ください！
26476	@{1}.Mail is divided into System Mail and Guild Mail, which unlock at different levels.\n@{2}.System Mail and Guild Mail each have a storage limit. New mail cannot be received once the limit is reached, so please clear out your mail regularly, Adventurer.\n@{3}.Mail with attachments cannot be deleted until the attachments have been claimed.\n@{4}.Each mail has an expiration date. Expired mail will be deleted automatically, so be sure to read it and claim any attachments in time.	@{1}.メールはシステムメールとギルドメールに分かれ、それぞれ異なるレベルで解放されます。\n@{2}.システムメールとギルドメールにはそれぞれ保存上限があります。上限に達すると新しいメールを受信できないため、定期的に整理してください。\n@{3}.添付付きメールは、添付を受け取るまで削除できません。\n@{4}.各メールには有効期限があります。期限切れのメールは自動削除されるため、期限内に内容を確認して添付を受け取ってください。
26477	There are three Locate roles: Tank, DPS, and Healer.\nEach class can select @{1}~@{2} Locate roles and change them at any time. Classes with only one Locate role cannot select another.\n\nLocate roles are only displayed for party Members in certain multiplayer party dungeons and competitive party modes. The Party Leader can adjust the party based on each Member's selected Locate role. Parties that match a dungeon's recommended Locate-role composition are more likely to clear it.	ロールはタンク、DPS、ヒーラーの3種類です。\n各職業は@{1}～@{2}種類のロールを選択でき、いつでも変更できます。ロールが1種類しかない職業は別のロールを選択できません。\n\nロールは、一部のマルチプレイパーティダンジョンや対戦型パーティモードでのみパーティメンバーに表示されます。パーティリーダーは各メンバーが選択したロールに基づいて編成を調整できます。ダンジョン推奨のロール構成を満たしたパーティは、より攻略しやすくなります。
26478	1. Enhance applies only to equipment slots. Changing equipment does not affect its bonuses.\n2. You can still Enhance a slot when no equipment is equipped, but the bonuses only take effect once equipment is equipped in that slot.\n3. The maximum Reinforcement level is your character's Current Level.\n4. When you Enhance all equipment slots to the specified level, Resonance stats will be activated. You must have equipment equipped in those slots to receive the corresponding bonuses.	1. 強化は装備スロットにのみ適用されます。装備を変更しても強化ボーナスには影響しません。\n2. 装備を着用していないスロットも強化できますが、ボーナスはそのスロットに装備を着用した時のみ有効です。\n3. 最大強化レベルはキャラクターの現在レベルと同じです。\n4. すべての装備スロットを指定レベルまで強化すると、共鳴ステータスが発動します。対応するボーナスを得るには、そのスロットに装備を着用している必要があります。
26479	@{1}.Adventurers can use the mysterious power bestowed by the Goddess to train without actively participating in combat, earning Rare battle rewards such as cards and equipment\n@{2}.After beginning an expedition, exploration time will continue to accumulate even while Adventurers are offline.\n@{3}.Expedition rewards must be claimed manually. Rewards are based on the accumulated exploration time when claimed. Accumulated time has a limit, so remember to claim your rewards promptly~	@{1}.冒険者は女神から授かった神秘の力を使い、実際に戦闘へ参加しなくても修練でき、カードや装備などのレア戦闘報酬を獲得できます。\n@{2}.遠征を開始すると、冒険者がオフライン中でも探索時間が蓄積され続けます。\n@{3}.遠征報酬は手動で受け取る必要があります。受取時に蓄積されている探索時間に応じて報酬が決まります。蓄積時間には上限があるため、忘れずに早めに受け取りましょう～
26480	● ^{1}The Demonic Dragon Soul^{2} will appear at a random Location after the match has been underway for a while. Contact it to carry the ^{3}Demonic Dragon Soul.^{4}\n \n● ^{5}The Demonic Dragon Soul^{6} is a powerful Buff that increases the carrier's damage dealt by @{1}%, but the damage they take also increases over time.\n \n● Kill an Enemy Team player carrying the ^{7}Demonic Dragon Soul^{8} to earn Extra Score. The ^{9}Demonic Dragon Soul^{10} will then transfer to the killer.	● ^{1}魔竜の魂^{2}は試合開始からしばらくするとランダムな場所に出現します。接触すると^{3}魔竜の魂を所持します。^{4}\n \n● ^{5}魔竜の魂^{6}は強力なバフで、所持者の与ダメージを@{1}%増加させますが、受けるダメージも時間とともに増加します。\n \n● ^{7}魔竜の魂^{8}を所持する敵チームのプレイヤーを倒すと追加スコアを獲得します。その後、^{9}魔竜の魂^{10}は倒したプレイヤーへ移ります。
26481	Dive toward a designated location within ${1} meters. Upon landing, inflict a ^{1}${5}%【Slow】^{2} for ${4} seconds and deal Neutral melee Physical DMG equal to PATK * ^{3}${6}%^{4} to up to ${3} enemies within a ${2}-meter radius. For every @{1}% ASPD, DMG Bonus increases by ^{5}${11}%^{6}, Active for up to @{2}% ASPD. Also inflict ^{7}【Stun】^{8} for ${7} seconds. For each enemy hit, gain a ^{11}【Shield】^{12} equal to ^{9}${8}%^{10} of max HP for ${9} seconds, up to ^{13}${10}%^{14}.	${1}m以内の指定地点へ急降下します。着地時、半径${2}m以内の最大${3}体の敵へ${4}秒間^{1}${5}%【減速】^{2}を付与し、PATK * ^{3}${6}%^{4}の無属性近接物理ダメージを与えます。ASPDが@{1}%上昇するごとにダメージボーナスが^{5}${11}%^{6}増加し、最大@{2}% ASPDまで有効です。さらに${7}秒間^{7}【スタン】^{8}を付与します。敵1体に命中するごとに、最大HPの^{9}${8}%^{10}に相当する^{11}【シールド】^{12}を${9}秒間獲得し、最大^{13}${10}%^{14}まで獲得できます。
26482	Two-Handed Spear skill. Deals Neutral Melee Physical DMG equal to PATK * ^{1}${3}%^{2} to up to ${8} enemies in a ${2} * ${1}-meter area in front of you. For every ${7}% ASPD, this DMG increases by ^{3}${6}%^{4}, up to @{1}% ASPD. Grants you 【Charge Up】 for ${9} seconds. 【Charge Up】: Increases MSPD by ^{5}${4}%^{6}. The next time you Deals DMG, removes 【Charge Up】 and triggers 【Charge Up Strike】 against the primary target, dealing Neutral Melee Physical DMG equal to ^{7}${5}%^{8} PATK.	両手槍スキル。前方${2} * ${1}m範囲内の最大${8}体の敵へPATK * ^{1}${3}%^{2}の無属性近接物理ダメージを与えます。ASPDが${7}%上昇するごとに、このダメージが^{3}${6}%^{4}増加し、最大@{1}% ASPDまで有効です。自身に${9}秒間【チャージアップ】を付与します。【チャージアップ】：移動速度が^{5}${4}%^{6}増加します。次にダメージを与えた時、【チャージアップ】を解除し、主対象へ【チャージアップストライク】を発動してPATKの^{7}${5}%^{8}に相当する無属性近接物理ダメージを与えます。
26483	Exclusive to Axe and Mace weapons. Rapidly spins the Axe, dealing total Neutral melee Physical damage equal to PATK*^{1}${3}%^{2} (^{3}^{4}Vitality Resonance ${6}%^{5}^{6}) to up to ${2} enemies within ${1} meters. The final hit's radius increases to ${5} meters. While Enhance is active, Axe Tornado's duration is extended, periodically pulling enemies within the damage area toward the center of the tornado. MSPD increases by ${4}%, and Immunity is granted for the duration of the skill.	斧・鈍器専用。斧を高速回転させ、${1}m以内の最大${2}体の敵へ合計PATK*^{1}${3}%^{2}の無属性近接物理ダメージ（^{3}^{4}VIT共鳴 ${6}%^{5}^{6}）を与えます。最終ヒットは半径が${5}mへ拡大します。強化中はアックストルネードの持続時間が延び、ダメージ範囲内の敵を周期的に竜巻の中心へ引き寄せます。移動速度が${4}%増加し、スキル効果中は無敵を獲得します。
26484	Sarah Irene unleashes a Multi-hit Flame Fist, dealing @{1} hits of Neutral Ranged ^{5}Adaptive Damage^{6} totaling the owner's ^{1}Adaptive Attack^{2}*^{3}${2}%^{4} to the selected ST enemy within ${1} meters and increasing the Fire Damage they take by ${4}% for ${3} sec. The owner gains 【Flame Fist】 for ${5} sec: when Deals DMG, deals @{2} hits of Fire Ranged ^{11}Adaptive Damage^{12} totaling the owner's ^{7}Adaptive Attack^{8}*^{9}${6}%^{10} to the enemy. Internal Cooldown: ${7} sec.	サラ・アイリンが連続フレイムフィストを放ち、${1}m以内の選択した単体の敵へ、所有者の^{1}適応攻撃^{2}*^{3}${2}%^{4}に相当する合計無属性遠距離^{5}適応ダメージ^{6}を@{1}ヒット与え、${3}秒間その敵の火属性被ダメージを${4}%増加させます。所有者は${5}秒間【フレイムフィスト】を獲得します：ダメージを与えると、敵へ所有者の^{7}適応攻撃^{8}*^{9}${6}%^{10}に相当する合計火属性遠距離^{11}適応ダメージ^{12}を@{2}ヒット与えます。内部クールダウン：${7}秒。
26485	Medusa opens her eyes, continuously dealing Neutral ranged ^{5}adaptive damage^{6} equal to her master's ^{1}Adaptive ATK^{2} * ^{3}${3}%^{4} to up to ${2} enemies within a ${1}-meter-radius cone in the specified direction and inflicting ^{7}^{8}【Petrify】^{9}^{10} for ${4} seconds. For the next ${5} seconds, whenever the master's Normal Attack-type skills HIT a target, they have a ${6}% Chance to inflict ^{11}^{12}【Petrify】^{13}^{14} for ${7} seconds. This effect has a ${8}-second Cooldown.	メデューサが目を見開き、指定方向の半径${1}mの扇形範囲内の最大${2}体の敵へ、主人の^{1}適応攻撃^{2} * ^{3}${3}%^{4}に相当する無属性遠距離^{5}適応ダメージ^{6}を継続的に与え、${4}秒間^{7}^{8}【石化】^{9}^{10}を付与します。その後${5}秒間、主人の通常攻撃系スキルが対象へ命中するたび、${6}%の確率で${7}秒間^{11}^{12}【石化】^{13}^{14}を付与します。この効果のクールダウンは${8}秒です。
26486	Can only be used while riding Madogear. Consumes HP equal to ^{1}${7}%^{2} of your Max HP, immediately removes all Control effects from you, then begins a ${1}-second countdown before using Energy Release. You have 【Immunity】 during the countdown. When the countdown ends, deal Neutral Melee Physical DMG equal to PATK * ^{3}${4}%^{4} to up to ${3} targets within a ${2}-meter radius. You then lose ${5}% of your current Max HP. This HP loss cannot be fatal. Reduces MSPD. by @{1}% for ${6} seconds.	魔導ギア騎乗中のみ使用可能。最大HPの^{1}${7}%^{2}に相当するHPを消費し、自身のすべての行動妨害効果を即座に解除してから、${1}秒のカウントダウン後にエネルギー解放を使用します。カウントダウン中は【無敵】です。終了時、半径${2}m以内の最大${3}体の対象へPATK * ^{3}${4}%^{4}の無属性近接物理ダメージを与えます。その後、現在の最大HPの${5}%を失います。このHP減少で死亡することはありません。${6}秒間、移動速度が@{1}%低下します。
26487	1. Adventurers can train using the mysterious power bestowed by the Goddess, earning Rare battle rewards such as cards and equipment without actually participating in combat.\n2. Expedition time will continue to accumulate after joining an Exploration Expedition, even while the Adventurer is offline.\n3. Exploration Expedition rewards must be claimed manually. Rewards are granted based on your accumulated expedition time, which has a maximum limit, so remember to claim them regularly, Adventurer!	1. 冒険者は女神から授かった神秘の力を使い、実際に戦闘へ参加しなくても修練でき、カードや装備などのレア戦闘報酬を獲得できます。\n2. 探索遠征へ参加すると、冒険者がオフライン中でも遠征時間が蓄積され続けます。\n3. 探索遠征の報酬は手動で受け取る必要があります。報酬は蓄積した遠征時間に応じて付与されます。蓄積時間には上限があるため、定期的に受け取りましょう！
26488	Guild Activity Rules:\n@{1}.Any Guild Member who participates in a Guild Event Quest can earn^{1} Guild Activity, Guild Contribution, and Personal Contribution rewards^{2}.\n@{2}.Guild Activity progress is shared by^{3} all Guild Members and resets every Monday at 5:00 AM^{4}. Any unclaimed Activity Chests will expire.\n@{3}.Guild Contribution is the Guild's Currency and can be used for building Level-ups. Personal Contribution is personal Currency that can be exchanged for items in the Guild Shop.	ギルド活躍度ルール：\n@{1}.ギルドイベントクエストへ参加したギルドメンバーは、^{1}ギルド活躍度、ギルド貢献度、個人貢献度の報酬^{2}を獲得できます。\n@{2}.ギルド活躍度の進捗は^{3}全ギルドメンバーで共有され、毎週月曜午前5:00にリセットされます^{4}。未受取の活躍度宝箱は失効します。\n@{3}.ギルド貢献度はギルドの通貨で、施設のレベルアップに使用できます。個人貢献度は個人用の通貨で、ギルドショップのアイテムと交換できます。
26489	@{1}.Only players with Reward Count remaining for the current dungeon can participate in the auction and receive an Auction Dividend. ^{1}The Auction Dividend rate is @{2}^{2}. Enjoy the thrill of bidding! @{3}.If everyone declines to bid, the item will go unsold. After the auction ends, it will be awarded at random to an eligible Member of the party with Reward Count remaining. @{4}.Declining during an auction is final. Once you decline, you cannot bid on that item again during the current auction.	@{1}.現在のダンジョンの報酬回数が残っているプレイヤーのみ、オークションへ参加してオークション配当を受け取れます。^{1}オークション配当率は@{2}^{2}です。入札を楽しみましょう！@{3}.全員が入札を辞退した場合、アイテムは売れ残ります。オークション終了後、報酬回数が残る資格対象のパーティメンバーへランダムで付与されます。@{4}.オークション中の辞退は取り消せません。一度辞退すると、現在のオークションではそのアイテムへ再入札できません。
26490	Two-Handed Spear skill. Leap to a selected area within ${2} meters, dealing Neutral Melee Physical DMG totaling PATK * ^{1}${3}%^{2} to up to ${7} enemies within ${1} meters of the target area. For every ${9}% ASPD, this DMG increases by ^{3}${10}%^{4}, up to @{1}% ASPD. Inflicts ^{5}【Immobilize】^{6} for ${4} seconds. You have ^{7}^{8}Immunity^{9}^{10} while using the skill. For each enemy hit, gain 1 stack of Shield equal to ^{11}${6}%^{12} of your Max HP for ${11} seconds, stacking up to @{2} times.	両手槍スキル。${2}m以内の選択した地点へ跳躍し、対象地点から${1}m以内の最大${7}体の敵へ合計PATK * ^{1}${3}%^{2}の無属性近接物理ダメージを与えます。ASPDが${9}%上昇するごとに、このダメージが^{3}${10}%^{4}増加し、最大@{1}% ASPDまで有効です。${4}秒間^{5}【移動不能】^{6}を付与します。使用中は^{7}^{8}無敵^{9}^{10}です。敵1体に命中するごとに、最大HPの^{11}${6}%^{12}に相当するシールドを1スタック${11}秒間獲得し、最大@{2}スタックまで重複します。
26491	Summons soul notes and Launches ${2} notes at a targeted ST enemy within ${1} meters, dealing @{1} hits of Ghost-property ranged magic damage equal to Magic ATK *^{1}${3}%^{2}. While in the ^{3}^{4}^{5}【Reading】^{6}^{7}^{8} state, consumes @{2} stacks of ^{9}【Pages】^{10} to cast this skill one Extra time. While in the ^{11}^{12}^{13}【Intensified Telekinesis】^{14}^{15}^{16} state, each note can ricochet up to @{4} times within @{3} meters of the target, with damage to subsequent targets reduced by @{5}%.	魂の音符を召喚し、${1}m以内の指定した単体の敵へ${2}個の音符を放ち、魔法攻撃力 *^{1}${3}%^{2}の念属性遠距離魔法ダメージを@{1}ヒット与えます。^{3}^{4}^{5}【リーディング】^{6}^{7}^{8}状態では、^{9}【ページ】^{10}を@{2}スタック消費して、このスキルを追加で1回発動します。^{11}^{12}^{13}【インテンシファイド・テレキネシス】^{14}^{15}^{16}状態では、各音符が対象から@{3}m以内で最大@{4}回跳ね返り、2体目以降へのダメージは@{5}%減少します。
26492	Activates the ^{1}^{2}【Reading】^{3}^{4} status. While active, casting 【Comet】, 【Tetra Vortex】, 【Frost Blast】, 【Earth Strain】, 【Crimson Rock】, 【Thunderbolt】, 【Soul Burst】, or 【Gravity Impact】 triggers the corresponding skill effect one Extra time and consumes the corresponding Floors of ^{5}【Book Pages】^{6}. The effect cannot be triggered without enough ^{7}【Book Pages】^{8}. Passive: Automatically gain 1 Floor of ^{9}【Book Pages】^{10} every @{1} seconds. ^{11}【Book Pages】^{12} can have up to @{2} Floors.	^{1}^{2}【リーディング】^{3}^{4}状態を発動します。効果中、【コメット】、【テトラボルテックス】、【フロストブラスト】、【アースストレイン】、【クリムゾンロック】、【サンダーボルト】、【ソウルバースト】、【グラビティインパクト】を使用すると、対応するスキル効果が追加で1回発動し、対応する^{5}【ブックページ】^{6}スタックを消費します。^{7}【ブックページ】^{8}が不足している場合は発動しません。パッシブ：@{1}秒ごとに^{9}【ブックページ】^{10}を1スタック自動獲得します。^{11}【ブックページ】^{12}は最大@{2}スタックまで。
26493	After the Wildcat Knight takes to the air, it dives at the target area, dealing the Master's^{1} Adaptive ATK^{2} * ^{3}${4}%^{4} Neutral melee ^{5}Adaptive DMG^{6} to up to ${3} enemies within a ${2}-meter radius inside a designated area within ${1} meters of the Master, and grants the Master a 【Vanguard Shield】 equal to the Master's Max Life * ^{7}${5}%^{8}. Each enemy HIT grants the Master an Extra 【Vanguard Shield】 equal to the Master's Max Life * ^{9}${5}%^{10} for ${6} sec., stacking up to ${7} times.	ワイルドキャットナイトが空へ舞い上がった後、対象範囲へ急降下し、主人から${1}m以内の指定範囲にある半径${2}m内の最大${3}体の敵へ、主人の^{1}適応攻撃^{2} * ^{3}${4}%^{4}の無属性近接^{5}適応ダメージ^{6}を与え、主人へ最大HP * ^{7}${5}%^{8}に相当する【ヴァンガードシールド】を付与します。敵1体に命中するごとに、主人へ最大HP * ^{9}${5}%^{10}に相当する【ヴァンガードシールド】を追加で${6}秒間付与し、最大${7}回まで重複します。
26494	【Hard Lock】Once you select a target, you will chase that target. Recommended for players confident in their controls who want complete control over their attack target;\n【Semi-Soft Lock】Switches targets when the current target exceeds a certain range, which can be adjusted under 【Chase Distance】. Recommended for players who know their Job well and have a strong sense of Distance;\n【Full Soft Lock】Only attacks targets within attack range. Recommended for players who want to cast skills quickly and efficiently.	【ハードロック】対象を選択すると、その対象を追尾します。操作に自信があり、攻撃対象を完全に自分で管理したいプレイヤーにおすすめです。\n【セミソフトロック】現在の対象が一定距離を超えると対象を切り替えます。距離は【追跡距離】で調整できます。職業への理解があり、距離感に自信のあるプレイヤーにおすすめです。\n【フルソフトロック】攻撃範囲内の対象のみ攻撃します。スキルを素早く効率的に使いたいプレイヤーにおすすめです。
26495	Shield skill. Deals Neutral Melee Physical DMG equal to PATK * ^{1}${2}%^{2} to the selected ST enemy within ${1} meters and grants you 1 stack of 【Shield Stance】. Against Monster targets, the percentage DMG multiplier increases by ^{3}${3}%^{4}. 【Shield Stance】: When 【Powerful Shield Bash】 or 【Reflect Damage】 hits a target, there is a ${4}% or ${5}% Chance, respectively, to grant you 1 stack of 【Shield Stance】. At ${6} stacks, your next ${7} Powerful Shield Bashes become ^{5}^{6}【Ultra Shield Bash】^{7} ^{8}.	盾スキル。${1}m以内の選択した単体の敵へPATK * ^{1}${2}%^{2}の無属性近接物理ダメージを与え、自身に【シールドスタンス】を1スタック付与します。モンスター対象への割合ダメージ倍率が^{3}${3}%^{4}増加します。【シールドスタンス】：【パワフルシールドバッシュ】または【リフレクトダメージ】が対象へ命中すると、それぞれ${4}%、${5}%の確率で【シールドスタンス】を1スタック獲得します。${6}スタックに達すると、次の${7}回のパワフルシールドバッシュが^{5}^{6}【ウルトラシールドバッシュ】^{7} ^{8}になります。
26496	@{1}.Each day after @{2}:00, the Guild Caravan will place orders with Adventurers for the day's required goods. Adventurers can craft them or purchase them through Trade or from a Stall.\n@{3}.After loading their goods, Adventurers will receive personal rewards based on the value of the goods.\n@{4}.After loading all @{5} goods for the day, Adventurers can dispatch the caravan and receive generous rewards.\n@{6}.Dispatching the caravan after loading @{7}/@{8}/@{9} goods will grant even more Additional rewards.	@{1}.毎日@{2}:00以降、ギルドキャラバンは冒険者へ当日の必要物資を注文します。物資は製作するか、取引または露店で購入できます。\n@{3}.物資を積み込むと、その価値に応じた個人報酬を獲得します。\n@{4}.当日の物資を@{5}個すべて積み込むと、キャラバンを出発させて豪華な報酬を獲得できます。\n@{6}.@{7}/@{8}/@{9}個を積み込んでから出発させると、さらに追加報酬を獲得できます。
26497	Can only be used during Madogear Pilot Ride. In a Two-Handed setup, equips ${1} Vulcan Arm in each hand and Launches attacks at ${3} designated enemies within ${2} meters, dealing ${4} hits of Neutral Ranged Physical damage equal to PATK * ^{1}${5}%^{2}. Damage dealt to enemies carrying 【Melody Bubble】 is increased by an Extra ^{3}${6}%^{4}. Every ${7} Launches of 【Vulcan Arm】 triggers @{1} stack of 【Firepower Loaded】.\n【Firepower Loaded】: Each Launch from 【Melody Cannon】 fires ${8} Cannon rounds for ${9} activations.	魔導ギア騎乗中のみ使用可能。両手構成では各手に${1}基のバルカンアームを装備し、${2}m以内の指定した敵${3}体へ攻撃を放ち、PATK * ^{1}${5}%^{2}の無属性遠距離物理ダメージを${4}ヒット与えます。【メロディーバブル】を持つ敵へのダメージは追加で^{3}${6}%^{4}増加します。【バルカンアーム】を${7}回発射するごとに【火力装填済み】を@{1}スタック発動します。\n【火力装填済み】：次の${9}回、【メロディーキャノン】1回の発射弾数が${8}発になります。
26498	@{1}.Once the Festival Invitation begins, you may choose one Lucky Star to bet on. You may only bet on one Lucky Star, and your choice cannot be changed afterward.\n@{2}.You must place your bet before the Festival Invitation quiz begins. Betting is unavailable once the quiz has started.\n@{3}.If your chosen Lucky Star finishes in first place, every player who bet on that Lucky Star receives a reward.\n@{4}.The reward is determined by the number of players who correctly chose the winning Lucky Star and will be sent by mail.	@{1}.祝典の招待が始まると、賭けるラッキースターを1人選べます。賭けられるのは1人だけで、選択後は変更できません。\n@{2}.祝典の招待クイズが始まる前に賭ける必要があります。クイズ開始後は賭けられません。\n@{3}.選んだラッキースターが1位になると、そのラッキースターへ賭けたすべてのプレイヤーが報酬を獲得します。\n@{4}.報酬は優勝したラッキースターを正しく選んだプレイヤー数に応じて決まり、メールで送付されます。
26499	At the start of each tournament, all guilds will be automatically registered at @{1}:@{2} on Monday. The System will then assign each guild to a division and match based on its group ranking from the previous tournament. (For the first tournament of each Season, divisions will be determined by the Combat Power of each guild's Members.) Each guild will compete in three matches: the preliminaries, semifinals, and finals. After the finals, the System will determine the group rankings based on the results of all three matches.	各大会開始時、月曜@{1}:@{2}にすべてのギルドが自動登録されます。その後、システムは前回大会のグループ順位に基づいて各ギルドの階級とマッチを割り当てます。（各シーズン最初の大会では、各ギルドメンバーの戦闘力に基づいて階級が決まります。）各ギルドは予選、準決勝、決勝の3試合を行います。決勝終了後、システムは3試合すべての結果からグループ順位を決定します。
26500	Spear-exclusive skill. Deals Neutral Ranged Physical damage equal to PATK * ^{1}${2}%+${8}^{2} to the designated ST enemy within ${1} meters and ${10} Other enemies within ${9} meters of the target. Each hit against the same enemy shatters the target's body parts in sequence, applying the following effects for ${3} seconds: 【Shattered Ankle】Reduces MSPD. by ^{3}${4}%^{4}; 【Shattered Wrist】reduces ASPD by ^{5}${5}%^{6}; 【Shattered Lumbar】reduces PDEF by ^{7}${6}%^{8}; 【Shattered Neck】reduces DMG Reduction by ^{9}${7}%^{10}.	槍専用スキル。${1}m以内の指定した単体の敵と、対象から${9}m以内の他の最大${10}体の敵へPATK * ^{1}${2}%+${8}^{2}の無属性遠距離物理ダメージを与えます。同じ敵へ命中するたび、対象の部位を順番に破壊し、${3}秒間以下の効果を付与します：【足首破砕】移動速度を^{3}${4}%^{4}低下、【手首破砕】ASPDを^{5}${5}%^{6}低下、【腰部破砕】PDEFを^{7}${6}%^{8}低下、【頸部破砕】ダメージ軽減を^{9}${7}%^{10}低下。
26501	Summons a meteor, dealing Magic ATK * ^{1}${3}%^{2} Fire-element ranged magic damage to up to ${8} enemies within a ${2}-meter radius around the target within ${1} meters of you, with a ${4}% Chance to trigger ^{3}【Falling Star】^{4}. While you are in the ^{5}【Reading】^{6} state, if the ^{7}【Pages】^{8} Floors reach ${9} or higher, this skill is cast one Extra time, then consumes ${9} Floors of ^{9}【Pages】^{10}. ^{11}【Falling Star】^{12}: Deals Fire-element ranged magic damage equal to the caster's Magic ATK * ^{13}${7}%^{14}.	メテオを召喚し、自身から${1}m以内の対象を中心とする半径${2}m範囲内の最大${8}体の敵へ、魔法攻撃力 * ^{1}${3}%^{2}の火属性遠距離魔法ダメージを与えます。${4}%の確率で^{3}【フォーリングスター】^{4}を発動します。^{5}【リーディング】^{6}状態で^{7}【ページ】^{8}が${9}スタック以上の場合、このスキルを追加で1回発動した後、^{9}【ページ】^{10}を${9}スタック消費します。^{11}【フォーリングスター】^{12}：使用者の魔法攻撃力 * ^{13}${7}%^{14}の火属性遠距離魔法ダメージを与えます。
26502	@{1}.Only players who are mutual friends can gift each other Appearance items sold in the Shop.\n@{2}.You can Switch the recipient on the gifting screen.\n@{3}.After you confirm the gift, it will be Sent to the recipient's Friend Chat. Once the recipient accepts it, the Appearance will be unlocked in their Wardrobe.\n@{4}.The corresponding Currency will be deducted once the gift is confirmed. If the recipient does not accept it within the allotted time, the gift will expire and the deducted Currency will be Returned by mail.	@{1}.互いにフレンドであるプレイヤー同士のみ、ショップで販売されている外見アイテムを贈れます。\n@{2}.ギフト画面で受取人を切り替えられます。\n@{3}.ギフトを確定すると、受取人のフレンドチャットへ送信されます。受取人が受け取ると、外見がワードローブで解放されます。\n@{4}.ギフト確定時に対応する通貨が差し引かれます。受取人が制限時間内に受け取らなかった場合、ギフトは期限切れとなり、差し引かれた通貨はメールで返却されます。
26503	The Eden Group has special Clues that Adventurers can follow to experience unusual events and help the Eden Group collect the mysterious treasures they produce. You will also receive a share as a reward.\nRules:\n@{1}.All rewards reset ^{1}every Monday at @{2}:@{3}^{2}. Each chest has a claim limit per cycle\n@{4}.The activities in the Commendation Vault rotate weekly. All activities ^{3}share the Reward Count for Standard Reward Chests^{4}\n@{5}.Each activity in the Commendation Vault also offers its own unique Rare rewards	楽園団には特別な手がかりがあり、冒険者はそれをたどって珍しい出来事を体験し、そこで生まれる不思議な宝を楽園団が集めるのを手伝えます。報酬として分け前も受け取れます。\nルール：\n@{1}.すべての報酬は^{1}毎週月曜@{2}:@{3}^{2}にリセットされます。各宝箱には1周期ごとの受取上限があります。\n@{4}.表彰保管庫のコンテンツは毎週入れ替わります。すべてのコンテンツで^{3}通常報酬宝箱の報酬回数を共有します^{4}。\n@{5}.表彰保管庫の各コンテンツには、それぞれ固有のレア報酬もあります。
26504	Silver Moon Witch Summons Moonlight to strike the selected location, dealing Neutral Ranged ^{5}Adaptive Damage^{6} equal to the owner's ^{1}Adaptive Attack^{2}*^{3}${4}%^{4} to up to ${3} enemies within the designated ${2}-meter-radius area within ${1} meters of the owner. For the next ${5} sec, hitting an enemy has a ^{7}${6}%^{8} Chance to grant the owner ^{9}^{10}【Moonlight】^{11}^{12}, increasing damage by ^{13}${7}%^{14} for ${8} sec. This DMG Bonus is guaranteed if the target hit is more than ${9} meters away from You.	シルバームーンウィッチが月光を召喚して選択地点へ降らせ、所有者から${1}m以内に指定した半径${2}mの範囲内の最大${3}体の敵へ、所有者の^{1}適応攻撃^{2}*^{3}${4}%^{4}の無属性遠距離^{5}適応ダメージ^{6}を与えます。その後${5}秒間、敵へ命中すると^{7}${6}%^{8}の確率で所有者に^{9}^{10}【ムーンライト】^{11}^{12}を付与し、${8}秒間ダメージを^{13}${7}%^{14}増加させます。命中した対象が自身から${9}mより離れている場合、このダメージボーナスは必ず発動します。
26505	@{1}.Victory Conditions\nThe first Faction to reach @{2} Faction points wins. If neither does, the Faction with the most points when time expires wins.\n@{3}.Faction Scoring Rules\nScore by killing Players, damaging the Boss, reducing the Boss to @{4}% HP, killing the Boss, or killing minor monsters.\n@{5}.Battlefield Skill\nBattlefield Skills periodically appear nearby. Pick them up to gain powerful skills.\n@{6}.Sudden Death Phase\nSudden Death begins during the final minute. All Score is doubled, and Revive is Accelerated.	@{1}.勝利条件\n先に勢力ポイント@{2}へ到達した勢力が勝利します。どちらも到達しなかった場合、時間切れ時にポイントが多い勢力が勝利します。\n@{3}.勢力スコアルール\nプレイヤー撃破、BOSSへのダメージ、BOSSのHPを@{4}%まで減らす、BOSS撃破、小型モンスター撃破でスコアを獲得します。\n@{5}.戦場スキル\n周囲に戦場スキルが周期的に出現します。拾うと強力なスキルを獲得できます。\n@{6}.サドンデスフェーズ\n最後の1分間にサドンデスが始まります。すべてのスコアが2倍になり、復活が加速します。
26506	Two-Handed Spear skill. Deals Neutral Melee Physical DMG equal to PATK * ^{3}${3}%^{4} and inflicts ^{1}Knockback^{2} on up to ${6} enemies in a ${2} * ${1}-meter area in front of you. For every ${8}% ASPD, this DMG increases by ^{5}${9}%^{6}, up to @{1}% ASPD. Move ${12} meters in that direction, then inflict ^{7}Knock-Up^{8} and deal Neutral Melee Physical DMG equal to PATK * ^{9}${5}%^{10} to the targets. For every ${10}% ASPD, this DMG increases by ^{11}${11}%^{12}. You have ^{13}^{14}Immunity^{15}^{16} while using the skill.	両手槍スキル。前方${2} * ${1}m範囲内の最大${6}体の敵へPATK * ^{3}${3}%^{4}の無属性近接物理ダメージを与え、^{1}ノックバック^{2}させます。ASPDが${8}%上昇するごとに、このダメージが^{5}${9}%^{6}増加し、最大@{1}% ASPDまで有効です。その方向へ${12}m移動した後、対象を^{7}打ち上げ^{8}、PATK * ^{9}${5}%^{10}の無属性近接物理ダメージを与えます。ASPDが${10}%上昇するごとに、このダメージが^{11}${11}%^{12}増加します。使用中は^{13}^{14}無敵^{15}^{16}です。
26507	@{1}.You helped make the city prosper, so Prontera now offers Stall services to all Adventurers.\n@{2}.Stalls are permitted in all open-world areas. Stall listings are not shared between channels.\n@{3}.Please Keep a suitable Distance from other Adventurers' Stalls. You cannot set up a Stall too close to another one.\n@{4}.There is no daily limit on how many times you may set up a Stall.\n@{5}.Items from Stall sales and closing a Stall are delivered by mail.\n@{6}.You may change the price and quantity of items in your Stall at any time.	@{1}.あなたの貢献で街が繁栄したため、プロンテラではすべての冒険者へ露店サービスを提供しています。\n@{2}.露店はすべてのオープンワールドエリアで設置できます。露店情報はチャンネル間で共有されません。\n@{3}.他の冒険者の露店とは適切な距離を保ってください。他の露店の近くには設置できません。\n@{4}.1日に露店を設置できる回数に制限はありません。\n@{5}.露店で販売したアイテムや露店を閉じた際のアイテムはメールで届きます。\n@{6}.露店内のアイテムの価格と数量はいつでも変更できます。
26508	1. You receive 60 minutes of Field Battle Reward Time each day. While you have Field Battle Reward Time, killing monsters in the field grants large amounts of EXP and materials, making it the fastest way to Level-up.\n2. Once your Field Battle Reward Time runs out, killing monsters in the field will no longer grant drops.\n3. You can manually Pause Field Battle Reward Time. While paused, killing monsters in the field will not consume Field Battle Reward Time, but will not grant drops either. Adventurer, make good use of your battle time!	1. 毎日60分のフィールド戦闘報酬時間を獲得します。フィールド戦闘報酬時間が残っている間、フィールドのモンスターを倒すと大量のEXPと素材を獲得でき、最も速くレベルアップできます。\n2. フィールド戦闘報酬時間を使い切ると、フィールドのモンスターを倒してもドロップを獲得できなくなります。\n3. フィールド戦闘報酬時間は手動で一時停止できます。一時停止中はフィールドのモンスターを倒しても時間を消費しませんが、ドロップも獲得できません。冒険者よ、戦闘時間を有効に使いましょう！
26509	Dear Player:\nTo maintain a fair and healthy gaming environment and protect the rights of all players, we detected unusual activity on your account. Please stop this activity immediately, check your device for third-party assistance software, and uninstall any such software. If you do not promptly correct your current gameplay behavior, the System may place further restrictions on your account. Please comply with the game rules as soon as possible.\nThank You for your understanding and cooperation in maintaining a healthy gaming environment.	プレイヤー様へ：\n公平で健全なゲーム環境を維持し、すべてのプレイヤーの権利を守るため、お客様のアカウントで異常な挙動を検出しました。直ちに該当行為を停止し、ご使用の端末にサードパーティ製補助ソフトウェアがないか確認のうえ、存在する場合はアンインストールしてください。現在のプレイ行為を速やかに是正しない場合、システムがお客様のアカウントへさらなる制限を行う可能性があります。早急にゲームルールを遵守してください。\n健全なゲーム環境の維持にご理解とご協力をお願いいたします。
26510	Can only be cast while the Falcon is in Follow mode. Commander the Falcon to Initiate an assault on a designated distant target, dealing PATK * ^{1}${4}% + ${5}^{2} Neutral Ranged Physical DMG to the designated ST enemy within ${1} meters and up to ${3} Other enemies within ${2} meters of the target. Every ^{3}${6}^{4} AGI increases this DMG by ^{5}${7}%^{6}. When using a Basic Attack, the Falcon has a ^{7}${8}%^{8} Chance to cast ^{9}【Blitz Beat】^{10} on the enemy, dealing ^{11}${9}%^{12} of the original skill's Neutral Ranged Physical DMG.	ファルコンが追従モードの時のみ使用できます。ファルコンに遠距離の指定対象への強襲を命じ、${1}m以内の指定した単体の敵と、その対象から${2}m以内の他の最大${3}体の敵へPATK * ^{1}${4}% + ${5}^{2}の無属性遠距離物理ダメージを与えます。AGIが^{3}${6}^{4}増えるごとに、このダメージが^{5}${7}%^{6}増加します。通常攻撃時、ファルコンは^{7}${8}%^{8}の確率で敵へ^{9}【ブリッツビート】^{10}を発動し、元スキルの^{11}${9}%^{12}に相当する無属性遠距離物理ダメージを与えます。
26511	@{1}.The first time any Adventurer Leaves Guild, there is no penalty period, and they may Join another guild immediately.\n@{2}.If an Adventurer is below Lv. @{3}, the penalty period for subsequently Leaving Guild is @{4} minutes. If an Adventurer is above Lv. @{5}, the penalty period is @{6} hours.\n@{7}.Adventurers who are Banished from Guild have no penalty period and may Join another guild immediately.\n@{8}.If you Return to your former guild within @{9} weeks of leaving, your Guild Funds Donation amount and Total Contribution will be Kept.	@{1}.冒険者が初めてギルドを脱退する場合、ペナルティ時間はなく、すぐに別のギルドへ加入できます。\n@{2}.冒険者がLv. @{3}未満の場合、2回目以降のギルド脱退時のペナルティ時間は@{4}分です。Lv. @{5}を超えている場合、ペナルティ時間は@{6}時間です。\n@{7}.ギルドから追放された冒険者にはペナルティ時間がなく、すぐに別のギルドへ加入できます。\n@{8}.脱退後@{9}週間以内に元のギルドへ戻ると、ギルド資金寄付額と累計貢献度が維持されます。
26512	During the event, clear the Realm of Gods on Normal difficulty without using the Praiser Priest's Revive skill to complete the challenge successfully.\n@{1}. Rankings will be based on your actual clear time.\n @{2}. Using the Praiser Priest's Revive skill will result in challenge failure, and the result will not count toward the event.\n @{3}. You may Repeat the challenge after clearing it. Only your best result will appear on the leaderboard.\n @{4}. Rewards will be distributed after the event ends. The higher your ranking, the better the rewards!	イベント期間中、プライザープリーストの復活スキルを使用せずに通常難易度の神々の領域をクリアすると、挑戦成功となります。\n@{1}. ランキングは実際のクリアタイムに基づきます。\n @{2}. プライザープリーストの復活スキルを使用すると挑戦失敗となり、その結果はイベント成績へ反映されません。\n @{3}. クリア後も繰り返し挑戦できます。ランキングには自己ベストのみ表示されます。\n @{4}. 報酬はイベント終了後に配布されます。順位が高いほど報酬も豪華になります！
26513	Drive your Weapon forcefully into the ground, unleashing a massive shockwave toward the locked-on target that deals ${4} hits of Neutral Ranged Physical damage equal to PATK * ^{1}${5}%^{2} in total to up to ${3} enemies within a ${1}m × ${2}m area in front of you (^{3}^{4}Luck Resonance ${7}%^{5}^{6}), inflicting Knock-Up and ^{7}【Immobilize】^{8} for ${6} seconds. You gain ^{9}【Furious Storm】^{10}. ^{11}【Furious Storm】^{12}: Removes all current 【Rain of Spears】 charges and grants @{1} stacks of ^{13}^{14}【Hundred Spear - Enhance】^{15}^{16} charges.	武器を力強く地面へ突き立て、ロックオンした対象へ巨大な衝撃波を放ち、前方${1}m × ${2}m範囲内の最大${3}体の敵へ、合計PATK * ^{1}${5}%^{2}の無属性遠距離物理ダメージを${4}ヒット与えます（^{3}^{4}LUK共鳴 ${7}%^{5}^{6}）。対象を打ち上げ、${6}秒間^{7}【移動不能】^{8}を付与します。自身は^{9}【フューリアスストーム】^{10}を獲得します。^{11}【フューリアスストーム】^{12}：現在の【レインオブスピア】チャージをすべて解除し、^{13}^{14}【ハンドレッドスピア - 強化】^{15}^{16}のチャージを@{1}スタック獲得します。
26514	Drives the Weapon into the ground, unleashing a massive shockwave toward the locked-on target that deals Neutral Ranged Physical damage totaling PATK * ^{1}${5}%^{2} over ${4} hits to up to ${3} enemies in a ${1}-meter by ${2}-meter area in front of You (^{3}^{4}Luck Resonance ${7}%^{5}^{6}), inflicts Knock-Up and ^{7}^{8}【Immobilize】^{9}^{10} for ${6} seconds, and triggers ^{11}【Furious Storm】^{12} on You. ^{13}【Furious Storm】^{14}: Clears all current 【Rain of Spears】 charges and grants @{1} charges of ^{15}^{16}【Hundred Spear - Enhance】^{17}^{18}.	武器を地面へ突き立て、ロックオンした対象へ巨大な衝撃波を放ち、前方${1}m × ${2}m範囲内の最大${3}体の敵へ、${4}ヒット合計PATK * ^{1}${5}%^{2}の無属性遠距離物理ダメージを与えます（^{3}^{4}LUK共鳴 ${7}%^{5}^{6}）。対象を打ち上げ、${6}秒間^{7}^{8}【移動不能】^{9}^{10}を付与し、自身に^{11}【フューリアスストーム】^{12}を発動します。^{13}【フューリアスストーム】^{14}：現在の【レインオブスピア】チャージをすべて解除し、^{15}^{16}【ハンドレッドスピア - 強化】^{17}^{18}のチャージを@{1}獲得します。
26515	Shocks and imprisons targets with music, enveloping ${1} enemies within ${2} meters and dealing Ghost Ranged Magic DMG equal to MATK * ^{1}${3}%^{2}. The targets become ^{3}^{4}【Immobilize】^{5}^{6} for ${4} seconds and gain ^{7}^{8}【Prison】^{9}^{10} for ${5} seconds, granting the caster a ${6}% DMG Bonus against them. When a target takes damage from 【Soul Expansion】 within ${7} seconds, it triggers @{1} instance of Ghost Ranged Magic DMG equal to MATK * ^{11}${9}%^{12} within a ${8}-meter radius. This can trigger up to @{2} times every ${10} seconds.	音楽で対象へ衝撃を与えて拘束し、${2}m以内の敵${1}体を包み込み、MATK * ^{1}${3}%^{2}の念属性遠距離魔法ダメージを与えます。対象へ${4}秒間^{3}^{4}【移動不能】^{5}^{6}、${5}秒間^{7}^{8}【プリズン】^{9}^{10}を付与し、使用者が対象へ与えるダメージを${6}%増加させます。${7}秒以内に対象が【ソウルエクスパンション】のダメージを受けると、${8}m以内にMATK * ^{11}${9}%^{12}の念属性遠距離魔法ダメージを@{1}回発生させます。${10}秒ごとに最大@{2}回発動します。
26516	Guild Funds Rankings Rules:\n@{1}.Each Guild Member can earn Guild Funds by completing Royal Caravan activities.\n@{2}.In Territory War, Guild Funds are a vital Currency used to purchase cannons, vehicles, and other important battlefield equipment.\n@{3}.The Guild Master and Vice Guild Master can also spend Guild Funds to purchase Benefits Packs for the entire guild.\n@{4}.Other players can view the guild's Guild Funds rankings on the 【Join a guild】 screen. Don't forget to complete your daily Guild Caravan turn-in quest and make a Donation to your guild!	ギルド資金ランキングルール：\n@{1}.各ギルドメンバーは王国キャラバンのコンテンツを完了するとギルド資金を獲得できます。\n@{2}.領地戦では、ギルド資金は大砲、車両などの重要な戦場装備を購入するための重要な通貨です。\n@{3}.ギルドマスターと副ギルドマスターは、ギルド資金を使ってギルド全体向けの特典パックも購入できます。\n@{4}.他のプレイヤーは【ギルド加入】画面でギルド資金ランキングを確認できます。毎日のギルドキャラバン納品クエストを完了し、ギルドへ寄付することも忘れずに！
26517	@{1}.During the listing and auction periods, you can Pre-purchase or bid on multiple Auction House items at once;\n@{2}.When the auction officially begins, Pre-purchase searches all listings for the lowest-priced batch of items and initiates batch Auto-Bid;\n@{3}.The full Pre-purchase price will be deducted from your Currency upfront. If canceled or outbid, the Currency will be returned by mail;\n@{4}.Because Pre-purchase searches for the lowest-priced listings available, you may initiate Auto-Bid on the same item as another player. Please keep this in mind.	@{1}.出品期間およびオークション期間中、複数のオークションハウス商品を同時に事前購入または入札できます。\n@{2}.オークションが正式に始まると、事前購入では全出品から最安値の一群を検索し、一括自動入札を開始します。\n@{3}.事前購入価格の全額があらかじめ通貨から差し引かれます。キャンセルまたは競り負けた場合、通貨はメールで返却されます。\n@{4}.事前購入は利用可能な最安値の出品を検索するため、他のプレイヤーと同じ商品へ自動入札を開始する場合があります。あらかじめご了承ください。
26518	Two-Handed Spear-exclusive skill. Leap high into the air and land in a designated area within ${2} meters, dealing a total of PATK *^{1}${3}%+${8}^{2} Neutral melee Physical DMG to up to ${7} targets on the Enemy Team within a ${1}-meter radius. (For every @{1}% ASPD, gain a ^{3}${9}%^{4} DMG Bonus, Active up to @{2}% ASPD.) Also inflicts ^{5}【Immobilize】^{6} for ${4} seconds. Gain ^{7}^{8}Immunity^{9}^{10} during the skill. For each Enemy Team target HIT, gain 1 stack of Shield equal to ^{11}${6}%^{12} of Max Life for ${10} seconds, stacking up to @{3} times.	両手槍専用スキル。高く跳び上がり、${2}m以内の指定地点へ着地して、半径${1}m以内の敵チーム最大${7}体へ合計PATK *^{1}${3}%+${8}^{2}の無属性近接物理ダメージを与えます。（ASPDが@{1}%上昇するごとに^{3}${9}%^{4}のダメージボーナスを獲得し、最大@{2}% ASPDまで有効です。）さらに${4}秒間^{5}【移動不能】^{6}を付与します。スキル中は^{7}^{8}無敵^{9}^{10}です。敵チームの対象1体に命中するごとに、最大HPの^{11}${6}%^{12}に相当するシールドを1スタック${10}秒間獲得し、最大@{3}スタックまで重複します。
26519	Dormant musical energy lies silently awaiting its awakening, ready to sound the prelude of creation...\nSolve the note puzzles and play the melody to fill the continent with musical energy.\n\n^{1}Note Clues^{2}\nDuring the event, several ^{3}Note Clues^{4} are scattered throughout a certain city each day. Obtain a Clue to reveal the answer to its corresponding note puzzle. Some Clues can be obtained from a mysterious person.\nThe melody can only be played successfully when ^{5}all notes are selected correctly^{6}. Search for Note Clues to uncover more answers!	眠れる音楽エネルギーが静かに目覚めを待ち、創世の前奏曲を奏でようとしています……\n音符の謎を解き、旋律を奏でて大陸を音楽エネルギーで満たしましょう。\n\n^{1}音符の手がかり^{2}\nイベント期間中、毎日ある都市の各地に複数の^{3}音符の手がかり^{4}が散らばります。手がかりを入手すると、対応する音符パズルの答えが明らかになります。一部の手がかりは謎の人物から入手できます。\n^{5}すべての音符を正しく選択^{6}した時のみ、旋律を正しく演奏できます。音符の手がかりを探して、さらに多くの答えを見つけましょう！
26520	Can only be used while riding Madogear. Consumes HP equal to ^{1}${7}%^{2} of your Max HP and converts it into a 【Shield】 for @{1} seconds. Immediately removes all Control effects from you, then begins a ${1}-second countdown before using Energy Release. You have 【Immunity】 during the countdown. When the countdown ends, deal Neutral Melee Physical DMG equal to PATK * ^{3}${4}%^{4} to up to ${3} targets within a ${2}-meter radius and inflict Knock-Up. You then lose ${5}% of your current Max HP. This HP loss cannot be fatal. Reduces MSPD. by @{2}% for ${6} seconds.	魔導ギア騎乗中のみ使用可能。最大HPの^{1}${7}%^{2}に相当するHPを消費し、@{1}秒間持続する【シールド】へ変換します。自身のすべての行動妨害効果を即座に解除し、${1}秒のカウントダウン後にエネルギー解放を使用します。カウントダウン中は【無敵】です。終了時、半径${2}m以内の最大${3}体の対象へPATK * ^{3}${4}%^{4}の無属性近接物理ダメージを与えて打ち上げます。その後、現在の最大HPの${5}%を失います。このHP減少で死亡することはありません。${6}秒間、移動速度が@{2}%低下します。
26521	Can only be used in Madogear Pilot Ride mode. With a Two-Handed setup, equip ${1} Vulcan Arm in each hand, then Launch at ${3} designated enemies within ${2} meters, dealing ${4} hits of Neutral Ranged Physical damage equal to PATK *^{1}${5}%^{2}. Damage dealt to enemies carrying 【Melody Bubble】 is increased by an Extra ^{3}${6}%^{4}. Every ${7} Launches of 【Vulcan Arm】 trigger 【Firepower Loaded】 @{1} time.\n【Firepower Loaded】: Each Launch of 【Melody Cannon】 increases the number of Cannons fired to ${8} for ${9} Launches and increases Crit Chance by ^{5}${10}%^{6}."	魔導ギア騎乗モード中のみ使用可能。両手構成では各手に${1}基のバルカンアームを装備し、${2}m以内の指定した敵${3}体へ発射して、PATK *^{1}${5}%^{2}の無属性遠距離物理ダメージを${4}ヒット与えます。【メロディーバブル】を持つ敵へのダメージは追加で^{3}${6}%^{4}増加します。【バルカンアーム】を${7}回発射するごとに【火力装填済み】を@{1}回発動します。\n【火力装填済み】：次の${9}回、【メロディーキャノン】1回の発射弾数が${8}発に増加し、クリティカル率が^{5}${10}%^{6}増加します。"
26522	This game is suitable for users aged 12 and older. Minors should play under parental supervision. For your health, please limit your playtime appropriately. Our company actively abides by the Online Game Industry Self-Regulation Convention on Preventing Gaming Addiction. According to the National Press and Publication Administration's Notification on Preventing Minors from Becoming Addicted to Online Games, all online game users must complete real-name account registration using valid identification information. Minors are subject to anti-addiction Function restrictions.	本ゲームは12歳以上のユーザーを対象としています。未成年者は保護者の監督のもとでプレイしてください。健康のため、プレイ時間を適切に制限してください。当社は「ゲーム依存防止に関するオンラインゲーム業界自主規制規約」を積極的に遵守しています。国家新聞出版署の「未成年者のオンラインゲーム依存防止に関する通知」に基づき、すべてのオンラインゲームユーザーは有効な本人確認情報を使用して実名アカウント登録を完了する必要があります。未成年者には依存防止機能による制限が適用されます。
26523	Two-Handed Spear-exclusive skill. Continuously spins the spear, dealing a total of PATK * ^{5}${3}%^{6} Neutral melee Physical damage to up to ^{3}${2}^{4} targets on the Enemy Team within a ^{1}${1}^{2}-meter radius (for every ${8}% ASPD, gains ^{7}${10}%^{8} DMG Bonus, Active up to @{1}% ASPD) and slowing them by ^{9}${4}%^{10} for ${5} seconds, stacking up to ${9} times. The final HIT inflicts ^{11}Knockback^{12}. While the skill is Active, grants Immunity and reduces damage taken by ^{13}${7}%^{14}. (While mounted on a Gryphon, you can Move while casting this skill.)	両手槍専用スキル。槍を連続回転させ、半径^{1}${1}^{2}m以内の敵チーム最大^{3}${2}^{4}体へ合計PATK * ^{5}${3}%^{6}の無属性近接物理ダメージを与えます（ASPDが${8}%上昇するごとに^{7}${10}%^{8}のダメージボーナスを獲得し、最大@{1}% ASPDまで有効です）。さらに${5}秒間^{9}${4}%^{10}減速させ、最大${9}スタックまで重複します。最終ヒットは^{11}ノックバック^{12}させます。スキル発動中は無敵となり、受けるダメージが^{13}${7}%^{14}軽減されます。（グリフォン騎乗中は、このスキルを使用しながら移動できます。）
26524	During the event, challenge Ilmatar, God of Nature on Desperate difficulty. Rankings are based on the shortest clear time for each stage.\n@{1}. You may participate multiple times during the event. The rankings will update based on your best result.\n@{2}. Each stage can be challenged repeatedly. Your total clear time will be updated based on your best time for each stage.\n@{3}. At event Settlement, each guild Member will receive event rewards.\n@{4}. Rewards will be distributed according to the final rankings when the event ends. The higher your rank, the better the rewards!	イベント期間中、絶望難易度の自然神イルマタへ挑戦します。ランキングは各ステージの最短クリアタイムに基づきます。\n@{1}. イベント期間中は何度でも参加でき、自己ベストに応じてランキングが更新されます。\n@{2}. 各ステージは繰り返し挑戦でき、各ステージの自己ベストに基づいて合計クリアタイムが更新されます。\n@{3}. イベント精算時、各ギルドメンバーへイベント報酬が配布されます。\n@{4}. イベント終了時の最終ランキングに応じて報酬が配布されます。順位が高いほど報酬も豪華になります！
26525	Can only be used and take effect while mounted on the Demonic Wolf. The Demonic Wolf howls loudly and enters the ^{3}【King of the Pack】^{4} state for ^{1}${1}^{2} sec. During this time, casting 【Warg Charge】 causes ${2} wolf followers to charge alongside you, dealing ${2} Extra hits of Neutral melee Physical damage totaling Physical ATK*^{5}${3}%^{6} to the target. Casting 【Warg Bite】 causes ${4} wolf followers to bite the target, dealing ${4} hits of Neutral melee Physical damage totaling Physical ATK*^{7}${5}%^{8}. 【Warg Hunt】 becomes ^{9}^{10}【Enhanced Warg Hunt】^{11}^{12}.	デモニックウルフ騎乗中のみ使用・効果発動します。デモニックウルフが大きく咆哮し、^{1}${1}^{2}秒間^{3}【群れの王】^{4}状態になります。この間、【ウォーグチャージ】使用時に${2}体のウルフフォロワーが共に突進し、対象へ合計物理攻撃力*^{5}${3}%^{6}の無属性近接物理ダメージを追加で${2}ヒット与えます。【ウォーグバイト】使用時に${4}体のウルフフォロワーが対象へ噛みつき、合計物理攻撃力*^{7}${5}%^{8}の無属性近接物理ダメージを${4}ヒット与えます。【ウォーグハント】は^{9}^{10}【強化ウォーグハント】^{11}^{12}になります。
26526	Auction Eligibility:\nGuilds with ≥ n members may participate in the Stronghold War qualification auction. Guilds that do not meet this requirement may not participate.\n\nAuction Cost:\nGuild Supplies are consumed to bid for the right to participate in Stronghold War.\n\nAuction Permissions:\nOnly certain guild ranks have permission to perform auction-related actions.\n\nAuction Rules:\nThe corresponding amount of Guild Supplies will be deducted when a bid is successfully placed.\nOnce a guild places a bid, it cannot withdraw or lower the bid. Bids may only be raised manually.	オークション参加資格：\nメンバーがn人以上のギルドは拠点戦参加資格オークションへ参加できます。条件を満たさないギルドは参加できません。\n\nオークション費用：\nギルド物資を消費して拠点戦への参加権を入札します。\n\nオークション権限：\n一部のギルド役職のみ、オークション関連操作を行う権限があります。\n\nオークションルール：\n入札が成立すると、対応する量のギルド物資が差し引かれます。\n一度入札すると撤回や減額はできず、手動で増額のみ可能です。
26527	Guild Prestige Acquisition Rules:\n@{1}.^{1}Guild Prestige represents a guild's Battle strength^{2}. It is not Cleared between Seasons. Every Season, all guilds across the server group are ranked by Prestige, and the results are Permanently Recorded.\n@{2}.When Guild Members participate in guild battlefield modes—Guild Territory War (Stronghold War, Escort Battle, Regional Capital War/Royal City War)—their Defeats on the battlefield are converted into Guild Prestige.\n@{3}.Victory or defeat in guild battlefield modes also affects the amount of Prestige awarded during Settlement.	ギルド名声獲得ルール：\n@{1}.^{1}ギルド名声はギルドの戦闘力を表します^{2}。シーズン間でリセットされません。毎シーズン、サーバーグループ内の全ギルドが名声順にランキングされ、その結果は永久に記録されます。\n@{2}.ギルドメンバーがギルド戦場モード――ギルド領地戦（拠点戦、護送戦、地方首都戦／王城戦）――へ参加すると、戦場での撃破数がギルド名声へ換算されます。\n@{3}.ギルド戦場モードの勝敗も、精算時に獲得する名声量へ影響します。
26528	(No Translation NeededAdventurers can deploy up to @{1} pets at once. Pet deployment is restricted by type, and no more than @{2} pets of the same type may be deployed.\nAdventurers can assign up to @{3} support pets at once.\nWhen deployed or assigned as support, a pet grants the Adventurer a percentage of its base attributes.\nWhen deployed or assigned as support, the pet's Passive Skill attributes and Skill Upgrade attributes take effect and are granted to the player.\nWhen a pet is deployed in slot @{4}, the Adventurer can automatically cast that pet's Protector Skill in battle.	冒険者は同時に最大@{1}体のペットを出撃できます。ペットの出撃にはタイプ制限があり、同じタイプは最大@{2}体まで出撃できます。\n冒険者は同時に最大@{3}体の支援ペットを配置できます。\n出撃または支援に配置されたペットは、自身の基礎属性の一定割合を冒険者へ付与します。\n出撃または支援に配置されたペットのパッシブスキル属性とスキル強化属性が有効となり、プレイヤーへ付与されます。\nペットをスロット@{4}へ出撃させると、冒険者は戦闘中にそのペットのプロテクタースキルを自動発動できます。
26529	1.Each Refine Level in Equipment Refining has a fixed success rate.\n2.Refining may fail. If it does, the Refine Level may decrease by 1.\n3.Failed refining attempts or level decreases grant Luck. Consecutive level decreases grant more bonus Luck.\n4.At a safe Refine Level, failed refining attempts will neither decrease the Refine Level nor grant Luck. Safe Refine Levels: 4/7/10/13/16/19/22/25.\n5.When using Blessed Ore, failed refining attempts will not decrease the Refine Level. Legend Ore increases the refining success rate and prevents the Refine Level from decreasing upon failure.	1.装備精錬では、各精錬Lv.に固定の成功率があります。\n2.精錬は失敗する場合があり、失敗すると精錬Lv.が1低下することがあります。\n3.精錬失敗またはレベル低下時に幸運値を獲得します。連続でレベルが低下すると、追加の幸運値をより多く獲得します。\n4.安全精錬Lv.では、精錬に失敗しても精錬Lv.は低下せず、幸運値も獲得しません。安全精錬Lv.：4/7/10/13/16/19/22/25。\n5.祝福鉱石を使用すると、精錬に失敗しても精錬Lv.は低下しません。伝説鉱石は精錬成功率を上げ、失敗時の精錬Lv.低下も防ぎます。
26530	Dear Player,\nThe System detected an irregularity in your Trade Market transaction at ${8} 【Trade Item:${1}, Trade Amount:${5}, Order No.:${7}】. We have decided to freeze the Zeny from this Trade. Frozen Zeny:${5}. Please check the in-game exclamation mark notification for the unfreeze time. Any further Trade violations detected during this period will result in more severe penalties. If you have any questions about this penalty, or any concerns, dissatisfaction, suggestions, or other requests regarding our game services, please contact Customer Support in-game to submit your feedback.${10}	プレイヤー様へ\nシステムがお客様の取引所での取引（${8} 【取引アイテム：${1}、取引数量：${5}、注文番号：${7}】）に異常を検出しました。この取引で得たZenyを凍結します。凍結Zeny：${5}。凍結解除時刻はゲーム内の「！」通知をご確認ください。この期間中にさらなる取引違反が検出された場合、より厳しい処罰が適用されます。本処罰へのご質問、または当社ゲームサービスに関するご意見、不満、ご提案、その他のご要望がある場合は、ゲーム内カスタマーサポートからフィードバックをお寄せください。${10}
26531	Sequentially deals Water, Fire, Earth, and Wind Ranged Magic damage totaling MATK * ^{1}${4}%^{2} over @{1} hits to up to ${3} enemies within a ${2}-meter radius of the target within ${1} meters of You, while applying ^{3}【Pull】^{4}. Each attack has a ${5}% Chance to inflict ^{5}^{6}【Frozen】^{7}^{8}, ^{9}^{10}【Meteorite】^{11}^{12}, ^{13}^{14}【Petrify】^{15}^{16}, or ^{17} ^{18}【Stun】^{19} ^{20}. This skill is guaranteed to inflict at least 1 of these Status Effects. While in the ^{21}^{22}【Reading】^{23}^{24} state, consumes ${6} stacks of ^{25}【Book Page】^{26} to cast this skill 1 Extra time.	水、火、地、風属性の遠距離魔法ダメージを順番に与えます。自身から${1}m以内の対象を中心とする半径${2}m範囲内の最大${3}体の敵へ、@{1}ヒット合計MATK * ^{1}${4}%^{2}のダメージを与えながら^{3}【引き寄せ】^{4}ます。各攻撃は${5}%の確率で^{5}^{6}【凍結】^{7}^{8}、^{9}^{10}【メテオライト】^{11}^{12}、^{13}^{14}【石化】^{15}^{16}、または^{17} ^{18}【スタン】^{19} ^{20}を付与します。このスキルは必ずこれらの状態異常のうち少なくとも1つを付与します。^{21}^{22}【リーディング】^{23}^{24}状態では、^{25}【ブックページ】^{26}を${6}スタック消費して、このスキルを追加で1回発動します。
26532	An interesting bounty was recently posted on the Prontera bulletin board. It's about an elusive band of Thieves. Those old sticks-in-the-mud in the guard have been investigating for ages without finding a single lead, and I thought this case would be right up your alley.\nThe pay is good, but more importantly, my instincts tell me there's more to this than meets the eye. You're resourceful, so I trust you to investigate it.\nI've already spoken to the guards, so just go take a look at the bounty notice. Follow the trail wherever it leads, and if you need any help, come find me at Eden Group anytime.	最近、プロンテラの掲示板に面白そうな賞金依頼が出ていた。神出鬼没の盗賊団についてだ。衛兵の頭の固い連中は長いこと調べているのに、手がかり一つ掴めていないらしい。こういう事件は君にぴったりだと思ってね。\n報酬も悪くないが、それ以上に私の勘では、見た目以上の何かがありそうだ。君ならうまく調べられると信じている。\n衛兵にはもう話を通してある。まずは賞金依頼を見てきてくれ。手がかりを追えるところまで追って、助けが必要ならいつでも楽園団にいる私を訪ねてくれ。
26533	Your pathetic attempt at sneaking around is downright painful to watch! What makes a Mouse hiding in the shadows like you think you're worthy of tracking the Z Group?\nYour relentless pursuit may be laughable, but at least you've shown a little courage. In our boundless mercy, we've decided to give you a chance to settle this face-to-face.\nIf you don't want to spend your life as a coward who does nothing but chase rumors around town, come alone to the pond in Southern Payon. We'll be waiting to show you what true power looks like.\nOf course, if you're scared, feel free to keep hiding in your shell!	その哀れなコソコソぶり、見ていて痛々しいぞ！影に隠れるネズミのようなお前が、なぜZグループを追う資格があると思った？\nしつこく追い回す姿は笑えるが、少しは度胸を見せたようだな。我々の限りない慈悲で、面と向かって決着をつける機会をやろう。\n街で噂を追い回すだけの臆病者として一生を終えたくないなら、フェイヨン南部の池へ一人で来い。本当の力というものを見せてやる。\nもちろん、怖いならそのまま殻に閉じこもっていても構わんぞ！
26534	Each guild may send up to @{1} Members into the Main Battlefield, and only Elite Members may Enter. The Main Battlefield has 3 capture points: Fire, Mountain, and Water. Capturing and maintaining control of these points grants Guild Points. Control is determined by which guild has more Members at the point. After a point is captured, it is Fortified for @{2} seconds and cannot change hands. Once the Battle begins, a Boss appears in the courtyard every @{3} minutes. The player who lands the Final Blow on the Boss receives a flag. Delivering the flag to a point controlled by your guild grants Guild Points.	各ギルドはメイン戦場へ最大@{1}人のメンバーを送り込めます。入場できるのは精鋭メンバーのみです。メイン戦場には火・山・水の3つの制圧地点があります。地点を占領して維持するとギルドポイントを獲得します。制圧権は、その地点にいるメンバー数が多いギルドに決まります。地点を占領すると@{2}秒間要塞化され、その間は制圧権が変わりません。戦闘開始後、@{3}分ごとに中庭へBOSSが出現します。BOSSへ最後の一撃を与えたプレイヤーは旗を獲得します。旗を自ギルドが支配する地点へ届けるとギルドポイントを獲得します。
26535	Each Season includes a series of “Chronicle of Time and Space” quests. Players' completion status will be checked at the time of Season Settlement.\nYou will receive the corresponding reward for every @{1} Chronicle of Time and Space quest completed. Some quests reward the Season-exclusive collectible “Space-Time Emblem,” which can be viewed under “Personal Space - Emblem Wall.”\nAny Chronicle of Time and Space quests left incomplete after the Settlement deadline can no longer be completed.\nWhen the Season ends, the System will automatically send any unclaimed Chronicle of Time and Space rewards by mail.	各シーズンには一連の「時空年代記」クエストがあります。プレイヤーの達成状況はシーズン精算時に確認されます。\n「時空年代記」クエストを@{1}個達成するごとに、対応する報酬を獲得します。一部のクエストではシーズン限定コレクション「時空の紋章」を獲得でき、「個人スペース - 紋章の壁」で確認できます。\n精算期限までに未達成の「時空年代記」クエストは、その後達成できなくなります。\nシーズン終了時、未受取の「時空年代記」報酬はシステムからメールで自動送付されます。
26536	Summons Bloody Butterfly to continuously flap its wings, creating a storm at the target location that Deals Neutral Ranged ^{5}Adaptive Damage^{6} equal to the owner's ^{1}Adaptive Attack^{2}*^{3}${4}%^{4} to up to ${3} enemies within the designated ${2}-meter-radius area within ${1} meters of the owner. Each hit restores HP to the owner equal to the owner's ^{7}Adaptive Attack^{8}*^{9}${5}%^{10}. The final hit Deals Neutral Ranged ^{15}Adaptive Damage^{16} equal to the owner's ^{11}Adaptive Attack^{12}*^{13}${7}%^{14} and restores HP to the owner equal to the owner's ^{17}Adaptive Attack^{18}*^{19}${8}%^{20}.	ブラッディバタフライを召喚して羽ばたかせ続け、所有者から${1}m以内に指定した半径${2}mの対象地点へ嵐を発生させます。範囲内の最大${3}体の敵へ所有者の^{1}適応攻撃^{2}*^{3}${4}%^{4}の無属性遠距離^{5}適応ダメージ^{6}を与えます。各ヒットで、所有者の^{7}適応攻撃^{8}*^{9}${5}%^{10}に相当するHPを所有者が回復します。最終ヒットは所有者の^{11}適応攻撃^{12}*^{13}${7}%^{14}の無属性遠距離^{15}適応ダメージ^{16}を与え、所有者の^{17}適応攻撃^{18}*^{19}${8}%^{20}に相当するHPを回復します。
26537	Concentrate your Soul Buster to distort space, dealing @{1} hits of Ghost Ranged Magic DMG equal to MATK * ^{1}${4}%^{2} (^{3}^{4}Dexterity Resonance ${8}%^{5}^{6}) to a selected ST enemy within a ${1}-meter radius of you and up to ${3} enemies in total within ${2} meters of that enemy, continuously ^{7}【pulling them in】^{8}. Then Terminate the distortion with a Burst, dealing @{2} hits of Ghost Ranged Magic DMG equal to MATK * ^{9}${5}%^{10} (^{11}^{12}Dexterity Resonance ${8}%^{13}^{14}). While ^{15}^{16}【Reading】^{17}^{18} is Active, consumes ${6} stacks of ^{19}【Book Page】^{20} to cast this skill ${7} Extra times.	ソウルバスターを集中させて空間を歪め、自身から半径${1}m以内の選択した単体の敵と、その敵から${2}m以内の敵を含む最大${3}体へ、MATK * ^{1}${4}%^{2}（^{3}^{4}DEX共鳴 ${8}%^{5}^{6}）の念属性遠距離魔法ダメージを@{1}ヒット与えながら、継続的に^{7}【引き寄せ】^{8}ます。その後、爆発で歪みを終わらせ、MATK * ^{9}${5}%^{10}（^{11}^{12}DEX共鳴 ${8}%^{13}^{14}）の念属性遠距離魔法ダメージを@{2}ヒット与えます。^{15}^{16}【リーディング】^{17}^{18}発動中は、^{19}【ブックページ】^{20}を${6}スタック消費して、このスキルを追加で${7}回発動します。
26538	Drops an iron ball from above, dealing Neutral melee ^{5}adaptive damage^{6} equal to the master's ^{1}Adaptive ATK^{2}*^{3}${4}%^{4} to up to ${3} enemies in a targeted area with a ${2}-meter radius within ${1} meters, with a ${5}% Chance to inflict ^{7}^{8}【Stun】^{9}^{10} for ${6} seconds. When this skill deals damage, or when the master deals damage within ${7} seconds after it is cast, additionally deals Neutral melee ^{15}adaptive damage^{16} equal to the master's ^{11}Adaptive ATK^{12}*^{13}${8}%^{14}, with a ${9}% Chance to inflict ^{17}^{18}【Stun】^{19}^{20} for ${10} seconds (internal Cooldown: ${11} seconds).	上空から鉄球を落とし、主人から${1}m以内に指定した半径${2}mの範囲内の最大${3}体の敵へ、主人の^{1}適応攻撃^{2}*^{3}${4}%^{4}の無属性近接^{5}適応ダメージ^{6}を与え、${5}%の確率で${6}秒間^{7}^{8}【スタン】^{9}^{10}を付与します。このスキルがダメージを与えた時、または使用後${7}秒以内に主人がダメージを与えた時、追加で主人の^{11}適応攻撃^{12}*^{13}${8}%^{14}の無属性近接^{15}適応ダメージ^{16}を与え、${9}%の確率で${10}秒間^{17}^{18}【スタン】^{19}^{20}を付与します（内部クールダウン：${11}秒）。
26539	1.The continent of Prontera is never short of Adventurers, and helping one another is considered its highest virtue.\n2.You can add other Adventurers as friends through the game world, chat channels, rankings, and more.\n3.After sending a friend request, you must wait for the other player to accept before you become friends.\n4.Team up with friends to participate in activities and complete quests to earn Intimacy Points and raise your Intimacy Level.\n5.Once you reach the required Intimacy Level, you will receive bonus effects when teamed up together.\n6.Friends can also exchange gifts to increase their Intimacy Points.	1.プロンテラ大陸には冒険者が絶えることなく、互いに助け合うことが最高の美徳とされています。\n2.ゲーム世界、チャットチャンネル、ランキングなどから他の冒険者をフレンドに追加できます。\n3.フレンド申請を送信した後、相手が承認するとフレンドになります。\n4.フレンドとチームを組んでコンテンツへ参加したり、クエストを完了したりすると親密度ポイントを獲得し、親密度Lv.を上げられます。\n5.必要な親密度Lv.に達すると、一緒にチームを組んだ時にボーナス効果を獲得します。\n6.フレンド同士でギフトを贈り合い、親密度ポイントを増やすこともできます。
26540	Uses Soul Buster to gather all Musical Notes, dealing Ghost Ranged Magic damage equal to MATK * ^{1}${4}%^{2} over @{1} hits to the designated ST enemy within a ${1}-meter radius of You and up to ${3} enemies within ${2} meters of the target (^{3}^{4}Dexterity Resonance ${8}%^{5}^{6}), while continuously applying ^{7}【Pull】^{8}. It then Terminate with an explosion, dealing Ghost Ranged Magic damage equal to MATK * ^{9}${5}%^{10} over @{2} hits (^{11}^{12}Dexterity Resonance ${8}%^{13}^{14}). While in the ^{15}^{16}【Reading】^{17}^{18} state, consumes ${6} stacks of ^{19}【Book Page】^{20} to cast this skill ${7} Extra times.	ソウルバスターで全ての音符を集め、自身から半径${1}m以内の指定した単体の敵と、その対象から${2}m以内の最大${3}体の敵へ、MATK * ^{1}${4}%^{2}の念属性遠距離魔法ダメージを@{1}ヒット与えます（^{3}^{4}DEX共鳴 ${8}%^{5}^{6}）。同時に継続して^{7}【引き寄せ】^{8}ます。その後、爆発して終了し、MATK * ^{9}${5}%^{10}の念属性遠距離魔法ダメージを@{2}ヒット与えます（^{11}^{12}DEX共鳴 ${8}%^{13}^{14}）。^{15}^{16}【リーディング】^{17}^{18}状態では、^{19}【ブックページ】^{20}を${6}スタック消費して、このスキルを追加で${7}回発動します。
26541	Shield skill. Can only be used in Gryphon State. Raise your Shield for ${11} seconds, protecting you and up to ${15} allies within a ${1}-meter radius and reducing DMG taken by ^{1}${4}%^{2}. During this time, your MSPD is ^{3}【reduced】^{4} by ${9}%, but you have ^{5}^{6}Immunity^{7}^{8}. Every ${7} seconds, inflict a ${5}-meter ^{9}Knockback^{10} in the direction you are Facing on up to ${12} members of the Enemy Team within ${5} meters in front of you and deal Neutral Melee Physical DMG equal to your PATK * ^{11}${13}%^{12}. When an enemy in front of you Deals DMG to you, trigger ^{13}^{14}【Spear Auto Counter】^{15}^{16}.	盾スキル。グリフォン状態でのみ使用可能。${11}秒間盾を構え、自身と半径${1}m以内の最大${15}人の味方を守り、受けるダメージを^{1}${4}%^{2}軽減します。この間、移動速度が${9}%^{3}【低下】^{4}しますが、^{5}^{6}無敵^{7}^{8}を獲得します。${7}秒ごとに、前方${5}m以内の敵チーム最大${12}人を自身が向いている方向へ${5}m^{9}ノックバック^{10}させ、PATK * ^{11}${13}%^{12}の無属性近接物理ダメージを与えます。前方の敵からダメージを受けると、^{13}^{14}【スピアオートカウンター】^{15}^{16}を発動します。
26542	During the event, participate in specific activities for a Chance to obtain Crystals. Crystals can be obtained from the following activities:\n@{1}. Daily MVP participation rewards\n@{2}. Rewards for making a total of @{3}, @{4}, @{5}, or @{6} Guild Supply submissions\n@{7}. Final Daily Activity Chest reward\nCollect a complete set of Crystals to open the Memory Coffer—the chest on the event page—and claim generous rewards. You can also request Crystals from Guild Members. Open the Memory Coffer multiple times to gradually unlock the progress reward, ^{1}Coffer of the Future^{2}, which contains rare resources for the next Season.	イベント期間中、指定コンテンツへ参加すると一定確率でクリスタルを獲得できます。クリスタルは以下から入手できます：\n@{1}. 毎日のMVP参加報酬\n@{2}. ギルド物資を合計@{3}、@{4}、@{5}、@{6}回納品した報酬\n@{7}. 毎日の最終活躍度宝箱報酬\nクリスタル一式を揃えると、イベント画面の宝箱「記憶の箱」を開いて豪華な報酬を獲得できます。ギルドメンバーへクリスタルをリクエストすることもできます。「記憶の箱」を複数回開くと、進捗報酬^{1}未来の箱^{2}が段階的に解放され、次シーズン向けのレア資源を獲得できます。
26543	Send an Invite: Rules\n@{1}.Sending a merge invite means ^{1}your guild is inviting the other guild to Merge into your guild^{2}.\n@{2}.After you send a merge invite, the merge process will begin once the other guild agrees and adjusts the number of members who will Merge into your guild so that it does not exceed your guild's available capacity.\n@{3}.The merge will be officially completed ^{3}at 5:00 AM the following day^{4}. If the other guild has more members to merge than your guild can accept when the merge occurs, the merge will fail.\n@{4}.If the merge fails, neither guild will undergo any changes or be affected in any way.	合併招待を送る：ルール\n@{1}.合併招待を送るとは、^{1}自分のギルドが相手ギルドへ、自分のギルドへ合併するよう招待することです^{2}。\n@{2}.合併招待を送信後、相手ギルドが同意し、自ギルドへ合併するメンバー数を自ギルドの空き枠以内へ調整すると、合併手続きが始まります。\n@{3}.合併は^{3}翌日午前5:00^{4}に正式完了します。合併時、相手ギルドから合併する人数が自ギルドの受入可能数を超えている場合、合併は失敗します。\n@{4}.合併が失敗した場合、どちらのギルドにも変更や影響はありません。
26544	@{1}.The continent of Prontera is never short on Adventurers, and helping one another is its noblest virtue.\n@{2}.You can add other Adventurers as friends through the game world, chat channels, rankings, and more.\n@{3}.After sending a friend request, you must wait for the other player to accept before you become friends.\n@{4}.Team up with friends to participate in activities, complete quests, and more to earn Intimacy Points and raise your Intimacy Level.\n@{5}.Once you reach the required Intimacy Level, you will receive bonus effects when teaming up together.\n@{6}.Friends can also exchange gifts to increase their Intimacy Points.	@{1}.プロンテラ大陸には冒険者が絶えることなく、互いに助け合うことが最も尊い美徳です。\n@{2}.ゲーム世界、チャットチャンネル、ランキングなどから他の冒険者をフレンドに追加できます。\n@{3}.フレンド申請を送信した後、相手が承認するとフレンドになります。\n@{4}.フレンドとチームを組んでコンテンツへ参加したり、クエストを完了したりすると親密度ポイントを獲得し、親密度Lv.を上げられます。\n@{5}.必要な親密度Lv.に達すると、一緒にチームを組んだ時にボーナス効果を獲得します。\n@{6}.フレンド同士でギフトを贈り合い、親密度ポイントを増やすこともできます。
26545	This event centers on Territory War and consists of two main parts:\n@{1}. Guild Quests: Rewards\nDuring the event, guilds can participate in Territory War and complete point-based quests, allowing each Guild Member to earn the corresponding rewards.\n@{2}. Guild Total Points Ranking Rewards\nDuring the event, the System will rank guilds across the Entire Server based on the Total Points accumulated by their members in Territory War. After the event ends, the highest-ranking guilds will receive tier-based rewards that all alliance members can claim. These rewards will provide vital resources and strategic advantages in future Territory Wars.	本イベントは領地戦を中心に、主に2つの内容で構成されます：\n@{1}. ギルドクエスト：報酬\nイベント期間中、ギルドは領地戦へ参加してポイント制クエストを完了でき、各ギルドメンバーは対応する報酬を獲得できます。\n@{2}. ギルド総ポイントランキング報酬\nイベント期間中、システムは領地戦で各メンバーが獲得した総ポイントに基づき、全サーバーのギルドをランキングします。イベント終了後、上位ギルドには順位帯に応じた報酬が付与され、同盟メンバー全員が受け取れます。これらの報酬は、今後の領地戦で重要な資源と戦略的優位性をもたらします。
26546	Shield skill. The Crusader unleashes the power of Protection, removing all Control effects from you and redirecting ^{1}${1}%^{2} of the DMG taken by up to ${2} allies within a ${7}-meter radius to you for ${8} seconds. During this time, taking DMG restores HP equal to ^{3}${4}%^{4} of the DMG taken, and you and the selected allies gain ^{5}Debuff Immunity^{6}. Up to ${8} enemies within range gain ${5}% ^{7}【Slow】^{8} every ${9} seconds, stacking up to ${10} times. At ${10} stacks, Slow is converted into ^{9}^{10}【Stun】^{11}^{12} for ${6} seconds and ^{13}【Slow】^{14} is removed. Damage Sharing does not affect allied targets under 【Devotion】.	盾スキル。クルセイダーが守護の力を解放し、自身のすべての行動妨害効果を解除して、${8}秒間、半径${7}m以内の最大${2}人の味方が受けるダメージの^{1}${1}%^{2}を自身へ肩代わりします。この間、ダメージを受けると受けたダメージの^{3}${4}%^{4}に相当するHPを回復し、自身と選択した味方は^{5}デバフ無効^{6}を獲得します。範囲内の最大${8}体の敵へ${9}秒ごとに${5}%の^{7}【減速】^{8}を1スタック付与し、最大${10}スタックまで重複します。${10}スタックになると減速が${6}秒間の^{9}^{10}【スタン】^{11}^{12}へ変換され、^{13}【減速】^{14}は解除されます。【ディボーション】状態の味方にはダメージ共有が適用されません。
26547	@{1}. Registration Phase\nWhen the event begins, you have 5 minutes to register. After registering, you will Enter the registration Location. When registration ends, players still in the registration Location will Wait briefly for matchmaking.\n@{2}.Victory Conditions\nThe first Faction to reach @{3} Faction points wins. If neither does, the Faction with the most points when time expires wins.\n@{4}.Faction Scoring Rules\nScore by killing Players, damaging the Boss, reducing the Boss to @{5}% HP, killing the Boss, or killing minor monsters.\n@{6}.Battlefield Skill\nBattlefield Skills periodically appear nearby. Pick them up to gain powerful skills.	@{1}. 登録フェーズ\nイベント開始後、登録できる時間は5分です。登録後、登録地点へ入場します。登録終了時、登録地点に残っているプレイヤーは短時間待機してマッチングされます。\n@{2}.勝利条件\n先に勢力ポイント@{3}へ到達した勢力が勝利します。どちらも到達しなかった場合、時間切れ時にポイントが多い勢力が勝利します。\n@{4}.勢力スコアルール\nプレイヤー撃破、BOSSへのダメージ、BOSSのHPを@{5}%まで減らす、BOSS撃破、小型モンスター撃破でスコアを獲得します。\n@{6}.戦場スキル\n周囲に戦場スキルが周期的に出現します。拾うと強力なスキルを獲得できます。
26548	I hope you can spare a moment. Ever since I heard about you riding a giant ant through the nest, I haven't been able to get that incredible image out of my mind. Drawing on our... ahem, less-than-pleasant shared experience, I successfully reverse-engineered a unique pheromone from the remaining Ant Queen carapace samples. I believe I've found the "key" to recreating your extraordinary feat!\nThis is an absolutely fascinating case study in biology, and I urgently need a witness. Please meet me in the woods near Prontera West Gate.\nOne more thing: If it's not too much trouble, could you bring me a sandwich on your way? My lunch has disappeared again.	少し時間をもらえませんか。あなたが巨大なアリに乗って巣を駆け抜けたと聞いて以来、その衝撃的な光景が頭から離れないんです。私たちの……ゴホン、あまり愉快ではなかった共通体験をもとに、残っていた女王アリの甲殻サンプルから特殊なフェロモンを逆解析することに成功しました。あなたのあの驚異的な偉業を再現する「鍵」を見つけたと思うんです！\nこれは生物学的に実に興味深い研究事例で、どうしても証人が必要です。プロンテラ西門近くの森で会いましょう。\nもう一つ、もし面倒でなければ来る途中でサンドイッチを持ってきてもらえませんか？また昼食が消えてしまいまして。
26549	@{1}.Each Equipment Refine Level has a fixed Success Rate.\n@{2}.Refining has a Chance to fail, and Refinement Failed may reduce the Refine Level by @{3}.\n@{4}.Refinement Failed or a Refine Level reduction grants a certain amount of LUK. The more consecutive level reductions, the more Extra LUK is granted.\n@{5}.At safe Refine Levels, Refinement Failed will not reduce the Refine Level. Safe Refine Levels: @{6}/@{7}/@{8}/@{9}/@{10}. There are @{11} Refine Levels in total.\n@{12}.When using Blessed Ore, Refinement Failed will not reduce the Refine Level. Legend Ore increases the Refinement Success Rate and also prevents Refine Level reduction upon failure.	@{1}.各装備の精錬Lv.には固定の成功率があります。\n@{2}.精錬は失敗する場合があり、失敗すると精錬Lv.が@{3}低下することがあります。\n@{4}.精錬失敗または精錬Lv.低下時に一定量のLUKを獲得します。連続してレベルが低下するほど、追加LUKが多く付与されます。\n@{5}.安全精錬Lv.では、精錬失敗時に精錬Lv.が低下しません。安全精錬Lv.：@{6}/@{7}/@{8}/@{9}/@{10}。精錬Lv.は合計@{11}段階あります。\n@{12}.祝福鉱石を使用すると、精錬失敗時に精錬Lv.が低下しません。伝説鉱石は精錬成功率を上げ、失敗時の精錬Lv.低下も防ぎます。
26550	Shield-exclusive skill. The Crusader invokes the power of Protection, using Dispel on You and redirecting ^{1}${1}%^{2} of the damage taken by up to ${2} allies within a ${7}-meter radius to You for ${8} seconds. During this time, when You take damage, You recover HP equal to ^{3}${4}%^{4} of the damage taken, and You and the selected allies gain ^{5}Debuff Immunity^{6}. Up to ${8} targets on the Enemy Team within range gain a ${5}% ^{7}Slow^{8} stack every ${9} seconds, up to ${10} stacks. At ${10} stacks, Slow becomes a ${6}-second ^{9}Stun^{10}, and all ^{11}Slow^{12} stacks are removed. Damage Sharing is not Active for allied targets under [Devotion].	盾専用スキル。クルセイダーが守護の力を呼び起こし、自身へディスペルを使用して、${8}秒間、半径${7}m以内の最大${2}人の味方が受けるダメージの^{1}${1}%^{2}を自身へ肩代わりします。この間、自身がダメージを受けると受けたダメージの^{3}${4}%^{4}に相当するHPを回復し、自身と選択した味方は^{5}デバフ無効^{6}を獲得します。範囲内の敵チーム最大${8}体へ${9}秒ごとに${5}%の^{7}減速^{8}を1スタック付与し、最大${10}スタックまで重複します。${10}スタックになると減速が${6}秒間の^{9}スタン^{10}へ変化し、すべての^{11}減速^{12}スタックが解除されます。[ディボーション]状態の味方にはダメージ共有が適用されません。
26551	Can be used while riding the Demonic Wolf. Commands the Demonic Wolf to Charge the designated ST target within ${1} meters, dealing PATK * ^{1}${2}%^{2} Neutral Melee Physical DMG (^{3}^{4}Agility Resonance ${10}%^{5}^{6}). If you are riding the Demonic Wolf, inflicts ^{7}^{8}【Stun】^{9}^{10} on the target for ${3} seconds, grants you a ^{11}${4}%^{12} Physical DMG Bonus, and reduces the target's healing received by ^{13}${5}%^{14} for ${6} seconds. Additionally, every ${7} seconds, using Focused Arrow Strike casts this skill on the target, dealing PATK * ^{15}${11}%^{16} Neutral Ranged Physical DMG and inflicting ^{17}【Slow】^{18} by ${8}% for ${9} seconds.	デモニックウルフ騎乗中に使用できます。デモニックウルフへ${1}m以内の指定した単体対象への突進を命じ、PATK * ^{1}${2}%^{2}の無属性近接物理ダメージを与えます（^{3}^{4}AGI共鳴 ${10}%^{5}^{6}）。デモニックウルフ騎乗中の場合、対象へ${3}秒間^{7}^{8}【スタン】^{9}^{10}を付与し、自身に^{11}${4}%^{12}の物理ダメージボーナスを付与して、対象の受ける回復量を${6}秒間^{13}${5}%^{14}低下させます。さらに${7}秒ごとに、フォーカスアロー使用時、このスキルを対象へ発動してPATK * ^{15}${11}%^{16}の無属性遠距離物理ダメージを与え、${9}秒間${8}%の^{17}【減速】^{18}を付与します。
26552	@{1}.Participating in Survivor Battle grants Rank Points. Your rank automatically receives a Level-up when your points reach the limit.\n@{2}.There are @{3} ranks in total: Trainee, Rookie, Warrior, Elite, Moonlit Challenger, Dominator, and Legendary Survivor. To become a Legendary Survivor, you must rank among the top @{4} players on the Entire Server and have at least @{5} points in Dominator.\n@{6}.Trainees cannot be demoted. Rookies and above can lose minor ranks, while Dominators and above can lose major ranks.\n@{7}.Idling and similar behavior during a match will be penalized. Penalties are applied directly to your Rank Points, so please participate actively.	@{1}.サバイバーバトルへ参加するとランクポイントを獲得します。ポイントが上限に達するとランクが自動でレベルアップします。\n@{2}.ランクは合計@{3}段階：訓練生、ルーキー、ウォリアー、エリート、月光の挑戦者、ドミネーター、伝説のサバイバーです。伝説のサバイバーになるには、全サーバー上位@{4}人以内に入り、ドミネーターで@{5}ポイント以上を獲得する必要があります。\n@{6}.訓練生は降格しません。ルーキー以上は小ランクが降格する場合があり、ドミネーター以上は大ランクが降格する場合があります。\n@{7}.試合中の放置などの行為にはペナルティがあります。ペナルティはランクポイントへ直接適用されるため、積極的に参加してください。
26553	@{1}. After each BOSS is unlocked, you receive one ^{1}fixed First Clear Reward Count^{2}. ^{3}The First Clear Reward Count is not reset by the weekly reset.^{4}\n@{2}. Every Monday at @{3}:@{4}, the ^{5}highest-level unlocked dungeon^{6} has its Reward Count refreshed. ^{7}After the Hidden Land opens, only the Hidden Land's Reward Count will increase.^{8}\n@{5}. Dungeon challenges ^{9}have no attempt limit^{10}, but Adventurers without a Reward Count receive no rewards and cannot participate in auctions or receive Auction Dividends.\n@{6}. A Boss's weekly Reward Count ^{11}can accumulate for up to two weeks^{12}. The First Clear Reward Count does not count toward this limit.	@{1}. 各BOSS解放後、^{1}固定の初回クリア報酬回数^{2}を1回獲得します。^{3}初回クリア報酬回数は週間リセットではリセットされません。^{4}\n@{2}. 毎週月曜@{3}:@{4}に、^{5}解放済みの最高レベルダンジョン^{6}の報酬回数が更新されます。^{7}隠された地が開放された後は、隠された地の報酬回数のみ増加します。^{8}\n@{5}. ダンジョン挑戦は^{9}回数制限がありません^{10}が、報酬回数がない冒険者は報酬を受け取れず、オークションへの参加やオークション配当の受取もできません。\n@{6}. BOSSの週間報酬回数は^{11}最大2週間分まで累積できます^{12}。初回クリア報酬回数はこの上限に含まれません。
26554	I sent letters to both Professor Ryan and the Captain, but neither has responded. I suspect you're probably with them, so I'm sending this letter directly to you.\nTo make a long story short, we have a difficult situation. A caravan traveling overland from Juno with an important package for the Professor was attacked by Baphomet near the edge of the forest—again. The cargo is currently missing, but fortunately, most of the caravan members suffered only minor injuries and made it back safely.\nThis matter must be handled as soon as possible. If you can, please make sure the Professor and the Captain hear about it.\nI've enclosed the exact location and details with this letter.	ライアン教授と隊長の両方へ手紙を送りましたが、どちらからも返事がありません。あなたはおそらく彼らと一緒にいると思うので、この手紙を直接あなたへ送ります。\n手短に言うと、厄介な事態が起きています。ジュノーから陸路で教授宛ての重要な荷物を運んでいた隊商が、森の端でまたバフォメットに襲われました。荷物は現在行方不明ですが、幸い隊商のほとんどは軽傷だけで無事戻りました。\nこの件は一刻も早く対応する必要があります。可能なら、教授と隊長にも必ず伝えてください。\n正確な場所と詳細をこの手紙に同封しました。
26555	During the event, participate in active content (MVP, Guild Recruitment, and Daily Activity Chests) for a chance to obtain Crystals. Collect a complete set of Crystals to open a Box of Memories (the chest on the event page) and claim bountiful rewards.\nA complete set of Crystals includes:\n@{1}. Crystal of Pain\n@{2}. Crystal of Joy\n@{3}. Crystal of Doubt\n@{4}. Crystal of Regret\n@{5}. Crystal of Vows\nCollect @{6} of each to create the chest. You can also obtain Crystals by requesting them from Alliance Members.\nOpen the “Box of Memories” multiple times to gradually unlock the progress reward, the ^{1}Box of the Future^{2}, which contains rare resources for the next Season.	イベント期間中、対象コンテンツ（MVP、ギルド募集、デイリー活躍度宝箱）へ参加すると一定確率でクリスタルを獲得できます。クリスタル一式を揃えると、イベント画面の宝箱「記憶の箱」を開いて豪華な報酬を獲得できます。\nクリスタル一式には以下が含まれます：\n@{1}. 苦痛のクリスタル\n@{2}. 喜びのクリスタル\n@{3}. 疑念のクリスタル\n@{4}. 後悔のクリスタル\n@{5}. 誓いのクリスタル\nそれぞれ@{6}個集めると宝箱を作成できます。同盟メンバーへリクエストしてクリスタルを入手することもできます。\n「記憶の箱」を複数回開くと、進捗報酬^{1}未来の箱^{2}が段階的に解放され、次シーズン向けのレア資源を獲得できます。
26556	I can't believe you managed to slip away from Moonlight Flower. You've got some skill after all, unlike the fools who came before you.\nIt seems you've barely passed the first round of our carefully designed "qualification test." After all, anyone who can't even play the game has no right to challenge us.\nBut don't get cocky. That was just a warm-up. If you truly think you have what it takes to stand against us, come settle this at the Sandsea Labyrinth in South Morroc (exact coordinates: @{1}, @{2}).\nWe solemnly swear that we will keep our word this time and face you in a fair fight!\nP.S. If you lose, everything you're carrying belongs to us. The victor deserves to take all.	ムーンライトフラワーから逃げ切るとは驚いた。先に来た間抜けどもとは違って、少しは腕があるようだな。\nどうやら我々が念入りに用意した「資格試験」の第一段階は、ぎりぎり合格したらしい。ゲームすらできない者に我々へ挑む資格などないからな。\nだが調子に乗るな。あれはただの肩慣らしだ。本当に我々へ立ち向かう覚悟があるなら、モロック南部の砂海迷宮（正確な座標：@{1}, @{2}）へ来い。そこで決着をつけよう。\n今度こそ約束を守り、公平に戦うと厳粛に誓おう！\n追伸：負けたら、お前が持っているものは全部いただく。勝者がすべてを得るのは当然だろう。
26557	Victory in the Stronghold Assault!\nStronghold Phase\n@{1}.Assault Preparation Phase:\nDuring this phase, players from opposing Factions cannot attack each other. Attackers may move outside the stronghold area, while defenders may move freely throughout the entire area. Use this time to gather intelligence, coordinate tactics, and prepare for battle.\n@{2}.Stronghold Assault Phase:\nEach stronghold has a banner that attackers can damage. The Guild of the player who deals the final blow temporarily takes control of the stronghold. If the stronghold is not captured again within a certain period, it will be locked, and that Guild will retain control of it for the rest of the battle.	拠点強襲で勝利！\n拠点フェーズ\n@{1}.強襲準備フェーズ：\nこのフェーズ中、敵対勢力のプレイヤー同士は攻撃できません。攻撃側は拠点エリア外を移動でき、防衛側はエリア全体を自由に移動できます。この時間を使って情報を集め、戦術を相談し、戦闘準備を整えましょう。\n@{2}.拠点強襲フェーズ：\n各拠点には攻撃側がダメージを与えられる旗があります。旗へ最後の一撃を与えたプレイヤーのギルドが、その拠点を一時的に支配します。一定時間内に再占領されなければ拠点はロックされ、そのギルドが戦闘終了まで支配権を保持します。
26558	@{1}.Participating in Battle of Dragon Coffin Island grants rank points. Your rank will automatically Level-up when your points reach the cap.\n@{2}.There are @{3} ranks in total: Trainee, Rookie, Warrior, Elite, Moonlit Challenger, Overlord, and Legendary Survivor. To become a Legendary Survivor, you must rank among the top @{4} on the Entire Server and have at least @{5} points in Overlord.\n@{6}.You cannot be demoted from Trainee. At Rookie and Above, you can lose minor ranks. At Overlord and Above, you can lose major ranks.\n@{7}.Auto Mode and Other inactive behavior during a match will be penalized. Penalties Apply directly to your rank points, so please participate actively.	@{1}.竜棺島の戦いへ参加するとランクポイントを獲得します。ポイントが上限に達するとランクが自動でレベルアップします。\n@{2}.ランクは合計@{3}段階：訓練生、ルーキー、ウォリアー、エリート、月光の挑戦者、オーバーロード、伝説のサバイバーです。伝説のサバイバーになるには、全サーバー上位@{4}人以内に入り、オーバーロードで@{5}ポイント以上を獲得する必要があります。\n@{6}.訓練生からは降格しません。ルーキー以上は小ランクが降格する場合があり、オーバーロード以上は大ランクが降格する場合があります。\n@{7}.試合中のオートモードなど非アクティブな行為にはペナルティがあります。ペナルティはランクポイントへ直接適用されるため、積極的に参加してください。
26559	1. The Trade Exchange is the official platform for buying and selling items.\n2. Some rare items can be priced freely without restrictions.\n3. Rare items have a public listing period. They can only be traded once this period ends.\n4. After a successful purchase or sale, the item or proceeds will be sent by mail. Be sure to claim them promptly.\n5. You can follow items to check their sale status at any time.\n6. Listings remain active for a limited time. Unsold items will automatically be returned by mail when their listing expires.\n7. After an item is sold, Trade Tax will be deducted from the seller's proceeds. The applicable tax rate depends on the seller's total Trade amount This Week.	1. 取引所はアイテムを売買する公式プラットフォームです。\n2. 一部のレアアイテムは価格制限なく自由に値付けできます。\n3. レアアイテムには公開出品期間があり、期間終了後のみ取引できます。\n4. 購入または販売が成立すると、アイテムまたは売上金はメールで送付されます。お早めにお受け取りください。\n5. アイテムをフォローすると、販売状況をいつでも確認できます。\n6. 出品には有効期限があります。売れなかったアイテムは期限切れ時にメールで自動返却されます。\n7. アイテムが売れると、売上金から取引税が差し引かれます。適用税率は今週の販売者の総取引額によって決まります。
26560	Shield-exclusive skill. Deals Neutral melee Physical damage equal to PATK*^{1}${1}%+${12}^{2} to up to ${8} Enemy Team targets within a ${11}-meter radius around You and grants You a 【Casting Shield】 equal to ${3}%^{4} of your maximum Life for ${2} seconds^{3}. 【Casting Shield】: When You are hit, triggers an Extra Auto Counter from 【Reflect Damage】. If the target is a Boss, it also Activate 【Holy Light Suppression】. Learn this skill to gain ^{5}${7}%^{6} Monster DMG Reduction. 【Holy Light Suppression】: Performs Movement in the target direction and deals Holy melee Physical damage equal to PATK*^{7}${6}%^{8} to up to ${8} Enemy Team targets within a ${9}-meter-by-${10}-meter area in front of You.	盾専用スキル。自身の周囲半径${11}m以内の敵チーム最大${8}体へPATK*^{1}${1}%+${12}^{2}の無属性近接物理ダメージを与え、自身へ最大HPの${3}%^{4}に相当する【キャスティングシールド】を${2}秒間^{3}付与します。【キャスティングシールド】：攻撃を受けると【リフレクトダメージ】による追加のオートカウンターを発動します。対象がBOSSの場合、さらに【ホーリーライトサプレッション】を発動します。このスキルを習得すると^{5}${7}%^{6}のモンスターダメージ軽減を獲得します。【ホーリーライトサプレッション】：対象方向へ移動し、前方${9}m×${10}m範囲内の敵チーム最大${8}体へPATK*^{7}${6}%^{8}の聖属性近接物理ダメージを与えます。
26561	The Crusader unleashes their protective power, removing all crowd control effects from themselves and redirecting ^{1}${1}%^{2} of the damage taken by up to ${2} allies within a ${7}-meter radius to themselves for ${8} seconds. During this time, whenever the Crusader takes damage, they recover HP equal to ^{3}${4}%^{4} of the damage taken, and both the Crusader and the selected allies are ^{5}immune to debuffs^{6}. Up to ${2} enemies within range gain a stack of ${5}% ^{7}Slow^{8} every ${9} seconds, up to ${10} stacks. At ${10} stacks, Slow is converted into a ${6}-second ^{9}Stun^{10}, and all ^{11}Slow^{12} stacks are removed. This effect does not apply to allies under the effects of 【Devotion】.	クルセイダーが守護の力を解放し、自身のすべての行動妨害効果を解除して、${8}秒間、半径${7}m以内の最大${2}人の味方が受けるダメージの^{1}${1}%^{2}を自身へ肩代わりします。この間、ダメージを受けるたびに受けたダメージの^{3}${4}%^{4}に相当するHPを回復し、クルセイダーと選択した味方は^{5}デバフ無効^{6}を獲得します。範囲内の最大${2}体の敵へ${9}秒ごとに${5}%の^{7}減速^{8}を1スタック付与し、最大${10}スタックまで重複します。${10}スタックになると減速が${6}秒間の^{9}スタン^{10}へ変換され、すべての^{11}減速^{12}スタックが解除されます。【ディボーション】状態の味方にはこの効果は適用されません。
26562	Can only be used while in Madogear Pilot Ride mode. The Madogear Pilot equips ${1} Arm Cannons on its shoulders and Launches ${6} Cannon shots at ${3} designated enemies within ${2} meters and up to ${5} Other enemies within ${4} meters of them, Deals DMG equal to a total of PATK*^{1}${7}%^{2} as Neutral Ranged Physical DMG and applies 【Melody Bubble】 for ${8} seconds. 【Melody Bubble】: Each time an enemy carrying 【Melody Bubble】 takes damage, the Bubble gradually expands. At ${9} stacks, the Bubble explodes, Deals DMG ${10} times, each equal to PATK*^{3}${11}%^{4} as Neutral Ranged Physical DMG. If 【Melody Bubble】 does not fully expand and explode, it will explode and Deals DMG when its duration ends.	魔導ギア騎乗モード中のみ使用可能。魔導ギアが肩に${1}基のアームキャノンを装備し、${2}m以内の指定した敵${3}体と、その敵から${4}m以内の他の最大${5}体へ${6}発の砲弾を放ち、合計PATK*^{1}${7}%^{2}の無属性遠距離物理ダメージを与え、${8}秒間【メロディーバブル】を付与します。【メロディーバブル】：【メロディーバブル】を持つ敵がダメージを受けるたび、バブルが徐々に膨らみます。${9}スタックになると爆発し、PATK*^{3}${11}%^{4}の無属性遠距離物理ダメージを${10}回与えます。【メロディーバブル】が最大まで膨らんで爆発しなかった場合、持続時間終了時に爆発してダメージを与えます。
26563	Extra-long floating message display test, extra-long floating message display test, extra-long floating message display test, extra-long floating message display test, extra-long floating message display test, extra-long floating message display test, extra-long floating message display test, extra-long floating message display test, extra-long floating message display test, extra-long floating message display test, extra-long floating message display test, extra-long floating message display test, extra-long floating message display test, extra-long floating message display test, extra-long floating message display test, extra-long floating message display test, extra-long floating message display test	超長いフローティングメッセージ表示テスト、超長いフローティングメッセージ表示テスト、超長いフローティングメッセージ表示テスト、超長いフローティングメッセージ表示テスト、超長いフローティングメッセージ表示テスト、超長いフローティングメッセージ表示テスト、超長いフローティングメッセージ表示テスト、超長いフローティングメッセージ表示テスト、超長いフローティングメッセージ表示テスト、超長いフローティングメッセージ表示テスト、超長いフローティングメッセージ表示テスト、超長いフローティングメッセージ表示テスト、超長いフローティングメッセージ表示テスト、超長いフローティングメッセージ表示テスト、超長いフローティングメッセージ表示テスト、超長いフローティングメッセージ表示テスト、超長いフローティングメッセージ表示テスト
26564	Extra-long bottom-bar message test, extra-long bottom-bar message test, extra-long bottom-bar message test, extra-long bottom-bar message test, extra-long bottom-bar message test, extra-long bottom-bar message test, extra-long bottom-bar message test, extra-long bottom-bar message test, extra-long bottom-bar message test, extra-long bottom-bar message test, extra-long bottom-bar message test, extra-long bottom-bar message test, extra-long bottom-bar message test, extra-long bottom-bar message test, extra-long bottom-bar message test, extra-long bottom-bar message test, extra-long bottom-bar message test, extra-long bottom-bar message test, extra-long bottom-bar message test, extra-long bottom-bar message test	超長い下部バー表示テスト、超長い下部バー表示テスト、超長い下部バー表示テスト、超長い下部バー表示テスト、超長い下部バー表示テスト、超長い下部バー表示テスト、超長い下部バー表示テスト、超長い下部バー表示テスト、超長い下部バー表示テスト、超長い下部バー表示テスト、超長い下部バー表示テスト、超長い下部バー表示テスト、超長い下部バー表示テスト、超長い下部バー表示テスト、超長い下部バー表示テスト、超長い下部バー表示テスト、超長い下部バー表示テスト、超長い下部バー表示テスト、超長い下部バー表示テスト、超長い下部バー表示テスト
26565	@{1}.All adventurers who Join a guild are initially Temporary Members and will automatically become Members ^{1}after @{2} hours^{2}. This change cannot be made manually.\n@{3}.Temporary Members cannot be assigned positions or participate in the Guild League.\n@{4}.A management Member with appointment permission can appoint or dismiss any Member in a lower position.\n@{5}.A Member with a management position cannot be directly Banished from Guild. The Member must first be removed from the position.\n@{6}.A Member with elite management permission can adjust elite Member assignments for the Guild League. A Member with equipment management permission can adjust Member assignments for equipment and vehicles in Territory War.	@{1}.ギルドへ加入した冒険者は最初は全員臨時メンバーとなり、^{1}@{2}時間後^{2}に自動で正式メンバーになります。この変更を手動で行うことはできません。\n@{3}.臨時メンバーは役職に任命できず、ギルドリーグへ参加できません。\n@{4}.任命権限を持つ管理メンバーは、自身より下位の役職にいるメンバーを任命・解任できます。\n@{5}.管理役職にいるメンバーを直接ギルドから追放することはできません。まず役職を解除する必要があります。\n@{6}.精鋭管理権限を持つメンバーはギルドリーグの精鋭メンバー設定を調整でき、装備管理権限を持つメンバーは領地戦の装備・車両へのメンバー割り当てを調整できます。
26566	@{1}. The Realm of the Gods dungeon unlocks during the Season. A raid with ^{1}at least @{2} Members^{2} is required to enter.\n@{3}. When a new Season begins, First Clear records and speed-clear records from the previous Season's dungeon will not be Kept.\n@{4}. All Reward Counts accumulated during the previous Season will be cleared when the new Season begins.\n@{5}. The Realm of the Gods ^{3}dungeon has no challenge-attempt limit^{4}; only the Reward Count is limited. Adventurers without a Reward Count will not receive dungeon rewards after clearing it.\n@{6}. If too many ^{5}party Members have no Reward Count, the party's Auction Rewards will be reduced^{6}, but this will not affect Members' First Clear or personal rewards.	@{1}. 神々の領域ダンジョンはシーズン中に解放されます。入場には^{1}最低@{2}人^{2}のレイドが必要です。\n@{3}. 新シーズン開始時、前シーズンのダンジョンの初回クリア記録と最速クリア記録は引き継がれません。\n@{4}. 前シーズン中に累積した報酬回数は、新シーズン開始時にすべてリセットされます。\n@{5}. 神々の領域^{3}ダンジョンには挑戦回数の制限がなく^{4}、報酬回数のみ制限されます。報酬回数がない冒険者はクリアしてもダンジョン報酬を受け取れません。\n@{6}. ^{5}報酬回数がないパーティメンバーが多すぎる場合、パーティのオークション報酬が減少します^{6}が、メンバーの初回クリア報酬や個人報酬には影響しません。
26567	^{1}Weapon One—Heavy Cannon:^{2}\nPlayers operating the Heavy Cannon can target parts of Almagia's body and bombard them to ^{3}deplete its Weak gauge.^{4}\nSustained bombardment will make Almagia ^{5}Weak.^{6}\n^{7}Weapon Two—Ballista:^{8}\nPlayers operating the Ballista must aim at parts of Almagia's body and Launch it.\nAfter successfully securing the rope, players can approach the Ballista and ^{9}use Interaction to teleport to Almagia's back.^{10}\n^{11}Weapon Three—Rapid-Fire Cannon:^{12}\nPlayers operating the Rapid-Fire Cannon can ^{13}aim at Hollow Jellyfish in the sky and Launch attacks.^{14}\nHollow Jellyfish continuously deal area damage to Almagia's back. Eliminate them quickly to protect the players fighting Ilmata.	^{1}武器1――重砲：^{2}\n重砲を操作するプレイヤーはアルマギアの体の部位を狙って砲撃し、^{3}弱体ゲージを削れます。^{4}\n砲撃を続けるとアルマギアは^{5}弱体化します。^{6}\n^{7}武器2――バリスタ：^{8}\nバリスタを操作するプレイヤーはアルマギアの体の部位を狙って発射します。\nロープの固定に成功すると、プレイヤーはバリスタへ近づき、^{9}インタラクションを使用してアルマギアの背中へ移動できます。^{10}\n^{11}武器3――速射砲：^{12}\n速射砲を操作するプレイヤーは^{13}空中のホロウジェリーフィッシュを狙って攻撃を発射できます。^{14}\nホロウジェリーフィッシュはアルマギアの背中へ継続的に範囲ダメージを与えます。素早く排除し、イルマタと戦うプレイヤーを守ってください。
26568	Assistant\nExtra-long Assistant message test, extra-long Assistant message test, extra-long Assistant message test, extra-long Assistant message test, extra-long Assistant message test, extra-long Assistant message test, extra-long Assistant message test, extra-long Assistant message test, extra-long Assistant message test, extra-long Assistant message test, extra-long Assistant message test, extra-long Assistant message test, extra-long Assistant message test, extra-long Assistant message test, extra-long Assistant message test, extra-long Assistant message test, extra-long Assistant message test, extra-long Assistant message test, extra-long Assistant message test, extra-long Assistant message test, extra-long Assistant message test	アシスタント\n超長いアシスタントメッセージテスト、超長いアシスタントメッセージテスト、超長いアシスタントメッセージテスト、超長いアシスタントメッセージテスト、超長いアシスタントメッセージテスト、超長いアシスタントメッセージテスト、超長いアシスタントメッセージテスト、超長いアシスタントメッセージテスト、超長いアシスタントメッセージテスト、超長いアシスタントメッセージテスト、超長いアシスタントメッセージテスト、超長いアシスタントメッセージテスト、超長いアシスタントメッセージテスト、超長いアシスタントメッセージテスト、超長いアシスタントメッセージテスト、超長いアシスタントメッセージテスト、超長いアシスタントメッセージテスト、超長いアシスタントメッセージテスト、超長いアシスタントメッセージテスト、超長いアシスタントメッセージテスト、超長いアシスタントメッセージテスト
26569	@{1}.You receive @{2} Bonus Points each day. While Bonus Points are active, Kill field monsters to obtain large amounts of EXP, equipment, and cards\n@{3}Each field monster you Kill consumes @{4} Bonus Points. Once all Bonus Points are used, the drop rate from field monsters decreases, and only basic drops such as headgear materials can be obtained\n@{5}.Players can manually Pause Bonus Points. While paused, Killing field monsters does not consume Bonus Points, but only basic drops such as headgear materials can be obtained\n@{6}.While Bonus Points are active, EXP and equipment rewards from Killing field monsters are affected only by World Level, while card drops vary by monster. Adventurer, plan carefully to obtain the cards you want!	@{1}.毎日@{2}ボーナスポイントを獲得します。ボーナスポイントが有効な間、フィールドモンスターを倒すと大量のEXP、装備、カードを獲得できます。\n@{3}フィールドモンスターを1体倒すごとに@{4}ボーナスポイントを消費します。ボーナスポイントを使い切るとフィールドモンスターのドロップ率が低下し、頭装備素材などの基本ドロップのみ獲得できます。\n@{5}.ボーナスポイントは手動で一時停止できます。一時停止中はフィールドモンスターを倒してもボーナスポイントを消費しませんが、頭装備素材などの基本ドロップのみ獲得できます。\n@{6}.ボーナスポイントが有効な間、フィールドモンスター撃破によるEXPと装備報酬はワールドレベルのみに影響され、カードドロップはモンスターごとに異なります。欲しいカードを入手できるよう計画的に狩りましょう！
26570	1. Mounts are divided into two categories: Combat Mounts and General Mounts. The Peco Peco is an exclusive Combat Mount for Knight classes. Once they meet the requirements, Knight classes can claim and use it immediately. This mount is unavailable to other classes.\n2. Mounts come in different qualities. Each quality has different ranges for mount speed, attributes, and special stats. The higher the quality, the higher these values will be.\n3. Different mounts have different special stats, with value ranges determined by the mount's quality.\n4. To gain a General Mount's attributes, set it as your default mount. 【Combat Mount】 and 【General Mount】 attributes are separate, and a mount's appearance and attributes cannot be used separately.	1. 乗り物はバトルマウントと一般マウントの2種類に分かれます。ペコペコはナイト系職業専用のバトルマウントです。条件を満たすとナイト系職業はすぐに受け取って使用できます。他職業は利用できません。\n2. 乗り物には品質の違いがあります。品質ごとに移動速度、属性、特殊ステータスの範囲が異なり、品質が高いほど値も高くなります。\n3. 乗り物ごとに異なる特殊ステータスがあり、その値の範囲は乗り物の品質によって決まります。\n4. 一般マウントの属性を得るには、その乗り物をデフォルトに設定します。【バトルマウント】と【一般マウント】の属性は別々で、乗り物の外見と属性を分けて使用することはできません。
26571	@{1}.Mounts are divided into two categories: Battle Mounts and Universal Mounts. The Peco Peco is an exclusive Battle Mount for Knight classes. Once the requirements are met, it can be claimed and used immediately. Other classes cannot obtain this mount.\n@{2}.Mounts come in different quality tiers. Each tier has different ranges for mount speed, attributes, and Trait Points. The higher the quality, the higher these values.\n@{3}.Each mount has a different number of Trait Points, with the value range determined by the mount's quality.\n@{4}.For Universal Mounts, setting a mount as the default grants its attributes. 【Battle Mount】 and 【Universal Mount】 attributes are separate, and a mount's appearance and attributes cannot be used independently.	@{1}.乗り物はバトルマウントと汎用マウントの2種類に分かれます。ペコペコはナイト系職業専用のバトルマウントです。条件を満たすとすぐに受け取って使用でき、他職業は入手できません。\n@{2}.乗り物には品質段階があります。品質ごとに移動速度、属性、特性ポイントの範囲が異なり、品質が高いほど値も高くなります。\n@{3}.乗り物ごとに特性ポイントの数が異なり、その値の範囲は乗り物の品質によって決まります。\n@{4}.汎用マウントはデフォルトに設定すると属性を獲得します。【バトルマウント】と【汎用マウント】の属性は別々で、乗り物の外見と属性を個別に使用することはできません。
26572	Dear Adventurer,\nThe System detected an irregular Trade on the Trade Marketplace at ${8}【Item Traded:${1},Trade Amount:${5},Order Number:${7}. We have decided to freeze the Zeny from this Trade. Frozen Zeny:${5}. Please check the in-game exclamation mark notification for the unfreeze time. If further Trade violations are detected during this period, more severe penalties will be imposed.\nUnfreezing Rules:\nPurchase Sacred Relic Crystal: Immediately unfreezes a portion of the security deposit equal to (Sacred Relic Crystal purchased*:${13}).\nIf you have any questions about this penalty, or any concerns, dissatisfaction, suggestions, or other requests regarding the game services, please contact Customer Support in-game to submit your feedback.${7}	冒険者様へ\nシステムが取引所の${8}【取引アイテム：${1}、取引数量：${5}、注文番号：${7}で異常な取引を検出しました。この取引で得たZenyを凍結します。凍結Zeny：${5}。凍結解除時刻はゲーム内の「！」通知をご確認ください。この期間中にさらなる取引違反が検出された場合、より厳しい処罰が適用されます。\n凍結解除ルール：\n聖遺物クリスタルを購入：保証金の一部を即座に解除します（購入した聖遺物クリスタル*:${13}）。\n本処罰へのご質問、またはゲームサービスに関するご意見、不満、ご提案、その他のご要望がある場合は、ゲーム内カスタマーサポートからフィードバックをお寄せください。${7}
26573	Can only be cast while mounted on a Gryphon. Raise your shield for ${11} sec., protecting yourself and allies within a ${1}-meter radius and reducing damage taken by ^{1}${4}%^{2}. During this time, you are ^{3}【Slowed】^{4} by ${9}%. Every ${7} sec., knock back up to ${12} enemies within ${5} meters in front of you by ${5} meters ^{5}in the direction you are facing^{6}, dealing ^{7}${13}%^{8} of your Physical ATK as Neutral Melee Physical DMG. When an enemy in front of you damages you, trigger 【Spear Auto Counter】. 【Spear Auto Counter】: Deals Neutral Melee Physical DMG equal to ^{9}${6}%^{10} of your Physical ATK to up to ${12} enemies within ${14} meters in front of you and reduces 【Shield Defense】 Cooldown by ${7} sec. (Can only trigger once every ${8} sec.).	グリフォン騎乗中のみ使用できます。${11}秒間盾を構え、自身と半径${1}m以内の味方を守り、受けるダメージを^{1}${4}%^{2}軽減します。この間、${9}%の^{3}【減速】^{4}を受けます。${7}秒ごとに、前方${5}m以内の最大${12}体の敵を、自身が向いている方向へ${5}m^{5}ノックバック^{6}させ、物理攻撃力の^{7}${13}%^{8}に相当する無属性近接物理ダメージを与えます。前方の敵からダメージを受けると【スピアオートカウンター】を発動します。【スピアオートカウンター】：前方${14}m以内の最大${12}体の敵へ、物理攻撃力の^{9}${6}%^{10}に相当する無属性近接物理ダメージを与え、【シールドディフェンス】のクールダウンを${7}秒短縮します。（${8}秒ごとに1回のみ発動可能。）
26574	1. Please be respectful and <color=#cc762a>keep the Tavern channel positive</color>. Let's create a lively and friendly Tavern atmosphere together~\n2. If you <color=#cc762a>break the rules or make inappropriate remarks</color>, the host may <color=#cc762a>mute or remove you from the Tavern</color>.\n3. If another player reports you and the System verifies the report, the System may mute you, permanently disable your Tavern Function, or even suspend your account.\n4. <color=#cc762a>Beware of scams</color> in the Tavern. If you Discover suspicious behavior from other players, please report it promptly to help maintain a positive Tavern atmosphere.\n5. Have fun, fellow Adventurers, and <color=#cc762a>enjoy all the fun and excitement the Tavern has to offer</color>!	1. お互いを尊重し、<color=#cc762a>酒場チャンネルを健全に保ちましょう</color>。一緒に賑やかで友好的な酒場の雰囲気を作りましょう～\n2. <color=#cc762a>ルール違反や不適切な発言</color>をした場合、ホストから<color=#cc762a>ミュートまたは酒場から退出</color>させられることがあります。\n3. 他のプレイヤーから通報され、システムで違反が確認された場合、ミュート、酒場機能の永久停止、またはアカウント停止となる場合があります。\n4. 酒場では<color=#cc762a>詐欺に注意</color>してください。他のプレイヤーに不審な行為を見つけた場合は、健全な酒場環境を守るため速やかに通報してください。\n5. 冒険者のみんな、<color=#cc762a>酒場ならではの楽しさと賑わいを満喫</color>してください！
26575	Personal Points are used for rankings during Report Settlement. The following actions grant Personal Points on the battlefield:\nDefeat a player: @{1} Points/player\nAssist an ally: @{2} Points/time\nRevive an ally: @{3} Points/player\nFlag Captured (Main Battlefield): @{4} Points/time\nFlag Delivered Successfully (Main Battlefield): @{5} Points/time\nCapture a Stronghold (Main Battlefield): @{6} Points/time\nMaintain control (Main Battlefield): @{7} Points/@{8} seconds\nDefeat a Guard (Sub-Battlefield): @{9} Points each (Final Blow), @{10} Points each (Participation)\nDefeat a Commander (Sub-Battlefield): @{11} Points each (Final Blow), @{12} Points each (Participation)\nDefeat a Boss (Sub-Battlefield): @{13} Points each (Final Blow), @{14} Points each (Participation)	個人ポイントは精算時のランキングに使用されます。戦場では以下の行動で個人ポイントを獲得します：\nプレイヤー撃破：1人につき@{1}ポイント\n味方をアシスト：1回につき@{2}ポイント\n味方を復活：1人につき@{3}ポイント\n旗を獲得（メイン戦場）：1回につき@{4}ポイント\n旗の納品成功（メイン戦場）：1回につき@{5}ポイント\n拠点を占領（メイン戦場）：1回につき@{6}ポイント\n支配維持（メイン戦場）：@{8}秒ごとに@{7}ポイント\n衛兵撃破（サブ戦場）：1体につき@{9}ポイント（最後の一撃）、@{10}ポイント（参加）\n指揮官撃破（サブ戦場）：1体につき@{11}ポイント（最後の一撃）、@{12}ポイント（参加）\nBOSS撃破（サブ戦場）：1体につき@{13}ポイント（最後の一撃）、@{14}ポイント（参加）
26576	@{1}.In this Kafra Corporation reality show, contestants must make smart use of prearranged resources to stand out from the competition. The final winner will receive the show's Grand Prize.\n@{2}.Each contestant can choose a Job Build before the match. Each Build comes with @{3} skills, while all other skills, Equipment, Medicine, and other items must be found and Picked up.\n@{4}.Kafra Corporation has created a special Currency to reward Beginners who participate in the show. Earn Currency by competing and completing Quests, then exchange it for supplies at the Kafra Shop!\n@{5}.During this test, the reality show and Battle of Dragon Coffin Island open on alternating days. Check the Calendar.\n@{6}.To keep the reality show fair, all contestants must participate actively!	@{1}.このカプラ社のリアリティショーでは、参加者はあらかじめ用意された資源を賢く活用して競争を勝ち抜かなければなりません。最後の勝者には番組のグランプリが贈られます。\n@{2}.各参加者は試合前に職業ビルドを選択できます。各ビルドには@{3}個のスキルがあり、それ以外のスキル、装備、薬品などのアイテムはすべて自分で探して拾う必要があります。\n@{4}.カプラ社は番組へ参加する初心者を支援するため、専用通貨を用意しました。対戦やクエストで通貨を獲得し、カプラショップで物資と交換しましょう！\n@{5}.今回のテストでは、リアリティショーと竜棺島の戦いが1日おきに開放されます。カレンダーをご確認ください。\n@{6}.リアリティショーの公平性を保つため、参加者は全員積極的に参加してください！
26577	@{1}.Adventurers without a guild can Create Guilds or respond to and Join any guild.\n@{2}.After initiating guild creation, 2 other players must respond before the guild can be created. If there are not enough Responses within ^{1}@{3} hours^{2}, guild creation will fail.\n@{4}.Once the required number of Responses is reached, Guild Creation Successful. After the guild is created, ^{3}the creator automatically becomes the Guild Master.^{4}\n@{5}.If guild creation fails, the items consumed to Create Guild will be Returned by mail.\n@{6}.You must Join a guild to participate in Guild Activities and earn generous rewards and Event Auction Dividends.\n@{7}.Each Adventurer may have membership Requests pending with up to ^{5}@{8} guilds at once^{6} and may withdraw them at any time.	@{1}.ギルドに所属していない冒険者は、ギルドを作成するか、任意のギルドへ応答して加入できます。\n@{2}.ギルド作成を開始した後、他に2人のプレイヤーから応答を得ると作成できます。^{1}@{3}時間^{2}以内に十分な応答がない場合、ギルド作成は失敗します。\n@{4}.必要な応答数に達するとギルド作成に成功します。作成後、^{3}作成者は自動的にギルドマスターになります。^{4}\n@{5}.ギルド作成に失敗した場合、作成に消費したアイテムはメールで返却されます。\n@{6}.ギルドコンテンツへ参加し、豪華な報酬やイベントオークション配当を得るにはギルドへ加入する必要があります。\n@{7}.各冒険者は同時に最大^{5}@{8}個のギルドへ加入申請を保留できます^{6}。申請はいつでも取り消せます。
26578	\n@{1}.There are 4 types of MVP rewards: Ranking Rewards, Participation Rewards, First Strike Rewards, and Final Blow Rewards. Each has an independent Reward Count and does not affect the others. Tap Reward Count for details.\n@{2}.Participation Rewards and Ranking Rewards have a Chance to include Rare rewards such as Cards. The higher the team's rank, the greater the Chance.\n@{3}.Ranking Rewards are distributed by party. After Killing the MVP, members of the top @{4} parties with Remaining Reward Counts can obtain Ranking Rewards.\n@{5}.The first Character to attack the MVP receives the First Strike mark. Going Offline or changing maps, except when switching channels, Clears the First Strike mark. The first Character to attack the MVP afterward receives the First Strike mark.	\n@{1}.MVP報酬はランキング報酬、参加報酬、ファーストアタック報酬、ラストアタック報酬の4種類です。それぞれ独立した報酬回数があり、互いに影響しません。詳細は報酬回数をタップしてください。\n@{2}.参加報酬とランキング報酬には、一定確率でカードなどのレア報酬が含まれます。チーム順位が高いほど確率も高くなります。\n@{3}.ランキング報酬はパーティ単位で配布されます。MVP撃破後、報酬回数が残る上位@{4}パーティのメンバーがランキング報酬を獲得できます。\n@{5}.最初にMVPを攻撃したキャラクターはファーストアタックマークを獲得します。チャンネル切替を除き、オフラインになるかマップを変更するとマークは解除されます。その後最初にMVPを攻撃したキャラクターがファーストアタックマークを獲得します。
26579	Cargo Loading\n1. After 5:00 AM each day, the Guild Caravan will give each Adventurer an order for the day's required cargo. The cargo can be crafted or purchased through the Trade Exchange or a Stall.\n2. After loading the cargo, the Adventurer will receive Personal Rewards based on its value.\n3. After loading 5 pieces of cargo in a day, the Adventurer can select Depart and receive generous rewards.\n4. Select Depart after loading 6\7\8 pieces of cargo to receive more Additional rewards.\n\nCargo Help\n1. Players can use Get Help to request cargo from guildmates.\n2. When a guildmate uses Help Load, both the helper and the requester receive rewards. Help your friends whenever you can!\n3. The number of times you can Get Help and Help Load each day is limited, so plan wisely!\n	荷物の積み込み\n1. 毎日午前5:00以降、ギルドキャラバンは各冒険者へ当日の必要荷物を注文します。荷物は製作するか、取引所または露店で購入できます。\n2. 荷物を積み込むと、その価値に応じた個人報酬を獲得します。\n3. 1日に荷物を5個積み込むと、「出発」を選択して豪華な報酬を獲得できます。\n4. 荷物を6\7\8個積み込んでから「出発」を選択すると、さらに追加報酬を獲得できます。\n\n荷物支援\n1. 「支援要請」を使ってギルドメンバーへ荷物をリクエストできます。\n2. ギルドメンバーが「積み込み支援」を行うと、支援者と依頼者の双方が報酬を獲得します。できる時は仲間を助けましょう！\n3. 1日に「支援要請」と「積み込み支援」を行える回数には上限があります。計画的に利用しましょう！\n
26580	The Guild Black Market is a resource Trade platform between guilds. Guild Management can use Guild Funds to purchase war supplies listed by other guilds.\n@{1}.Guild Management can list guild war supplies for sale at a stall by setting the unit price and quantity.\n@{2}.The unit price can only be adjusted within a certain range based on the recent average Trade price and cannot be entered freely.\n@{3}.The Black Market displays all resources listed for sale by every guild. Resources with the same unit price are grouped together.\n@{4}.When a purchase is made, the System automatically matches sellers based on listing time. When an item is sold, a percentage of the total price is charged as a transaction fee.\n@{5}.Only a Member with Guild Management permissions can use the Black Market.	ギルド闇市はギルド間の資源取引プラットフォームです。ギルド管理者はギルド資金を使って、他ギルドが出品した戦争物資を購入できます。\n@{1}.ギルド管理者は単価と数量を設定し、ギルド戦争物資を露店へ出品できます。\n@{2}.単価は直近の平均取引価格を基準とした一定範囲内でのみ調整でき、自由入力はできません。\n@{3}.闇市には全ギルドが出品しているすべての資源が表示されます。同じ単価の資源はまとめて表示されます。\n@{4}.購入時、システムは出品時刻に基づいて販売者を自動でマッチングします。アイテムが売れると、合計価格の一定割合が取引手数料として徴収されます。\n@{5}.ギルド管理権限を持つメンバーのみ闇市を利用できます。
26581	Siege Points (Attackers Only): Gain @{2} points for every @{1} damage dealt to the castle gate, Castle Guards, Protectors, or Emperium.\nDefense Points (Defenders Only): Gain @{4} points every @{3} seconds while stationed within a certain range of the castle gate, Castle Guards, Protectors, or Emperium.\nMachines Destroyed: Number of enemy machines destroyed.\nKills: Number of times enemies were defeated.\nAssists: Number of times you helped allied Members complete a Kill.\nBattlefield Rating: Rating earned by meeting battlefield objectives, reflecting your overall individual contribution.\nMachine Damage: Total damage dealt using machines.\nDamage Dealt: Total damage dealt by the character.\nDamage Taken: Total damage taken by the character.\nHealing: Total Healing Volume provided by the character.	攻城ポイント（攻撃側のみ）：城門、城衛兵、守護者、エンペリウムへ@{1}ダメージ与えるごとに@{2}ポイント獲得します。\n防衛ポイント（防衛側のみ）：城門、城衛兵、守護者、エンペリウムの一定範囲内にいる間、@{3}秒ごとに@{4}ポイント獲得します。\n兵器破壊数：破壊した敵兵器の数。\nキル：敵を倒した回数。\nアシスト：味方メンバーのキルを支援した回数。\n戦場評価：戦場目標の達成で獲得する評価。個人の総合貢献を表します。\n兵器ダメージ：兵器で与えた総ダメージ。\n与ダメージ：キャラクターが与えた総ダメージ。\n被ダメージ：キャラクターが受けた総ダメージ。\n回復：キャラクターが行った総回復量。
26582	@{1}. When speaking freely in a Tavern room, please remember to ^{1}follow the Compliance Guidelines^{2}.\n@{2}. Tavern chat will Keep its relatively strict moderation and reporting systems. Adventurers, please do not post any content that violates the rules. \n@{3}. When you ^{3}send Tavern Gifts^{4} to other Adventurers in the room, you can ^{5}increase the room's popularity^{6}, while the Adventurers who receive them can ^{7}gain Star Points^{8}.\n@{4}. Star Points have a weekly ranking, and the top ten players each week can earn a limited-time title.\n@{5}. Don't hold back on sending Tavern Gifts! Complete daily quests to receive free gift items, and boldly show others your appreciation!\n@{6}. Both ^{9}popularity and the number of players in the room^{10} affect the room's position in the Tavern list.	@{1}. 酒場ルームで自由に会話する際は、^{1}コンプライアンスガイドラインを守ってください^{2}。\n@{2}. 酒場チャットでは比較的厳格なモデレーションと通報制度を維持します。冒険者のみなさん、ルールに違反する内容は投稿しないでください。 \n@{3}. ルーム内の他の冒険者へ^{3}酒場ギフトを贈る^{4}と、^{5}ルームの人気度を上げられます^{6}。受け取った冒険者は^{7}スターポイントを獲得できます^{8}。\n@{4}. スターポイントには週間ランキングがあり、毎週上位10名は期間限定称号を獲得できます。\n@{5}. 酒場ギフトは遠慮せず贈りましょう！デイリークエストを完了すると無料のギフトアイテムを獲得できます。大胆に感謝の気持ちを伝えましょう！\n@{6}. ^{9}人気度とルーム内のプレイヤー数^{10}の両方が、酒場リストでのルーム順位に影響します。
26583	@{1}.Trade is the official marketplace for buying and selling items.\n@{2}.Some rare items can be priced freely, with no price restrictions.\n@{3}.Rare items have a display period after being listed and cannot be traded normally until that period ends.\n@{4}.When an item's status changes to Purchase Successful or Sale Successful, the purchased item or sale proceeds will be sent by mail. Please claim them promptly.\n@{5}.You can follow items to easily check their availability in real time.\n@{6}.Listed items remain available for a limited time. Any item that does not sell before its listing expires will automatically be returned to the player by mail.\n@{7}.After an item is sold, a transaction tax is deducted from the Currency the seller receives. Different tax rates apply based on the player's Trade volume for This Week.	@{1}.取引所はアイテムを売買する公式マーケットです。\n@{2}.一部のレアアイテムは価格制限なく自由に値付けできます。\n@{3}.レアアイテムには出品後の展示期間があり、その期間が終わるまで通常取引できません。\n@{4}.アイテムの状態が購入成功または販売成功になると、購入アイテムまたは売上金はメールで送付されます。お早めにお受け取りください。\n@{5}.アイテムをフォローすると、販売状況をリアルタイムで簡単に確認できます。\n@{6}.出品アイテムには有効期限があります。期限までに売れなかったアイテムはメールで自動返却されます。\n@{7}.アイテムが売れると、販売者が受け取る通貨から取引税が差し引かれます。税率は今週のプレイヤーの取引量によって異なります。
26584	Pet Deployment and Assist\n1. The Adventurer can deploy 4 pets and assign 5 pets to Assist at the same time: 1 Main slot, 3 Utility slots, and 5 Assist slots. These slots are gradually unlocked with each Adventurer Level Increased milestone.\n2. Deploying 3 pets from the same Faction activates that Faction's effect. Each Faction has a different effect.\n3. Deployed pets grant the Adventurer a percentage of their base stats. The percentage differs between deployed and Assist pets.\n4. A pet in the Main slot grants the Adventurer its Main Skill, while a pet in a Utility slot grants the Adventurer its Passive Skill.\n5. Some pets in Utility slots provide a Core Passive with enhanced skill effects. If multiple pets with Core Passives are assigned to Utility slots, only the Core Passive in the lowest-numbered Utility slot takes effect.\n	ペット出撃と支援\n1. 冒険者は同時にペット4体を出撃させ、5体を支援に配置できます。内訳はメインスロット1つ、ユーティリティスロット3つ、支援スロット5つです。これらのスロットは冒険者のレベル到達に応じて段階的に解放されます。\n2. 同じ勢力のペットを3体出撃させると、その勢力効果が発動します。勢力ごとに効果が異なります。\n3. 出撃したペットは基礎ステータスの一定割合を冒険者へ付与します。割合は出撃ペットと支援ペットで異なります。\n4. メインスロットのペットはメインスキルを、ユーティリティスロットのペットはパッシブスキルを冒険者へ付与します。\n5. 一部のユーティリティスロットのペットは、強化スキル効果を持つコアパッシブを提供します。複数のコアパッシブ持ちペットをユーティリティスロットへ配置した場合、番号が最も小さいユーティリティスロットのコアパッシブのみ有効です。\n
26585	The continent of Midgard is divided into several ^{1}regions^{2}, each containing multiple ^{3}field maps^{4} and ^{5}caves^{6}.\nAfter meeting a region's hunt requirements, go to the corresponding map or cave and Kill ^{7}any monster^{8} for a Chance to obtain Extra ^{9}【Points】^{10} and ^{11}【Expedition Medals】^{12}.\nWhen a map's ^{13}【Points】^{14} reach certain amounts, you can claim map hunt rewards. When the total ^{15}【Points】^{16} accumulated across all maps in a region reaches certain milestones, you can claim milestone chests.\nEach map and region has its own ^{17}Point Limit^{18}. After reaching the limit, defeating monsters in that region will no longer grant ^{19}【Points】^{20} or ^{21}【Expedition Medals】^{22}.\nThe ^{23}【Expedition Medals】^{24} obtained by hunting monsters can be exchanged for valuable rewards in the Shop.	ミッドガルド大陸はいくつかの^{1}地域^{2}に分かれ、各地域には複数の^{3}フィールドマップ^{4}と^{5}洞窟^{6}があります。\n地域の狩猟条件を満たした後、対応するマップまたは洞窟へ行き、^{7}任意のモンスター^{8}を倒すと一定確率で追加の^{9}【ポイント】^{10}と^{11}【遠征メダル】^{12}を獲得します。\nマップの^{13}【ポイント】^{14}が一定量に達すると、マップ狩猟報酬を受け取れます。地域内の全マップで累積した^{15}【ポイント】^{16}の合計が一定の節目に達すると、節目の宝箱を受け取れます。\n各マップと地域には固有の^{17}ポイント上限^{18}があります。上限到達後、その地域でモンスターを倒しても^{19}【ポイント】^{20}や^{21}【遠征メダル】^{22}は獲得できません。\nモンスター狩猟で獲得した^{23}【遠征メダル】^{24}はショップで貴重な報酬と交換できます。
26586	Extra-long mechanic alert above message bar test, extra-long mechanic alert above message bar test, extra-long mechanic alert above message bar test, extra-long mechanic alert above message bar test, extra-long mechanic alert above message bar test, extra-long mechanic alert above message bar test, extra-long mechanic alert above message bar test, extra-long mechanic alert above message bar test, extra-long mechanic alert above message bar test, extra-long mechanic alert above message bar test, extra-long mechanic alert above message bar test, extra-long mechanic alert above message bar test, extra-long mechanic alert above message bar test, extra-long mechanic alert above message bar test, extra-long mechanic alert above message bar test, extra-long mechanic alert above message bar test, extra-long mechanic alert above message bar test	超長いメッセージバー上部メカニクス警告テスト、超長いメッセージバー上部メカニクス警告テスト、超長いメッセージバー上部メカニクス警告テスト、超長いメッセージバー上部メカニクス警告テスト、超長いメッセージバー上部メカニクス警告テスト、超長いメッセージバー上部メカニクス警告テスト、超長いメッセージバー上部メカニクス警告テスト、超長いメッセージバー上部メカニクス警告テスト、超長いメッセージバー上部メカニクス警告テスト、超長いメッセージバー上部メカニクス警告テスト、超長いメッセージバー上部メカニクス警告テスト、超長いメッセージバー上部メカニクス警告テスト、超長いメッセージバー上部メカニクス警告テスト、超長いメッセージバー上部メカニクス警告テスト、超長いメッセージバー上部メカニクス警告テスト、超長いメッセージバー上部メカニクス警告テスト、超長いメッセージバー上部メカニクス警告テスト
26587	Receive an invite Rules:\n@{1}.Receiving a merge invite means ^{1}the other guild is inviting your guild to Merge into theirs^{2}.\n@{2}.After accepting the merge invite, you must adjust the number of guild members who can Merge into the other guild so that it does not exceed the number of members they can accept.\n@{3}.Once you have accepted the merge invite and adjusted the number of members who can merge, ^{3}the Merge Guild process will be completed at 5:00 a.m. the next day^{4}.\n@{4}.Before the merge takes place, you can select [Cancel Merge] on the screen. The Merge Guild process will end immediately after it is canceled.\n@{5}.If your guild's member count exceeds the number of members the other guild can accept when the merge takes place, the Merge Guild process will end immediately and the merge will fail.\n@{6}.If the merge fails, neither guild will be changed or otherwise affected.	合併招待を受け取る：ルール\n@{1}.合併招待を受け取るとは、^{1}相手ギルドがあなたのギルドを相手ギルドへ合併するよう招待することです^{2}。\n@{2}.合併招待を承認した後、相手ギルドへ合併するギルドメンバー数を、相手が受け入れられる人数以内に調整する必要があります。\n@{3}.合併招待を承認し、合併可能なメンバー数を調整すると、^{3}翌日午前5:00にギルド合併が完了します^{4}。\n@{4}.合併前は画面で[合併をキャンセル]を選択できます。キャンセルすると合併手続きは即座に終了します。\n@{5}.合併時、自ギルドのメンバー数が相手ギルドの受入可能人数を超えている場合、合併手続きは即座に終了して失敗します。\n@{6}.合併が失敗した場合、どちらのギルドにも変更や影響はありません。
26588	@{1}.Guild Limited-Time Tactics provide ^{1}more powerful temporary effects in Territory War^{2}.\n@{2}.Authorized management Members can spend Guild Supplies to activate and refresh Tactics.\n@{3}.Limited-Time Tactics automatically refresh once each day at 5:00 a.m. The number of Tactics that can be drawn each day also resets at 5:00 a.m.\n@{4}.^{3}The Limited-Time Tactics pool unlocks as the Season progresses^{4}. Higher-quality, more powerful Tactics will become available later in the Season.\n@{5}.The Tactics your Guild can have active are limited by points. If you have reached the point limit, you must unequip a Tactic before activating another one.\n@{6}.Unequipping a Tactic will not refund the Guild Supplies spent to activate it.\n@{7}.^{5}A Limited-Time Tactic's timer starts as soon as it is activated^{6}. When its remaining duration reaches @{8}, it will be removed from Current Effect.	@{1}.ギルド期間限定戦術は^{1}領地戦でより強力な一時効果を提供します^{2}。\n@{2}.権限を持つ管理メンバーはギルド物資を消費して戦術を発動・更新できます。\n@{3}.期間限定戦術は毎日午前5:00に1回自動更新されます。1日に抽選できる戦術数も午前5:00にリセットされます。\n@{4}.^{3}期間限定戦術プールはシーズン進行に応じて解放されます^{4}。シーズン後半には、より高品質で強力な戦術が利用可能になります。\n@{5}.ギルドが同時に発動できる戦術はポイントで制限されます。上限に達している場合、別の戦術を発動する前に1つ解除する必要があります。\n@{6}.戦術を解除しても、発動に消費したギルド物資は返却されません。\n@{7}.^{5}期間限定戦術のタイマーは発動した瞬間から開始します^{6}。残り時間が@{8}になると現在効果から削除されます。
26589	Participation Reward Distribution Rules:\nIndividual Rewards: Players who earn n points in the Stronghold Battle become eligible to claim rewards.\nAuction Rewards: If a guild is eligible to participate in the Stronghold Battle and at least @{2} of its players earn @{1} points, the guild becomes eligible for Guild Auction rewards. The rewards will be listed in the Guild Auction after the event ends.\n\nStronghold Occupation Reward Distribution Rules:\nIndividual Rewards: Players who earn @{3} points in the Stronghold Battle become eligible to claim rewards if their guild occupies a stronghold on the battlefield when the event ends.\nAuction Rewards: If a guild is eligible to participate in the Stronghold Battle and occupies a stronghold on the battlefield when the event ends, the guild becomes eligible for Guild Auction rewards. The rewards will be listed in the Guild Auction after the event ends.	参加報酬配布ルール：\n個人報酬：拠点戦でnポイントを獲得したプレイヤーは報酬を受け取る資格を得ます。\nオークション報酬：ギルドが拠点戦への参加資格を持ち、所属プレイヤーのうち@{2}人以上が@{1}ポイントを獲得すると、ギルドオークション報酬の資格を得ます。報酬はイベント終了後にギルドオークションへ出品されます。\n\n拠点占領報酬配布ルール：\n個人報酬：拠点戦で@{3}ポイントを獲得し、イベント終了時に所属ギルドが戦場の拠点を占領している場合、報酬を受け取る資格を得ます。\nオークション報酬：ギルドが拠点戦への参加資格を持ち、イベント終了時に戦場の拠点を占領している場合、ギルドオークション報酬の資格を得ます。報酬はイベント終了後にギルドオークションへ出品されます。
26590	@{1}.Guild Limited-Time Tactics provide powerful temporary effects in Territory War.\n@{2}.Authorized Guild management Members can spend Guild Supplies to activate and refresh Tactics.\n@{3}.Limited-Time Tactics automatically refresh once daily at five o'clock in the morning. The number of Tactics that can be drawn each day also resets at that time.\n@{4}.The Limited-Time Tactics pool unlocks over the course of the Season. Higher-quality, more powerful Tactics become available later in the Season.\n@{5}.The Tactics your Guild can activate are limited by available points. If you have reached the point limit, you must unequip a Tactic before you can activate another.\n@{6}.Unequipping a Tactic does not refund the Guild Supplies spent to activate it.\n@{7}.A Limited-Time Tactic's duration begins counting down as soon as it is activated. When its remaining duration reaches @{8}, it will be removed from Current Effect.	@{1}.ギルド期間限定戦術は領地戦で強力な一時効果を提供します。\n@{2}.権限を持つギルド管理メンバーはギルド物資を消費して戦術を発動・更新できます。\n@{3}.期間限定戦術は毎日午前5時に1回自動更新されます。1日に抽選できる戦術数も同時刻にリセットされます。\n@{4}.期間限定戦術プールはシーズン進行に応じて解放されます。シーズン後半には、より高品質で強力な戦術が利用可能になります。\n@{5}.ギルドが発動できる戦術は利用可能ポイントで制限されます。上限に達している場合、別の戦術を発動する前に1つ解除する必要があります。\n@{6}.戦術を解除しても、発動に消費したギルド物資は返却されません。\n@{7}.期間限定戦術の持続時間は発動した瞬間から減少します。残り時間が@{8}になると現在効果から削除されます。
26591	Extra-long main-screen Notification interface test, extra-long main-screen Notification interface test, extra-long main-screen Notification interface test, extra-long main-screen Notification interface test, extra-long main-screen Notification interface test, extra-long main-screen Notification interface test, extra-long main-screen Notification interface test, extra-long main-screen Notification interface test, extra-long main-screen Notification interface test, extra-long main-screen Notification interface test, extra-long main-screen Notification interface test, extra-long main-screen Notification interface test, extra-long main-screen Notification interface test, extra-long main-screen Notification interface test, extra-long main-screen Notification interface test, extra-long main-screen Notification interface test, extra-long main-screen Notification interface test, extra-long main-screen Notification interface test	超長いメイン画面通知UIテスト、超長いメイン画面通知UIテスト、超長いメイン画面通知UIテスト、超長いメイン画面通知UIテスト、超長いメイン画面通知UIテスト、超長いメイン画面通知UIテスト、超長いメイン画面通知UIテスト、超長いメイン画面通知UIテスト、超長いメイン画面通知UIテスト、超長いメイン画面通知UIテスト、超長いメイン画面通知UIテスト、超長いメイン画面通知UIテスト、超長いメイン画面通知UIテスト、超長いメイン画面通知UIテスト、超長いメイン画面通知UIテスト、超長いメイン画面通知UIテスト、超長いメイン画面通知UIテスト、超長いメイン画面通知UIテスト
26592	1. You've helped the city prosper, so Prontera offers Stall services to all Adventurers.\n2. You may set up a Stall in any authorized area of Prontera. If the current channel is full, you will automatically switch to another channel. Stall information is not shared between channels.\n3. Please keep your Distance from other Adventurers' Stalls. You cannot set up a Stall too close to another one.\n4. A fixed Stall fee is charged each time you set up a Stall. There is no daily limit.\n5. Items from purchases, sales, and closing your Stall will be delivered by mail.\n6. If every item in your Stall sells out, the Stall will automatically Show less. However, this will not occur within the first 6 minutes after opening your Stall.\n7. If you close your Stall manually, you must pay the fixed Stall fee again the next time you open it. Please consider carefully.\n8. You may change the price and quantity of listed items at any time.	1. あなたの貢献で街が繁栄したため、プロンテラではすべての冒険者へ露店サービスを提供しています。\n2. プロンテラの許可されたエリアならどこでも露店を設置できます。現在のチャンネルが満員の場合、自動的に別のチャンネルへ切り替わります。露店情報はチャンネル間で共有されません。\n3. 他の冒険者の露店とは距離を保ってください。他の露店の近くには設置できません。\n4. 露店を設置するたびに固定の露店手数料がかかります。1日の回数制限はありません。\n5. 購入、販売、露店終了時のアイテムはメールで届きます。\n6. 露店内の商品がすべて売り切れると、露店は自動で簡易表示になります。ただし、露店開始後最初の6分間はこの処理は行われません。\n7. 手動で露店を閉じた場合、次回開く時に固定の露店手数料を再度支払う必要があります。慎重にご判断ください。\n8. 出品アイテムの価格と数量はいつでも変更できます。
26593	A rift has appeared above the Midgard Continent, and an unknown world appears poised to descend. The Novice Instructor is recruiting Adventurers to collect Arcane Crystals and defend against the approaching world.\n@{1}.During the event, obtain Arcane Crystals by opening the Tier @{2} chest in the Event Calendar, challenging MVPs, and turning in Cat Hand Caravan quests. You may challenge MVPs @{3} times per day. Cat Hand Caravan quests have no Attempt Restriction.\n@{4}.The Entire Server's material donation progress unlocks milestone rewards on the event progress bar. Once the bar is full, preparations will be complete, and everyone can await the arrival of the otherworld.\n@{5}.Donate Arcane Crystals to the Novice Instructor in exchange for Contributor Badges, which can be exchanged for rewards in the Contributor Shop.\n@{6}.The donation event ends on Day X at Hour X. Players may continue exchanging for prizes in the shop until Day X at Hour X.	ミッドガルド大陸上空に裂け目が現れ、未知の世界が降下しようとしています。ノービス教官は迫り来る異世界へ備えるため、アーケインクリスタルを集める冒険者を募集しています。\n@{1}.イベント期間中、イベントカレンダーのTier @{2}宝箱を開ける、MVPへ挑戦する、猫の手キャラバンクエストを納品することでアーケインクリスタルを獲得できます。MVPは1日@{3}回挑戦できます。猫の手キャラバンクエストには挑戦回数制限がありません。\n@{4}.全サーバーの素材寄付進捗に応じて、イベント進捗バーの節目報酬が解放されます。バーが満タンになると準備完了となり、皆で異世界の到来を待ちます。\n@{5}.アーケインクリスタルをノービス教官へ寄付すると貢献者バッジを獲得し、貢献者ショップで報酬と交換できます。\n@{6}.寄付イベントはX日X時に終了します。ショップでの景品交換はX日X時まで継続できます。
26594	Can only be used while riding Madogear. Use the Madogear's ignition system to become Flying and gain a Shield equal to ${1}% of your Max HP for ${2} seconds. You can Move and have 【Immunity】 during this time. Tap the skill again or wait until the Flying duration ends to attack Below, dealing Neutral Melee Physical DMG equal to PATK * ^{1}${5}%^{2} to up to ${4} enemies within a ${3}-meter radius and inflicting Stun for ${6} seconds, as well as 【Severe Wound】 for @{1} seconds. For every ${7} enemies hit by this attack, gain @{2} stacks of Shield equal to ${8}% of your Max HP, stacking up to ${9} times and lasting ${10} seconds. This also Enhances your next Axe Tornado, Launching 【High-Energy Pulse】 a number of times based on the number of enemies hit by this attack.\n【Severe Wound】: Reduces Healing Done received by @{3}%.\n【High-Energy Pulse】: Deals Neutral Melee Physical DMG equal to PATK * ^{3}${11}%^{4} to up to @{5} enemies within a @{4}-meter radius around you.	魔導ギア騎乗中のみ使用可能。魔導ギアの点火システムで飛行状態になり、最大HPの${1}%に相当するシールドを${2}秒間獲得します。この間、移動可能で【無敵】を獲得します。スキルを再度タップするか飛行時間終了まで待つと下方を攻撃し、半径${3}m以内の最大${4}体の敵へPATK * ^{1}${5}%^{2}の無属性近接物理ダメージを与え、${6}秒間スタン、さらに@{1}秒間【重傷】を付与します。この攻撃が${7}体の敵へ命中するごとに、最大HPの${8}%に相当するシールドを@{2}スタック獲得し、最大${9}スタック、${10}秒間持続します。さらに次のアックストルネードを強化し、この攻撃で命中した敵の数に応じて【ハイエナジーパルス】を複数回発動します。\n【重傷】：受ける回復量を@{3}%低下させます。\n【ハイエナジーパルス】：自身の周囲半径@{4}m以内の最大@{5}体の敵へPATK * ^{3}${11}%^{4}の無属性近接物理ダメージを与えます。
26595	Adventurers can deploy @{1} pets and assign @{2} support pets at the same time, with @{3} active pet slots, @{4} Utility pet slots, and @{5} support pet slots.\nDeployment slots are gradually unlocked as the Adventurer's level increases, while support slots are gradually unlocked based on the number of Floors cleared in the Spirit Tower. A deployed pet grants the Adventurer a percentage of its base attributes: @{6}% from deployment slots, while the bonus varies by support slot.\nPets in active slots grant the Adventurer active skills, while pets in Utility slots grant the Adventurer Passive Skills.\nSome pets provide a more powerful Core Passive effect while assigned to a Utility slot.\nIf multiple pets with Core Passives are assigned to Utility slots, only the Core Passive in the lowest-numbered Utility slot takes effect.\nDeploying @{7} pets of the same Faction activates a Faction effect. Each Faction has a different effect; view the Faction combination attributes below.	冒険者は同時にペット@{1}体を出撃させ、支援ペット@{2}体を配置できます。内訳はアクティブペットスロット@{3}個、ユーティリティペットスロット@{4}個、支援ペットスロット@{5}個です。\n出撃スロットは冒険者のレベル上昇に応じて段階的に解放され、支援スロットは精霊の塔のクリア階数に応じて段階的に解放されます。出撃したペットは基礎属性の一定割合を冒険者へ付与します。出撃スロットでは@{6}%、支援スロットではスロットごとに割合が異なります。\nアクティブスロットのペットは冒険者へアクティブスキルを、ユーティリティスロットのペットはパッシブスキルを付与します。\n一部のペットはユーティリティスロットへ配置すると、より強力なコアパッシブ効果を提供します。\n複数のコアパッシブ持ちペットをユーティリティスロットへ配置した場合、番号が最も小さいユーティリティスロットのコアパッシブのみ有効です。\n同じ勢力のペットを@{7}体出撃させると勢力効果が発動します。勢力ごとに効果が異なります。以下で勢力組み合わせ属性を確認できます。
26596	Appearance Times: Every Monday, Wednesday, Friday, and Sunday at ^{1}@{1}:@{2}, @{3}:@{4}, @{5}:@{6}, @{7}:@{8}, @{9}:@{10}, and @{11}:@{12}^{2}.\nRules:\n@{13}.A party of ^{3}≥@{14} Members^{4} is required. Each Rift can hold only one party at a time. It disappears when defeated and remains for up to @{15} minutes.\n@{16}.If every Member leaves the instance or dies before the battle ends, the challenge fails. The instance cannot be challenged again for ^{5}@{17} minutes^{6}.\n@{18}.Each player can receive a Rift's Additional rewards up to ^{7}@{19} times^{8} per day. Higher-star Rifts are more difficult.\n@{20}.Rifts may appear randomly on any map. When one opens, a System Notification will be issued for the map where it appeared. After entering the map, players can see how many Rifts remain, but must explore to find their exact locations.\n@{21}.^{9}@{22}-Star^{10} Rifts have a Chance to grant a special commendation from the Eden Group. Challenge higher difficulties first if your party is able	出現時刻：毎週月・水・金・日曜の^{1}@{1}:@{2}、@{3}:@{4}、@{5}:@{6}、@{7}:@{8}、@{9}:@{10}、@{11}:@{12}^{2}。\nルール：\n@{13}.^{3}@{14}人以上^{4}のパーティが必要です。各亀裂へ同時に入れるパーティは1組のみです。討伐されると消滅し、最大@{15}分間存在します。\n@{16}.戦闘終了前に全メンバーがインスタンスから退出または死亡した場合、挑戦失敗となります。^{5}@{17}分間^{6}は再挑戦できません。\n@{18}.各プレイヤーが亀裂の追加報酬を受け取れるのは1日最大^{7}@{19}回^{8}です。星数が高い亀裂ほど難易度が上がります。\n@{20}.亀裂は任意のマップへランダムに出現します。開くと出現マップにシステム通知が流れます。マップへ入ると残りの亀裂数を確認できますが、正確な場所は探索して見つける必要があります。\n@{21}.^{9}@{22}つ星^{10}の亀裂では、一定確率で楽園団から特別表彰を獲得できます。パーティに余裕があれば高難易度から挑戦しましょう。
26597	Pet Basics\n1. Unlock pets through Pet Search or by collecting enough shards.\n2. Use EXP Books to Level-up pets. Respawn refunds all EXP Books used for Level-up and resets the pet to Lv. 1.\n3. A pet's base stats are determined by its level and growth rate.\n\nPet Skills\n1. Combat Skill: An active Pet Skill that can be used after the pet enters battle in modes such as Pet Tower.\n2. Passive Skill: A Pet Skill that takes effect when the pet is assigned to a Utility slot.\n3. Main Skill: A Pet Skill that the Adventurer can manually use in battle while the pet is assigned to the main slot.\n4. Stat Activation Skill: A Pet Skill that grants the Adventurer permanent stat bonuses once the pet is unlocked, even when the pet is not deployed.\n\nPet Rank and Star Level\n1. Every 3 pet Rank Ups increases its star level by 1.\n2. Ranking up a pet increases its growth rate.\n3. Increasing a pet's star level raises the star level of its Main, Passive, and Stat Activation Skills. Higher-star skills provide stronger effects.\n	ペット基礎\n1. ペット探索または十分な欠片を集めることでペットを解放します。\n2. EXPブックを使ってペットをレベルアップします。リスポーンするとレベルアップに使用したEXPブックがすべて返却され、ペットはLv. 1へリセットされます。\n3. ペットの基礎ステータスはレベルと成長率で決まります。\n\nペットスキル\n1. 戦闘スキル：ペットタワーなどでペットが戦闘へ参加した後に使用できるアクティブペットスキルです。\n2. パッシブスキル：ペットをユーティリティスロットへ配置した時に効果を発揮するペットスキルです。\n3. メインスキル：ペットをメインスロットへ配置中、冒険者が戦闘で手動使用できるペットスキルです。\n4. ステータス解放スキル：ペットを解放すると、出撃していなくても冒険者へ恒久的なステータスボーナスを付与するペットスキルです。\n\nペットランクと星レベル\n1. ペットを3回ランクアップするごとに星レベルが1上昇します。\n2. ペットをランクアップすると成長率が上昇します。\n3. ペットの星レベルが上がると、メイン、パッシブ、ステータス解放スキルの星レベルも上昇します。高い星のスキルほど効果が強くなります。\n
26598	@{1}.In this mode, Guild Members must work together to Defeat Bosses. It has @{2} Difficulty levels: Easy, Hard, and Nightmare. Easy includes only Temple of Cadence; Hard includes Temple of Cadence and Above the Sea of Clouds; Nightmare includes Temple of Cadence, Above the Sea of Clouds, and Chaos Court.\n@{3}.Each week, the Guild Master selects the Difficulty and Initiates the Challenge. During the event, Members may Enter Dungeon at any time to Follow the guild's current progress and participate in the Challenge.\n@{4}.Reward Counts are shared between stages with the same name across different Difficulty levels. After Claiming a stage reward, you cannot Claim another reward from a stage with the same name that week. Stages with no Remaining Reward Counts may be skipped.\n@{5}.Clear rewards are issued immediately after each stage's Settlement. Auction Rewards continue to accumulate, and the auction begins after the Event Over.\n@{6}.While the event is Active, the Guild Master may adjust the Challenge Difficulty at any time.	@{1}.このモードでは、ギルドメンバーが協力してBOSSを倒します。難易度は@{2}段階あり、イージー、ハード、ナイトメアです。イージーはリズム神殿のみ、ハードはリズム神殿と雲海の上、ナイトメアはリズム神殿、雲海の上、カオスコートを含みます。\n@{3}.毎週ギルドマスターが難易度を選択して挑戦を開始します。イベント期間中、メンバーはいつでもダンジョンへ入り、ギルドの現在の進捗に合流して挑戦へ参加できます。\n@{4}.異なる難易度でも同名ステージの報酬回数は共有されます。ステージ報酬を受け取ると、その週は同名ステージから別の報酬を受け取れません。報酬回数が残っていないステージはスキップできます。\n@{5}.クリア報酬は各ステージの精算直後に配布されます。オークション報酬は累積され、イベント終了後にオークションが始まります。\n@{6}.イベント開催中、ギルドマスターはいつでも挑戦難易度を変更できます。
26599	Basic Rules:\n1. MVPs share HP across multiple channels. When an MVP appears, it can be found and fought on every channel, and all battle contributions count toward the rankings.\nReward Rules:\n1. MVP rewards are divided into four types: Team Rewards, Participation Rewards, First Strike Rewards, and Final Blow Rewards. Each type has an independent Reward Count and does not affect the others. Click the Reward Count for details.\n2. Participation Rewards and Team Rewards have a Chance to contain Rare rewards such as cards. The higher the team's ranking, the greater the Chance of receiving them.\nRanking Rules:\n1. After an MVP is defeated, scores are calculated for all participating teams based on damage dealt, damage taken, Healing Volume, and death count. Deaths deduct a small number of points. All participating teams are then ranked by score.\n2. If a team has a Member who has reached the Team Reward limit, its total score will be reduced by a certain percentage. The more Members who have reached the limit, the greater the reduction.	基本ルール：\n1. MVPのHPは複数チャンネルで共有されます。MVP出現時はすべてのチャンネルで発見・戦闘でき、すべての戦闘貢献がランキングへ反映されます。\n報酬ルール：\n1. MVP報酬はチーム報酬、参加報酬、ファーストアタック報酬、ラストアタック報酬の4種類です。それぞれ独立した報酬回数があり、互いに影響しません。詳細は報酬回数をクリックしてください。\n2. 参加報酬とチーム報酬には一定確率でカードなどのレア報酬が含まれます。チーム順位が高いほど獲得確率が高くなります。\nランキングルール：\n1. MVP討伐後、参加した全チームについて与ダメージ、被ダメージ、回復量、死亡回数をもとにスコアを算出します。死亡すると少量のポイントが減点され、全参加チームがスコア順にランキングされます。\n2. チーム内にチーム報酬上限へ達したメンバーがいる場合、総スコアが一定割合で減少します。該当メンバーが多いほど減少率も高くなります。
26600	Stronghold Contest Phases:\nThe Stronghold Contest cycles through the following phases: Bidding → Preparation → In Progress → Ended.\nAt the end of the Season, the off-season begins. The contest will resume when the next Season starts.\n\nBidding:\nDuring this phase, Guild Leaders must spend Guild Supplies to place bids and qualify for the Stronghold Contest.\nFor each prefecture within the same realm, only the top @{1} bidding guilds can participate in the Stronghold Contest.\n\nPreparation:\nDuring this phase, the bidding results and attack information are displayed so qualifying guilds can discuss their strategies.\n\nIn Progress:\nThe Stronghold Contest officially begins. Keep the information displayed during the Preparation phase and provide qualifying guilds with an entrance to the event.\n\nEnded:\nThe results of the current Stronghold Contest are displayed. Tap Battle Record in the lower-right corner for more details on the battle's offense and defense.\nWhen this phase ends, a new Stronghold Contest cycle begins with the Bidding phase.	拠点争奪フェーズ：\n拠点争奪は「入札 → 準備 → 進行中 → 終了」の順で繰り返されます。\nシーズン終了後はオフシーズンに入り、次のシーズン開始時に争奪が再開されます。\n\n入札：\nこのフェーズでは、ギルドリーダーがギルド物資を消費して入札し、拠点争奪への参加資格を獲得します。\n同じ領域内の各県では、入札額上位@{1}ギルドのみ拠点争奪へ参加できます。\n\n準備：\nこのフェーズでは入札結果と攻撃情報が表示され、参加資格を持つギルドが戦略を相談できます。\n\n進行中：\n拠点争奪が正式に始まります。準備フェーズで表示された情報を維持し、参加資格を持つギルドへイベント入口を提供します。\n\n終了：\n今回の拠点争奪結果が表示されます。右下の戦闘記録をタップすると攻防の詳細を確認できます。\nこのフェーズ終了後、入札フェーズから新たな拠点争奪サイクルが始まります。
26601	@{1}. Each BOSS has one Initial Reward Count when unlocked. ^{1}The Initial Reward Count will not be cleared and is permanently Kept for the current Season.^{2}\n@{2}. ^{3}Reward Counts refresh every Monday at @{3}:@{4}^{4}, granting one for each BOSS.\n@{5}. Each BOSS's [Normal] and [Hard] difficulties share a shared Reward Count. However, ^{5}before [Hard] is unlocked, Reward Counts from [Normal] cannot be accumulated for use on [Hard].^{6}\n@{6}. Each BOSS's clear Reward Count is exclusive to the current difficulty and cannot be used for another difficulty. The shared Reward Count is shared between the current BOSS's [Normal] and [Hard] difficulties.\n@{7}. A Reward Count is consumed upon clearing to grant rewards. ^{7}The first time you clear a BOSS, you receive that BOSS's First Clear rewards.^{8}\n@{8}. Without a Reward Count, you cannot receive clear rewards, participate in auctions, or receive Auction Dividends.\n@{9}. Each BOSS's refreshed ^{9}Reward Counts can accumulate for up to two weeks^{10}. The BOSS's Initial Reward Count does not count toward this limit.	@{1}. 各BOSSは解放時に初期報酬回数を1回所持します。^{1}初期報酬回数はリセットされず、現在のシーズン中は永久に保持されます。^{2}\n@{2}. ^{3}報酬回数は毎週月曜@{3}:@{4}に更新され^{4}、各BOSSへ1回付与されます。\n@{5}. 各BOSSの[通常]と[ハード]は共通報酬回数を共有します。ただし、^{5}[ハード]解放前は[通常]で得た報酬回数を[ハード]用に累積できません。^{6}\n@{6}. 各BOSSのクリア報酬回数は現在の難易度専用で、別難易度には使用できません。共通報酬回数は現在のBOSSの[通常]と[ハード]で共有されます。\n@{7}. クリア時に報酬回数を1回消費して報酬を獲得します。^{7}BOSSを初めてクリアすると、そのBOSSの初回クリア報酬を獲得します。^{8}\n@{8}. 報酬回数がない場合、クリア報酬を受け取れず、オークションへ参加できず、オークション配当も受け取れません。\n@{9}. 各BOSSで更新される^{9}報酬回数は最大2週間分まで累積できます^{10}。BOSSの初期報酬回数はこの上限に含まれません。
26602	Raise your shield to block for ${1} sec. During this time, damage taken from monsters is reduced by an additional ^{1}${2}%^{2}, and damage taken from players is reduced by an additional ^{3}${3}%^{4}. Tap this skill again during its duration, or wait until the block ends, to cast ^{5}【Shield Auto Counter】^{6}. If you are hit while blocking, this will Enhance ^{7}【Shield Auto Counter】^{8} into ^{9}【Powerful Auto Counter】^{10}. ^{11}【Shield Auto Counter】^{12}: Deals Neutral melee Physical damage equal to Physical ATK * ^{13}${7}% + ${8}^{14} to up to ${6} enemies within a ${4}-degree, ${5}-meter area in front of you. During this time, damage taken from monsters is reduced by an additional ^{15}${2}%^{16}, and damage taken from players is reduced by an additional ^{17}${3}%^{18}. ^{19}【Powerful Auto Counter】^{20}: Deals Neutral melee Physical damage equal to Physical ATK * ^{21}${10}% + ${11}^{22} to up to ${6} enemies within a ${4}-degree, ${9}-meter area in front of you. During this time, damage taken from monsters is reduced by an additional ^{23}${2}%^{24}, and damage taken from players is reduced by an additional ^{25}${3}%^{26}.	${1}秒間盾を構えてガードします。この間、モンスターから受けるダメージが追加で^{1}${2}%^{2}軽減され、プレイヤーから受けるダメージが追加で^{3}${3}%^{4}軽減されます。効果中にもう一度このスキルをタップするか、ガード終了まで待つと^{5}【シールドオートカウンター】^{6}を発動します。ガード中に攻撃を受けると^{7}【シールドオートカウンター】^{8}が^{9}【パワフルオートカウンター】^{10}へ強化されます。^{11}【シールドオートカウンター】^{12}：前方${4}度・${5}m範囲内の最大${6}体の敵へ物理攻撃力 * ^{13}${7}% + ${8}^{14}の無属性近接物理ダメージを与えます。この間、モンスターから受けるダメージが追加で^{15}${2}%^{16}、プレイヤーから受けるダメージが追加で^{17}${3}%^{18}軽減されます。^{19}【パワフルオートカウンター】^{20}：前方${4}度・${9}m範囲内の最大${6}体の敵へ物理攻撃力 * ^{21}${10}% + ${11}^{22}の無属性近接物理ダメージを与えます。この間、モンスターから受けるダメージが追加で^{23}${2}%^{24}、プレイヤーから受けるダメージが追加で^{25}${3}%^{26}軽減されます。
26603	During the event, complete Activity Missions to obtain Treasure Maps, then use them to hunt for treasure. There are two types of Treasure Maps: Normal Treasure Maps and Rare Treasure Maps.\n@{1}. Using a Normal Treasure Map may grant rewards (including Treasure Map Fragments), trigger an Elite Monster encounter, summon a powerful Boss, or result in a failed treasure hunt.\n@{2}. Successfully hunting for treasure with a Rare Treasure Map will grant valuable rewards with consistently high prize values.\nRare Treasure Maps can be crafted from Treasure Map Fragments. Treasure Map Fragments can be obtained while hunting for treasure with Normal Treasure Maps or purchased through Trade.\nDuring the event, we recommend prioritizing Activity Missions on the Event Gameplay screen. Completing these missions grants a certain number of Normal Treasure Maps and is one of the main ways to obtain Treasure Map Fragments.\nAdditionally, hunting for treasure with Normal or Rare Treasure Maps has a Chance to grant a Lost Traveler's Journal. Follow the Clues in the journal to search the map for the destination, where you may find an Extra surprise reward.	イベント期間中、活躍度ミッションを完了して宝の地図を入手し、それを使って宝探しを行います。宝の地図には通常の宝の地図とレア宝の地図の2種類があります。\n@{1}. 通常の宝の地図を使用すると、報酬（宝の地図の欠片を含む）を獲得したり、エリートモンスターとの遭遇、強力なBOSSの召喚、または宝探し失敗が発生したりします。\n@{2}. レア宝の地図で宝探しに成功すると、安定して価値の高い貴重な報酬を獲得します。\nレア宝の地図は宝の地図の欠片から製作できます。宝の地図の欠片は通常の宝の地図で宝探しをするか、取引で購入できます。\nイベント期間中は、イベントコンテンツ画面の活躍度ミッションを優先して進めることをおすすめします。これらのミッションを完了すると一定数の通常の宝の地図を獲得でき、宝の地図の欠片を入手する主な方法の一つです。\nまた、通常またはレア宝の地図で宝探しをすると、一定確率で「迷子の旅人の日記」を獲得します。日記の手がかりをたどってマップ上の目的地を探すと、追加のサプライズ報酬が見つかるかもしれません。
26604	@{1}.After Enable Bonus Time, Killing Monsters in the Field grants large amounts of EXP, Equipment, Cards, and other Drops.\n@{2}.Outside Bonus Time, Drops are divided into reduced Drops and Fatigue Drops.\n@{3}.With reduced Drops Active, Killing Monsters in the Field grants only small amounts of EXP, Materials, and other Basic Drops.\n@{4}.With Fatigue Drops Active, Killing Monsters in the Field grants only small amounts of Minted Coins and Materials.\n@{5}.EXP and Equipment Drops from Killing Field Monsters are affected only by World Lv. Card Drops vary by Monster, so plan carefully to obtain the Cards you want!\n@{6}.After enabling Bonus Auto Mode, if you do not Kill a Monster and obtain Drops within 10 seconds, Auto Mode is automatically suspended. Bonus Time is not deducted while suspended. Bonus Auto Mode automatically resumes when you Kill another Monster and obtain Drops.\n@{7}.Bonus Auto Mode is automatically disabled in Dungeons and similar Locations and cannot be enabled there.\n@{8}.If you are challenging a Field MVP, enabling Bonus Auto Mode will also suspend it. It will resume after you escape the MVP's aggro, Kill a Monster, and obtain Drops.	@{1}.ボーナスタイムを有効にすると、フィールドのモンスターを倒した時に大量のEXP、装備、カードなどを獲得します。\n@{2}.ボーナスタイム外では、ドロップが減少ドロップと疲労ドロップに分かれます。\n@{3}.減少ドロップ中、フィールドのモンスターを倒すと少量のEXP、素材などの基本ドロップのみ獲得します。\n@{4}.疲労ドロップ中、フィールドのモンスターを倒すと少量の鋳造コインと素材のみ獲得します。\n@{5}.フィールドモンスター撃破時のEXPと装備ドロップはワールドLv.のみに影響されます。カードドロップはモンスターごとに異なるため、欲しいカードを入手できるよう計画的に狩りましょう！\n@{6}.ボーナスオートモードを有効にした後、10秒以内にモンスターを倒してドロップを獲得しなかった場合、オートモードは自動停止します。停止中はボーナスタイムを消費しません。再びモンスターを倒してドロップを獲得すると自動再開します。\n@{7}.ダンジョンなどではボーナスオートモードが自動的に無効となり、有効化できません。\n@{8}.フィールドMVPへ挑戦中にボーナスオートモードを有効にしている場合も停止します。MVPのヘイト範囲から離れ、モンスターを倒してドロップを獲得すると再開します。
26605	Up to @{1} Guild Members may enter the battlefield. The mode is divided into four phases: one preparation phase and three attack phases.\nPreparation Phase: Attackers cannot leave their base, and defenders cannot leave the castle walls, but both sides may operate their respective machines and Madogear Pilots.\nBattle Phase P@{2}: The battle officially begins. Attackers have @{3} minutes to breach the castle gate. If they succeed, they receive bonus time and the attack continues. If they fail to breach the gate before time expires, the defenders win.\nBattle Phase P@{4}: Attackers must Kill the Protector within the time limit to open the path to the castle. Killing Castle Guards and the Protector grants the corresponding time bonuses.\nBattle Phase P@{5}: There is a Revive point in front of the castle. Attackers must enter the control circle and capture it to remove the Emperium's Invincible status and secure the Revive point. The Revive point can change hands repeatedly. If the defenders recapture it, the Emperium becomes Invincible again. Under any circumstances, after the Emperium remains out of combat for @{6} seconds, it gradually recovers HP within its current phase. The Emperium has three HP phases in total.	戦場へ入場できるギルドメンバーは最大@{1}人です。モードは準備フェーズ1つと攻撃フェーズ3つの計4フェーズで構成されます。\n準備フェーズ：攻撃側は自陣から、防衛側は城壁から出られません。ただし双方とも各自の兵器と魔導ギアを操作できます。\n戦闘フェーズP@{2}：戦闘が正式に始まります。攻撃側は@{3}分以内に城門を突破する必要があります。成功すると追加時間を獲得して攻撃を続行します。時間内に城門を突破できなければ防衛側の勝利です。\n戦闘フェーズP@{4}：攻撃側は制限時間内に守護者を倒して城への道を開く必要があります。城衛兵と守護者を倒すと対応する追加時間を獲得します。\n戦闘フェーズP@{5}：城前に復活地点があります。攻撃側は制圧サークルへ入り、占領してエンペリウムの無敵状態を解除し、復活地点を確保する必要があります。復活地点は何度でも奪い合えます。防衛側が奪還するとエンペリウムは再び無敵になります。どの状況でも、エンペリウムが@{6}秒間戦闘外になると、現在フェーズ内で徐々にHPを回復します。エンペリウムのHPは全3フェーズです。
26606	Can only be used in Madogear Pilot mode. Use the Madogear ignition device to become Flying and gain a Shield equal to ${1}% of your Max HP for ${2} seconds. During this time, you can Move and gain 【Immunity】. Tap the skill again or wait until the Flying duration ends to attack Below, dealing Neutral melee Physical damage equal to PATK *^{1}${5}%^{2} to up to ${4} enemies within a ${3}-meter radius and inflicting Stun for ${6} seconds. Also inflicts 【Severe Wound】 for @{1} seconds. For every ${7} enemies HIT by this attack, gain @{2} stacks of Shield, each equal to ${8}% of your Max HP, up to ${9} stacks, for ${10} seconds. This also applies Enhance to the next Axe Tornado, triggering 【High-Energy Pulse】 a number of times based on the number of enemies HIT by this attack. This also applies Enhance to the next Axe Tornado, triggering 【High-Energy Pulse】 a number of times based on the number of enemies HIT by this attack. In addition, for every ${11} enemies HIT during the skill, your damage and MSPD increase by ${12}% and ${13}%, respectively, up to ${14} stacks, for ${15} seconds.\n【Severe Wound】: Reduces Healing Done received by @{3}%.\n【High-Energy Pulse】: Deals Neutral melee Physical damage equal to PATK *^{3}@{6}%^{4} to up to @{5} enemies within a @{4}-meter radius around you.	魔導ギアモード中のみ使用可能。魔導ギアの点火装置で飛行状態になり、最大HPの${1}%に相当するシールドを${2}秒間獲得します。この間、移動可能で【無敵】を獲得します。スキルを再度タップするか飛行時間終了まで待つと下方を攻撃し、半径${3}m以内の最大${4}体の敵へPATK *^{1}${5}%^{2}の無属性近接物理ダメージを与え、${6}秒間スタン、さらに@{1}秒間【重傷】を付与します。この攻撃が${7}体の敵へ命中するごとに、最大HPの${8}%に相当するシールドを@{2}スタック獲得し、最大${9}スタック、${10}秒間持続します。さらに次のアックストルネードを強化し、この攻撃で命中した敵の数に応じて【ハイエナジーパルス】を複数回発動します。さらに次のアックストルネードを強化し、この攻撃で命中した敵の数に応じて【ハイエナジーパルス】を複数回発動します。加えてスキル中、${11}体の敵へ命中するごとにダメージが${12}%、移動速度が${13}%増加し、最大${14}スタック、${15}秒間持続します。\n【重傷】：受ける回復量を@{3}%低下させます。\n【ハイエナジーパルス】：自身の周囲半径@{4}m以内の最大@{5}体の敵へPATK *^{3}@{6}%^{4}の無属性近接物理ダメージを与えます。
26607	When the Season's official phase ends, Season Settlement rewards will be distributed to all players. The Season Settlement System grants substantial rewards based on each player's and Guild's performance across various activities throughout the Season. The better a player performs during the Season, the greater the rewards they will receive.\n\n^{1}Settlement Time^{2}:\nSeason Settlement takes place when the final @{1} phases of the current Season begin. All Season Settlement rewards will be distributed after this point.\n\n^{3}Settlement Categories^{4}:\nSeason Settlement is divided into two main categories: Territory War Settlement and Spacetime Epic Settlement. Each category covers different content and offers different types of rewards.\n\n^{5}Territory War Settlement^{6}:\nTerritory War Settlement rewards are based on each Guild's and player's performance in Territory War. Players who achieve outstanding results in Territory War will not only receive substantial rewards, but also become eligible to purchase limited-time items for the new Season from the Season Shop.\n\n^{7}Spacetime Epic Settlement^{8}:\nSpacetime Epic features multiple Epic Quests spanning various types of Season content. Completing Spacetime Epic grants generous rewards as well as the highly collectible Spacetime Emblem.	シーズンの正式フェーズ終了時、すべてのプレイヤーへシーズン精算報酬が配布されます。シーズン精算システムは、シーズン中の各種コンテンツでのプレイヤーとギルドの成績に基づき、多くの報酬を付与します。シーズン中の成績が良いほど報酬も豪華になります。\n\n^{1}精算時刻^{2}：\n現在のシーズンの最後の@{1}フェーズが始まると、シーズン精算が行われます。以降、すべてのシーズン精算報酬が配布されます。\n\n^{3}精算カテゴリ^{4}：\nシーズン精算は「領地戦精算」と「時空叙事詩精算」の2種類に分かれます。それぞれ対象コンテンツと報酬が異なります。\n\n^{5}領地戦精算^{6}：\n領地戦精算報酬は各ギルドとプレイヤーの領地戦での成績に基づきます。領地戦で優秀な成績を収めたプレイヤーは豪華な報酬に加え、新シーズンのシーズンショップで期間限定アイテムを購入する資格も得ます。\n\n^{7}時空叙事詩精算^{8}：\n時空叙事詩にはシーズンのさまざまなコンテンツにまたがる複数の叙事詩クエストがあります。時空叙事詩を完了すると豪華な報酬に加え、コレクション価値の高い時空の紋章を獲得できます。
26608	Can only be used while piloting Madogear Pilot. Activates the Madogear Pilot's ignition system to rise into the air and gain a Shield equal to ${1}% of max HP for ${2} seconds. You can Move and have 【Immunity】 during this time. Tap the skill again or wait until the Flying duration ends to attack Below, dealing Neutral melee Physical damage equal to PATK *^{1}${5}%^{2} to up to ${4} enemies within a ${3}-meter radius, pulling them toward the center of the attack, inflicting Stun for ${6} seconds, and applying 【Severe Wound】 for @{1} seconds. For every ${7} enemies HIT by this attack, gain @{2} stacks of Shield, each equal to ${8}% of max HP. Stacks up to ${9} times and lasts ${10} seconds. Also applies Enhance to the next Axe Tornado, releasing 【High-Energy Pulse】 a number of times based on the number of enemies HIT by this attack. Also applies Enhance to the next Axe Tornado, releasing 【High-Energy Pulse】 a number of times based on the number of enemies HIT by this attack. During the skill, for every ${11} enemies HIT, damage and MSPD increase by ${12}% and ${13}%, respectively. Stacks up to ${14} times and lasts ${15} seconds.\n【Severe Wound】: Healing Done received is reduced by @{3}%.\n【High-Energy Pulse】: Deals Neutral melee Physical damage equal to PATK *^{3}@{6}%^{4} to up to @{5} enemies within a @{4}-meter radius around you.	魔導ギア操縦中のみ使用可能。魔導ギアの点火システムを起動して空中へ上昇し、最大HPの${1}%に相当するシールドを${2}秒間獲得します。この間、移動可能で【無敵】を獲得します。スキルを再度タップするか飛行時間終了まで待つと下方を攻撃し、半径${3}m以内の最大${4}体の敵へPATK *^{1}${5}%^{2}の無属性近接物理ダメージを与えて攻撃中心へ引き寄せ、${6}秒間スタン、さらに@{1}秒間【重傷】を付与します。この攻撃が${7}体の敵へ命中するごとに、最大HPの${8}%に相当するシールドを@{2}スタック獲得します。最大${9}スタック、${10}秒間持続します。また次のアックストルネードを強化し、この攻撃で命中した敵の数に応じて【ハイエナジーパルス】を複数回放ちます。また次のアックストルネードを強化し、この攻撃で命中した敵の数に応じて【ハイエナジーパルス】を複数回放ちます。スキル中、${11}体の敵へ命中するごとにダメージが${12}%、移動速度が${13}%増加します。最大${14}スタック、${15}秒間持続します。\n【重傷】：受ける回復量を@{3}%低下させます。\n【ハイエナジーパルス】：自身の周囲半径@{4}m以内の最大@{5}体の敵へPATK *^{3}@{6}%^{4}の無属性近接物理ダメージを与えます。
26609	@{1}.Phantom Realm can be ^{1}entered directly with a party or through matchmaking^{2}. At least @{2} Members are required to Enter Dungeon.\n@{3}.During matchmaking, the system prioritizes the Dungeon's Suggested roles that ^{3}the current party is missing^{4}. \n@{4}.Dungeon Challenges have ^{5}Unlimited attempts^{6}, but Adventurers with no Remaining Reward Counts receive no clear rewards, cannot participate in auctions, and cannot receive Auction Dividends.\n@{5}.After each Boss is unlocked, you receive ^{7}1 fixed First Clear Reward Count^{8}. First Clear Reward Counts are not reset by the weekly refresh.\n@{6}.Every Monday at @{7}:@{8}, ^{9}the Reward Count for the highest-Lv. unlocked Dungeon^{10} refreshes.\n@{9}.A Boss's Weekly Reward Counts ^{11}can accumulate for up to 2 weeks^{12}. First Clear Reward Counts do not count toward this cap.\n@{10}.Reward Counts accumulated from the previous Season's Dungeons are not Kept in a new Season.\n@{11}.An auction begins only if the party has ^{13}at least @{12} Members with Remaining Reward Counts^{14}. The more eligible Members there are, the more Auction Rewards the party earns. Members' First Clear Rewards and clear rewards are not affected.\n@{13}.After successfully Challenging a Hard Boss, if its Normal Difficulty has not yet been Cleared for the first time, you will directly Claim that Boss's Normal First Clear Rewards.	@{1}.ファントムレルムは^{1}パーティで直接入場するか、マッチングで入場できます^{2}。ダンジョン入場には最低@{2}人必要です。\n@{3}.マッチングでは、^{3}現在のパーティに不足している^{4}ダンジョン推奨ロールをシステムが優先します。 \n@{4}.ダンジョン挑戦は^{5}回数無制限^{6}ですが、報酬回数が残っていない冒険者はクリア報酬を受け取れず、オークションへ参加できず、オークション配当も受け取れません。\n@{5}.各BOSS解放後、^{7}固定の初回クリア報酬回数を1回^{8}獲得します。初回クリア報酬回数は週間更新ではリセットされません。\n@{6}.毎週月曜@{7}:@{8}に、^{9}解放済みの最高Lv.ダンジョンの報酬回数^{10}が更新されます。\n@{9}.BOSSの週間報酬回数は^{11}最大2週間分まで累積できます^{12}。初回クリア報酬回数はこの上限に含まれません。\n@{10}.前シーズンのダンジョンで累積した報酬回数は、新シーズンへ引き継がれません。\n@{11}.パーティ内に^{13}報酬回数が残るメンバーが最低@{12}人いる場合のみ^{14}オークションが始まります。資格対象メンバーが多いほどオークション報酬が増加します。メンバーの初回クリア報酬とクリア報酬には影響しません。\n@{13}.ハードBOSSの挑戦に成功し、その通常難易度をまだ初回クリアしていない場合、そのBOSSの通常難易度の初回クリア報酬を直接受け取ります。
26610	1. This is a role-playing game suitable for users age 12 and older. Minors are advised to play under parental supervision.\n	1. 本ゲームは12歳以上のユーザーを対象としたロールプレイングゲームです。未成年者は保護者の監督のもとでプレイすることをおすすめします。\n
26611	At Season Settlement, rewards will be determined based on each guild's and player's performance in the Territory War.\nTerritory War Settlement consists of @{1} parts: Territory Points Leaderboard Settlement, Royal City Settlement, and Realm Merit Settlement.\n\n^{1}Territory Points Leaderboard Settlement^{2}:\nAt Season Settlement, a guild's ranking on the Territory Points Leaderboard determines whether its Guild Members are eligible for Throne Rewards.\nThrone Rewards are the most prestigious rewards of the entire Season. They are distributed through a quota system according to the following rules:\n@{2}. The top @{3} guilds on the Points Leaderboard receive @{4}, @{5}, and @{6} Throne slots, respectively.\n@{7}. A guild occupying the Royal City at Settlement receives @{8} Throne slots; a guild occupying County Cities receives @{9}*the number of County Cities occupied Throne slots.\n@{10}. A guild's Throne slots are automatically awarded to Guild Members in descending order of their Royal War Prestige ranking within the guild.\n@{11}. All officers of the top @{12} guilds on the Points Leaderboard automatically receive Throne Rewards without using their guild's Throne slots;\nPlayers who do not receive Throne Rewards will receive Laurel Rewards instead. The higher their guild ranks, the greater their Laurel Rewards will be.\n\n^{3}Royal City Settlement^{4}:\nThe guild occupying the Royal City at Settlement will receive an Extra honor: Realm Starlight.\n\n^{5}Realm Merit Settlement^{6}:\nAt Season Settlement, Realm Merit Leaderboard rewards will be calculated. All eligible ranked players will receive rewards based on their placement.	シーズン精算時、各ギルドとプレイヤーの領地戦での成績に基づいて報酬が決まります。\n領地戦精算は@{1}つの項目で構成されます：領地ポイントランキング精算、王城精算、領域功績精算。\n\n^{1}領地ポイントランキング精算^{2}：\nシーズン精算時、領地ポイントランキングにおけるギルド順位によって、ギルドメンバーが玉座報酬を受け取る資格があるか決まります。\n玉座報酬はシーズン全体で最も名誉ある報酬です。以下のルールに従い、枠数制で配布されます：\n@{2}. ポイントランキング上位@{3}ギルドには、それぞれ@{4}、@{5}、@{6}個の玉座枠が付与されます。\n@{7}. 精算時に王城を占領しているギルドには@{8}個の玉座枠、県城を占領しているギルドには@{9}*占領県城数の玉座枠が付与されます。\n@{10}. ギルドの玉座枠は、ギルド内の王城戦名声ランキングが高い順にギルドメンバーへ自動付与されます。\n@{11}. ポイントランキング上位@{12}ギルドの役員は、ギルドの玉座枠を消費せず自動的に玉座報酬を獲得します。\n玉座報酬を受け取らなかったプレイヤーは代わりに月桂冠報酬を獲得します。所属ギルドの順位が高いほど、月桂冠報酬も豪華になります。\n\n^{3}王城精算^{4}：\n精算時に王城を占領しているギルドは、追加の栄誉「王国の星光」を獲得します。\n\n^{5}領域功績精算^{6}：\nシーズン精算時、領域功績ランキング報酬が計算されます。ランキング対象の全プレイヤーは順位に応じた報酬を獲得します。
26612	In the waters surrounding the continent of Midgard lies a little-known island. It appears on no sea chart, and only ships that have lost their way occasionally stumble upon it. Yet no crew dares linger there, for terrifying, thunderous roars have echoed from the island's depths for as long as anyone can remember.\n \nLegend holds that the dragon Fafnir is sealed deep within the island. Once a descendant of the giants, he was slain by a descendant of Odin for his insatiable greed for treasure. After Ragnarök, he returned from the underworld to Midgard, transformed into a decaying dragon driven by nothing but greed. To stop Fafnir's plunder and slaughter, people built fortresses, Turrets, and magic formations across the nameless island. Using gold as bait, they ultimately sealed him away through tremendous Devotion. Thus, the island came to be known as Dragon Sarcophagus Isle.\n\nCenturies have since passed, and the seal's power has begun to wane. The roars from the island grow more deafening by the day, while monsters drawn by the dragon's call gather nearby and relentlessly attack the seal.\n\nFafnir, the dragon once thought safely sealed away, has lost none of his greed. His power stirs deep within Dragon Sarcophagus Isle, threatening the Peace of the continent.\n\nFaced with this threat, the Guild has issued a call to arms. To protect the continent of Midgard and prevent Fafnir from unleashing another catastrophe, brave Adventurers must be assembled. These heroes will form a dragon-slaying force, travel to Dragon Sarcophagus Isle, and challenge Fafnir once more for the sake of the continent's future.\nTo restore the seal, keep the greedy dragon contained, and protect the Peace of the continent of Midgard, the Guild must gather the bravest Adventurers into a dragon-slaying force and send them to Dragon Sarcophagus Isle to challenge the dragon once more.	ミッドガルド大陸を囲む海域には、ほとんど知られていない島があります。どの海図にも載っておらず、航路を失った船が偶然たどり着くことがあるだけです。しかし、島の奥からは遥か昔から恐ろしい雷鳴のような咆哮が響いているため、そこへ長く留まろうとする船員はいません。\n \n伝説によれば、竜ファフニールは島の深部に封印されています。巨人の末裔だった彼は、財宝への飽くなき欲望ゆえにオーディンの末裔に討たれました。ラグナロク後、冥界からミッドガルドへ蘇り、貪欲だけに突き動かされる朽ちた竜へ変貌しました。ファフニールの略奪と虐殺を止めるため、人々は名もなき島の各地に砦、砲塔、魔法陣を築きました。黄金を餌にし、多大な犠牲を払ってついに封印したのです。こうして島は竜棺島と呼ばれるようになりました。\n\nそれから数世紀が過ぎ、封印の力は弱まり始めています。島から響く咆哮は日に日に激しくなり、竜の呼び声に引き寄せられたモンスターが周囲へ集まり、絶えず封印を攻撃しています。\n\n安全に封印されたと思われていたファフニールは、今もその貪欲さを失っていません。その力は竜棺島の奥深くで蠢き、大陸の平和を脅かしています。\n\nこの脅威を前に、ギルドは戦いへの招集を発しました。ミッドガルド大陸を守り、ファフニールが再び大惨事を引き起こすのを防ぐため、勇敢な冒険者を集めなければなりません。英雄たちは竜討伐隊を結成し、竜棺島へ赴き、大陸の未来のため再びファフニールへ挑みます。\n封印を修復し、貪欲な竜を封じ込め、ミッドガルド大陸の平和を守るため、ギルドは最も勇敢な冒険者を竜討伐隊へ集め、竜棺島へ送り、再び竜へ挑ませなければなりません。
26613	^{1}Season Theme^{2}\nA mysterious rift has suddenly appeared above Midgard, leading to another realm—the “Eternal Land.” This otherworld is slowly descending, devouring reality as its boundaries crumble and chaos spreads.\nSlumbering within the Eternal Land is Irmata, the Goddess of Creation. Born from the primordial chaos remaining within Yggdrasil, she is the embodiment of the will that existed at the Initial dawn of creation. In ancient times, Odin sealed her here as a “backup of nature”—the last hope for rebuilding the Nine Realms after Ragnarok.\nNow, the seal is weakening, and an ancient power is about to reawaken. The flames of destiny have been kindled. A new era's epic begins with you.\n\n^{3}Season Duration^{4}\nEach Season lasts for an extended period, approximately @{1} to @{2} weeks. After a Season ends, there will be a brief “Off-Season” to prepare for the next Season.\nStarting from Season @{3}, all Season content will be played alongside players from other servers.\n\n^{5}Season Phases^{6}\nEach Season is divided into multiple phases. As the phases progress, a wide variety of Season events will become available in sequence, offering generous rewards.\nTerritory War will also gradually Expand, unlocking Outpost Battles, County Battles, and Royal City Battles in sequence as the conflict intensifies.\n\n^{7}Season Events^{8}\nEach Season offers a wide variety of events with different formats and generous rewards. Season events usually become available when a new phase begins. Take part and earn bountiful rewards!\n\n^{9}Season Settlement^{10}\nAfter the Season ends, a comprehensive Settlement will be conducted in two parts:\nTerritory War Settlement: Guilds will be evaluated and rewarded based on their performance in Territory War.\nSeason Trophy Settlement: Rewards will be settled and distributed based on each player's overall activity and Trophies throughout the Season.\n\n^{11}Season Reset^{12}\nWhen a new Season begins, some System content will be reset to provide fresh challenges and experiences.	^{1}シーズンテーマ^{2}\nミッドガルド上空に突如、異界「エターナルランド」へ通じる謎の裂け目が現れました。境界が崩れ、混沌が広がる中、この異世界は現実を呑み込みながらゆっくりと降下しています。\nエターナルランドに眠るのは創造の女神イルマタ。イグドラシルに残された原初の混沌から生まれ、創世の最初の夜明けに存在した意志そのものです。古代、オーディンは彼女を「自然のバックアップ」――ラグナロク後に九つの世界を再建する最後の希望としてここへ封印しました。\n今、その封印が弱まり、古き力が目覚めようとしています。運命の炎は灯されました。新時代の叙事詩はあなたから始まります。\n\n^{3}シーズン期間^{4}\n各シーズンは約@{1}～@{2}週間の長期間続きます。シーズン終了後、次シーズン準備のため短い「オフシーズン」があります。\nシーズン@{3}以降、すべてのシーズンコンテンツは他サーバーのプレイヤーと一緒に遊びます。\n\n^{5}シーズンフェーズ^{6}\n各シーズンは複数フェーズに分かれます。フェーズ進行に伴い、多種多様なシーズンイベントが順次開放され、豪華な報酬を獲得できます。\n領地戦も段階的に拡大し、戦いが激化するにつれて前哨戦、県城戦、王城戦が順番に解放されます。\n\n^{7}シーズンイベント^{8}\n各シーズンには形式の異なる多彩なイベントと豪華な報酬があります。シーズンイベントは通常、新フェーズ開始時に開放されます。参加して豊富な報酬を獲得しましょう！\n\n^{9}シーズン精算^{10}\nシーズン終了後、2つの項目で総合精算が行われます：\n領地戦精算：領地戦での成績に基づきギルドを評価し、報酬を付与します。\nシーズントロフィー精算：シーズン全体での各プレイヤーの活躍度とトロフィーに基づき報酬を精算・配布します。\n\n^{11}シーズンリセット^{12}\n新シーズン開始時、一部のシステムコンテンツがリセットされ、新たな挑戦と体験が提供されます。
26614	In the spring of the fourth year of the Qingli era@{1}, Teng Zijing was demoted and appointed governor of Baling Prefecture@{2}. By the following year@{3}, the government was efficient, the people were united@{4}, and all neglected endeavors had been revived@{5}. The Yueyang Tower was then renovated@{6} and expanded beyond its former dimensions@{7}, while poems and rhapsodies by eminent Tang poets and contemporary writers were inscribed upon it@{8}. I was asked to write this account in commemoration@{9}.\nIn my view, the magnificent scenery of Baling@{10} is embodied by Lake Dongting alone. It embraces the distant mountains@{11} and swallows the mighty Yangtze River@{12}, its vast waters surging endlessly@{13} and stretching beyond the horizon@{14}. From morning sunlight to evening shadow, its appearance changes in countless ways@{15}. Such is the grand vista from Yueyang Tower@{16}, which earlier writers have described in full@{17}. Yet with Wu Gorge accessible to the north@{18} and the Xiao and Xiang Rivers extending far to the south@{19}, banished officials and wandering poets@{20} often gather here@{21}. Could their feelings upon viewing this scenery possibly be the same@{22}?\nWhen ceaseless rain falls in dreary sheets@{23} and the sky remains overcast for months on end@{24}, bitter winds howl furiously@{25} and turbid waves surge toward the heavens@{26}. The sun and stars conceal their light@{27}, and the mountains vanish from sight@{28}. Merchants and travelers can go no farther@{29}, while masts topple and oars splinter@{30}. As twilight falls, all is engulfed in darkness@{31}, amid the roars of tigers and cries of apes. Those who ascend the tower then may lament their exile and yearn for home@{32}, fear slander and dread reproach@{33}, and find only desolation wherever they look@{34}, until sorrow overwhelms them@{35}.\nBut when the spring breeze is gentle and the sunlight bright@{36}, the water lies calm and untroubled@{37}. The radiance of sky and lake meets as one@{38} across a boundless expanse of blue-green. Gulls wheel above the sandbars and come to rest, while shimmering fish swim below@{39}. Angelica grows along the banks and orchids upon the islets@{40}, lush and verdant@{41}. At times, the lingering mist clears completely@{42}, revealing the brilliant moon over a thousand miles@{43}. Its glimmer dances like gold upon the rippling water@{44}, while its still reflection sinks like a jade disc into the depths@{45}. Fishermen's songs echo back and forth@{46}—how could such joy ever end@{47}? Those who ascend the tower then may feel their hearts open and their spirits soar@{48}, forgetting both favor and disgrace@{49}, and raise a cup of wine to the breeze@{50}, filled with boundless delight@{51}.\nAlas@{52}! I have often sought to understand the hearts of the benevolent sages of antiquity@{53}, whose sentiments perhaps differed from both of these@{54}. Why was that? They rejoiced not in material things, nor grieved over their own misfortunes@{55}. When serving in the imperial court, they worried for the people@{56}; when living in distant seclusion, they worried for their sovereign@{57}. Thus, whether advancing in office or withdrawing from it, they always had cause for concern. When, then, could they find joy? Surely they would say, "Be the first to worry about the world's troubles and the last to enjoy its pleasures"@{58}. Ah! Without such people, whom could I follow@{59}?\nWritten on the fifteenth day of the ninth month in the sixth year of the era. [@{60}]	慶暦四年の春@{1}、滕子京は左遷されて巴陵郡の太守となった@{2}。翌年には@{3}、政務は順調に行われ、人々は和し@{4}、廃れていた事業もことごとく復興した@{5}。そこで岳陽楼を修復し@{6}、以前の規模を拡張して@{7}、唐代の名家と今人の詩賦を楼上に刻んだ@{8}。私にその記を書いて記念するよう依頼したのである@{9}。\n私が見るに、巴陵の勝景@{10}は洞庭湖一つに尽きる。遠山を抱き@{11}、長江の大河を呑み込み@{12}、浩々と水が果てしなく流れ@{13}、涯も見えないほど広がる@{14}。朝の光から夕暮れまで、その景色は千変万化する@{15}。これこそ岳陽楼の雄大な眺めであり@{16}、先人たちはすでに詳しく記している@{17}。しかし北には巫峡へ通じ@{18}、南には瀟水と湘水が遥かに続く@{19}ため、左遷された官人や旅の詩人たち@{20}がここへ集うことも多い@{21}。彼らがこの景色を見た時の感情は、果たして同じだろうか@{22}。\n長雨が陰鬱に降り続き@{23}、幾月も空が晴れない時@{24}、冷たい風は激しく吠え@{25}、濁った波は天へ届くほど逆巻く@{26}。日も星も光を隠し@{27}、山々は姿を消す@{28}。商人や旅人は進めず@{29}、帆柱は倒れ、櫂は折れる@{30}。夕暮れには一面が闇に包まれ@{31}、虎の咆哮と猿の悲鳴が響く。この時楼へ上る者は、都を離れたことを嘆き故郷を思い@{32}、讒言を恐れ非難を憂え@{33}、目に映るものすべてを荒涼と感じ@{34}、悲しみに沈むだろう@{35}。\n一方、春風が穏やかで日差しが明るい時@{36}、湖面は波立たず静かである@{37}。空と湖の光は一つに溶け合い@{38}、果てしない青緑が広がる。砂州ではカモメが翔び、休み、水中では鱗を輝かせた魚が泳ぐ@{39}。岸には香草が茂り、洲には蘭が咲き@{40}、青々と繁る@{41}。時には長く漂う霧がすっかり晴れ@{42}、千里を照らす明月が現れる@{43}。波の上では金色の光が踊り@{44}、静かな月影は玉の円盤のように水底へ沈む@{45}。漁師の歌が互いに呼応し@{46}、この楽しみは尽きることがあるだろうか@{47}。この時楼へ上る者は心が晴れやかになり、気持ちが伸びやかになって@{48}、栄誉も屈辱も忘れ@{49}、杯を風に掲げて@{50}、限りない喜びに満たされるだろう@{51}。\nああ@{52}！私は古の仁人の心を理解しようと常に考えてきた@{53}。彼らの思いは、この二者とは違っていたのではないか@{54}。なぜか。物事によって喜ばず、自分の不遇によって悲しまないからである@{55}。朝廷にあれば民を憂え@{56}、遠く退けば君主を憂えた@{57}。つまり進んでも退いても常に憂いがあった。ではいつ楽しむのか。きっと「天下の憂いに先んじて憂い、天下の楽しみに後れて楽しむ」と言うだろう@{58}。ああ、このような人々がいなければ、私は誰に従えばよいのか@{59}。\n時に慶暦六年九月十五日、これを記す。[@{60}]
26615	The late Emperor had yet to complete half of his great undertaking when he passed away. Now the realm is divided into three, and Yizhou is exhausted and weakened. This is truly a critical moment upon which our survival depends. Yet the officials of the imperial guard remain diligent at court, while loyal and devoted officers abroad risk their lives, all because they remember the late Emperor's exceptional kindness and wish to repay it to Your Majesty. You should open your ears to wise counsel, thereby honoring the late Emperor's legacy and inspiring those of lofty ideals. You should not belittle yourself or make improper comparisons that would block the path of loyal remonstrance.\n\n　　The imperial palace and the government offices are one body; rewards and punishments, praise and censure, should be administered by the same standards. If anyone commits treachery or violates the law, or performs loyal and virtuous deeds, the proper authorities should determine their punishment or reward, thereby demonstrating Your Majesty's just and impartial rule. You should show no favoritism or allow different laws to apply within and outside the palace.\n\n　　Palace Attendants and Vice Directors Guo Youzhi, Fei Yi, Dong Yun, and the others are all honest and capable men, loyal and pure in purpose and judgment. For this reason, the late Emperor selected and promoted them to serve Your Majesty. In my humble opinion, all palace affairs, great or small, should be discussed with them before being carried out. They will surely remedy omissions and shortcomings and bring broad benefit.\n\n　　General Xiang Chong is virtuous and fair in character and conduct, and thoroughly versed in military affairs. When his abilities were tested in the past, the late Emperor praised him as capable. The officers therefore unanimously recommended Chong as commander. In my humble opinion, all military affairs should be discussed with him. He will surely bring harmony to the ranks and assign every soldier according to his ability.\n\n　　Drawing close to worthy ministers and keeping petty men Away was how the Former Han flourished; drawing close to petty men and keeping worthy ministers Away was how the Later Han declined. Whenever the late Emperor discussed this matter with me, he never failed to lament the reigns of Emperors Huan and Ling with bitter regret. The Palace Attendants, Directors of the Secretariat, Chief Clerks, and Army Advisers are all faithful and upright ministers willing to die for their principles. I pray that Your Majesty will remain close to them and place your trust in them. Then the restoration of the House of Han may soon be expected.\n\n　　I was once a commoner, personally tilling the fields in Nanyang. I sought only to preserve my life in troubled times and had no desire for fame or distinction among the feudal lords. The late Emperor did not disdain me for my humble station or lowly origins, but graciously humbled himself to visit me three times at my thatched cottage and consult me about the affairs of the age. Moved by his kindness, I pledged myself to his service. Later, when disaster struck, I accepted responsibility amid defeat and received my orders in a time of peril. Twenty-one years have passed since then.\n\n　　The late Emperor knew that I was cautious, and so, as death approached, he entrusted me with this great responsibility. Since receiving his command, I have worried and sighed day and night, fearing that I might fail in my charge and thereby tarnish the late Emperor's wisdom. Thus, in the fifth month, I crossed the Lu River and ventured deep into barren lands. Now the south has been pacified and our arms and provisions are sufficient. We should rally the three armies, march north to secure the Central Plains, and devote what little ability I possess to eliminating the traitors and villains, restoring the House of Han, and returning to the old capital. This is my duty in repaying the late Emperor and serving Your Majesty with loyalty. As for weighing advantages and disadvantages and offering faithful counsel, that is the responsibility of Youzhi, Yi, and Yun.\n\n　　I pray that Your Majesty will charge me with defeating the rebels and restoring the dynasty. If I fail, punish me for my crimes and inform the spirit of the late Emperor. If no counsel is offered to promote virtue, then rebuke Youzhi, Yi, Yun, and the others for their negligence and make their faults known. Your Majesty should also deliberate for yourself, seek advice on the right course, examine and accept sound counsel, and faithfully uphold the late Emperor's final edict. I am overwhelmed with gratitude for the favor I have received. Now that I must go Away, tears fall as I submit this memorial, and I scarcely know what I have written.	先帝は大業の半ばにも至らぬうちに崩御されました。今、天下は三分し、益州は疲弊しております。まことに存亡の分かれ目となる危急の時です。しかし、侍衛の臣は宮中で怠らず、忠義ある将士は外で命を惜しまず働いております。これは皆、先帝から受けた格別の恩を忘れず、陛下へ報いようとしているからです。どうか広く賢言をお聞きになり、先帝の遺徳を輝かせ、志ある者の気概を奮い立たせてください。みずからを軽んじ、道理に外れた比喩を用いて忠言の道を塞いではなりません。\n\n　　宮中と官府は一体です。賞罰、褒貶には同じ基準を用いるべきです。奸悪を働き法を犯す者、あるいは忠善の行いをする者がいれば、担当官にその刑賞を定めさせ、陛下の公正明大な政治を示してください。私情によって内外で法を異にしてはなりません。\n\n　　侍中・侍郎の郭攸之、費禕、董允らはみな誠実で有能、志と判断も忠純です。そのため先帝は彼らを選び、陛下のお側へ置かれました。愚考いたしますに、宮中の事は大小を問わず、すべて彼らへ相談してから実行されれば、必ず欠けたところを補い、広く利益をもたらすでしょう。\n\n　　将軍の向寵は性格も行いも善良で公平であり、軍事に精通しています。かつて試された際、先帝は彼を有能と称えられました。それゆえ将士は皆、向寵を統率者に推しています。愚考いたしますに、軍中の事はすべて彼へ相談すれば、必ず陣営を和ませ、優劣に応じて人材を配置するでしょう。\n\n　　賢臣に親しみ小人を遠ざけたからこそ前漢は栄え、小人に親しみ賢臣を遠ざけたからこそ後漢は衰えました。先帝がこのことを私と語られるたび、桓帝・霊帝の世を痛惜し嘆かれないことはありませんでした。侍中、尚書、長史、参軍らは皆、忠貞にして節義のため死をも辞さぬ臣です。陛下が彼らに親しみ信頼されれば、漢室の復興は遠からず望めるでしょう。\n\n　　私はもとは一介の民で、南陽で自ら畑を耕していました。乱世に命を保つことだけを望み、諸侯の間で名声を求める気はありませんでした。先帝は私の身分の卑しさを嫌われず、みずから身を低くして三度も草庵を訪れ、時世のことを私へ諮問されました。その恩に感激して先帝へ仕えることを誓いました。その後、敗軍の折に任を受け、危急の時に命を受けてから、すでに二十一年になります。\n\n　　先帝は私が慎重であることをご存じだったため、崩御に臨んでこの大任を託されました。命を受けて以来、私は昼夜憂い嘆き、託された務めを果たせず先帝の明知を損なうことを恐れてきました。そこで五月に瀘水を渡り、不毛の地へ深く入りました。今や南方は平定され、兵器も食糧も十分です。三軍を率いて北へ進み、中原を定め、わずかな才を尽くして奸臣を除き、漢室を復興して旧都へ帰るべき時です。これこそ先帝へ恩を報い、陛下へ忠節を尽くす私の務めです。利害を考え、忠言を申し上げるのは攸之、禕、允らの責任です。\n\n　　どうか陛下、賊を討ち王業を復興する任を私へお与えください。もし成し遂げられなければ、私の罪を罰し、先帝の御霊へ告げてください。徳を興す忠言がなければ、攸之、禕、允らの怠慢を責め、その過ちを明らかにしてください。陛下ご自身もよくお考えになり、正しい道を問い、善言を察して受け入れ、先帝の遺詔を深く追ってください。私は受けた恩に感激してやみません。今まさに遠くへ赴くにあたり、涙を流してこの表を奉り、自分でも何を書いたのか分からぬほどです。
