Index	English	Japanese_Translation
24001	Whoa, whoa, whoa! You're a strange Woman! Giving us a gift the first time we meet? This isn't some kind of trick, is it?	おや、おや、おや！変わった女性だな！初対面でいきなり贈り物をくれるのかい？何か裏があるんじゃないだろうね？
24002	If the stage difficulty is too high, you can abandon the stage, return to the event screen, and select a new difficulty.	ステージの難易度が高すぎる場合は、ステージを放棄してイベント画面に戻り、新しい難易度を選択することができます。
24003	${1} used the Dragon Sanctuary, causing numerous Red Envelopes to appear in ${2}. Adventurers are invited to claim them.	${1}が龍の聖域を使用し、${2}に多数の紅包が出現しました。冒険者の皆様はぜひお受け取りください。
24004	The Goddess's invasion has ended. ${1} successfully repelled the invasion; unfortunately, ${2} fell during the invasion.	女神の侵攻が終了しました。${1}は侵攻を食い止めることに成功しましたが、残念ながら${2}は侵攻中に倒れました。
24005	South Gate defenders, take heed! The enemy is advancing into the city, and the Inn area may become the next battlefield!	南門の防衛兵たち、警戒せよ！敵が市街地へと進軍しており、宿屋エリアが次の戦場になる恐れがある！
24006	Core material extracted from an Ironwood block. Hard and resistant to breaking, it is ideal for crafting fine equipment.	アイアンウッドの塊から抽出された芯材。硬く壊れにくいため、上質な装備の製作に最適です。
24007	A sharp blade forged from Meteor Metal. Its potential to pierce anything makes it a vital component of advanced weapons.	メテオメタルから鍛造された鋭利な刃。あらゆるものを貫く可能性を秘めており、高度な武器に不可欠な部品です。
24008	A large one-handed Spear combining a lance and a scythe, making it a versatile weapon capable of many different attacks.	槍と大鎌を組み合わせた大型の片手槍。多彩な攻撃を繰り出せる汎用性の高い武器です。
24009	Reduces the ^{3}MP cost^{4} of skills cast by the user by ^{1}${1}%^{2} and increases ^{7}Magic ATK^{8} by ^{5}${2}^{6}.	自身が使用するスキルの^{3}消費MP^{4}が^{1}${1}%^{2}減少し、^{7}魔法攻撃力^{8}が^{5}${2}^{6}増加します。
24010	Summon a dark magic circle that inflicts ${2}% Slow, Silence, and Disarm on enemies within ${1} meters for ${3} seconds.	暗黒の魔法陣を召喚し、${1}m以内の敵に${3}秒間、${2}%の減速、沈黙、武装解除を付与します。
24011	Death Witch deals Physical ATK*^{1}{2}%^{2} Neutral melee Physical damage to the designated ST enemy within ${1} meters.	死の魔女が${1}m以内の指定した単体の敵に、物理攻撃力*^{1}{2}%^{2}の無属性近接物理ダメージを与えます。
24012	Medusa deals Neutral ranged Physical damage equal to Physical ATK * ^{1}${2}%^{2} to a single target within ${1} meters.	メデューサが${1}m以内の単体ターゲットに、物理攻撃力*^{1}${2}%^{2}の無属性遠距離物理ダメージを与えます。
24013	I heard a young mage gave her a glowing quill last year. She casually traded it to a merchant with a Stall for a quiver.	去年、若いマジシャンが彼女に光る羽ペンを贈ったらしいわ。彼女、露店の商人に矢筒とあっさり交換しちゃったのよ。
24014	For ${1} seconds after using 【Grimtooth】, 【Basic Attack】, 【Sonic Blow】, and 【Envenomed Blade】 damage increases by ${2}%.	【グリムトゥース】使用後の${1}秒間、【通常攻撃】、【ソニックブロー】、【インベナムブレード】の与ダメージが${2}%増加します。
24015	This member has a caravan in transit. Removing them from the guild will destroy it. Are you sure you want to remove them?	このメンバーは現在キャラバンを護衛中です。ギルドから追放するとキャラバンが破壊されます。本当に追放しますか？
24016	Search the locations indicated by the mysterious figure to find scattered note Clues and solve the corresponding puzzles.	謎の人物が指し示す場所を捜索し、散らばったメモの手がかりを見つけて対応するパズルを解きましょう。
24017	Once cargo is placed successfully, a new placement point will appear Above it, allowing Other cargo to be stacked on top.	貨物の配置に成功すると、その上部に新たな配置ポイントが出現し、他の貨物を積み重ねられるようになります。
24018	Strawberry juice boiled into amber hard candy and broken into shards. Increases Physical ATK by @{1}~@{2} for @{3} hours.	イチゴの果汁を煮詰めて琥珀色のハードキャンディにし、砕いたもの。@{3}時間、物理攻撃力が@{1}～@{2}増加します。
24019	Accept the Daily Requests Posted by Dazed and complete them to earn abundant rewards and try your LUK at the prize wheel!	ダイダイが掲示するデイリー依頼を受注して達成し、豊富な報酬を獲得してルーレットで運試しをしましょう！
24020	After joining this region's auction, you cannot join auctions in other regions during the qualification period. Continue?	この地域のオークションに参加すると、資格期間中は他の地域のオークションに参加できなくなります。続行しますか？
24021	You have not joined a guild. You can only receive personal rewards for this submission, not guild rewards. Submit anyway?	ギルドに所属していません。この納品では個人報酬のみを受け取ることができ、ギルド報酬は獲得できません。それでも提出しますか？
24022	TIPS: Only the top 100 teams are shown. All participating teams receive rewards, and higher rankings grant better rewards	TIPS：上位100チームのみが表示されます。参加したすべてのチームが報酬を獲得でき、順位が高いほどより良い報酬が得られます。
24023	Cannot use skill or move, and Physical and Magic DEF are reduced by ${1}. Removed when hit, then inflicts ^{1}Freeze^{2}.	スキル使用および移動ができなくなり、物理防御力と魔法防御力が${1}減少します。攻撃を受けると解除され、その後^{1}凍結^{2}を付与します。
24024	^{1}^{2}[Basic Attack]^{3}^{4}'s percentage damage multiplier increases by ${1}%, and its fixed damage increases by ${2}.	^{1}^{2}[通常攻撃]^{3}^{4}のダメージ倍率が${1}%増加し、固定ダメージが${2}増加します。
24025	Once you've set your active pet, click here to enter the tower and take on the challenge. I can't wait to see how you do!	出撃ペットを設定したら、ここをクリックして塔に入場し試練に挑戦してください。あなたの活躍を楽しみにしています！
24026	Guild Member${1} did not receive responses from enough Guild Members before the response period ended. Failed Impeachment	ギルドメンバー${1}は回答期限内に十分なギルドメンバーからの賛同を得られませんでした。弾劾は否決されました。
24027	Congratulations! You placed ${1} on the Combat Power Ranking—Swordsmen. Here are your Ranking Rewards. Please claim them!	おめでとうございます！戦力ランキング―ソードマンで第${1}位にランクインしました。ランキング報酬をお受け取りください！
24028	(Shouting) Everyone heard that, right? Step up patrols for the time being. Don't give this guy a chance to cause trouble!	（大声で）全員聞こえたな？当面の間、巡回を強化しろ。奴に騒ぎを起こす隙を与えるな！
24029	The price of Payon cloth went up this season. Prontera probably hasn't caught up yet, so I should get a good price there.	今期はフェイヨンの生地の価格が上がった。プロンテラではまだ反映されていないだろうから、あそこなら良い値で売れるはずだ。
24030	Hello, we meet again. You seem much more composed than before. It appears you've successfully completed your Job Advance.	こんにちは、また会いましたね。以前よりもずっと落ち着いた佇まいになられました。無事に転職を果たされたようですね。
24031	I'll prepare for the final Quest. You two head to Southern Payon and gather the Other Materials. We don't have much time.	私は最後のクエストの準備をします。お二人はフェイヨン南部へ向かい、他の材料を集めてきてください。あまり時間がありません。
24032	He hasn't learned a thing! If Boya's sword had veered off course just now, I'd like to see if he could still act so smug!	あいつはちっとも懲りてないな！さっきボヤの剣が少しでも逸れていたら、今頃あんな気取っていられたか見ものだったぜ！
24033	You're back? I heard you pulled the Professor right out of Maya's jaws. Not bad—you've certainly got some serious skills.	戻ったか！マヤの顎の下から教授を引っ張り出してきたそうじゃないか。大したものだ、相当な腕前だな。
24034	This bow tie... Why does it smell so bad? Don't tell me some Vagrant stole the device. This is going to be a lot of work.	この蝶ネクタイ…なぜこんなに臭うんだ？まさか浮浪者が装置を盗んだんじゃないだろうな。これは骨が折れそうだ。
24035	Oh my gosh! What the heck is this now?! A cardboard box full of sand? What are those little logs inside? Ugh, they stink!	なんてこった！今度は一体何なんだ？！砂でいっぱいの段ボール箱？中に入っているこの小さな丸太みたいなものは何だ？うっ、臭い！
24036	This is our last line of defense! All defenders, hold the center at all costs! The fate of Prontera will be decided here!	ここが我々の最終防衛線だ！防衛兵全員、何としても中央を死守せよ！プロンテラの運命はここで決まる！
24037	Contains valuable progression resources for the next Season. Can be opened and used next Season. Be sure to keep it safe.	次シーズンの貴重な育成素材が入っています。次のシーズンに開封して使用できます。大切に保管してください。
24038	A Madogear Pilot made of adamantine, a material ten times heavier than steel. It represents the pinnacle of Physical DEF.	鋼鉄の10倍の重量を持つアダマンタイトで作られた魔導ギア。物理防御力の頂点を象徴しています。
24039	Event Period: Two-week cycle, Tuesday and Thursday of the first week and Thursday of the second week, @{1}:@{2}~@{3}:@{4}	イベント期間：2週間サイクル、第1週の火曜日と木曜日、および第2週の木曜日の@{1}:@{2}～@{3}:@{4}
24040	The number of added members cannot exceed the number of mergeable members of the inviting party, please adjust the number	追加メンバー数は、招待側パーティの合流可能人数を超えることはできません。人数を調整してください。
24041	A party Member is already in the Hidden Treasure Dungeon. They must Exit the Dungeon before you can Initiate the request.	パーティメンバーがすでに秘宝ダンジョン内にいます。申請を行う前に、該当メンバーがダンジョンから退出する必要があります。
24042	Gigantic Enchant: Adds the\n^{1}Gigantic^{2} prefix to equipment and increases the attack range of the XX skill by @{1}%.	ジャイアントエンチャント：装備に\n^{1}ジャイアント^{2}の接頭辞を付与し、特定スキルの攻撃範囲を@{1}%増加させます。
24043	Targets a fallen ally within ${1}m. After successfully casting, Revives the ally and restores @{1}% of their Life and MP.	${1}m以内の倒れた味方1体を対象とします。詠唱完了後、味方を蘇生し、HPとMPを@{1}%回復します。
24044	With the support of His Majesty Tristan, the Monster Research Society was founded to resolve problems caused by monsters.	トリスタン国王陛下の支援を受け、モンスターによる問題を解決するためにモンスター研究所が設立されました。
24045	You can spend ID Tags here to Revive defeated party members.\nSpend all ID Tags in your Backpack to Revive party members?	ここでは認識票を消費して倒れたパーティメンバーを蘇生できます。\nバックパック内のすべての認識票を消費してパーティメンバーを蘇生しますか？
24046	Those people from the Holy See are such a pain. They insist this thing is Odin's Relic and won't let me anywhere near it.	聖庁の奴らには本当にうんざりするよ。こいつがオーディンの遺物だと言い張って、私を近寄らせようともしないんだ。
24047	Join the party activities, Transform, and enter the raffle\n^{1}The larger your transformed Size, the better the prize^{2}	パーティイベントに参加して変身し、抽選に応募しましょう\n^{1}変身後のサイズが大きいほど、豪華な賞品が当たります^{2}
24048	Rankings close every Monday at @{1}:@{2} AM, and leaderboard rewards are distributed based on each Adventurer's Hero tier.	ランキングは毎週月曜日の午前@{1}:@{2}に確定し、各冒険者のヒーロー段位に基づいてランキング報酬が配布されます。
24049	Rankings are finalized at the end of the Season, and Leaderboard Rewards are issued based on each Adventurer's Valor Tier.	シーズン終了時にランキングが確定し、各冒険者の武勇段位に基づいてランキング報酬が配布されます。
24050	^{1}^{2}【Hammer Fall】^{3}^{4}For every @{1} enemies hit, the percentage damage multiplier increases by ${1}%, up to ${2}%.	^{1}^{2}【ハンマーフォール】^{3}^{4}が敵@{1}体に命中するごとに、ダメージ倍率が${1}%増加します（最大${2}%）。
24051	^{1}^{2}[Gloria Domini]^{3}^{4}'s percentage damage multiplier increases by ${1}%, and its fixed damage increases by ${2}.	^{1}^{2}[グロリア・ドミニ]^{3}^{4}のダメージ倍率が${1}%増加し、固定ダメージが${2}増加します。
24052	^{1}^{2}[Rapid Smiting]^{3}^{4}'s percentage damage multiplier increases by ${1}%, and its fixed damage increases by ${2}.	^{1}^{2}[シールドチェイン]^{3}^{4}のダメージ倍率が${1}%増加し、固定ダメージが${2}増加します。
24053	^{1}^{2}[Spiral Pierce]^{3}^{4}'s percentage damage multiplier increases by ${1}%, and its fixed damage increases by ${2}.	^{1}^{2}[スパイラルピアース]^{3}^{4}のダメージ倍率が${1}%増加し、固定ダメージが${2}増加します。
24054	After casting ^{1}^{2}[Spiral Pierce]^{3}^{4} @{1} times, your next ^{5}^{6}[Spiral Pierce]^{7}^{8} is guaranteed to CRIT.	^{1}^{2}[スパイラルピアース]^{3}^{4}を@{1}回詠唱後、次の^{5}^{6}[スパイラルピアース]^{7}^{8}が必ずクリティカルになります。
24055	At the start of Activity Phase @{1}, @{3} Intermediate Live Coal units spawn every @{2} seconds, for a total of @{4} waves	活動フェーズ@{1}の開始時、@{2}秒ごとに中級の生きた石炭が@{3}体出現し、合計@{4}ウェーブ発生します。
24056	A large Hat worn by pirate captains. Since it is reserved for captains, it projects an imposing air of absolute authority.	海賊の船長が着用する大きな帽子。船長専用であるため、絶対的な威厳に満ちた威圧感を放っています。
24057	You can now upgrade the Alchemy Room. Upgrading it increases the Chance of obtaining high-quality pets. Go to Upgrade now?	錬金術室のアップグレードが可能になりました。アップグレードすると高レアリティのペットの獲得確率が上昇します。今すぐアップグレードしますか？
24058	A massive guild war where guilds conquer territory and vie for control of the Royal Capital to earn top Honor and rewards.	ギルドが領地を征服し、王都の支配権を争って最高の栄誉と報酬を目指す大規模なギルド戦です。
24059	Look here! Deploying a pet in the main slot activates its main skill, which you can use manually in battle. Go try it out!	ここを見て！メインスロットにペットを配置するとメインスキルが有効化され、戦闘中に手動で使用できるようになります。試してみてね！
24060	Look here! Reach certain Floors in the tower to earn fantastic rewards! The higher the Floors, the better the rewards, bo!	ここを見て！塔の特定の階層に到達すると素晴らしい報酬が手に入るよ！階層が高いほど報酬も豪華になるボー！
24061	(Hands on hips) Burning through your Life? I keep you well-fed and comfortable, and you're here burning through your Life?	（腰に手を当てて）命を削っているだと？美味い飯を食わせて快適にしてやっているのに、ここで命を削っていると言うのか？！
24062	Oh, it's you! What kind of flowers do you need today? ...Hmm? Judging by your expression, is something important going on?	あら、あなたね！今日はどんなお花が必要かしら？…ん？その表情を見るに、何か大事なことが起きているのかしら？
24063	Meow, these shrimp are delicious! What are you staring at? The fact that I can eat so many just proves how fresh they are!	ニャー、このエビは最高ニャ！何をジロジロ見てるのニャ？こんなにたくさん食べられるのは、新鮮な証拠ニャ！
24064	Every ^{1}Level-up^{2} grants new ^{3}Stat Points^{4}. How you distribute them will directly determine your future growth.	^{1}レベルアップ^{2}ごとに新たな^{3}ステータスポイント^{4}を獲得します。どう配分するかが、今後の成長を直接左右します。
24065	Hey! You must be the new recruit Captain Aikuni mentioned. I hear you accomplished something impressive in Payon. Welcome!	やあ！君がアイクニ隊長の言っていた新入りだな。フェイヨンで素晴らしい活躍をしたと聞いたよ。歓迎する！
24066	You're the Professor's new assistant, right? Here, take this. This bow tie was left behind at the crime scene as evidence.	君が教授の新しい助手だな？ほら、これを受け取ってくれ。事件現場に証拠品として残されていた蝶ネクタイだ。
24067	^{1}PlayerName^{2}, I'm heading there now. Come over as soon as you have time. I'm sure we'll have plenty of work for you.	^{1}PlayerName^{2}、俺は一足先に向かっているぞ。時間ができたらすぐに来てくれ。きっと仕事は山ほどあるからな。
24068	Core Wood taken from within a Sacred Wood Chunk. Its spiritual energy is pure, and it is used to craft advanced equipment.	神木の塊の中から採取された芯材。霊力に満ちて純度が高く、高度な装備の製作に使用されます。
24069	Use to send every guild Member except each Temporary Member a Basic Pack by mail. The Pack contains basic growth Material.	使用すると、臨時メンバーを除くギルドメンバー全員にベーシックパックがメールで送られます。パックには基本的な育成素材が入っています。
24070	An arrow with a tip that can be set ablaze.\n^{1}Equipping Fire Arrow with a bow changes your attack property to Fire.^{2}	先端に火を灯すことができる矢。\n^{1}弓に火の矢を装備すると、攻撃属性が火属性に変化します。^{2}
24071	When an ^{1}Offensive-type^{2} Primary Battle Skill Deals DMG to an enemy, inflicts ${1}% ^{3}【Sluggish】^{4} for ${2} sec.	^{1}攻撃型^{2}のメイン戦闘スキルが敵にダメージを与えた時、${2}秒間、${1}%の^{3}【緩慢】^{4}を付与します。
24072	Baphomet Jr. deals Physical ATK*^{1}${2}%^{2} Neutral melee Physical damage to the designated ST enemy within ${1} meters.	バフォメット.Jrが${1}m以内の指定した単体の敵に、物理攻撃力*^{1}${2}%^{2}の無属性近接物理ダメージを与えます。
24073	When casting an ^{1}Immunity-type^{2} Primary Battle Skill, extends the duration of its Immunity Buff by ^{3}${1}^{4} sec.	^{1}無効化型^{2}のメイン戦闘スキルを詠唱した時、その無効化バフの持続時間が^{3}${1}^{4}秒延長されます。
24074	Alice deals Neutral melee Physical damage equal to Physical ATK*^{1}${2}%^{2} to a designated ST enemy within ${1} meters.	アリスが${1}m以内の指定した単体の敵に、物理攻撃力*^{1}${2}%^{2}の無属性近接物理ダメージを与えます。
24075	If Physical ATK is higher than Magic ATK, attacks deal Physical damage. If Magic ATK is higher, attacks deal Magic damage.	物理攻撃力が魔法攻撃力より高い場合は物理ダメージを与え、魔法攻撃力の方が高い場合は魔法ダメージを与えます。
24076	Dydre deals Neutral melee Physical damage equal to Physical ATK*^{1}${2}%^{2} to a designated ST enemy within ${1} meters.	ディードルが${1}m以内の指定した単体の敵に、物理攻撃力*^{1}${2}%^{2}の無属性近接物理ダメージを与えます。
24077	Every @{1} STR grants @{2} PDEF. Swordsmen, Thieves, Merchants, Mages, and Acolytes gain an Extra @{3} PATK and @{4}% PATK.	STR@{1}ごとに物理防御力が@{2}増加します。ソードマン、シーフ、マーチャント、マジシャン、アコライトは追加で物理攻撃力が@{3}、物理攻撃力が@{4}%増加します。
24078	Go to the Ally <color=#FDAB5B><u> Quartermaster</u></color> to Claim a Supply Transport cart and deliver Military Supplies.	同盟の<color=#FDAB5B><u>輜重兵</u></color>のところへ行き、補給輸送車を受け取って軍需物資を輸送してください。
24079	@{1}.Trade records are stored for up to @{2} days or @{3} entries;\n@{4}.Trade records are cleared when a new Season begins	@{1}.取引記録は最大@{2}日間または@{3}件まで保存されます。\n@{4}.取引記録は新しいシーズンが始まるとリセットされます。
24080	Temporarily increases DEX by @{1} and AGI by @{2}, and uses the Falcon to detect hidden enemies within a @{3}-meter radius.	一時的にDEXが@{1}、AGIが@{2}増加し、ファルコンを用いて半径@{3}m以内の隠密状態の敵を探知します。
24081	${1} resources have not finished downloading. Approximately ${2}MB of data must be downloaded. Use mobile data to download?	${1}個のリソースのダウンロードが完了していません。約${2}MBのデータをダウンロードする必要があります。モバイルデータ通信を使用してダウンロードしますか？
24082	^{1}^{2}[Brandish Spear]^{3}^{4}'s percentage damage multiplier increases by ${1}%, and its fixed damage increases by ${2}.	^{1}^{2}[ブランディッシュスピア]^{3}^{4}のダメージ倍率が${1}%増加し、固定ダメージが${2}増加します。
24083	When bubbles of different colors touch, they ^{1}explode^{2}. When bubbles of the same color touch, they ^{3}disappear^{4}.	異なる色の泡が接触すると^{1}爆発^{2}します。同じ色の泡が接触すると^{3}消滅^{4}します。
24084	Baphomet summons ^{1}Hellfire^{2}, creating ^{3}@{1} ring-shaped trails of fire^{4} that continuously move and deal damage.	バフォメットが^{1}ヘルファイア^{2}を召喚し、継続して移動しながらダメージを与える^{3}@{1}個の環状の炎の軌跡^{4}を生成します。
24085	Osiris commands ^{1}all Horongs in the arena^{2} to move rapidly toward the target, damaging ^{3}targets in their path^{4}.	オシリスが^{1}エリア内のすべてのホロン^{2}にターゲットへ高速突進するよう命じ、^{3}経路上のターゲット^{4}にダメージを与えます。
24086	Osiris gathers^{1}dark energy^{2}, unleashes^{3}a pulse attack ahead^{4}, and continuously rotates @{1}° toward the target.	オシリスが^{1}闇のエネルギー^{2}を集めて^{3}前方へ波動攻撃^{4}を放ち、ターゲットに向かって継続して@{1}°回転します。
24087	Looking to take it easy? Just turn on Auto during Battle. Left Tap to activate it, or Right Tap to open the Settings panel.	楽にプレイしたいですか？戦闘中にオートをオンにするだけです。左タップで有効化、右タップで設定パネルを開きます。
24088	Time is short, so I'll be brief. Our mission is to travel to the ^{1}Sograt Desert^{2} and find the missing Professor Ryan.	時間がないので手短に説明する。我々の任務は^{1}ソグラト砂漠^{2}へ向かい、行方不明のライアン教授を捜索することだ。
24089	There may be one enormous ant colony beneath this entire desert. What we discovered before was only the tip of the iceberg.	この砂漠全体の地下には、巨大なアリの巣が存在しているのかもしれません。我々が以前発見したものは氷山の一角に過ぎなかったのです。
24090	Congratulations! You've been appointed Guild Leader. We hope you'll lead everyone in building a warm, supportive community!	おめでとうございます！ギルドマスターに任命されました。皆を率いて、温かく助け合えるコミュニティを築き上げてください！
24091	You finished ^{3}${1}^{4} on this Season's Territory War ^{1}Merit Rankings^{2}. Congratulations! Please claim your reward!	今シーズンの拠点戦^{1}功績ランキング^{2}で^{3}${1}^{4}位を獲得しました。おめでとうございます！報酬をお受け取りください！
24092	Yesterday, I devised a new way to arrange my wares. They're easier for customers to pick up, and my sales rate rose by 20%.	昨日、商品の新しい並べ方を工夫してみたんだ。お客さんが手に取りやすくなって、売れ行きが20%も上がったよ。
24093	This route used to be the Life line of merchant caravans. Now... those damn air pirates have made it anything but peaceful.	この交易路はかつて商隊の命綱だった。だが今は…あの忌々しい空賊どものせいで、平和とは程遠い有様だ。
24094	Fervor, could you please focus on the job? If food distracts you from your work again, I'll... I'll shave off all your fur!	ファーヴァー、お願いだから仕事に集中して！また食べ物に気を取られて仕事をサボったら…毛を全部剃っちゃうからね！
24095	“Is this rickety ship going to fall out of the sky? The wind's so strong, Bobo's precious feathers are going to blow away!”	「このボロ船、空から落ちたりしないだろうな？風が強すぎて、ボボの大事な羽が吹き飛んじゃうよ！」
24096	Enemy stragglers are still harassing the South Gate, but our top priority is holding the central district's defensive line!	敵の残党が依然として南門を脅かしているが、我々の最優先任務は中央地区の防衛線を死守することだ！
24097	Eden Group Leader\nThose air pirates were tougher than I expected. You did well, rookie. You took down quite a few enemies.	楽園団団長\nあの空賊どもは思っていた以上に手強かったな。よくやったぞ、新人。かなりの数の敵を倒してくれたな。
24098	Elderly Male Voice\nYoung man, all that anger is bad for your liver... This is the best spot around for soaking up the sun.	老人の声\n若者よ、そんなに怒ると肝臓に毒じゃぞ…ここは日向ぼっこをするには最高の場所なんじゃから。
24099	A semi-finished material processed from sacred cloth rolls. Used to craft advanced clothing or armor with blessing effects.	聖なる反物から加工された半製品の素材。加護の効果を持つ高度な衣服や防具の製作に使用されます。
24100	A high-grade grinding wheel made with precision techniques, capable of ultra-fine polishing when crafting advanced weapons.	精密な技術で作られた高級砥石。高度な武器を製作する際に極めて精密な研磨を行うことができます。
24101	Made from rough stone, it grinds efficiently but provides only an average polish. Suitable for sharpening standard weapons.	粗い原石から作られた砥石。効率よく研ぐことができますが、仕上がりは標準的です。標準的な武器の研磨に適しています。
24102	Event Period: Two-week cycle, Wednesday and Saturday of the first week and Saturday of the second week, @{1}:@{2}~@{3}:@{4}	イベント期間：2週間サイクル、第1週の水曜日と土曜日、および第2週の土曜日の@{1}:@{2}～@{3}:@{4}
24103	Specializes in Spear weapons, increasing CRIT by ^{1}${1}^{2}, CRIT RES by ^{3}${2}^{4}, and Attack Speed by ^{5}${3}^{6}%.	槍武器の扱いに長け、クリティカルが^{1}${1}^{2}、クリティカル耐性が^{3}${2}^{4}、攻撃速度が^{5}${3}^{6}%増加します。
24104	After using 【Fearless Charge】, if you are under 【Over Brand】, Activate the second-stage skill^{1}^{2}【Earthshaker】^{3}^{4}.	【フィアレスチャージ】使用後、【オーバーブランド】状態であれば、2段目スキル^{1}^{2}【アースシェイカー】^{3}^{4}が発動します。
24105	After triggering ^{1}【Furious Storm】^{2}, the percentage damage multiplier of 【Hundred Spear - Enhance】 increases by ${1}%.	^{1}【フュリアスストーム】^{2}発動後、【ハンドレッドスピア-強化】のダメージ倍率が${1}%増加します。
24106	Please, keep it. I-I'm already so happy! Thank You for helping me with so much. If you don't mind, consider it your reward!	受け取ってください。わ、私、もう十分嬉しいんです！色々と手伝ってくださって本当にありがとうございました。よろしければ、お礼としてお受け取りください！
24107	I'm Allen. I'm new here... I heard you often go on quests with the Eden Group. You know Instructor Boya pretty well, right?	僕はアレン。ここに来たばかりで…楽園団と一緒にクエストによく行かれると聞きました。ボヤ教官のこともよくご存じですよね？
24108	You're finally awake! That was far too close. If you hadn't stepped in when you did, many more people could have been hurt.	ようやく目が覚めたのね！本当に危ないところだったわ。あなたが駆けつけてくれなかったら、もっと多くの人が怪我をしていたかもしれないわ。
24109	Melee Physical damage increased by @{1}%. Each Floor of a Physical damage buff grants an Extra @{2}% melee Physical damage.	近接物理ダメージが@{1}%増加します。物理ダメージバフが1層累積するごとに追加で近接物理ダメージが@{2}%増加します。
24110	Dive toward the target point, Deals DMG to Nearby enemies upon landing, and slow them, making it easier to pursue or escape.	目標地点へ飛び込み、着地時に周囲の敵にダメージを与えて減速させ、追撃や離脱を容易にします。
24111	After an Adventurer joins a guild, the guild will grant them an Honor position based on the Member's historical contribution	冒険者がギルドに加入した後、ギルドはメンバーの過去の貢献度に基づいて名誉職を授与します。
24112	When Life is below @{1}%, damage taken from sources other than status effects is reduced by @{2}%. Internal Cooldown: @{3}S.	HPが@{1}%未満の時、状態異常以外のダメージ源から受けるダメージが@{2}%軽減されます。内部クールダウン：@{3}秒。
24113	^{1}^{2}[Shield Boomerang]^{3}^{4}'s percentage damage multiplier increases by ${1}% and its fixed damage increases by ${2}.	^{1}^{2}[シールドブーメラン]^{3}^{4}のダメージ倍率が${1}%増加し、固定ダメージが${2}増加します。
24114	^{1}^{2}[Envenomed Blade]^{3}^{4}'s percentage damage multiplier increases by ${1}%, and its fixed damage increases by ${2}.	^{1}^{2}[インベナムブレード]^{3}^{4}のダメージ倍率が${1}%増加し、固定ダメージが${2}増加します。
24115	Pairing it with a Nurse Cap may produce an unexpected effect. A cute Blinker designed for anyone seeking a distinctive look.	ナースキャップと合わせると意外な効果が生まれるかも。個性的なスタイルを求める人のためにデザインされたキュートな目隠しです。
24116	Because the Trade Market has closed, your listed items were automatically delisted. Please collect them from the attachment.	取引所が終了したため、出品されていたアイテムは自動的に出品取り下げとなりました。添付ファイルからお受け取りください。
24117	I've heard of a Magic Staff that converts its wielder's mental energy into physical force, increasing its destructive power.	使い手の精神エネルギーを物理的な力に変換し、その破壊力を高める魔法の杖があるらしい。
24118	On a beautiful day like this, I'd love to pack my bag and head deep into the mountains to gather rare and interesting items.	こんなに天気がいい日は、荷物をまとめて山奥へ出かけ、珍しくて面白いアイテムをたくさん集めたいものだね。
24119	If you're a Swordsman, make good use of Magnum Break! Bash is merely a stepping stone on the path to mastering Magnum Break!	ソードマンならマグナムブレイクを使いこなせ！バッシュはマグナムブレイクを極めるための単なる通過点に過ぎない！
24120	Hey, you have time to study this?! That giant ant freak carried off the Professor as emergency rations! We have to save him!	おい、こんなものを調べている場合か？！あの巨大なアリの化け物が教授を非常食として連れ去ったんだぞ！早く助けに行かないと！
24121	This place is beautiful! It's much more comfortable than ^{1}PlayerName^{2}'s Backpack~ But... why does it feel so familiar?	ここは綺麗な場所だな！^{1}PlayerName^{2}のバックパックの中よりずっと居心地がいいぞ～でも…なぜか懐かしい感じがするな？
24122	(Presses its nose close to the cardboard box, sniffing frantically and barking urgently) Woof! Woof, woof, woof! Woof, woof!	（段ボール箱に鼻を近づけて必死にクンクンと嗅ぎ、切迫した様子で吠える）ワン！ワン、ワン、ワン！ワン、ワン！
24123	Stop. This is the sealed area surrounding the Nail of Discipline. Unauthorized personnel are strictly forbidden to Approach.	止まれ。ここは規律の釘を取り囲む封印区域だ。部外者の立ち入りは固く禁じられている。
24124	During the event preparation phase, a Guild administrator can manually skip preparation and start the challenge immediately.	イベントの準備フェーズ中、ギルド管理者は手動で準備をスキップして即座に挑戦を開始できます。
24125	Deviling\nThe Pirate's Hidden Treasure is now open! Warriors can use the portal to enter the treasure area and fight for it!	デビルリング\n海賊の秘宝が開放されたぞ！勇者たちはポータルを通って秘宝エリアに入り、宝を奪い合え！
24126	Bobo\nThose three little thieves have no taste at all. Why would they set up their headquarters in the Culvert? It stinks...	ボボ\nあいつら泥棒3人組はちっともセンスがないね。なんで地下水道なんかにアジトを作ったのかな？すっごく臭いよ…
24127	A unique sword with a beautiful, transparent blade. It feels as though monsters slain with it will drop something beautiful.	透き通るような美しい刀身を持つ特別な剣。この剣で倒したモンスターは、何か美しいものを落としそうな気がする。
24128	Ranking Reward Count: <color=#CC762A>${1}/${2}</color>\nParticipation Rewards Reward Count: <color=#CC762A>${3}/${4}</color>	ランキング報酬受取可能回数：<color=#CC762A>${1}/${2}</color>\n参加報酬受取可能回数：<color=#CC762A>${3}/${4}</color>
24129	Deals ATK * ^{1}@{3}%^{2} damage to up to @{2} enemies within a @{1} m radius and inflicts ^{3}@{4} sec. of ^{4}【Blind】^{5}.	半径@{1}m以内の最大@{2}体の敵に攻撃力*^{1}@{3}%^{2}のダメージを与え、^{3}@{4}秒間の^{4}【暗黒】^{5}を付与します。
24130	Grants yourself and up to ${2} allies within a ${1}m radius ^{1}${3}%^{2} Movement Speed and ^{3}${4}^{4} FLEE for ${5} sec.	自身および半径${1}m以内の最大${2}体の味方に、${5}秒間、^{1}${3}%^{2}の移動速度と^{3}${4}^{4}のFLEEを付与します。
24131	Deviling summons three Bombrings nearby. The Bombrings explode after @{1} sec, damaging players in a large surrounding area.	デビルリングが近くに3体のボムポリンを召喚します。ボムポリンは@{1}秒後に爆発し、広範囲の周囲のプレイヤーにダメージを与えます。
24132	One day, the medicinal herbs delivered every month failed to arrive. I heard the caravan had been attacked by a giant snake.	ある日、毎月届くはずの薬草が届かなかったんだ。商隊が巨大なヘビに襲われたと聞いたよ。
24133	The challenge against Ilmata, God of Nature, is now open. The Guild Master or Vice Guild Master must initiate the challenge.	自然の神イルマタへの挑戦が開放されました。ギルドマスターまたはサブギルドマスターが挑戦を開始する必要があります。
24134	Reduces the maximum Cooldown of ^{1}^{2}【Frost Nova】^{3}^{4} and ^{5}^{6}【Jupitel Thunder】^{7}^{8} by ^{9}${1}^{10} seconds.	^{1}^{2}【フロストノヴァ】^{3}^{4}および^{5}^{6}【ユピテルサンダー】^{7}^{8}の最大クールダウンを^{9}${1}^{10}秒短縮します。
24135	Summons a Holy Light talisman from the heavens, dealing ATK * ^{1}@{2}%^{2} damage to the designated ST enemy within @{1} m.	天から神聖な光の護符を召喚し、@{1}m以内の指定した単体の敵に攻撃力*^{1}@{2}%^{2}のダメージを与えます。
24136	Every @{1} seconds, Monsters will cause trouble. Defeat them to earn rewards. Draw Third Prize during the final @{2} minutes.	@{1}秒ごとにモンスターが騒動を起こします。モンスターを倒して報酬を獲得しましょう。最後の@{2}分間に3等賞の抽選が行われます。
24137	Every @{1} seconds, Monsters will cause trouble. Defeat them to earn rewards. Draw First Prize during the final @{2} minutes.	@{1}秒ごとにモンスターが騒動を起こします。モンスターを倒して報酬を獲得しましょう。最後の@{2}分間に1等賞の抽選が行われます。
24138	Character ASPD: ${1}% (Max: @{1}%)\nExcess ASPD: ${2}\nEvery @{2} excess ASPD is converted to @{3}% Physical ATK (Max: @{4}%)	キャラクター攻撃速度：${1}%（最大：@{1}%）\n超過攻撃速度：${2}\n超過攻撃速度@{2}ごとに物理攻撃力@{3}%に変換されます（最大：@{4}%）
24139	Covered in small bags collected throughout your travels and plush companions. (Requires the Cart Remodeling skill to switch.)	旅の途中で集めた小さなバッグとぬいぐるみで飾られています。（切り替えるにはカート改造スキルが必要です。）
24140	Become a Madogear Pilot, greatly increasing Movement Speed and continuously spraying flames in a circular area to deal damage	魔導ギアに搭乗し、移動速度を大幅に上昇させ、円形範囲内に炎を放射し続けてダメージを与えます。
24141	^{1}^{2}[Battle Chant]^{3}^{4} grants allies an Extra ${1} PDEF and MDEF and reduces enemies' PATK and MATK by an Extra ${2}.	^{1}^{2}[ゴスペル]^{3}^{4}が味方に追加で${1}の物理防御力と魔法防御力を付与し、敵の物理攻撃力と魔法攻撃力を追加で${2}減少させます。
24142	Moonlight Flower randomly^{1}charges @{1} Bells on the battlefield^{2}. Charged Bells damage^{3}a large area around them^{4}.	月夜花が戦場にある@{1}個の鈴をランダムに^{1}帯電^{2}させます。帯電した鈴は^{3}周囲の広範囲^{4}にダメージを与えます。
24143	Protective headgear made of gold. Since gold is its primary material, it is remarkably sturdy and provides excellent defense.	純金で作られた防護用の兜。金を主材料としているため極めて堅牢で、優れた防御性能を誇ります。
24144	Confirm Pet Respawn?\nRespawn resets the Pet to <color=#b99556>Lv. 1</color> and Returns all Level-up Materials. Return list:	ペットの再生を確認しますか？\n再生するとペットは<color=#b99556>Lv. 1</color>にリセットされ、レベルアップに使用した素材がすべて返還されます。返還リスト：
24145	Those drifting visions are worlds that once truly existed—some have already withered away, while others continue to Struggle.	漂う幻影はかつて確かに存在した世界です。あるものはすでに枯れ果て、またあるものは今も抗い続けています。
24146	Congratulations on ranking ${1} on the Combat Power Rankings—Thief! Here's your ranking reward. Please check the attachments!	戦力ランキング―シーフで第${1}位にランクイン、おめでとうございます！こちらがランキング報酬です。添付ファイルをご確認ください！
24147	That's good. Hey, ^{1}PlayerName^{2}, I'm leaving this remarkable Professor in your care. Don't let him get too carried away.	よかった。おい、^{1}PlayerName^{2}、この優秀な教授のことは君に任せたぞ。あまり無茶をさせないでくれよ。
24148	Protocol requires me to ask: Have you identified the thief? This is crucial to improving our security measures going forward.	規則に従い質問させていただきます。泥棒の身元は特定できましたか？これは今後の防犯対策を改善する上で極めて重要です。
24149	Lately, we've received many custom orders for the 【Stop Sign Headgear】. Wearing one as an accessory is quite fashionable now.	最近、【一時停止標識】頭装備のオーダーメイド依頼をたくさんいただいています。アクセサリーとして身につけるのが流行しているようですね。
24150	Last time, I didn't have enough Potions, and Maya took me down at the last moment. This time, I'm well prepared. I can do it!	前回はポーションが足りなくて、最後の最後でマヤにやられてしまった。今回は準備万端だ。絶対に勝ってみせる！
24151	This is it... the flow Control valve, completely intact! You actually took it back from Baphomet... No, I mean, retrieved it.	これだ…流量制御弁、完全に無傷だ！本当にバフォメットから奪い返して…いや、取り戻してくれたんだな。
24152	Kafra Battlefield Manager\nReceive the Blessing of Odin, King of the Gods, reducing skill Cooldown by @{1}% for @{2} minutes.	カプラ戦場管理人\n主神オーディンの祝福を受け、@{2}分間、スキルのクールダウンが@{1}%短縮されます。
24153	Invading monsters have appeared near the Library. Some defenders should assist there while the rest continue holding the Inn!	侵攻してきたモンスターが図書館の近くに出現しました！一部の防衛兵は救援に向かい、残りは引き続き宿屋を死守してください！
24154	Bobo\nIt's a dead end... Aaaah, look over there! Something's crawling toward us! It's all black... Huh? It looks like an ant!	ボボ\n行き止まりだ…きゃあああ、あそこを見て！何かがこっちに向かって這ってくるよ！真っ黒だ…えっ？アリみたい！
24155	To protect your funds while you were offline, the System automatically stopped your pre-auction/bulk purchases. Restart them?	オフライン中の資産を保護するため、事前入札および一括購入が自動的に停止されました。再開しますか？
24156	Dual-Dagger Assassins can slot up to @{1} Weapon Cards at once, giving them the highest Burst damage of any second-job class.	二刀流アサシンは武器カードを同時に最大@{1}枚装着でき、2次職の中で最も高い瞬間火力を誇ります。
24157	A scroll imbued with Magic that can be used for Equipment Enchantment.\n^{1}Effect: Can be used for Equipment Enchantment^{2}	魔力が込められた巻物。装備のエンチャントに使用できます。\n^{1}効果：装備エンチャントに使用可能^{2}
24158	A cloak once worn by Vali, one of Odin's sons. Though blind, he slew the warrior Hodr. It bears the marks of Vali's struggle.	オーディンの息子の一人、ヴァーリがかつてまとっていた肩掛け。彼は盲目でありながら戦士ヘズを討ち倒した。そこにはヴァーリの苦闘の痕が刻まれている。
24159	A bow shining with holy radiance that can Launch searing arrows of light to pierce the darkness and bring hope and salvation.	聖なる輝きを放つ弓。闇を貫き希望と救済をもたらす灼熱の光の矢を放つことができる。
24160	A battle axe with a long blade. Its reinforced head is secured to a thick handle, giving it tremendous power in close combat.	長い刃を持つ戦斧。強化された斧頭が太い柄に固定されており、接近戦において絶大な威力を発揮します。
24161	Miyabi Doll rapidly swings both arms, dealing Neutral melee Physical damage equal to Physical ATK*^{1}${1}%^{2} to the enemy.	みやび人形が素早く両腕を振り回し、敵に物理攻撃力*^{1}${1}%^{2}の無属性近接物理ダメージを与えます。
24162	Do you even have to ask? The hardest one, obviously~ Like taking on Morroc alone or raiding the lair of that Jormun-whatever!	聞くまでもないでしょ？一番難しいやつに決まってるじゃない～モロックに一人で挑むとか、あのヨルムン…何とかの巣窟に突入するとかさ！
24163	Ranged Physical damage increased by @{1}%. Each Floor of a Physical damage buff grants an Extra @{2}% ranged Physical damage.	遠距離物理ダメージが@{1}%増加します。物理ダメージバフが1層累積するごとに追加で遠距離物理ダメージが@{2}%増加します。
24164	Every @{1} seconds, Monsters will cause trouble. Defeat them to earn rewards. Draw Second Prize during the final @{2} minutes.	@{1}秒ごとにモンスターが騒動を起こします。モンスターを倒して報酬を獲得しましょう。最後の@{2}分間に2等賞の抽選が行われます。
24165	You are currently participating in a Caravan Escort. Leaving the guild will destroy your caravan. Confirm Exit from the guild?	現在キャラバン護衛に参加しています。ギルドを脱退するとキャラバンが破壊されます。本当にギルドを脱退しますか？
24166	A hard mineral vein gleaming with golden light. Mine it to obtain high-grade ore. ^{1}Can be used to Craft T@{1} equipment^{2}	黄金色の光を放つ硬い鉱脈。採掘すると高級鉱石を獲得できます。^{1}T@{1}装備の製作に使用可能^{2}
24167	(No Translation NeededWhen a pet with a Protector Skill is assigned to deployment slot @{1}, its Protector Skill takes effect.	守護スキルを持つペットを出撃スロット@{1}に配置すると、その守護スキルが有効になります。
24168	This quest can only be completed in the ^{1} ${1}^{2} scenario.\nThe quest will be automatically removed when the Season ends.	このクエストは^{1} ${1}^{2}シナリオでのみ完了できます。\nクエストはシーズン終了時に自動的に削除されます。
24169	A deep purple cocktail of Grape juice, Lemon juice, and Alcohol, shaken well. Increases Magic ATK by @{1}~@{2} for @{3} hours.	ブドウ果汁、レモン果汁、アルコールをよくシェイクした濃い紫色のカクテル。@{3}時間、魔法攻撃力が@{1}～@{2}増加します。
24170	^{1}^{2}【Turn Undead】^{3}^{4}'s percentage-based damage multiplier increases by ${1}%, and its fixed damage increases by ${2}.	^{1}^{2}【ターンアンデッド】^{3}^{4}のダメージ倍率が${1}%増加し、固定ダメージが${2}増加します。
24171	While ^{1}^{2}[Sacrifice]^{3}^{4} is active, ^{5}^{6}[Basic Attack]^{7}^{8}'s percentage damage multiplier increases by ${1}%.	^{1}^{2}[サクリファイス]^{3}^{4}の効果中、^{5}^{6}[通常攻撃]^{7}^{8}のダメージ倍率が${1}%増加します。
24172	Pharaoh's Pyramid fires ^{1}beams^{2} that damage enemies in their path, and ^{3}the number of Pyramids increases to @{1}^{4}.	ファラオのピラミッドが光線を放ち、^{1}経路上の敵^{2}にダメージを与えます。また、ピラミッドの数が^{3}@{1}個に増加します^{4}。
24173	Pharaoh's Pyramid fires ^{1}beams^{2} that damage enemies in their path, and the number of Pyramids increases to ^{3}@{1}^{4}.	ファラオのピラミッドが光線を放ち、^{1}経路上の敵^{2}にダメージを与えます。また、ピラミッドの数が^{3}@{1}個^{4}に増加します。
24174	Osiris lashes^{1}@{1} areas ahead with bandages^{2}, then lashes^{3}random areas on the battlefield^{4}, damaging targets hit.	オシリスが包帯で^{1}前方@{1}箇所^{2}を薙ぎ払い、その後^{3}戦場内のランダムな地点^{4}を薙ぎ払って命中した対象にダメージを与えます。
24175	A coat personally overseen by Kafra and made exclusively for the Battle of Survivors. It should block some damage... probably?	カプラが直々に監修し、生存者の戦い専用に仕立てられたコート。少しはダメージを防いでくれるはず…たぶん？
24176	A Hat made from half of a sturdy fruit. It provides solid defense, but a hammer would still break it, so it cannot be refined.	硬い果実の半分から作られた帽子。しっかりとした防御力を誇りますが、ハンマーで叩けば割れてしまうため精錬はできません。
24177	Wings that look like a cross between a butterfly's and a dragonfly's. Pair them with a dress to look like a tiny flower fairy.	蝶とトンボを掛け合わせたような羽。ドレスと合わせれば、まるで小さな花の妖精のようです。
24178	In RO, "pulling a train" refers to a leveling technique where players draw the aggro of large groups of Monsters while moving.	ROにおいて「トレイン」とは、移動しながら大量のモンスターの敵視を集めてまとめる狩り・育成テクニックを指します。
24179	Silly Master... Are ants vegetarians? And how do you know the professor tastes too sour to eat?! What kind of reason is that?!	おバカなご主人様…アリが草食だとでも思ってるの？それに教授が酸っぱくて不味そうなんて、どうしてわかるのさ？！どんな理屈だよ？！
24180	You had unclaimed Departure Rewards from the previous Guild Caravan event. We've reissued them to You. Please check your mail!	前回のギルドキャラバンイベントで未受取の出発報酬がありました。再送いたしましたのでメールをご確認ください！
24181	You enabled both Bid and Auto-Bid in the auction for ${1}. Your bidding funds have been returned. Please check the attachment.	${1}のオークションにおいて手動入札と自動入札の両方を設定していました。入札資金を返還いたしましたので、添付ファイルをご確認ください。
24182	Great! ^{1}PlayerName^{2}, it looks like our plan to Win them over one by one is Active. Let's go tell everyone the good news!	やったね！^{1}PlayerName^{2}、各個撃破の作戦が功を奏したみたいだよ。みんなにこの朗報を知らせに行こう！
24183	Long ago, serious criminals were sentenced to death. The enchanted sword used for their executions was called the Executioner.	大昔、重罪人は死刑に処されていました。その処刑の際に用いられた魔力を帯びた剣はエクセキューショナーと呼ばれました。
24184	I've had this cart for 7 years. I've replaced the wheels twice and the handle once. This frame is the only original part left.	このカートを使い始めて7年になる。車輪は2回、取っ手は1回交換したが、この骨組みだけはずっと最初のままだよ。
24185	Since you're Ready, I shall perform the Tier Two Job Advance Ritual and let the power of the gods fully merge with your blood.	覚悟が決まったようですね。それでは2次転職の儀式を執り行い、神々の力をあなたの血潮へと完全に融合させましょう。
24186	We've got a seriously lucky player in our group! ${1} is the Festival Invitation lucky star! Let's go check it out! Go Support	私たちのグループにものすごい幸運の持ち主がいるぞ！${1}が祝祭の招待状のラッキースターに選ばれた！見に行ってみよう！応援に行く
24187	Legend says this leaf fell from Yggdrasil. It contains immense Life energy and can Revive a Character who can no longer Battle	イグドラシルの樹から落ちたと伝えられる葉。膨大な生命力を宿しており、戦闘不能になったキャラクターを蘇生できます。
24188	Cart-exclusive skill. Increases your Movement Speed by ^{1}${1}%^{2} and removes ^{3}【Slow】^{4} from you for ^{5}${2}^{6} sec.	カート専用スキル。^{5}${2}^{6}秒間、自身の移動速度が^{1}${1}%^{2}増加し、^{3}【減速】^{4}を解除します。
24189	Bobo blows a bubble, granting the master a ^{5}Bubble Shield^{6} equal to ^{1}Adaptive ATK^{2}*^{3}${1}%^{4} for ${2} seconds.	ボボが泡を吹き出し、${2}秒間、ご主人様に^{1}適応攻撃力^{2}*^{3}${1}%^{4}に相当する^{5}バブルシールド^{6}を付与します。
24190	Milly deals Neutral ranged Physical damage equal to Physical ATK *^{1}${2}%^{2} to the designated ST enemy within ${1} meters.	ミリーが${1}m以内の指定した単体の敵に、物理攻撃力*^{1}${2}%^{2}の無属性遠距離物理ダメージを与えます。
24191	You're done already? You must've worked hard. Here, the Bunny Hair Band is all wrapped up. Good luck confessing your feelings!	もう終わったのかい？お疲れ様。ほら、ウサギのヘアバンドを綺麗に包んでおいたよ。告白、うまくいくといいね！
24192	Here is your key. Dinner will be delivered to your room in one hour. If you'd like hot Milk or herbal tea, just ring the bell.	こちらがお部屋の鍵です。夕食は1時間後にお部屋へお届けします。温かいミルクやハーブティーがご入用の際はベルを鳴らしてください。
24193	If the Adventure Guild creation process is not started within the support period, the support group will automatically disband	応援期間内に冒険ギルドの設立手続きが開始されなかった場合、応援グループは自動的に解散されます。
24194	While 【Cloaking】 is active, you cannot be seen or targeted. You are revealed after taking damage @{1} times or dealing damage.	【クローキング】中、姿が見えなくなりターゲットにされなくなります。@{1}回ダメージを受けるか、ダメージを与えると解除されます。
24195	After using a recommended build, stat points will be allocated automatically upon Level-up based on the selected recommendation	推奨ビルドを適用すると、レベルアップ時に選択した推奨方針に基づいてステータスポイントが自動的に割り振られます。
24196	\nYou successfully completed ^{1}@{1}^{2} box-stacking challenges and ^{3}@{2}^{4} Othello matches, demonstrating true mastery.	\nあなたは箱積みチャレンジを^{1}@{1}^{2}回、オセロ対局を^{3}@{2}^{4}回クリアし、見事な腕前を証明しました。
24197	@{1}.Spend Kaka Victory Coins at the Kafra Shop to exchange for rewards.\n@{2}.Some items require you to reach a specific rank.	@{1}.カプラショップでカカ勝利コインを消費して報酬と交換できます。\n@{2}.一部のアイテムは特定の段位に到達する必要があります。
24198	Phantom Realm dungeons accumulate over the course of each Season. A team of ^{1}at least @{1} Members^{2} is required to enter.	幻影の領域ダンジョンはシーズンを通じて蓄積されます。入場には^{1}@{1}人以上^{2}のチームが必要です。
24199	Ignores monster Size. When attacking, has a @{1}% Chance to increase damage against Small, Medium, and Large monsters by @{2}%.	モンスターのサイズを無視します。攻撃時、@{1}%の確率で小型・中型・大型モンスターへのダメージが@{2}%増加します。
24200	^{1}^{2}[High Speed Cart Ram]^{3}^{4}'s percentage damage multiplier increases by ${1}% and its fixed damage increases by ${2}.	^{1}^{2}[カートハイアクセル]^{3}^{4}のダメージ倍率が${1}%増加し、固定ダメージが${2}増加します。
24201	When 【Jupitel Thunder】 hits, triggers 【Thunderbolt】, dealing Wind ranged magic damage equal to Magic ATK * ${1}% to the target.	【ユピテルサンダー】命中時、【サンダーボルト】を発動し、ターゲットに魔法攻撃力*${1}%の風属性遠距離魔法ダメージを与える。
24202	Osiris ^{1}summons multiple walls of fire^{2} that ^{3}rotate around the center of the field^{4}. Players must avoid the walls.	オシリスが^{1}複数の火炎の壁を召喚し^{2}、それらが^{3}フィールド中央の周りを回転する^{4}。プレイヤーは火の壁を回避しなければならない。
24203	Earrings made from black wings, exuding the noble aura of a demon. Wearing them seems to grant mysterious power from the wings.	悪魔の高貴なオーラを放つ、黒い翼で作られたイヤリング。身につけると翼の神秘的な力を授かるようだ。
24204	Forged from an ancient, tamed sun, this chariot trails the golden light of dawn and the dying embers of dusk with every charge.	古の飼いならされた太陽から鍛造されたこの戦車は、突進するたびに夜明けの黄金の光と夕暮れの残り火を引く。
24205	This ancient dragon once governed the paths of the stars. Now it restrains its divine might and carries you across the heavens.	かつて星々の軌道を司っていた古代のドラゴン。今はその神の力を抑え、あなたを乗せて天空を駆ける。
24206	Excellent work. Rookie, welcome to the operation. This is Instructor Wulf. Relax—from now on, we'll Fight Alongside each other.	見事な腕前だ。新米、作戦へようこそ。私は教官のウルフだ。気楽にいこう――これからは肩を並べて共に戦う仲間だ。
24207	Master, that lady looks a little strange... But maybe the professor got it right this time? There really is someone over there!	ご主人様、あの女性は少し様子がおかしいですね…でも、今度こそ教授の言う通りだったのかな？ あそこに本当に誰かいますよ！
24208	Congratulations! Purchase successful. The item you bought from the Stall has been sent to you by mail. Please check your inbox~	おめでとうございます！ 購入が完了しました。露店で購入したアイテムがメールで届きました。受信トレイをご確認ください〜
24209	Congratulations on ranking ${1} on the Combat Power Rankings—Archers! Here's your ranking reward. Please check the attachments!	戦力ランキング――アーチャー部門で第${1}位にランクインしました！おめでとうございます！ランキング報酬をお受け取りください。添付ファイルをご確認ください！
24210	Here is the reissued reward for the Entire Server progress in the Goddess's Prelude event. Please claim it from the attachment.	女神のプレリュードイベントにおける全サーバー進捗の再配布報酬です。添付ファイルからお受け取りください。
24211	If it's already been dug up, there's nothing we can do. Still, we could ask around. Maybe we can dig up some other information.	すでに掘り起こされているなら、手遅れですね。それでも、周囲に聞き込みをしてみましょう。何か別の情報が掘り出せるかもしれません。
24212	I'm a Blacksmith who refines armor and weapons. I can refine the equipment you're wearing—which piece would you like to refine?	防具や武器を精錬する鍛冶屋だ。身につけている装備を精錬できるぞ――どの部位を精錬したいんだ？
24213	An aura of ^{1}${1}^{2} is emanating from the rift. The Rift Stone may warp us to an entirely new location. Please be prepared.	亀裂から^{1}${1}^{2}のオーラが漂っています。亀裂の石によって全く新しい場所へワープさせられる可能性があります。油断せず準備してください。
24214	Oh, stop complaining. Look, you picked up a Card: Poring! Wow, that's a great find! It can grant your equipment unexpected STR.	もう、文句を言うのはやめて。見て、カード：ポリンを拾ったよ！ わあ、大発見じゃない！ 装備に思わぬSTRを付与してくれるよ。
24215	After a blinding flash and a cloud of acrid smoke, a strange, red-bodied ant with twitching antennae appeared in Phines's hand.	目もくらむような閃光と刺激臭のする煙の後、ピクピクと触角を動かす奇妙な赤い体のアリがフィネスの手に現れた。
24216	The ship will fall apart at this rate! Hurry to starboard and operate the Turret to Auto Counter! Show them what we're made of!	このままじゃ船がバラバラになっちまう！ 急いで右舷に向かい、タレットを操作して自動迎撃しろ！ 我らの底力を見せてやるんだ！
24217	Kafra Battlefield Manager\nReceive the Blessing of Thor, God of Thunder, granting @{1} Extra exclusive skills for @{2} minutes.	カプラ戦場マネージャー\n雷神トールの祝福を受け、@{2}分間、@{1}個の追加専用スキルを獲得する。
24218	Quick Tip\nTime it right! Tap when the pointer passes through the green area. The closer to the center, the higher your Rating!	クイックヒント\nタイミングを合わせよう！ ポインターが緑のエリアを通過した時にタップ。中央に近いほど評価が高くなります！
24219	The enemy has breached the South Gate perimeter and is advancing toward the Inn! Fall back and defend the Inn area immediately!	敵が南門の防衛線を突破し、宿屋に向かって進軍しています！ 直ちに後退し、宿屋周辺を防衛してください！
24220	The main guild building determines the Guild Member capacity. Level-up the main building to increase the Guild Member capacity.	ギルドのメイン施設がギルドメンバーの人員上限を決定します。メイン施設をレベルアップしてギルドメンバーの上限を増やしましょう。
24221	A common material used for Talent Level-up.\nA faint trace left behind through the continued use and understanding of a Talent.	才能のレベルアップに使用される一般的な素材。\n才能を継続して使用し、深く理解することによって残されたかすかな痕跡。
24222	A katar with a double-layered blade. Its cuts leave wounds that cannot be stitched closed, slowly leading its victims to death.	二重の刃を持つカタール。その切り口が残す傷は縫い合わせることができず、犠牲者をゆっくりと死へと誘う。
24223	Golden Thief Bug marks multiple players and Launches fireballs at them after @{1} sec, damaging the targets and nearby players.	黄金蟲が複数のプレイヤーにマークを付与し、@{1}秒後に火の玉を発射して、ターゲットおよび周囲のプレイヤーにダメージを与える。
24224	When casting a ^{1}Recovery-type^{2} Primary Battle Skill, additionally restores HP to the owner equal to Max HP*^{3}${1}%^{4}.	^{1}回復タイプ^{2}のメイン戦闘スキル発動時、主人のHPを追加で最大HP*^{3}${1}%^{4}回復する。
24225	Squidgitte deals Neutral melee Physical damage equal to Physical ATK*^{1}${2}%^{2} to a designated ST enemy within ${1} meters.	スキジッテは${1}メートル以内の指定した単体の敵に、物理攻撃力*^{1}${2}%^{2}の無属性近接物理ダメージを与える。
24226	Permanently increases HP recover rate. Every ${1} sec., restores ^{1}Life^{2} equal to Max Life * ^{3}${2}%^{4} + ^{5}${3}^{6}.	HP自然回復速度が永久に増加する。${1}秒ごとに、最大HP*^{3}${2}%^{4}+^{5}${3}^{6}に相当する^{1}HP^{2}を回復する。
24227	Triggers @{1} instances of 【Elemental Pursuit】, dealing Magic ATK*^{1}${1}%+${2}^{2} Neutral ranged magic damage to the target.	【エレメンタル追撃】を@{1}回発動し、ターゲットに魔法攻撃力*^{1}${1}%+${2}^{2}の無属性遠距離魔法ダメージを与える。
24228	Each existing Horong targets a random player's location with an AOE after a @{1}-second warning, then moves beneath that player	存在する各ホロンは、@{1}秒の警告の後にランダムなプレイヤーの位置を範囲攻撃の標的とし、その後そのプレイヤーの足元へと移動する
24229	When casting a ^{1}Control-type^{2} Primary Battle Skill, grants the owner a Shield equal to Max HP*^{3}${1}%^{4} for ${2} sec.	^{1}制御タイプ^{2}のメイン戦闘スキル発動時、主人に${2}秒間、最大HP*^{3}${1}%^{4}に相当するシールドを付与する。
24230	Deals damage equal to @{3}% of Physical ATK to enemies in a @{1}m-long, @{2}m-wide area ahead and moves @{4}m in that direction	前方の長さ@{1}m、幅@{2}mの範囲内の敵に物理攻撃力の@{3}%のダメージを与え、その方向へ@{4}m移動する
24231	Work together to defeat the mysterious enemy and earn a participation reward!\n^{1}Land the final blow for a special reward!^{2}	力を合わせて謎の敵を倒し、参加報酬を獲得しましょう！\n^{1}とどめの一撃を与えると特別報酬を獲得！^{2}
24232	Supply Transport has begun. All members must head to the Territory War map immediately and begin escorting supplies. [Tap to Go]	物資輸送が開始されました。メンバー全員、直ちに領地戦争マップへ向かい、物資の護衛を開始してください。[タップして移動]
24233	Enabling Auto-Purchase for Fly Wings will automatically spend Coins to purchase them from the Shop. Please proceed with caution!	ハエの羽の自動購入を有効にすると、ショップからコインを消費して自動的に購入します。ご注意ください！
24234	Sorry, the update cannot be downloaded because your device does not have enough storage space. Free up some space and Try Again.	申し訳ありません。端末の空き容量が不足しているため、アップデートをダウンロードできません。空き容量を確保してからもう一度お試しください。
24235	When taking damage, has a @{1}% Chance to change your armor's element to Holy for @{2} seconds. Internal Cooldown: @{3} seconds.	ダメージを受けた時、@{1}%の確率で@{2}秒間、自身の鎧の属性を聖属性に変化させる。内部クールダウン：@{3}秒。
24236	Are you sure you want to decline guild invitations?\n(Once selected, other players will be unable to invite you to Join a guild)	本当にギルド招待を拒否しますか？\n(選択すると、他のプレイヤーからギルドへの加入招待を受け取れなくなります)
24237	Congratulations on ranking ${1} on the Combat Power Rankings—Acolytes! Here's your ranking reward. Please check the attachments!	戦力ランキング――アコライト部門で第${1}位にランクインしました！おめでとうございます！ランキング報酬をお受け取りください。添付ファイルをご確認ください！
24238	That kid—oh, Jack—said he could get the best mousetraps in town... as long as I keep sitting here for him for a few more days...	あの子――ああ、ジャックだ――街で一番のネズミ捕りを手に入れてやるって言ったんだ…俺があと数日、あいつの代わりにここに座り続けていればな…
24239	Aorufeng is guarding the formation at the top of the tower. Take the fragment to him. He knows how to fit it back into the base.	アオルフェンが塔の頂上にある魔法陣を守っている。欠片を彼のもとへ届けてくれ。台座にはめ直す方法は彼が知っている。
24240	You're a new Adventurer, aren't you? Come here, I'll show you. You're right here. Go this way to Prontera or that way to Izlude.	新しい冒険者さんですね？ こっちへ来て、教えてあげます。あなたは今ここにいますよ。こちらへ行けばプロンテラ、あちらへ行けばイズルードです。
24241	This bakery only makes a limited number each day. It's too late to line up now, so buy one from me later for just an extra @{1}!	このパン屋は毎日限定数しか作らないんだ。今から並んでももう遅いよ。後でたったの@{1}上乗せで俺から買いなよ！
24242	Time is short, so I'll get straight to the point. Our mission is to travel to Sograt Desert and Find the missing Professor Ryan.	時間がないので手短に話そう。我々の任務はソグラト砂漠へ向かい、行方不明になったライアン教授を捜索することだ。
24243	Brave of you. That's an Eden Group member for you. If you're in danger inside Ant Hell, ask Fiennes for help. You've met before.	勇気があるな。さすがは楽園団のメンバーだ。蟻地獄の中で危険に遭ったら、フィネスに助けを求めるといい。前にも会ったことがあるだろう。
24244	Th-Thank You! Why would you venture into a place like this? The entire Pyramid is under lockdown. It's extremely dangerous here!	あ、ありがとうございます！ どうしてこんな危険な場所へ足を踏み入れたのですか？ ピラミッド全体が封鎖されているのですよ。ここは極めて危険です！
24245	Quick Tip\nTap the button rapidly to increase your progress. The more energy you have when time runs out, the higher your score!	クイックヒント\nボタンを素早く連打して進捗を上げましょう。時間切れのときにエネルギーが多いほど、スコアが高くなります！
24246	Large numbers of invading monsters have appeared along the central perimeter. All mobile defenders, provide support immediately!	中央の外郭沿いに侵略モンスターが多数出現しました。遊撃防衛部隊は直ちに救援に向かってください！
24247	The central district's defenses are under pressure! The enemy is closing in on Prontera's core. Prioritize the central defenses!	中央地区の防衛線が圧迫されています！ 敵がプロンテラ中枢に迫っています。中央の防衛を最優先してください！
24248	Was I seeing things just now? Maya actually carried someone off? My goodness, I can't believe I witnessed something like that...	さっきのは見間違いかしら？ マヤが本当に誰かを連れ去ったの？ なんてこと、あんな光景を目撃するなんて信じられない…
24249	Complete Music Energy objectives during the event. Fill the progress bar to make a Wish to the Goddess and earn tons of rewards.	イベント期間中に音楽エネルギーの目標を達成しましょう。進捗バーを満たして女神に願い事をすると、豪華な報酬を大量に獲得できます。
24250	You still have unclaimed treasure chests. If you leave, you will not be able to claim them later. Are you sure you want to exit?	まだ未受取の宝箱が残っています。退出すると、後から受け取ることはできません。本当に退出しますか？
24251	If more than <color=#CC762A>3</color> party Members have no Reward Count remaining, the party's Auction Rewards will be affected	報酬獲得可能回数が残っていないパーティメンバーが<color=#CC762A>3</color>人を超えると、パーティのオークション報酬に影響が出ます
24252	Orc Hero slashes the ground, sending three fan-shaped shockwaves outward that damage players hit. This skill is cast repeatedly.	オークヒーローが地面を切り裂き、扇状に広がる3つの衝撃波を放って当たったプレイヤーにダメージを与える。このスキルは繰り返し発動される。
24253	You can place certain buff skills on the Skill Bar. When you use the Skill Bar, all available skills in the Lineup will be cast.	特定のバフスキルをスキルバーにセットできます。スキルバーを使用すると、ラインナップ内の使用可能なすべてのスキルが発動します。
24254	When 【Basic Attack】 lands a critical hit, casts 【Cross Impact】 on the target, dealing 【${3}% Physical ATK】 melee Physical damage	【通常攻撃】がクリティカルヒットした時、対象に【クロスインパクト】を発動し、【物理攻撃力の${3}%】の近接物理ダメージを与える
24255	After 【Basic Attack】 lands a critical hit, cast 【Cross Impact】 on the target, dealing 【${6}% Physical ATK】 melee Physical damage	【通常攻撃】がクリティカルヒットした後、対象に【クロスインパクト】を発動し、【物理攻撃力の${6}%】の近接物理ダメージを与える
24256	When 【Basic Attack】 lands a critical hit, casts 【Cross Impact】 on the target, dealing 【${9}% Physical ATK】 melee Physical damage	【通常攻撃】がクリティカルヒットした時、対象に【クロスインパクト】を発動し、【物理攻撃力の${9}%】の近接物理ダメージを与える
24257	After using 【Virus Spread】, deals ${1} Extra hit(s) of Neutral melee Physical damage equal to Physical ATK × ${2}% to one enemy.	【ウイルスの蔓延】使用後、敵1体に対して物理攻撃力×${2}%に相当する無属性近接物理ダメージを${1}回追加で与える。
24258	Invokes Divine Light, restoring ^{3}Life^{4} equal to own ATK * ^{1}@{2}%^{2} for self and the designated ST ally within @{1} m.	聖なる光を呼び起こし、自身および@{1}m以内の指定した単体の味方の^{3}HP^{4}を、自身の攻撃力*^{1}@{2}%^{2}分回復する。
24259	Every day from 10:00-22:00, Rift Gates randomly appear on various maps every two hours. Watch for Eden Group System announcements	毎日10:00〜22:00の間、2時間ごとに様々なマップにランダムで亀裂の門が出現します。楽園団のシステムアナウンスにご注目ください
24260	Tap the buttons at the bottom to play the corresponding notes. Play the required song in the correct order to complete the stage.	画面下のボタンをタップして対応する音符を演奏します。指定された曲を正しい順番で演奏してステージをクリアしましょう。
24261	@{1}.You can share with any friend, group, or recent contact.\n@{2}.All sharing has a Cooldown, so you cannot share continuously!	@{1}.フレンド、グループ、最近の連絡先の誰とでも共有できます。\n@{2}.すべての共有にはクールダウンがあり、連続して共有することはできません！
24262	In the previous auction, your guild did not rank among the top @{1}, so it is not eligible to participate in this Stronghold War.	前回のオークションでギルドが上位@{1}位以内に入らなかったため、今回の拠点戦争への参加資格がありません。
24263	Fresh mushrooms skewered and charcoal-grilled until browned outside and plump within. Increases Life by @{1}~@{2} for @{3} hours.	外はこんがり、中はふっくらとなるよう炭火で串焼きにした新鮮なキノコ。@{3}時間、HPが@{1}〜@{2}増加する。
24264	Strawberry and cocoa melted into warm Milk, creating a rich pinkish-brown drink. Increases Magic DEF by @{1}~@{2} for @{3} hours.	イチゴとココアを温かいミルクに溶かし込んだ、濃厚なピンクがかった茶色のドリンク。@{3}時間、魔法防御力が@{1}〜@{2}増加する。
24265	^{1}^{2}【Hammer Fall】^{3}^{4}'s percentage damage multiplier increases by ${1}%, and its fixed Damage Increase increases by ${2}.	^{1}^{2}【ハンマーフォール】^{3}^{4}の割合ダメージ倍率が${1}%増加し、固定追加ダメージが${2}増加する。
24266	^{1}^{2}[Joint Beat]^{3}^{4} simultaneously inflicts [Break Ankle], [Break Wrist], [Break Waist], and [Break Neck] on the target.	^{1}^{2}[ジョイントビート]^{3}^{4}がターゲットに[足首を折る]、[手首を折る]、[腰を折る]、[首を折る]を同時に付与する。
24267	A Costume balloon featuring Lunatic, Eclipse, and Leaf Lunatic together. It's so huge, it feels like it could carry someone away.	ルナティック、エクリプス、リーフルナティックが勢揃いした衣装用風船。とても巨大で、人を乗せて飛んでいってしまいそうだ。
24268	Congratulations on ranking ${1} on the Combat Power Rankings—Merchants! Here's your ranking reward. Please check the attachments!	戦力ランキング――マーチャント部門で第${1}位にランクインしました！おめでとうございます！ランキング報酬をお受け取りください。添付ファイルをご確認ください！
24269	The Inn's defenses are under heavy pressure! The enemy is trying to push into the southern district. Support the Inn immediately!	宿屋の防衛線が猛烈な攻撃に晒されています！ 敵が南部地区へ突入を試みています。直ちに宿屋の救援に向かってください！
24270	The Holy City, symbol of ultimate glory, is now open. Join forces to capture it and plant your banner at the pinnacle of victory!	至高の栄光の象徴である聖都が今、開放されました。力を合わせて占領し、勝利の頂点に己の旗を掲げましょう！
24271	A hilt forged from Meteor Metal and imbued with the power of a falling star. It greatly improves weapon performance and handling.	メテオメタルから鍛造され、流れ星の力を宿した柄。武器の性能と取り回しを大幅に向上させる。
24272	Use to send every guild Member except each Temporary Member an Advanced Pack by mail. The Pack contains advanced growth Material.	使用すると、仮メンバーを除く全ギルドメンバーに上級パックがメールで届きます。パックには上級育成素材が入っています。
24273	Shield skill. Grants you 【Defending Aura】 for ${1} seconds. 【Defending Aura】: Reduces Ranged Physical DMG taken by ^{1}${2}%^{2}.	盾スキル。自身に${1}秒間【ディフェンスオーラ】を付与する。【ディフェンスオーラ】：受ける遠距離物理ダメージを^{1}${2}%^{2}軽減する。
24274	Creates a circular camouflage field spanning @{1} meters at your location, granting Stealth to up to @{2} allies for @{3} seconds	自身の位置に直径@{1}メートルの円形カモフラージュフィールドを展開し、最大@{2}人の味方に@{3}秒間のステルスを付与する
24275	Bobo grants up to @{1} allies within ${1} meters a ^{3}Bubble Shield^{4} equal to Bobo's Max HP * ^{1}${2}%^{2} for ${3} seconds.	ボボは${1}メートル以内の最大@{1}人の味方に、ボボの最大HP*^{1}${2}%^{2}に相当する^{3}バブルシールド^{4}を${3}秒間付与する。
24276	After a 【Basic Attack】 critically hits, casts 【Cross Impact】 on the target, dealing 【${5}% Physical ATK】 as melee Physical damage	【通常攻撃】がクリティカルヒットした後、対象に【クロスインパクト】を発動し、【物理攻撃力の${5}%】の近接物理ダメージを与える
24277	When your ^{1}【Highness Heal】^{2} hits an ally, it casts ^{3}^{4}【Sound Stream】^{5}^{6} on up to ${2} allies within ${1}m of you.	自身の^{1}【ハイネスヒール】^{2}が味方に命中した時、自身から${1}m以内の最大${2}人の味方に^{3}^{4}【サウンドストリーム】^{5}^{6}を発動する。
24278	Deals @{2}% Physical ATK to enemies within @{1} m, inflicting Stun for @{3} sec. Also applies Over Brand to yourself for @{4} sec	@{1}m以内の敵に物理攻撃力の@{2}%のダメージを与え、@{3}秒間スタンを付与する。また自身に@{4}秒間オーバーブランドを付与する
24279	At the moment of danger, the necklace around your neck suddenly begins to glow, drawing you into that mysterious space once again.	危機一髪の瞬間、首にかけていたネックレスが突如として光を放ち、再びあの不可思議な空間へと引きずり込まれた。
24280	A Rare silver mineral vein that glimmers faintly. Mine it to obtain intermediate ore. ^{1}Can be used to Craft T@{1} equipment^{2}	かすかに輝く希少な銀の鉱脈。採掘すると中級鉱石を獲得できる。^{1}T@{1}装備の製作に使用可能^{2}
24281	@{1}.Complete daily activities to earn Activity Points and claim Activity Point rewards. Activity Points reset daily at @{2}:@{3}.	@{1}.デイリーコンテンツを完了して活躍度を獲得し、活躍度報酬を受け取りましょう。活躍度は毎日@{2}:@{3}にリセットされます。
24282	The objective is shown in the upper-left corner of the screen. Place the required number of goods on the field to clear the stage.	目標は画面の左上に表示されます。指定された数の商品をフィールドに配置してステージをクリアしましょう。
24283	^{1}^{2}[Joint Beat]^{3}^{4} can also Deals DMG to ${2} Other enemies within ${1} meters of the target and break their body parts.	^{1}^{2}[ジョイントビート]^{3}^{4}はターゲットから${1}メートル以内の他の敵${2}体にもダメージを与え、その部位を破壊することができる。
24284	Reduces the Cooldown of ^{1}^{2}[Hiding]^{3}^{4}, ^{5}^{6}[Back Slide]^{7}^{8}, and ^{9}^{10}[Disguise]^{11}^{12} by ${1} seconds.	^{1}^{2}[ハイディング]^{3}^{4}、^{5}^{6}[バックスライド]^{7}^{8}、^{9}^{10}[ディスガイズ]^{11}^{12}のクールダウンを${1}秒短縮する。
24285	Summon Divine Light, restoring ^{3}Life^{4} equal to ATK * ^{1}@{2}%^{2} for yourself and a designated ST ally within @{1} meters.	聖なる光を召喚し、自身および@{1}メートル以内の指定した単体の味方の^{3}HP^{4}を、攻撃力*^{1}@{2}%^{2}分回復する。
24286	Spend <sprite name="${1}"> <#cc762a>X${2}</color> to open a Stall?\nThis Stall will remain open for <#cc762a>${3} minutes</color>.	<sprite name="${1}"> <#cc762a>X${2}</color>を消費して露店を開きますか？\nこの露店は<#cc762a>${3}分間</color>開かれます。
24287	Here, take this. It's called a ^{1}【Fly Wing】^{2}. Crush one, and it'll teleport you a random Distance through this bamboo forest.	ほら、これを持っていきな。^{1}【ハエの羽】^{2}っていうんだ。1つ砕けば、この竹林をランダムな距離だけテレポートできるよ。
24288	Next time something like this happens, don't go off on your own. You must wait for us to return. Come on, let's head back to camp.	今度こんなことがあったら、勝手に一人で行かないで。私たちが戻るのを待たなきゃダメよ。さあ、キャンプに戻りましょう。
24289	You're incredible! Congratulations on becoming RO's greatest genius Lucky Koi! Please claim your reward from the mail attachments!	すごいです！ RO最大の天才強運の持ち主の栄誉に輝きました！ おめでとうございます！ メール添付から報酬をお受け取りください！
24290	Ask the Pet Merchant. His little Porings run around the forest all day, so he should know which trees have good wood beneath them.	ペット商人に聞いてみな。あいつのポリンたちは一日中森を駆け回っているから、どの木の下にいい木材が落ちているか知っているはずだ。
24291	They say the bodies in the nearby caves couldn't pass on to the afterlife, so they still wander this world. Ahh, how terrifying...	近くの洞窟にある遺体は成仏できず、今もこの世を彷徨っているそうだ。ああ、なんて恐ろしい…
24292	Would you two stop conducting an interview over there? I'm still here! Did you forget that idiot almost got swatted away by Eddga?	あんたたち二人、そこでインタビューごっこをするのをやめてくれない？ 私もまだここにいるのよ！ その馬鹿がエドガに叩き潰されそうになったのを忘れたの？
24293	But don't worry too much. There's a beginner protection period, so the Success Rate is extremely high for your first few attempts!	でもそんなに心配しなくていいよ。初心者保護期間があるから、最初の数回は成功率がめちゃくちゃ高いんだ！
24294	Liquid extracted from a sacred plant. Its Divine Light and purification properties make it useful for crafting advanced equipment.	神聖な植物から抽出された液体。聖なる光と浄化の特性を持ち、上級装備の製作に役立つ。
24295	Head to the edge of the arena and Kill minor Monsters to earn lots of points. Pick up battlefield supplies to gain powerful skills	闘技場の端へ向かい、小型モンスターを倒して大量のポイントを獲得しよう。戦場物資を拾って強力なスキルを手に入れよう
24296	Causes the Supply Cart to explode after ${1} seconds, dealing damage equal to ${3}% of Life to enemies within a ${2}-meter radius.	補給カートが${1}秒後に爆発し、半径${2}メートル以内の敵にHPの${3}%に相当するダメージを与える。
24297	When using Sonic Blow, unleashes an Extra mini “Sonic Blow” on up to two targets within @{1} meters (internal cooldown: @{2} sec.)	ソニックブロー使用時、@{1}メートル以内の最大2体の対象に追加の小型「ソニックブロー」を放つ（内部クールダウン：@{2}秒）
24298	When Virus Spread is cast, it deals one Extra instance of high damage to one enemy HIT, prioritizing enemies closer to the center.	ウイルスの蔓延発動時、命中した敵1体に追加で1回大ダメージを与える。中心に近い敵が優先される。
24299	Draw power from Rune Runes to increase PATK by @{1}% and ASPD by @{2}%, plus an Extra @{3}% HP recover efficiency based on Max HP.	ルーンの力を引き出して物理攻撃力を@{1}%、攻撃速度を@{2}%増加させ、さらに最大HPに応じたHP回復効率を追加で@{3}%増加させる。
24300	Each time you take damage, Physical DEF increases by ${1}% and Magic DEF by ${2}%. Stacks up to ${3} times and lasts ${4} seconds.	ダメージを受けるたびに、物理防御力が${1}%、魔法防御力が${2}%増加する。最大${3}回までスタック可能で、${4}秒間持続する。
24301	A shield granted by Sohee absorbs damage equal to ${1}% of Max Life. While the shield is active, damage taken is reduced by ${2}%.	ソヒーから付与されたシールドは、最大HPの${1}%に相当するダメージを吸収する。シールドが持続している間、受けるダメージが${2}%軽減される。
24302	Targets several players, then after a one-second warning, deals damage in a rectangular area @{1} meters wide and @{2} meters long	複数のプレイヤーを標的に定め、1秒の警告の後、幅@{1}メートル、長さ@{2}メートルの矩形範囲にダメージを与える
24303	After casting ^{1}^{2}[Envenomed Blade]^{3}^{4} ${1} times, triggers ^{5}^{6}[Venom Sting]^{7}^{8} damage ${2} times on the target.	^{1}^{2}[インベナムブレード]^{3}^{4}を${1}回発動した後、ターゲットに^{5}^{6}[ヴェノムスティング]^{7}^{8}のダメージを${2}回発動する。
24304	Maya ^{1}slashes in front of and behind herself^{2} in sequence, then unleashes ^{3}two Cross Impacts^{4} at the designated target.	マヤが自身の前方と後方を順に^{1}切り裂き^{2}、指定したターゲットに向かって^{3}2回のクロスインパクト^{4}を放つ。
24305	Moonlight Flower swings her Bell^{1}to smash the target area^{2}. The smash causes^{3}all Bells on the battlefield to resonate^{4}.	月夜花が鈴を振り下ろして^{1}対象エリアを叩き潰す^{2}。この一撃により、^{3}戦場にあるすべての鈴が共鳴する^{4}。
24306	Can amplify the power of Water, Earth, Fire, and Wind elemental bolts for terrifying ST damage, but lacks large-area magic attacks.	水・地・火・風属性のボルトの威力を増幅し、凄まじい単体ダメージを与えることができるが、広範囲の魔法攻撃には欠ける。
24307	A ring personally overseen by Kafra and made exclusively for the Battle of Survivors. Rumor has it that Kafra personally signed it!	カプラが自ら監修し、生存者の戦いのために特別に作られたリング。噂によるとカプラ直筆のサインが入っているとか！
24308	Resonance inactive: <color=#B05142>+10%</color> damage taken from all Resonances, <color=#B05142>-10%</color> damage dealt to them.	共鳴未発動：すべての共鳴から受けるダメージ<color=#B05142>+10%</color>、すべての共鳴に与えるダメージ<color=#B05142>-10%</color>。
24309	Two guilds face off in fierce battles across the main and Sub-Battlefield to earn personal rewards, Auction Rewards, and Dividends.	2つのギルドがメイン戦場とサブ戦場で熾烈な戦いを繰り広げ、個人報酬、オークション報酬、配当金を獲得します。
24310	Follow me and let's learn about the Spirit Tower! You can set your active pet here, and it'll Fight Alongside you inside the tower!	さあ、私についてきて精霊の塔について学びましょう！ ここで出撃ペットを設定でき、塔の中で共に戦ってくれますよ！
24311	Pass confirmed. The White Dove has been cleared for departure, and its engines are warmed up. We expect to depart in three minutes.	通行証を確認しました。「白鳩号」は出発許可が下りており、エンジンの暖機も完了しています。3分後に出発する予定です。
24312	Because your character has been restricted from using the auction Function, your bid funds have been refunded. Please collect them~	お客様のキャラクターがオークション機能の利用を制限されているため、入札資金が返金されました。お受け取りください〜
24313	The treasure-guarding Monster you disturbed has been defeated. These are your Kill Rewards. Please claim them from the attachments.	あなたが刺激した財宝を守るモンスターが討伐されました。こちらが討伐報酬です。添付ファイルよりお受け取りください。
24314	Heh. So many adventurers and travelers have been coming and going lately that I can't tell the villagers from the visitors anymore.	へっ。最近は冒険者や旅人の出入りが激しすぎて、誰が村人で誰が余所者なのかさっぱり見分けがつかないよ。
24315	Hehe, not bad for a big dummy. ^{1}PlayerName^{2} is incredibly lucky, especially since they still have to take me out for dessert.	ふふん、あの大馬鹿にしては上出来ね。^{1}PlayerName^{2}は本当に運がいいわ、私にデザートを奢る約束まで残ってるんだから。
24316	This isn't Battle training. It's a way to Obtain Resources. By participating, you'll have a Chance to earn plenty of money and EXP.	これは戦闘訓練じゃない。資源を獲得するための手段さ。参加すれば、大量のお金と経験値を手に入れるチャンスがあるぞ。
24317	^{1}${1}^{2} disturbed a terrifying BOSS while treasure hunting in ^{3}${2}^{4}! Help Defeat it to receive a ^{5}Support Chest^{6}!	^{1}${1}^{2}が^{3}${2}^{4}で宝探し中に恐ろしいBOSSを刺激してしまいました！ 討伐に協力して^{5}支援宝箱^{6}を手に入れましょう！
24318	The Chest of the Future contains valuable upgrade resources for the next Season. Claim it now to Keep its contents for next Season!	未来の宝箱には来シーズンの貴重な育成資源が入っています。今すぐ受け取って、来シーズンのために中身を保管しましょう！
24319	Transform into a blazing storm, becoming untargetable by enemies and continuously dealing damage to enemies within ${1}m for ${2}s.	燃え盛る嵐へと変身し、敵からターゲットされなくなり、${1}m以内の敵に${2}秒間継続してダメージを与える。
24320	Maya sweeps her blade forward, dealing DMG to players in a large fan-shaped area ahead, then turns around and uses the skill again.	マヤが前方広範囲の扇状エリアに刃を薙ぎ払ってプレイヤーにダメージを与え、その後振り返って再び同じスキルを発動する。
24321	After casting a ^{1}Recovery-type^{2} Primary Battle Skill, reduces the Water Damage the owner takes by ^{3}${1}%^{4} for ${2} sec.	^{1}回復タイプ^{2}のメイン戦闘スキル発動後、主人が受ける水属性ダメージを${2}秒間^{3}${1}%^{4}軽減する。
24322	Release a pulse in a ${1}-meter radius around you, dealing ${2} hits of Neutral melee Physical damage equal to PATK *^{1}${3}%^{2}.	自身の周囲半径${1}メートルに波動を放ち、物理攻撃力*^{1}${3}%^{2}に相当する無属性近接物理ダメージを${2}回与える。
24323	Infuses your weapon with energy, increasing the percentage damage multiplier of Normal Attack skills by ^{1}${1}%^{2} for ${2} sec.	武器にエネルギーを注入し、${2}秒間、通常攻撃スキルの割合ダメージ倍率を^{1}${1}%^{2}増加させる。
24324	(Shakes his head with a laugh) That young lady has always been blunt. If she doesn't like your gift, she won't spare your feelings.	（笑いながら首を振る）あのお嬢さんは昔からあんな調子でな。贈り物が気に入らなければ、相手の気持ちなどお構いなしにバッサリさ。
24325	Actually... when she helped me fight ants last time, I thought she was incredible. She unleashed this huge Magnum Break in a flash!	実は…この前アリ退治を手伝ってくれたとき、彼女すごいなって思ったんだ。あんな特大のマグナムブレイクを一瞬で放っちゃうんだから！
24326	Damage taken from all elements is reduced by ^{1}${1}%^{2}. When hit, deals ^{3}${2}%^{4} ATK damage to enemies within @{1} meters.	全属性から受けるダメージが^{1}${1}%^{2}軽減される。攻撃を受けた時、@{1}メートル以内の敵に^{3}${2}%^{4}の攻撃力ダメージを与える。
24327	Open ^{1}Daily Must-Dos^{2} and complete ^{3}Daily Misc activities (Dumby's Request, AFK in the Field, etc.)^{4} to earn lots of EXP	^{1}毎日の必須事項^{2}を開き、^{3}デイリー雑務（ダンビのお願い、フィールド放置など）^{4}を完了して大量の経験値を獲得しよう
24328	Maya is at the deepest point of the Ant Hell, which must be where she is holding the Professor. Defeat her and rescue the Professor.	マヤは蟻地獄の最深部にいる。教授をそこに監禁しているに違いない。マヤを倒して教授を救出するんだ。
24329	Click the icon next to an appearance's name in the Wardrobe to mark it, making it easy to find your favorites in a large collection.	ワードローブで外見の名前の横にあるアイコンをクリックしてマークをつけると、膨大なコレクションの中からお気に入りを簡単に見つけられます。
24330	A stone statue of an ancient sage. Some people wear it on their heads, hoping to gain the sage's wisdom.\nBut it's incredibly heavy.	古代の賢者の石像。賢者の知恵にあやかろうと頭にかぶる者もいる。\nだが、信じられないほど重い。
24331	A mask modeled after those worn by an assassination squad to conceal their identities. Wearing it somehow makes you feel more agile.	素性を隠すために暗殺部隊が着用していたものを模した仮面。身につけるとなぜか身のこなしが軽くなったように感じる。
24332	Assigning points increases the corresponding base stats. Click a stat's name to view it. You can freely assign and reset your stats.	ポイントを割り振ると対応する基本ステータスが上昇します。ステータス名をクリックすると詳細を確認できます。ステータスは自由に割り振り・リセットが可能です。
24333	Your tower-climbing reward couldn't be added because your Backpack was full. We've sent it by mail, so please check the attachments!	バックパックがいっぱいだったため、登塔報酬を追加できませんでした。メールでお送りしましたので、添付ファイルをご確認ください！
24334	^{1}PlayerName^{2}, the situation has changed. This is no longer a simple search for cargo. We have to act. Let's leave immediately.	^{1}PlayerName^{2}、状況が変わった。これはもはや単なる荷物の捜索ではない。我々も動かねばならん。直ちに出発しよう。
24335	I'm just a low-ranking employee who does odd jobs, but seeing our graduates stride confidently into the world always makes me happy.	私は雑用をこなすただの平社員ですが、卒業生たちが堂々と世界へ羽ばたいていく姿を見るのは、いつだって嬉しいものですよ。
24336	A new note! By Irmata, I seek not truth, but that which lies within the mist... Never mind. Please continue your search, Adventurer.	新しいメモだ！ イルマータにかけて、我が見据えるは真理にあらず、霧の中に潜むもの…気にしないでください。冒険者さん、捜索を続けてください。
24337	Excellent work. It seems you've made the most of those Guides. Even among all the members I've trained, such rapid progress is rare.	見事な成果だ。指南書を存分に役立ててくれたようだな。私が指導してきた訓練生の中でも、これほど急速な成長を遂げた者は稀だ。
24338	Boya and Wule are already in Izlude making preparations to board. Pack your things, bring your new equipment, and meet us in Izlude.	ボヤとウーレはすでにイズルードで乗船準備を進めている。荷物をまとめ、新しい装備を身につけてイズルードで合流してくれ。
24339	You stinky old man! What do you mean, "should probably—maybe"? If he doesn't catch my Adventurer, they'll be squashed flat! No good!	このクソジジイ！ 「たぶん――おそらく」ってどういうことよ！？ あいつが私の冒険者を受け止め損ねたら、ペッチャンコに潰れちゃうじゃない！ 絶対ダメ！
24340	The Goddess's army has begun its invasion! Prontera South Gate is under direct assault. Head there and engage the enemy immediately!	女神の軍勢が侵攻を開始しました！ プロンテラ南門が直接攻撃を受けています。直ちに向かい、迎撃してください！
24341	All instances of the same Boss share the weekly attempt replenishment. Accumulated attempts cannot be used on Bosses unlocked later.	同じボスのすべてのインスタンスで、毎週補充される挑戦回数を共有します。蓄積された挑戦回数は、後から解放されたボスには使用できません。
24342	Head to the center of the arena and Kill minor Monsters to earn lots of points. Pick up battlefield supplies to gain powerful skills	闘技場の中央へ向かい、小型モンスターを倒して大量のポイントを獲得しよう。戦場物資を拾って強力なスキルを手に入れよう
24343	Divine Enchant: Grants divine power to equipment, evolving it into\n^{1}one badass piece of gear^{2}. Equip it to become Invincible.	ディバインエンチャント：装備に神の力を授け、\n^{1}超強力な装備^{2}へと進化させる。装備すれば無敵になれるぞ。
24344	Permanently increases your ^{1}${1}^{2} ^{3}MP Regen^{4}, ^{5}${2}%^{6} ^{7}Max MP Regen^{8}, and ^{9}${3}^{10} ^{11}Magic ATK^{12}.	自身の^{1}${1}^{2}の^{3}SP自然回復^{4}、^{5}${2}%^{6}の^{7}最大SP自然回復^{8}、^{9}${3}^{10}の^{11}魔法攻撃力^{12}を永久に増加させる。
24345	Creates a repulsion field with a radius of @{1} meters at your location. Enemies who enter are ejected. Lasts ^{1} @{2}^{2} seconds.	自身の位置に半径@{1}メートルの斥力フィールドを展開する。侵入した敵を弾き飛ばす。持続時間：^{1}@{2}^{2}秒。
24346	You're here! A caravan was attacked by ^{1}【Baphomet】^{2} the day before yesterday! That beast is now holed up in the nearby forest.	来てくれたか！ 一昨日、キャラバンが^{1}【バフォメット】^{2}に襲撃されたんだ！ あの凶悪な獣は今、近くの森に潜んでいる。
24347	Allows 【Sonic Blow】 to trigger its damage increase when the target has less than @{1}% HP, and changes the damage increase to @{2}%.	【ソニックブロー】が対象のHPが@{1}%未満の時にダメージ増加を発動できるようになり、ダメージ増加量を@{2}%に変更する。
24348	Uses a falcon to Locate enemies in the ^{1}【Hiding】^{2} state within a @{1} m radius for @{2} sec. Skill Cooldown: ^{3}@{3}^{4} sec.	ファルコンを用いて半径@{1}m以内の^{1}【ハイディング】^{2}状態の敵を@{2}秒間探知する。スキルクールダウン：^{3}@{3}^{4}秒。
24349	Dear Adventurer,\nYour character has been forcibly logged out. Please log back in.\nThank You for your cooperation and understanding.	冒険者様\nキャラクターが強制的にログアウトされました。再度ログインしてください。\nご理解とご協力をお願い申し上げます。
24350	Freshly squeezed Grape and Lemon juices blended into a bright, sweet-and-tart drink. Increases Magic DEF by @{1}~@{2} for @{3} hours.	絞りたてのブドウ果汁とレモン果汁をブレンドした、鮮やかで甘酸っぱいドリンク。@{3}時間、魔法防御力が@{1}〜@{2}増加する。
24351	【Guild Auction Dividend Eligibility】 (This event is not displayed in the UI and is used solely for Guild Auction eligibility checks.)	【ギルドオークション配当金資格】（このイベントはUIには表示されず、ギルドオークションの参加資格判定にのみ使用されます）
24352	^{1}^{2}[Shield Boomerang]^{3}^{4} deals an Extra @{1} hits of PATK*${1}%+${2} Neutral melee Physical damage to the locked-on target.	^{1}^{2}[シールドブーメラン]^{3}^{4}がロックオンしたターゲットに追加で物理攻撃力*${1}%+${2}の無属性近接物理ダメージを@{1}回与える。
24353	While ^{1}^{2}[Aura Blade]^{3}^{4} is active, ASPD increases by ${1}%, and Normal Attack-type skills gain an Extra ${2}% Crit Chance.	^{1}^{2}[オーラブレード]^{3}^{4}の発動中、攻撃速度が${1}%増加し、通常攻撃タイプのスキルに追加で${2}%のクリティカル率を付与する。
24354	Taking off <color=#CC762A>${1}</color> will also undeploy the Bond <color=#CC762A>${2}</color>. Are you sure you want to take it off?	<color=#CC762A>${1}</color>を外すと、絆<color=#CC762A>${2}</color>も解除されます。本当に外しますか？
24355	A clock-shaped halo with Roman numerals. Its hour and minute hands rotate counterclockwise, as though they could control time itself.	ローマ数字が刻まれた時計型の光背。時針と分針が反時計回りに回転しており、まるで時間そのものを操っているかのようだ。
24356	Now for the next step. The Medicine workshop needs 【Sticky Mucus】 dropped by Porings as a stabilizer for basic medicinal ingredients.	さて、次のステップだ。医薬品工房では基本的な薬品原料の安定剤として、ポリンがドロップする【粘着性の粘液】が必要なんだ。
24357	Fabres are usually found near Prontera South Gate. Their soft yet durable fur can be used to craft all kinds of equipment. Stay safe.	ファブルは普段プロンテラ南門の近くで見かけられる。その柔らかく丈夫な毛皮は、さまざまな装備の製作に使えるぞ。気をつけてな。
24358	Here's your reward. Don't forget to come to the festival. Seth's Fireworks may have short fuses, but they'll definitely be beautiful!	報酬をどうぞ。お祭りに来るのを忘れないでね。セスの花火は導火線が短いかもしれないけど、絶対に綺麗だから！
24359	Come, come! Hurry and take up a Life Skill! They say skills can change your destiny. You might even become as popular as me! Ohohoho!	さあさあ！ 早く生活スキルを習得しなよ！ スキルは運命を変えるって言うじゃないか。僕みたいに大人気になれるかもしれないよ！ おほほほ！
24360	It was a glimpse of the future. But that isn't its only purpose. Keep it safe—it will play an even more important role in the future.	未来の断片が見えたのですね。ですが、用途はそれだけではありません。大切に保管してください――将来さらに重要な役割を果たすことになります。
24361	Good question. No idea. Maybe I'm just exceptionally gifted. After all, I'm the smartest Deviling on the entire continent of Midgard.	いい質問だね。さっぱりわからないよ。きっと生まれつき優秀なんだろうな。なにせ僕はミッドガルド大陸で一番賢いデビルリングだからね。
24362	This is all your fault! You insisted they touch that stupid Stone! Now ^{1}PlayerName^{2} has brain damage! What are we going to do?!	全部あんたのせいよ！ あんたがあのバカげた石に触れろって言い張ったから！ ^{1}PlayerName^{2}の脳に障害が出たらどうするのよ！？ どうしてくれるの！？
24363	Excellent. Your control over your STR is much steadier than when we first met. Your trials in this desert have truly transformed you.	素晴らしい。STRを扱う力が初めて会った時よりずっと安定している。この砂漠での試練を経て、お前は大きく成長したな。
24364	Resetting the stage will return it to its Initial state, fully restore the monsters' HP, and restart the challenge.\nReset the stage?	ステージをリセットすると初期状態に戻り、モンスターのHPが全快して挑戦をやり直します。\nステージをリセットしますか？
24365	Prontera South Gate's defenses are under pressure, and the enemy continues to gather. More defenders, reinforce the gate immediately!	プロンテラ南門の防衛線が圧迫され、敵が集結し続けています。防衛部隊は直ちに南門へ増援に向かってください！
24366	A powerful enemy has arrived! A high-threat target has appeared in the central area! Focus your attacks and eliminate it immediately!	強敵が来襲しました！ 中央エリアに高脅威ターゲットが出現！ 攻撃を集中して直ちに撃破してください！
24367	Return to the classic monster-grinding experience of the original RO PC game and relive the thrill of growing stronger through battle	元祖RO PC版のクラシックな狩り体験に戻り、戦闘を通じて強くなる醍醐味を再び味わおう
24368	An accessory mold carefully carved from solid wood. Every detail has been meticulously refined to ensure a flawless finished product.	無垢材から丁寧に削り出されたアクセサリーの木型。細部まで緻密に磨き上げられ、完璧な仕上がりを保証している。
24369	A dragon scale as hard as Steel. Legend says it provides exceptional resistance to both cold and heat. Can be exchanged for Headwear.	鋼鉄のように硬いドラゴンの鱗。伝説によると耐寒性と耐熱性に極めて優れているという。頭装備と交換可能。
24370	A translucent, silver-gray Crystal orb with mist swirling inside. Can be used to craft a Memory Coffer during the Gift of Time event.	内部に霧が渦巻く半透明の灰銀色の水晶玉。「時間の贈り物」イベント期間中に記憶の小箱を製作するのに使用できる。
24371	Changes your ^{1}Basic Attack^{2} element and that of a selected ST ally within a ${1}-meter radius to ^{3}Holy^{4} for ${2} seconds.	自身および半径${1}メートル以内の指定した単体の味方の^{1}通常攻撃^{2}の属性を、${2}秒間^{3}聖属性^{4}に変化させる。
24372	Creates a repulsion field with a radius of @{1} meters at your location. Enemies who enter the field are ejected. Lasts @{2} seconds.	自身の位置に半径@{1}メートルの斥力フィールドを展開する。フィールドに侵入した敵を弾き飛ばす。持続時間：@{2}秒。
24373	When an ^{1}Offensive-type^{2} Primary Battle Skill hits, increases the Ranged Damage the target takes by ^{3}${2}%^{4} for ${1} sec.	^{1}攻撃タイプ^{2}のメイン戦闘スキル命中時、ターゲットが受ける遠距離ダメージを${1}秒間^{3}${2}%^{4}増加させる。
24374	When casting ^{1}any type^{2} of Primary Battle Skill, grants the owner 【Fairy Shield】 equal to ^{3}${1}%^{4} of Max HP for ${3} sec.	^{1}任意タイプ^{2}のメイン戦闘スキル発動時、主人に${3}秒間、最大HPの^{3}${1}%^{4}に相当する【フェアリーシールド】を付与する。
24375	When a 【Basic Attack】 lands a critical hit, casts 【Cross Impact】 on the target, dealing 【${4}% Physical ATK】 as melee Physical damage	【通常攻撃】がクリティカルヒットした時、対象に【クロスインパクト】を発動し、近接物理ダメージとして【物理攻撃力の${4}%】を与える
24376	That could work. Let's split up. ^{1}PlayerName^{2} and I will deal with the hardest one to persuade, while Kiki talks to the others.	それならいけそうね。手分けしましょう。説得するのが一番手強い相手は^{1}PlayerName^{2}と私で担当するから、キキは他の人たちと話してみて。
24377	Crafted <color=#EC8C2F>orange</color> and <color=#CA4A36>red</color> equipment is unidentified. Appraise it to gain random attributes.	製作された<color=#EC8C2F>オレンジ</color>および<color=#CA4A36>レッド</color>の装備は未鑑定状態です。鑑定するとランダムなステータスを獲得できます。
24378	Defeating the corresponding monsters on the following maps will count:\n@{1}.【Sphinx Crypt Floor @{2}】\n@{3}.【Sphinx Crypt Floor @{4}】	以下のマップで対応するモンスターを倒すとカウントされます：\n@{1}.【スフィンクスダンジョン @{2}層】\n@{3}.【スフィンクスダンジョン @{4}層】
24379	Grape powder dissolved in sparkling water, topped with persistent purple-red foam. Increases Physical DEF by @{1}~@{2} for @{3} hours.	炭酸水にブドウパウダーを溶かし、消えにくい赤紫色の泡を浮かべた一杯。@{3}時間、物理防御力が@{1}〜@{2}増加する。
24380	^{1}【Trap Hunter】^{2} skills have their cast range increased to ${1} meters and their percentage damage multiplier increased by ${2}%.	^{1}【トラップハンター】^{2}スキルの射程が${1}メートルに延長され、割合ダメージ倍率が${2}%増加する。
24381	【Fire Bolt】, 【Cold Bolt】, 【Lightning Bolt】, and 【Earth Spike】 are no longer affected by Cast Speed, and their CT is fixed at ${1} sec.	【ファイアーボルト】、【コールドボルト】、【ライトニングボルト】、【アーススパイク】が詠唱速度の影響を受けなくなり、詠唱時間が${1}秒に固定される。
24382	Resonance active: <color=#63A22B>+10%</color> damage to Resonances you counter, <color=#B05142>-10%</color> to those that counter you.	共鳴発動中：自身が有利な共鳴へのダメージ<color=#63A22B>+10%</color>、自身が不利な共鳴へのダメージ<color=#B05142>-10%</color>。
24383	Rhyne and Boya have both reported on your previous performance. You've proven that you're capable and dependable. Welcome to the team.	ラインとボヤの両名から君のこれまでの活躍ぶりについて報告を受けている。君が有能で頼もしい人物であることは証明済みだ。チームへようこそ。
24384	Congratulations! You've been appointed Vice Guild Master. We hope you'll lead everyone in building a warm, supportive guild community!	おめでとうございます！ サブギルドマスターに任命されました。温かく支え合えるギルドコミュニティを築けるよう、皆を引っ張っていってください！
24385	(Wiping away tears) Ever since my husband joined his guild, he hardly ever comes home. The last time I saw him was three months ago...	（涙を拭いながら）夫がギルドに入ってからというもの、滅多に家に帰ってこなくなってしまって。最後に顔を見たのは3ヶ月前なんです…
24386	I'm looking for warriors who will stand with me through life and death! If you have both brains and brawn, hesitate no longer—join me!	生死を共にしてくれる戦士を探しているんだ！ 知恵と勇気の両方を兼ね備えているなら、迷わず俺のところへ来い！
24387	I'll wait up ahead. Once you have the Tree Bark, hurry over. Don't drag your feet, or certain people might change their minds again...	先に行って待っているぞ。木の皮が手に入ったら急いで来てくれ。ぐずぐずしていると、誰かさんがまた気が変わるかもしれないからな…
24388	Phew, you're finally awake! You really scared me... I never expected the recoil to be so powerful that it would knock you unconscious.	ふう、やっと目が覚めた！ 本当にヒヤヒヤしたよ…反動があんなに強烈で、気絶しちゃうなんて思いもしなかったよ。
24389	Kafra Battlefield Manager\nAn Evil Eye Emissary carrying a [Large Surprise Chest] has appeared in the Location. Warriors, go seize it!	カプラ戦場マネージャー\n[特大サプライズチェスト]を所持した邪眼の使徒が当該位置に出現しました。戦士たちよ、奪取せよ！
24390	Open this Pack to obtain a Tier @{1} Weapon Crafting Blueprint, an Armor Crafting Blueprint, and the corresponding Crafting Materials.	このパックを開けると、T@{1}の武器製作設計図、防具製作設計図、および対応する製作素材を獲得できます。
24391	Deals steady Physical damage with cart attacks and provides Buffs that improve the Battle capabilities of both the user and the party.	カートによる攻撃で安定した物理ダメージを与え、自身およびパーティの戦闘能力を高めるバフを提供する。
24392	When casting a ^{1}Buff-type^{2} or ^{3}Shield-type^{4} Primary Battle Skill, grants the owner ^{5}^{6}Immunity^{7} ^{8} for ${1} sec.	^{1}バフタイプ^{2}または^{3}シールドタイプ^{4}のメイン戦闘スキル発動時、主人に${1}秒間^{5}^{6}免疫^{7}^{8}を付与する。
24393	After a critical hit with 【Basic Attack】, casts 【Cross Impact】 on the target, dealing melee Physical DMG equal to 【${2}% Physical ATK】	【通常攻撃】のクリティカルヒット後、対象に【クロスインパクト】を発動し、【物理攻撃力の${2}%】に相当する近接物理ダメージを与える
24394	After 【Basic Attack】 lands a critical hit, unleash 【Cross Impact】 on the target, dealing 【${7}% Physical ATK】 as melee Physical damage	【通常攻撃】がクリティカルヒットした後、対象に【クロスインパクト】を繰り出し、近接物理ダメージとして【物理攻撃力の${7}%】を与える
24395	Unique Effect: When Life falls below @{1}%, gain 【Divine Fortress】, reducing damage taken by @{2}% for @{3} sec. (Cooldown: @{4} sec.)	固有効果：HPが@{1}%未満になった時、【ディバインフォートレス】を獲得し、@{3}秒間受けるダメージが@{2}%軽減される。（クールダウン：@{4}秒）
24396	When ^{1}^{2}【Gravitation Field】^{3}^{4} ends, inflicts ^{7}^{8}【Immobilize】^{9}^{10} on enemies in the area for ^{5}${1}^{6} seconds.	^{1}^{2}【グラビテーションフィールド】^{3}^{4}終了時、範囲内の敵に^{5}${1}^{6}秒間^{7}^{8}【移動不可】^{9}^{10}を付与する。
24397	Permanently increases Max MP by ^{1}${1}%^{2} and Magic ATK by ^{3}${3}^{4}. Each Kill restores ^{5}${2}%^{6} of Max MP as ^{7}MP^{8}.	最大SPを^{1}${1}%^{2}、魔法攻撃力を^{3}${3}^{4}永久に増加させる。敵を倒すごとに最大SPの^{5}${2}%^{6}に相当する^{7}SP^{8}を回復する。
24398	After casting ^{1}^{2}【Virus Spread】^{3}^{4}, deals Extra Neutral melee Physical damage equal to PATK * ${1}% + ${2} to a single enemy.	^{1}^{2}【ウイルスの蔓延】^{3}^{4}発動後、単体の敵に物理攻撃力*${1}%+${2}の無属性近接物理追加ダメージを与える。
24399	Oh, that Stone? I did acquire it, but I already passed it on to Baisulist. He said it was connected to an ancient seal in Geffen Tower.	ああ、あの石のことかい？ 確かに手に入れたが、もうバイシュリストに渡してしまったよ。ゲフェンタワーの古代の封印と関係があると言っていたな。
24400	Greetings. I'm a scholar who travels the world studying monster ecology. Would you help me collect some items essential to my research?	こんにちは。私は世界を旅しながらモンスターの生態を研究している学者です。研究に欠かせないアイテムの収集を手伝っていただけませんか？
24401	Ha! You don't know anything! It's a stage name—a stage name! It means a Thief who leaves no tracks in the sand. What a cool stage name!	ハッ！あんた、何もわかってないな！これは芸名――芸名なんだよ！砂の上に足跡を残さないシーフって意味さ。最高にクールな芸名だろ！
24402	But human greed knows no bounds.\nSo, besides these treasures of the desert, I also want to surround myself with things from elsewhere.	だが人間の強欲さには際限がない。\nだからこの砂漠の宝物のほかに、よその珍しい品々にも囲まれて暮らしたいのさ。
24403	Don't be so reckless next time. He may have been in the wrong, but if anything had happened to him, it would've cost us even more time.	次はそんな無茶をするなよ。あいつが悪かったとしても、もしあいつの身に何かあったら、余計に時間がかかっていただろう。
24404	Uh... Pharaoh? What is that? Is it strong? If it gets in our way, we'll chop it up and burn it for firewood, right, ^{1}PlayerName^{2}?	ええと……ファラオ？それって何？強いの？もし邪魔するなら、切り刻んで薪にして燃やしちゃえばいいよね、^{1}PlayerName^{2}？
24405	Kafra Battlefield Manager\nAn Evil Eye Messenger carrying a [Small Surprise Chest] has appeared in the Location. Warriors, go seize it!	カプラ戦場管理人\n【小さなサプライズ宝箱】を持った邪眼の伝令がこの場所に出現しました。勇者たちよ、奪い取りに向かいましょう！
24406	All defenders, fall back to the center immediately! The enemy is closing in on the heart of Prontera! This is our last line of defense!	防衛隊全員、直ちに中央へ後退せよ！敵がプロンテラの中心部に迫っている！ここが我らの最終防衛線だ！
24407	An Adventurer Guild profile card unlock item. Use it to unlock the ^{1}Netherworld - Shattered Tower^{2} Adventurer Guild profile card.	冒険者ギルドのプロフィールカード解放アイテム。使用すると冒険者ギルドプロフィールカード「^{1}黄泉 - 砕かれた塔^{2}」が解放される。
24408	An ancient branch imbued with magic. Its mysterious power can summon any living creature. (This item can only be used on certain maps.)	魔力が込められた古い木の枝。不思議な力であらゆる生き物を召喚できる。（このアイテムは特定のマップでのみ使用可能。）
24409	Under the Guild Members' conflicted gazes, you turned and left the suffocating place behind. Even the sunlight seemed unusually bright.	ギルドメンバーたちの複雑な視線を背に、あなたはその息の詰まる場所を後にした。陽の光さえ、どこか異常なほど眩しく感じられた。
24410	Restores the character's Life by ^{1}@{1}%^{2} of their maximum HP every second for @{2} seconds. ^{3}Life^{4}. Cooldown: @{3} seconds.	@{2}秒間、毎秒キャラクターの^{3}HP^{4}を最大HPの^{1}@{1}%^{2}回復する。クールダウン：@{3}秒。
24411	Transform into a wave and use Movement to travel ${1}m forward, then knock back all enemies within ${2}m upon reaching the destination.	波に変身して移動スキルで前方に${1}m突進し、目的地到達時に${2}m以内のすべての敵をノックバックする。
24412	Creates @{1} rectangular AoEs measuring @{2} by @{3}, centered on itself, damaging enemies within and applying 【Stomach Acid Corrosion】	自身を中心に@{2}×@{3}の長方形AoEを@{1}個生成し、範囲内の敵にダメージを与えて【胃酸腐食】を付与する。
24413	Master the art of swordsmanship. When equipped with a sword, HIT increases by ^{1}${1}^{2} and Attack Speed increases by ^{3}${2}%^{4}.	剣術を極める。剣を装備時、HITが^{1}${1}^{2}増加し、攻撃速度が^{3}${2}%^{4}増加する。
24414	I thought I might find a Clue to my family's whereabouts here, but unfortunately, so much time has passed that there are no clues left.	ここで家族の行方の手がかりが見つかるかと思ったが、残念ながら長い年月が経ちすぎて、もう何の手がかりも残っていないようだ。
24415	Dive toward the target point, Deals DMG to Nearby enemies upon landing, and obscure their vision, disrupting the Enemy Team's reactions.	目標地点へ急降下し、着地時に周囲の敵にダメージを与えて視界を遮り、敵チームの反応を妨害する。
24416	Save the Current Equipment's smelting attributes? Each piece of equipment can have only one save. A new save will overwrite the old one.	現在の装備の製錬属性を保存しますか？各装備に保存できるのは1つのみです。新しく保存すると古いデータは上書きされます。
24417	The card in this slot only takes effect when ^{1}equipping a two-handed weapon^{2}. It has no effect when equipping a one-handed weapon.	このスロットのカードは^{1}両手武器装備時^{2}にのみ効果を発揮します。片手武器装備時には効果がありません。
24418	Always Display Pet Hatching. Consume Pet Eggs to Hatch them, with a Chance to obtain Pet Shards or complete Pets when Hatching Complete.	ペット孵化を常時表示。ペットの卵を消費して孵化させ、孵化完了時に一定確率でペットの欠片またはペット本体を獲得できる。
24419	Go to the Quartermaster to pick up a supply cart\nEscort the supply cart to the Supply Officer to earn event points for the entire party	補給係のところへ行って補給カートを受け取る\n補給カートを補給将校まで護衛し、パーティ全員のイベントポイントを獲得する
24420	Dried strawberries coated in cocoa syrup and set on a Stem. Reduces damage taken from Demi-Human monsters by @{1}%-@{2}% for @{3} hours.	ココアシロップでコーティングして茎に刺したドライストロベリー。@{3}時間、人間形モンスターから受けるダメージを@{1}%-@{2}%軽減する。
24421	Allows use of ^{1}^{2}Hiding Lv. @{1}^{3}^{4} and ^{5}^{6}Sightless Mind Lv. @{2}^{7}^{8}. Sightless Mind is guaranteed to inflict Stun.	^{1}^{2}ハイディング Lv.@{1}^{3}^{4}および^{5}^{6}サイトレス・マインド Lv.@{2}^{7}^{8}が使用可能になる。サイトレス・マインドは必ずスタンを付与する。
24422	Pharaoh summons ^{1}Pharaoh's Coffins^{2} in sequence, dealing damage in cone-shaped areas. Pharaoh's Coffins appear ^{3}@{1} times^{4}.	ファラオは順次^{1}ファラオの棺^{2}を召喚し、扇形範囲にダメージを与える。ファラオの棺は^{3}@{1}回^{4}出現する。
24423	Shoes personally overseen by Kafra and made exclusively for the Battle of Survivors. Easy to wear and perfect for long-distance running!	カプラが直々に監修し、生存者の戦い専用に作られた靴。履き心地がよく長距離走に最適！
24424	The latest Goblin masterpiece! After fixing the flaw that kept the previous hot-air balloon grounded, this one can soar through the sky!	ゴブリンの最新の傑作！前回の熱気球が浮かなかった欠陥を修正し、今度こそ大空を舞うことができる！
24425	^{1}PlayerName^{2}, go learn all about Cards first. They're essential for every Adventurer. I'll meet you at the village entrance later.	^{1}PlayerName^{2}、まずはカードについてしっかり学んでくるといい。冒険者にとって欠かせないものだからね。後で村の入り口で合流しよう。
24426	Welcome to the ^{1}【Garden of Time】^{2}—the crossroads of countless possibilities and the final resting place of every unfinished story.	^{1}【時の庭園】^{2}へようこそ――無数の可能性が交差し、未完の物語たちが最後に眠る場所へ。
24427	Congratulations! You've been appointed Leader of the guild. We hope you'll lead everyone in building a warm, supportive guild community!	おめでとうございます！ギルドのリーダーに任命されました。温かく支え合えるギルドコミュニティを築いていけるよう、皆を率いてください！
24428	Congratulations on ranking ${3} for the ${1} class on the ${1} Speed Rankings! Here's your ranking reward. Please check the attachments!	${1}スピードランキングにおいて${1}クラスで第${3}位にランクインしました！おめでとうございます！こちらが順位報酬です。添付をご確認ください！
24429	You're amazing—the God of Predictions! You bet on Lucky Koi and nailed it in one try! Please claim your reward from the mail attachment!	すごいぞ――まさに予言の神だ！ラッキーコイに賭けて一発で当てちまった！メールの添付から報酬を受け取ってくれ！
24430	Now these old bones can finally get a good night's sleep! You're good kids. You're a hundred times more capable than that braggart Jack!	これでこの年寄りも、ようやくぐっすり眠れるわい！お前さんたちはいい子らじゃ。あの法螺吹きジャックの百倍頼りになるわ！
24431	Hurry and equip it. Let's see if it can toughen you up, so you don't hit the ground before I can act next time. Go on, and don't dawdle.	さっさと装備しな。少しはタフになれるか見てやるよ。次に俺が動く前に倒れたりしないようにな。ほら、ぐずぐずするな。
24432	Hold still! Let Me measure your head circumference and the frequency of those wingbeats! I've never seen such an intelligent Deviling...	じっとしてて！頭の大きさと羽ばたきの回数を測らせてくれ！こんなに賢いデビルリング、今まで見たことないぞ……
24433	Whoa! There are more new moves to learn? Like Summon a giant storm with one wave of your hand, or stomp so hard that Ant Hell collapses?	うわあ！もっと新しい技を覚えられるの？手をひと振りして大嵐を巻き起こしたり、アリ地獄が崩れるくらい強く踏みつけたりとか？！
24434	Our Guild successfully cleared ${1} mode of the Eternal Land event. After the event ends, go to the auction to view the Auctioned items.	当ギルドはエターナルランドイベントの${1}モードを無事にクリアしました。イベント終了後、オークションにて出品アイテムをご確認ください。
24435	Mastery of Spear techniques. When equipped with a Spear, Physical damage increases by ^{1}${1}%^{2} and CRIT increases by ^{3}${2}%^{4}.	槍術の極意。槍を装備時、物理ダメージが^{1}${1}%^{2}増加し、CRITが^{3}${2}%^{4}増加する。
24436	We're currently gathering talented people from across the continent to uncover the origins of monsters through research and exploration.	私たちは現在、研究と探検を通じてモンスターの起源を解き明かすため、大陸中から優秀な人材を集めているところです。
24437	Variable CT Reduction: ${1}% (Max: @{1}%)\nExcess CT Speed: ${2}\nEvery @{2} excess CT Speed is converted to @{3}% Magic ATK (Max: @{4}%)	可変CT短縮：${1}%（最大：@{1}%）\n余剰CT速度：${2}\n余剰CT速度@{2}ごとに魔法攻撃@{3}%に変換（最大：@{4}%）
24438	A smooth brown pudding made by setting cocoa bean juice with Milk. Grants @{1}%-@{2}% Increased Damage to Medium Monsters for @{3} hours.	カカオ豆の果汁をミルクと混ぜて固めた、なめらかなブラウンプディング。@{3}時間、中型モンスターへの与ダメージが@{1}%-@{2}%増加する。
24439	A Stem coated in colorful layers of syrup for a dazzling finish. Reduces damage taken from Medium monsters by @{1}%-@{2}% for @{3} hours.	色鮮やかなシロップを何層にもコーティングして美しく仕上げた茎。@{3}時間、中型モンスターから受けるダメージを@{1}%-@{2}%軽減する。
24440	Reach ${2} Responses within ${1} hours to become Responded. Once Responded, the creator will become the Guild Master via Auto assignment.	${1}時間以内に${2}件の賛同が集まると設立完了となります。設立完了後、作成者は自動割り当てによりギルドマスターとなります。
24441	Refers to effects that cause players to Cannot move or reduce their Movement Speed. These effects caused by dungeon content are excluded.	プレイヤーが行動不能になる、または移動速度が低下する効果を指します。ダンジョンギミックによるこれらの効果は除外されます。
24442	When taking fatal damage, inflicts Knockback on nearby players and restores @{1}% HP. This effect is removed after triggering @{2} times.	致命的なダメージを受けた時、周囲のプレイヤーをノックバックし、HPを@{1}%回復する。この効果は@{2}回発動すると解除される。
24443	While ^{1}^{2}[Auto Guard]^{3}^{4} is active, Smite and Rapid Smiting's percentage damage multipliers and fixed damage increase by ${1}%.	^{1}^{2}[オートガード]^{3}^{4}の発動中、スマイトおよびシールドチェインのダメージ倍率と固定ダメージが${1}%増加する。
24444	This is a covert mission. The professor's research is crucial to the kingdom's future, so the fewer people who know about it, the better.	これは極秘任務だ。教授の研究は王国の未来にとって極めて重要だからな、知る者は少なければ少ないほどいい。
24445	Thanks to the combined efforts of every Guild Member, your guild finished ${1} in this event. Here are your rewards. Please collect them!	ギルドメンバー全員の協力のおかげで、あなたのギルドはこのイベントで第${1}位を獲得しました。こちらが報酬です。お受け取りください！
24446	Because your character has been restricted from using the Guild Auction Function, your bid funds have been refunded. Please collect them~	あなたのキャラクターはギルドオークション機能の利用が制限されているため、入札資金が返還されました。お受け取りください～
24447	(Staring blankly) Last night, I dreamed I was fighting monsters... I was even more efficient than during the day... If only it were real.	（呆然と宙を見つめている）昨夜、モンスターと戦う夢を見たんだ……昼間よりもずっと効率よく狩れてたなぁ……現実ならよかったのに。
24448	The weather was lovely during my vacation, so my family and I went on a picnic in the forest. Then we ran into an enormous swarm of bees.	休暇中は天気がよかったので、家族と一緒に森へピクニックに行ったんです。そうしたら、巨大な蜂の群れに出くわしてしまって。
24449	Yes. I'm trying to Find someone. Have you seen a scholar named Ryan Recent? He wears glasses, has terrible eyesight, and is very refined.	ええ。人を探しているんです。最近、ライアンという学者を見かけませんでしたか？眼鏡をかけていて、とても目が悪く、物腰の上品な人です。
24450	Was he wearing a suit, too? Someone like that really stands out around here. About two hours ago, I saw him heading west—toward Ant Hell.	そいつもスーツを着ていたかい？そんなやつなら、この辺じゃやたらと目立つからな。2時間ほど前、西の方――アリ地獄へ向かって歩いていくのを見たぜ。
24451	Ahem. Thank You for your help. I made a Record of the Magic fluctuation Data along the way. It'll be very useful for my current research.	ゴホン。ご協力感謝いたします。道中の魔力変動データを記録させていただきました。現在の研究に大いに役立つことでしょう。
24452	Handle it carefully. This is extremely valuable research Material... even if it does look like nothing more than a glowing mass of Magic.	慎重に扱ってください。極めて貴重な研究素材ですからね……たとえ見た目がただの光る魔力の塊にしか見えなくとも。
24453	Ha-ha! I knew it was you! Long time no see, Adventurer! I heard you reached Trans. 2nd? Your growth has been nothing short of remarkable!	ハハッ！やっぱりお前だったか！久しぶりだな、冒険者！上位2次職に転職したって聞いたぞ？お前の成長速度にはまったく驚かされるよ！
24454	Ugh, No idea. Can this dumb dog really be trusted? Let's go... But if there are any more "poop Clues" on this floor, I'm going on strike!	うーん、さっぱりわからないわ。このおバカな犬、本当に信じて大丈夫なの？まあ行きましょ……でもこのフロアにこれ以上「うんちの手がかり」があったら、あたしストライキするからね！
24455	If you encounter them inside, Please help them. The Monsters' ATK is absurdly high right now, and I'm afraid they won't last much longer!	もし中で彼らに出くわしたら、どうか助けてやってくれ。今モンスターたちの攻撃力が異常に跳ね上がっていて、あいつらもう長くは持ちそうにないんだ！
24456	Serverwide Territory War Is Here! Guilds can carve out territory on a new continent and claim lands of their own through blood and glory!	全サーバー領土戦争が開幕！ギルドは新大陸に領土を切り開き、血と栄光によって自らの領地を手に入れることができる！
24457	A Radiant Gold block refined under extreme heat and pressure for optimal Metal purity and strength, ideal for crafting fine weapon parts.	極度の熱と圧力のもとで精錬され、金属の純度と強度を極限まで高めた輝く金の塊。上質な武器部品の製作に最適。
24458	Use to send every guild Member except each Temporary Member an Intermediate Pack by mail. The Pack contains intermediate growth Material.	使用すると、仮メンバーを除く全ギルドメンバーへ中級パックがメールで送られます。パックには中級の育成素材が入っています。
24459	Place it in the Guild Bonfire to generate @{1} random Blue Quality stat, which will randomly replace @{2} of the Bonfire's current stats.	ギルドの篝火に入れると、ランダムな青色品質のステータスが@{1}個生成され、現在の篝火のステータス@{2}個とランダムに入れ替わります。
24460	Temporarily increases Movement Speed by ^{1}@{3}%^{2} and FLEE by ^{3}@{4}^{4} for self and up to @{2} allies within @{1} m for @{5} sec.	@{5}秒間、自身および@{1} m以内の味方最大@{2}人の移動速度を一時的に^{1}@{3}%^{2}、FLEEを^{3}@{4}^{4}増加させる。
24461	Summons a Gale Magic Circle, granting allied units within ${1}m increased Move Speed and Attack Speed and reduced cooldowns for ${2} sec.	疾風の魔法陣を召喚し、${1}m以内の味方ユニットの移動速度と攻撃速度を増加させ、${2}秒間クールダウンを短縮する。
24462	After use, generates multiple compressed shockwaves in the selected Guild Battlefield, inflicting Knock-Up on all players multiple times.	使用後、選択したギルド戦場内に複数の圧縮衝撃波を発生させ、全プレイヤーに複数回のノックアップを付与する。
24463	After Learning Skills, your coordination with both hands improves, allowing You to equip a Dagger in your Off-Hand and use Katar Weapons.	スキル習得後、両手の連携が向上し、左手に短剣を装備できるようになり、カタール系武器が使用可能になる。
24464	When 【Basic Attack】 lands a critical hit, casts 【Cross Impact】 on the target, dealing melee Physical damage equal to 【${1}% Physical ATK】	【通常攻撃】がクリティカルヒットした時、対象に【クロスインパクト】を発動し、【${1}% 物理攻撃】に相当する近接物理ダメージを与える。
24465	When 【Basic Attack】 lands a critical hit, casts 【Cross Impact】 on the target, dealing melee Physical damage equal to 【${8}% Physical ATK】	【通常攻撃】がクリティカルヒットした時、対象に【クロスインパクト】を発動し、【${8}% 物理攻撃】に相当する近接物理ダメージを与える。
24466	Let's break them up from within instead! We'll ask why these old folks are willing to work for those scalpers, then get them on our side.	内部から切り崩していこう！このお年寄りたちがどうしてダフ屋の手先を引き受けているのか理由を聞き出して、こっちの味方に引き入れるんだ。
24467	Restores Life equal to Magic ATK*^{1}${1}%^{2}. If the unit is a ^{3}party Member^{4}, restores Life equal to ^{5}${2}%^{6} of Magic ATK.	魔法攻撃力*^{1}${1}%^{2}に相当するHPを回復する。対象が^{3}パーティメンバー^{4}の場合、魔法攻撃力の^{5}${2}%^{6}に相当するHPを回復する。
24468	The Trade fee is charged by the Black Market as a percentage of the sale proceeds. You can view your actual earnings in the sales history.	取引手数料は、売却益に対する一定の割合としてブラックマーケットから差し引かれます。実際の受取額は販売履歴から確認できます。
24469	If placement becomes Hard, Tap the "Hint" Button to view the correct cargo arrangement. You can also Tap "Misc Guide" to review the Rules.	配置に困ったら、「ヒント」ボタンをタップして正しい貨物の並べ方を確認できます。また、「各種ガイド」をタップしてルールを見直すこともできます。
24470	During the event, Battle Baphomet at the Guild Base. Your Ranking is based on the damage you deal to Baphomet, and generous rewards await!	イベント期間中、ギルド拠点でバフォメットと戦闘を行います。バフォメットに与えたダメージに応じてランキングが決まり、豪華な報酬が待っています！
24471	Slow-simmered tomatoes reduced into a rich orange-red broth with a robust tangy aroma. Increases Physical ATK by @{1}~@{2} for @{3} hours.	じっくり煮込んだトマトを、酸味のきいた芳醇な香りが漂う濃厚なオレンジ色のスープに仕上げた。@{3}時間、物理攻撃が@{1}~@{2}増加する。
24472	After leaving, you can Enter Dungeon again through the quest, but you will not Keep your current progress. Are you sure you want to leave?	退出後もクエストを通じてダンジョンに再入場できますが、現在の進行状況は保存されません。本当に退出しますか？
24473	Your Reputation Score is too low to use the Trade Marketplace. All listed items have been returned. Please claim them from the attachment.	信用スコアが低すぎるため、取引所を利用できません。出品されていたアイテムはすべて返却されました。添付よりお受け取りください。
24474	Enough! This is no time to panic. We need to head to the scene immediately and find that cat before Baphomet—or anything else—can hurt it.	もういい！慌てている暇はない。今すぐ現場に向かって、バフォメットや他の何かに傷つけられる前に、あの猫を見つけ出すんだ。
24475	Here... This is everything! They're tickets for the White Dove, and they're absolutely real! Please, Warriors, have mercy and let me go...	ほら……これで全部だ！白鳩号のチケットさ、正真正銘の本物だよ！頼む、勇者様たち、見逃してくれぇ……
24476	We'll take the White Dove cargo airship to Morroc, at the entrance to the desert. If there's anything else you'd like to know, ask me now.	砂漠の入り口にあるモロックまでは、貨物飛行船「白鳩号」で行くことになる。他に聞いておきたいことがあれば、今のうちに聞いておいてくれ。
24477	Enough about food! You've been eating nonstop this entire time. Are you here to work or hit the buffet? Doesn't the Knight Order feed you?	食べ物の話はもうたくさん！さっきからずっと食べっぱなしじゃない。仕事しに来たの、それともビュッフェを食べに来たの？騎士団ではご飯を食べさせてもらえないわけ？
24478	Equipment alone proves nothing. I can sense power surging within you, still not fully under control. It's time for your Second Job Change.	装備だけでは何も証明できん。お前の体内で力が渦巻き、まだ完全には制御しきれていないのを感じるぞ。そろそろ2次転職の時だな。
24479	The Territory War has begun! During this phase, major guilds will fiercely compete for strongholds in a showdown of strategy and strength.	領土戦争が始まった！このフェーズでは、各大手ギルドが戦略と武力を尽くして拠点をめぐり激しく争うことになる。
24480	Ore containing iron that can be refined into an Iron Ingot.\nObtainable through ^{1}Life Skill - Miner^{2}. Used to Craft T@{1} Equipment.	精錬して鉄インゴットにできる鉄を含んだ鉱石。\n^{1}生活スキル - 採掘^{2}で入手可能。T@{1}装備の製作に使用する。
24481	After 【Basic Attack】 lands a critical hit, cast 【Cross Impact】 on the target, dealing melee Physical damage equal to 【${10}% Physical ATK】	【通常攻撃】がクリティカルヒットした時、対象に【クロスインパクト】を発動し、【${10}% 物理攻撃】に相当する近接物理ダメージを与える。
24482	Hehe, I knew it wouldn't be that Easy! Since we've got a long trip ahead, this is the perfect chance to see how fast the new Mount can go!	へへっ、そう簡単にはいかないと思ってたよ！道のりは長いんだし、新しい乗り物がどれだけ速いか試す絶好のチャンスじゃないか！
24483	My colleagues are probably locked in a fierce battle with the monsters in the forest... If you encounter them, could you please help them?	仲間たちは今頃、森のモンスターと激しい戦いを繰り広げているはず……もし彼らに出会ったら、どうか力を貸してあげてください。
24484	What I must tell you is that this space-time is on the brink of catastrophe. You are the chosen one, and only you can resolve this crisis.	お伝えしなければならないのは、この時空が破滅の危機に瀕しているということです。選ばれし者であるあなたにしか、この危機を解決することはできません。
24485	As historical contribution increases, the corresponding Honor position is granted automatically. Management positions take display priority	累計貢献度が上がると、対応する名誉役職が自動的に付与されます。表示は管理役職が優先されます。
24486	When applying a healing skill effect, has a ${1}% Chance to trigger ^{1}^{2}【Divine Light】 Lv@{1}^{3}^{4}. Internal Cooldown: ${2} seconds.	回復スキル効果を付与した時、${1}%の確率で^{1}^{2}【ホーリーライト】 Lv@{1}^{3}^{4}が発動する。内部クールダウン：${2}秒。
24487	Maya ^{1}turns sand into stone around herself^{2} ^{3}@{1} times in succession^{4}. The stone pillars damage nearby targets as they emerge.	マヤは自身の周囲の砂を^{3}連続で@{1}回^{4}^{1}石へと変化させる^{2}。出現した石柱は周囲の対象にダメージを与える。
24488	A dagger personally overseen by Kafra and made exclusively for the Battle of Survivors. Its blade is dull, so it won't cause any real harm.	カプラが直々に監修し、生存者の戦い専用に作られた短剣。刃が潰されているため、実際に傷を負わせることはない。
24489	"The Red One's Flammable Web" not only Immobilizes the target, but also causes them to take ×@{1} damage from the next Ice-property attack.	「赤い奴の可燃性ウェブ」は対象を行動不能にするだけでなく、次に受ける水属性攻撃のダメージを×@{1}にする。
24490	Yes. I'm looking for someone. Have you seen a scholar named Levin recently? He wears glasses, has very poor eyesight, and is quite refined.	ええ。人を探しているんです。最近、レビンという学者を見かけませんでしたか？眼鏡をかけていて、とても目が悪く、かなり上品な男です。
24491	I actually came here to extract this—^{1}【Memory Form】^{2} . You can think of it as energy formed from intense human emotions and memories.	実はこれ――^{1}【記憶体】^{2}を抽出しに来たんだ。人間の強い感情や記憶から形成されたエネルギーだと思ってもらえればいい。
24492	Congratulations! You've been appointed Commander of the guild. We hope you'll lead everyone in building a warm, supportive guild community!	おめでとうございます！ギルドの司令官に任命されました。温かく支え合えるギルドコミュニティを築いていけるよう、皆を率いてください！
24493	Hello! Are you the reliable Adventurer Captain Aikuni mentioned? It's a pleasure to meet you. You're here about the bounty notice, correct?	こんにちは！アイクニ隊長が言っていた頼もしい冒険者さんですね？お会いできて光栄です。手配書の件でお越しいただいたのですよね？
24494	Having mushrooms growing on your head makes everyday life terribly inconvenient, so you have to pull them out and turn them into hair ties!	頭にキノコが生えていると普段の生活ですごく不便だから、引っこ抜いてヘアゴムにしちゃうんだ！
24495	But let me warn you first: this Quest won't be Easy. We need to gather some Rare Materials. Seriously, some people will exploit any crisis—	だが先に警告しておくが、このクエストは簡単じゃないぞ。いくつか希少な素材を集める必要がある。まったく、どんな危機にも便乗して儲けようとする奴がいるもんだ――
24496	Place it in the Guild Bonfire to generate @{1} random Orange Quality stat, which will randomly replace @{2} of the Bonfire's current stats.	ギルドの篝火に入れると、ランダムな橙色品質のステータスが@{1}個生成され、現在の篝火のステータス@{2}個とランダムに入れ替わります。
24497	Place it in the Guild Bonfire to generate @{1} random Purple Quality stat, which will randomly replace @{2} of the Bonfire's current stats.	ギルドの篝火に入れると、ランダムな紫色品質のステータスが@{1}個生成され、現在の篝火のステータス@{2}個とランダムに入れ替わります。
24498	A cloaked woman plays her instrument, then smiles at you and says:\n“Adventurer, there's something special about you... May I take a look?”	マントを羽織った女性が楽器を奏で、あなたに微笑みかけて言った。\n「冒険者さん、あなたからは特別なものを感じるわ……少し見せてもらってもいいかしら？」
24499	Revive the designated ^{1}dead^{2} ST ally within ${1} meters, restoring ^{3}${2}% of their Max Life^{4} and ^{5}${3}% of their Max MP^{6}.	${1}メートル以内の指定した^{1}戦闘不能の^{2}単体の味方を蘇生し、最大HPの^{3}${2}%^{4}および最大MPの^{5}${3}%^{6}を回復する。
24500	Causes the Supply Cart to explode after ${1} seconds, dealing damage equal to up to ${3}% of each target's Life within a ${2}-meter radius.	${1}秒後に補給カートを爆発させ、半径${2}m以内の各対象に、そのHPの最大${3}%に相当するダメージを与える。
24501	When 【Powerful Shield Bash】's 【Shield Stance】 reaches ^{1}${1}^{2} stacks, 【Shield Press】 becomes ^{3}^{4}【Enhanced Shield Press】^{5} ^{6}.	【強打シールドバッシュ】の【シールドスタンス】が^{1}${1}^{2}層に達すると、【シールドプレス】が^{3}^{4}【強化シールドプレス】^{5} ^{6}へと変化する。
24502	When you are at least @{1} meters from the Link target, you are afflicted with a Curse that Deals DMG to allies within a @{2}-meter radius.	リンク対象から@{1}メートル以上離れると呪いにかかり、半径@{2}メートル以内の味方にダメージを与える。
24503	Damage taken from all attributes is reduced by ^{1}${3}%^{2}. Every ${2} sec, deals ^{3}${1}%^{4} ATK damage to enemies within @{1} meters.	全属性から受けるダメージが^{1}${3}%^{2}軽減される。${2}秒ごとに、@{1}メートル以内の敵に^{3}${1}%^{4}の攻撃力ダメージを与える。
24504	Clear a ten-player dungeon with Guild Members: Complete the dungeon with at least @{1} Guild Members^{1} from the same guild in the raid^{2}	ギルドメンバーと10人ダンジョンをクリア：レイド内に同じギルドの^{1}ギルドメンバーが@{1}人以上いる状態でダンジョンをクリアする^{2}
24505	The chosen heroes sailed to Dragon Coffin Island. A terrifying roar from the heart of the island seems to herald an impending catastrophe...	選ばれし勇者たちは龍棺島へと船を出した。島の中心部から轟く恐ろしい咆哮は、迫りくる破滅の前兆のようだった……
24506	A mineral vein containing large quantities of carbon-rich ore. Mine it to obtain Low-grade ore. ^{1}Can be used to Craft T@{1} equipment^{2}	炭素を多く含む鉱石が大量に眠る鉱脈。採掘すると低品質鉱石を獲得できる。^{1}T@{1}装備の製作に使用可能^{2}
24507	After casting ^{1}^{2}[Turn Undead]^{3}^{4}, there is a ${1}% Chance to trigger Turn Undead one Extra time. Internal Cooldown: ${2} seconds.	^{1}^{2}[ターンアンデッド]^{3}^{4}の発動後、${1}%の確率でターンアンデッドが追加で1回発動する。内部クールダウン：${2}秒。
24508	After ^{1}^{2}[Sanctuary]^{3}^{4} has been active for a time, it restores MATK*${3}%+${4} HP to up to ${2} allies within ${1} meters of you.	^{1}^{2}[サンクチュアリ]^{3}^{4}が一定時間持続した後、自身から${1}メートル以内の味方最大${2}人のHPを魔法攻撃*${3}%+${4}回復する。
24509	Ilmo unleashes numerous musical-note attacks across the arena. Players must continuously avoid the damaging ground effects for a set period.	イルモはエリア全体に無数の音符攻撃を放つ。プレイヤーは一定時間、ダメージを与える床効果を回避し続けなければならない。
24510	They are shooters with perfect aim. Under the attack of arrows and their falcons, no enemy can withstand long, not to mention to fight back.	彼らは百発百中の射手だ。矢とファルコンによる猛攻の前には、いかなる敵も長く持ちこたえることはできず、反撃すらままならない。
24511	Abnormal Status, Control Status. Units affected by <u><color=#62af5e><link="tip/33100">【Disarm】</link></color></u> cannot use Normal Attack.	状態異常、行動制限状態。<u><color=#62af5e><link="tip/33100">【武装解除】</link></color></u>を受けたユニットは通常攻撃を行えなくなる。
24512	Permanently saves the First Clear record for every 10 floors. When one player achieves the First Clear, the Entire Server can claim rewards.	10フロアごとの初クリア記録を永久保存。いずれかのプレイヤーが初クリアを達成すると、全サーバーのプレイヤーが報酬を受け取れる。
24513	Hehe... Of course not. Since you're in no hurry, how about letting me study you? Samples of highly intelligent Demon Porings are quite Rare.	ふふっ……もちろん急かしたりしないよ。急ぎの用がないなら、君のことを研究させてもらえないかい？知能の高いデビルポリンのサンプルなんて滅多にないからね。
24514	The threads of your fate... are entwined with some very intriguing possibilities. There is a certain... “special” energy emanating from you.	あなたの運命の糸は……非常に興味深い可能性と絡み合っているわ。あなたからはどこか……「特別」なエネルギーが放たれているもの。
24515	We'll take the 【White Dove】 cargo airship to Morroc, at the entrance to the desert. If there's anything else you'd like to know, ask me now.	砂漠の入り口にあるモロックまでは、貨物飛行船【白鳩号】で行くことになる。他に聞いておきたいことがあれば、今のうちに聞いておいてくれ。
24516	According to Wulf, our landing site is actually closer to our destination, the ^{1}【Adventurer Camp】^{2}. Let's rest briefly, then move out.	ウルフによると、着陸地点のほうが目的地である^{1}【冒険者キャンプ】^{2}に近いそうだ。少し休んでから出発しよう。
24517	Congratulations! You've been appointed an Officer of the guild. We hope you'll lead everyone in building a warm, supportive guild community!	おめでとうございます！ギルドの役員に任命されました。温かく支え合えるギルドコミュニティを築いていけるよう、皆を率いてください！
24518	The recipient did not claim the cosmetic gift you sent within @{1} hours, so the Currency spent has been refunded to you. Please collect it!	受取人が@{1}時間以内にあなたが送ったアバターギフトを受け取らなかったため、消費された通貨が返還されました。お受け取りください！
24519	Ah! Now I remember! Don't worry, honey. Once we defeat the Giant Kun, we can use His Majesty's reward to buy a set of solid-gold dinnerware!	あっ！思い出したわ！心配しないで、あなた。巨鯤を倒せば、国王陛下からの報奨金で純金製の食器セットが買えるんだから！
24520	Your First Quests is to Defeat ^{1}@{1} Nearby Porings^{2}. They don't have much ATK, but Beginners should still approach them with caution.	最初のクエストは、^{1}近くのポリンを@{1}匹倒す^{2}ことだ。攻撃力は高くないが、初心者なら油断せず慎重に挑むべきだな。
24521	Hey, with how scary you're making him sound, you're not planning to have the two of us take on that big cat alone once we find him, are you?	おいおい、そんなに脅かして、まさか見つけたら俺たち二人だけでその巨大な猫に立ち向かうつもりじゃないだろうな？
24522	Oh my, this poor man is still waiting for you to wake him. Why are you so curious about Me? I must be going, but we'll meet again very soon.	あらあら、この哀れな男性はあなたが起こしてくれるのを待っているわよ。どうしてそんなに私のことが気になるの？もう行かなくちゃ、でもすぐにまた会えるわ。
24523	Mastering your job takes steady effort. If you want to become a renowned Adventurer, you must start by mastering your new Second Job skills.	職業の極意を掴むには日々の積み重ねが肝心だ。名高い冒険者になりたいなら、まずは新たな2次職スキルの習得から始めることだな。
24524	For ${1} sec after casting an ^{1}Offensive-type^{2} or ^{3}Recovery-type^{4} Primary Battle Skill, the owner gains ^{5}${2}^{6} Cast Speed.	^{1}攻撃型^{2}または^{3}回復型^{4}の主戦スキルを発動してから${1}秒間、所有者の詠唱速度が^{5}${2}^{6}増加する。
24525	The Rainbow Earth Dragon flicks the tip of its tail, dealing Neutral melee Physical damage equal to Physical ATK*^{1}${1}%^{2} to the enemy.	彩虹地龍が尾の先を振り払い、敵に物理攻撃*^{1}${1}%^{2}に相当する無属性近接物理ダメージを与える。
24526	Invoke Divine Light, restoring ^{3}Life^{4} equal to your Magic ATK * ^{1}${2}%^{2} to yourself and a designated ST ally within ${1} meters.	ホーリーライトを発動し、自身および${1}メートル以内の指定した単体の味方の^{3}HP^{4}を、魔法攻撃力*^{1}${2}%^{2}分回復する。
24527	My goodness~~ Payon's most handsome man has returned! Who would've thought that mischievous little rascal would grow up to be so handsome...	まあまあ～～フェイヨン一の男前が帰ってきたよ！あんな悪ガキだった坊主が、こんなに立派な男前になるなんて誰が思ったかねぇ……
24528	I heard Luna from the Knight Order is a good friend of Instructor Boya's, and Mentor Alphonse knows her well too. Could you ask them for me?	騎士団のルナはボヤ教官の親友で、アルフォンス指導員も彼女と親しいと聞いたわ。私の代わりに二人に聞いてみてもらえないかしら？
24529	^{1}^{2}【Fire Ball】^{3}^{4} and ^{5}^{6}【Sightrasher】^{7}^{8} gain a ^{9}${1}%^{10} skill damage multiplier and ^{11}${2}^{12} fixed damage.	^{1}^{2}【ファイアボール】^{3}^{4}および^{5}^{6}【サイトラッシャー】^{7}^{8}のスキルダメージ倍率が^{9}${1}%^{10}、固定ダメージが^{11}${2}^{12}増加する。
24530	Have your Falcon scan the area, revealing every Enemy Team member's position to You and your teammates for an unparalleled Tactics advantage.	ファルコンに周辺を索敵させ、敵チーム全員の位置をあなたとチームメイトに共有することで、圧倒的な戦術的優位をもたらす。
24531	Dive toward the target point, Deals DMG to Nearby enemies upon landing, and inflict Silence, perfectly countering enemies who rely on skills.	目標地点へ急降下し、着地時に周囲の敵にダメージを与えて沈黙を付与し、スキルに依存する敵を完璧に封じ込める。
24532	@{1}.This screen shows today's field auto-battle earnings from @{2}:00 to @{3}:00 the next day\n@{4}.Keep up to @{5} days of earnings records	@{1}.この画面には、当日の@{2}:00から翌日@{3}:00までのフィールド自動戦闘の収益が表示されます\n@{4}.収益記録は最大@{5}日分保持されます
24533	A coarse, thick flatbread baked from Grains flour mixed with monster meat and chili peppers. Increases Magic DEF by @{1}~@{2} for @{3} hours.	穀粉にモンスターの肉と唐辛子を混ぜて焼き上げた、厚みのある素朴なフラットブレッド。@{3}時間、魔法防御が@{1}～@{2}増加する。
24534	Ilmo marks a random player and ^{1}creates a musical-note area beneath that player every @{1} seconds^{2}, ^{3}for a total of @{2} times^{4}.	イルモはランダムなプレイヤー1人にマークを付け、そのプレイヤーの足元に^{1}@{1}秒ごとに音符エリアを生成する^{2}（^{3}合計@{2}回^{4}）。
24535	Launches Charge Arrow at a designated distant enemy within @{1} m, dealing ^{1}@{2}%^{2} damage and inflicting @{3} m of ^{3}【Knockback】^{4}.	@{1}m以内の指定した遠くの敵にチャージアローを放ち、^{1}@{2}%^{2}のダメージを与えて@{3}mの^{3}【ノックバック】^{4}を付与する。
24536	Everyone knows that stepping on a banana peel will make you slip. If someone wears one into battle, it means their opponent is already Angry.	バナナの皮を踏むと滑るというのは誰もが知っている。戦闘にそれを持ち込む者がいるとすれば、それは相手がすでに激怒している証拠だ。
24537	Your bid on ${1} was surpassed, and your funds have been returned. Please check the attachments.\n^{1}^{2}^{3}[Go to My Auctions]^{4}^{5}^{6}	${1}への入札が更新されたため、入札資金が返還されました。添付をご確認ください。\n^{1}^{2}^{3}[マイトレードへ]^{4}^{5}^{6}
24538	You earned Auction Dividends from the ${1} Misc auction. They have been reissued as attachments. Please claim them, and enjoy your adventure!	${1}雑貨オークションからオークション配当を獲得しました。添付にて再送いたしましたので、お受け取りの上、冒険をお楽しみください！
24539	You bet! It's a pack of those blasted white rats! Snow-white fur, bright red eyes—they look downright fancy, but act like a bunch of bandits!	違いない！あの忌々しい白ネズミの群れだよ！雪のように白い毛並みに真っ赤な瞳――見た目はやたら上品なくせに、やることは野盗そのものだ！
24540	Purchase character progression and decorative items in the Guild Store. More items Can be unlocked for purchase at higher Guild Store levels.	ギルド商店でキャラクターの育成アイテムや装飾アイテムを購入できます。ギルド商店のレベルが上がると、より多くのアイテムが購入可能になります。
24541	The Eden Group presents this reward to Adventurers who participated in Rift Crisis. Open it to receive a few small gifts from the Eden Group.	亀裂の危機に参加した冒険者に、楽園団からこの報酬が贈られます。開封すると楽園団からのささやかな贈り物を獲得できます。
24542	The Eden Group presents this reward to Adventurers who made a Contribution during unusual events. Open it to receive the Eden Group's thanks.	異常事態の際に貢献した冒険者に、楽園団からこの報酬が贈られます。開封して楽園団の感謝の印をお受け取りください。
24543	A bundle of high-quality fibers refined through multiple processes for a smooth, durable finish. Used to make advanced fabric or light armor.	何度も工程を重ねて精製され、滑らかで耐久性に優れた上質な繊維の束。高級な布地や軽装鎧の製作に使用される。
24544	Focuses earth-elemental energy, dealing ATK * ^{1}@{4}%^{2} damage to up to @{3} enemies in a target area with a @{2} m radius within @{1} m.	地属性のエネルギーを収束させ、@{1}m以内の半径@{2}mの目標エリアにいる最大@{3}体の敵に攻撃力*^{1}@{4}%^{2}のダメージを与える。
24545	Increases Ghost Damage by ^{1}${1}%^{2}. Ghost Damage dealt to targets with Neutral armor is no longer reduced due to elemental disadvantage.	念属性ダメージが^{1}${1}%^{2}増加する。無属性の鎧を装備した対象に与える念属性ダメージが、属性の不利によって減衰しなくなる。
24546	【Fairy Shield】's shield value is increased to ^{1}${2}%^{2}. While 【Fairy Shield】 is active, the owner^{3}^{4}【is immune to debuffs】^{5}^{6}.	【フェアリーシールド】のシールド値が^{1}${2}%^{2}に増加する。【フェアリーシールド】の発動中、所有者は^{3}^{4}【デバフ無効】^{5}^{6}となる。
24547	Breaking them up from within is a good idea! Let's ask why these old folks are willing to work for those scalpers, then get them on our side.	内部から切り崩すのは名案だ！このお年寄りたちがどうしてダフ屋の手先を引き受けているのか理由を聞き出して、こっちの味方に引き入れるんだ。
24548	Increases the maximum number of targets for Debuff/control Protector skills by ^{1}${1}^{2} and increases their Cooldown by ^{3}${2}^{4} sec.	デバフ／制御系プロテクターのスキルの最大対象数が^{1}${1}^{2}増加し、クールダウンが^{3}${2}^{4}秒増加する。
24549	Clear a five-player dungeon with Guild Members: Complete the dungeon with at least @{1} Guild Members^{1} from the same guild in the party^{2}	ギルドメンバーと5人ダンジョンをクリア：パーティ内に同じギルドの^{1}ギルドメンバーが@{1}人以上いる状態でダンジョンをクリアする^{2}
24550	Players must ^{1}activate @{1} music scores in order^{2} to compose a passage. The recorded actions are later performed in the order composed.	プレイヤーは一節を作曲するために、^{1}順番に@{1}個の楽譜を発動^{2}しなければならない。記録されたアクションは後から作曲順に実行される。
24551	An item modeled after an Angry Snarl. Use it to become an angry cat, angry rabbit, or create other looks!\n(Secondary drop from Goblin Leader)	怒ったうなり声を模して作られたアイテム。使用すると怒った猫や怒ったウサギなど、様々な姿に変身できる！\n（ゴブリンリーダーからの副ドロップ）
24552	They were joined by six exceptional heroes, each representing a different job. Together, they defeated the demons and protected the continent.	そこへ異なる職業を代表する6人の非凡な英雄たちが加わった。彼らは力を合わせ、悪魔を打ち倒して大陸を守り抜いたのだ。
24553	It beats wandering aimlessly through the forest like a headless fly. Back in our day, this was how we tracked down elusive monsters like that.	頭を失ったハエのように森をあてもなくさまようよりはずっとマシさ。ワシらの若い頃は、そうやって姿を見せないモンスターを追跡したものじゃ。
24554	You had unclaimed Guild Auction Dividends from last week. They have been reissued as attachments. Please claim them, and enjoy your adventure!	先週の未受取のギルドオークション配当がありました。添付にて再送いたしましたので、お受け取りの上、冒険をお楽しみください！
24555	Because the Stall Function has been disabled, your Stall was automatically closed and its items were sent to you by mail. Please collect them~	露店機能が無効化されたため、あなたの露店は自動的に閉店し、商品はメールで返送されました。お受け取りください～
24556	(Frantically paws at the ground, tail spinning like a propeller, and barks wildly at the vest) Woof, woof, woof! Woof! Woof, woof, woof, woof!	（激しく地面を引っ掻き、プロペラのように尻尾を振り回しながら、ベストに向かって激しく吠え立てる）ワン、ワン、ワン！ワン！ワン、ワン、ワン、ワン！
24557	Kafra Battlefield Administrator\nYou have received the blessing of Valkyrie. The quality of all players' currently equipped gear has increased	カプラ戦場管理者\nあなたはヴァルキリーの加護を受けました。全プレイヤーが現在装備している装備の品質が向上しました
24558	Also known as mandarin fish. An aggressive predator that feeds on other fish. It stops feeding in winter, making that a poor time to catch it.	ケツギョとしても知られる。他の魚を捕食する獰猛な肉食魚。冬場は捕食活動を止めるため、釣るには不向きな時期となる。
24559	A shell from a turtle's back. Once dried, it becomes extremely hard and can be processed into many useful items. Available from the Collector.	亀の背中の甲羅。乾燥させると極めて硬くなり、多くの便利なアイテムに加工できる。コレクターから入手可能。
24560	A translucent, emerald-green Crystal orb with a new sprout growing inside. Can be used to craft a Memory Coffer during the Gift of Time event.	内部で新しい若葉が育っている、半透明のエメラルドグリーンのクリスタルオーブ。「時の贈り物」イベント期間中に記憶の小箱を製作するのに使用できる。
24561	A prayer that blesses others, increasing Cast Speed by ^{1}${3}^{2} for you and up to ${2} allies within a ${1}-meter radius for ${4} seconds.	他者を祝福する祈り。${4}秒間、自身および半径${1}メートル以内の味方最大${2}人の詠唱速度を^{1}${3}^{2}増加させる。
24562	Shield skill. Throw your Shield, dealing Neutral Melee Physical DMG equal to PATK * ^{1}${2}%^{2} to the selected ST enemy within ${1} meters.	盾スキル。盾を投げつけ、${1}メートル以内の指定した単体の敵に物理攻撃*^{1}${2}%^{2}に相当する無属性近接物理ダメージを与える。
24563	Permanently increases your ^{3}SP Recovery^{4} by ^{1}${1}^{2}, ^{7}Max SP Recovery^{8} by ^{5}${2}%^{6}, and ^{11}MATK^{12} by ^{9}${3}^{10}.	自身の^{3}SP回復^{4}を永続的に^{1}${1}^{2}、^{7}最大SP回復^{8}を^{5}${2}%^{6}、^{11}魔法攻撃^{12}を^{9}${3}^{10}増加させる。
24564	Religion really can turn people into stubborn fools. But now that you're here, how about you distract them while I sneak over and investigate?	信仰ってのは本当に人間を頑固な愚か者に変えてしまうな。だがお前が来たんだ、お前が奴らの気を引いている間に、俺が忍び込んで調査してくるってのはどうだ？
24565	After dealing Magic damage, has a @{1}% Chance to trigger an Extra hit that deals Magic damage equal to @{2}% Magic ATK. (Cooldown: @{3} sec.)	魔法ダメージを与えた後、@{1}%の確率で魔法攻撃@{2}%に相当する魔法ダメージを与える追加打撃が発動する。（クールダウン：@{3}秒）
24566	【Basic Attack】, 【Sonic Blow】, and 【Envenomed Blade】 percentage-based damage multipliers increased by ${1}%, and flat damage increased by ${2}.	【通常攻撃】、【ソニックブロー】、【インベナムブレード】の割合ダメージ倍率が${1}%、固定ダメージが${2}増加する。
24567	After casting an ^{1}Offensive-type^{2} or ^{3}Debuff-type^{4} Primary Battle Skill, increases the owner's ^{5}PATK by ${1}%^{6} for ${2} sec.	^{1}攻撃型^{2}または^{3}デバフ型^{4}の主戦スキルを発動した後、${2}秒間、所有者の^{5}物理攻撃を${1}%^{6}増加させる。
24568	Your Profile is a space where you can express yourself. Decorate it freely and customize Connect elements such as titles, ranks, and Portraits.	プロフィールは自分自身を表現できる空間です。自由に飾り付け、称号や階級、アイコンなどの連携要素をカスタマイズしましょう。
24569	Herbs and Lemon gently infused in orangewood sap at a low temperature. Reduces damage taken from Medium monsters by @{1}%~@{2}% for @{3} hours.	ハーブとレモンをオレンジウッドの樹液に低温でじっくり漬け込んだもの。@{3}時間、中型モンスターから受けるダメージを@{1}%～@{2}%軽減する。
24570	Grape and herbs slow-simmered in orangewood sap for a rich, woody aroma. Increases damage to Demi-Human monsters by @{1}%~@{2}% for @{3} hours.	オレンジウッドの樹液でブドウとハーブをとろ火で煮込み、豊かな木の香りを引き出した。@{3}時間、人間形モンスターへの与ダメージが@{1}%～@{2}%増加する。
24571	Allows use of Hiding Lv@{1} and Sightless Mind Lv@{2}. Sightless Mind always inflicts 【Stun】 and has a Chance to inflict Bleeding on the enemy.	ハイディング Lv@{1}およびサイトレス・マインド Lv@{2}が使用可能になる。サイトレス・マインドは必ず【スタン】を付与し、確率で敵に出血を付与する。
24572	A new game version is available. To prevent loading errors or lag, please return to the launcher and update the game before launching it again.	新しいゲームバージョンが利用可能です。読み込みエラーや遅延を防ぐため、ランチャーに戻ってゲームをアップデートしてから再起動してください。
24573	If you equip a two-handed weapon, the off-hand card <color=#CC762A>${1}</color> will become <color=#CC762A>inactive</color>. Replace your gear?	両手武器を装備すると、左手カード<color=#CC762A>${1}</color>は<color=#CC762A>無効</color>になります。装備を変更しますか？
24574	Golden Thief Bug triggers ^{1}a damaging earthquake^{2}. There are ^{3}two types of earthquakes^{4}, which players must evade by repositioning.	黄金蟲は^{1}ダメージを与える地震^{2}を引き起こす。地震には^{3}2種類^{4}あり、プレイヤーは移動して回避しなければならない。
24575	Consumed when gathering and crafting with a Life Skill. Obtain it from Recommend-Activity Chests. You can accumulate up to ^{1}@{1}^{2} points.	生活スキルでの採取や製作時に消費される。おすすめアクティビティ宝箱から入手可能。最大^{1}@{1}^{2}ポイントまで累積できる。
24576	This rescue mission will be exceptionally difficult. If you're determined to go, consider bringing a pet into battle. It could be a great help.	今回の救出任務は並大抵の難しさではない。どうしても行くというのなら、ペットを戦闘に連れていくことを考えるといい。大きな助けになるはずだ。
24577	Your guild finished ^{1}${1}^{2} in this Season's Territory Points Rankings. You have earned the corresponding Veteran reward. Please claim it!	あなたのギルドは今シーズンの領土ポイントランキングで^{1}第${1}位^{2}となりました。該当するベテラン報酬を獲得しましたので、お受け取りください！
24578	Not a single thing is missing. From Prontera to Geffen, from the gift to the spicewood and ham... You really helped me gather every last thing.	ひとつも欠けていない。プロンテラからゲフェンまで、贈り物からスパイスウッド、ハムに至るまで……本当に最後の一つまで集めてくれたんだね。
24579	I believe there's one near the fountain. Go ask them yourselves. I'll inspect the engine. Send me a Notification as soon as you learn anything.	噴水の近くに一人いるはずだ。自分たちで直接聞いてみてくれ。俺はエンジンを点検しておく。何かわかったらすぐに連絡してくれ。
24580	When Lex Aeterna (×@{1}) and Fatal Claw Marks (×@{2}) are active at the same time, their multipliers are added together for ×@{3} final damage.	レックス・エテルナ（×@{1}）とフェイタルクロウ（×@{2}）が同時に発動している場合、その倍率は加算され、最終ダメージは×@{3}となる。
24581	Ore containing mithril that can be refined into a Mithril Ingot.\nObtainable through ^{1}Life Skill - Miner^{2}. Used to Craft T@{1} Equipment.	精錬してミスリルインゴットにできるミスリルを含んだ鉱石。\n^{1}生活スキル - 採掘^{2}で入手可能。T@{1}装備の製作に使用する。
24582	An arrow made of Crystal and imbued with the power of water.\n^{1}Equipping Crystal Arrow with a bow changes your attack property to Water.^{2}	クリスタルで作られ、水の力を宿した矢。\n^{1}クリスタルアローを弓と一緒に装備すると、攻撃属性が水属性に変化する。^{2}
24583	Summons a Divine Light spell, restoring HP equal to your MATK * ^{1}${2}% + ${3}^{2} to You and one designated ally within ${1} meters^{3}^{4}.	ホーリーライトの呪文を呼び起こし、自身および${1}メートル以内の指定した味方1人のHPを魔法攻撃*^{1}${2}% + ${3}^{2}回復する^{3}^{4}。
24584	After a @{1}-second warning, damages players within a circular area with a five-meter radius around itself and applies 【Stomach Acid Corrosion】	@{1}秒の予兆の後、自身を中心とした半径5メートルの円形範囲内のプレイヤーにダメージを与え、【胃酸腐食】を付与する。
24585	Increases the direct damage and direct Healing Done of ^{1}Offensive-type^{2} and ^{3}Recovery-type^{4} Primary Battle Skills by ^{5}${1}%^{6}.	^{1}攻撃型^{2}および^{3}回復型^{4}の主戦スキルの直接ダメージと直接回復量を^{5}${1}%^{6}増加させる。
24586	The Relic lies deep within the forest. Ever since it suddenly appeared, the monsters nearby have been restless. Are you sure you can handle it?	その遺物は森の奥深くに眠っている。それが突如現れて以来、近くのモンスターたちが落ち着きを失っているんだ。本当に対処できるのか？
24587	All team Members present when the Adventure Guild is created will become official Members. Anyone outside the team cannot join during creation.	冒険ギルド作成時にその場にいたチームメンバー全員が正式メンバーとなります。作成中にチーム外の人物が加入することはできません。
24588	For each enemy hit by ^{1}^{2}【Napalm Vulcan】^{3}^{4}, its DMG Bonus increases by ^{5}${1}%^{6}, up to ^{7}${2}%^{8}, for every @{1} enemy hit.	^{1}^{2}【ナパームバルカン】^{3}^{4}が敵に命中するごとに、命中した敵@{1}体につきその与ダメージが^{5}${1}%^{6}、最大で^{7}${2}%^{8}まで増加する。
24589	Deals Fire-element ranged magic damage equal to Magic ATK *^{5}${3}%+${4}^{6} to up to ^{3}${2}^{4} enemies within a ^{1}${1}^{2}-meter radius.	半径^{1}${1}^{2}メートル以内の最大^{3}${2}^{4}体の敵に、魔法攻撃*^{5}${3}%+${4}^{6}に相当する火属性の遠距離魔法ダメージを与える。
24590	Read the question, then move to the <sprite name="activityevening_icon_riddle_right"> or <sprite name="activityevening_icon_riddle_wrong"> area	問題を読み、<sprite name="activityevening_icon_riddle_right">または<sprite name="activityevening_icon_riddle_wrong">のエリアへ移動してください
24591	【Before completing this, make sure you're using the free Flying Mount, or an error will occur.】Complete the Commission and report your findings.	【これを完了する前に、必ず無料の飛行乗り物を使用してください。そうしないとエラーが発生します。】依頼を達成し、調査結果を報告してください。
24592	As a Madogear Pilot, bombard enemies from range with both ST and AoE firepower, leaving them nowhere to hide from your steady, sustained damage.	魔導ギアパイロットとして、単体および範囲の火力で遠距離から敵を砲撃し、安定した持続ダメージで敵に逃げ場を与えない。
24593	Because you were found to have violated the System Trade Rules, we have frozen your <sprite name="item_3"><color=#cc762a> ${1}</color>  as bail.	システムの取引規則に違反したことが確認されたため、保釈金としてお客様の<sprite name="item_3"><color=#cc762a> ${1}</color>を凍結いたしました。
24594	^{1}^{2}【Sharp Shooting】^{3}^{4}'s CT is reduced by ${1}%, the number of targets increases by ${2}, and its area width increases by ${3} meters.	^{1}^{2}【スナイピング】^{3}^{4}のCTが${1}%短縮され、対象数が${2}増加し、範囲の幅が${3}メートル広がる。
24595	Enlarge You to @{1} times your normal size. During Magnification, recover ^{1}@{3}% ^{2} of your maximum HP every @{2} seconds for @{4} seconds.	自身を通常の@{1}倍の大きさに巨大化させる。巨大化中、@{4}秒間にわたり@{2}秒ごとに最大HPの^{1}@{3}%^{2}を回復する。
24596	Hmph! By the time reinforcements arrive, the professor will already have become... become you-know-what! You're not usually this scared, Master.	ふん！援軍が到着する頃には、教授はもう……あの「例のアレ」になっちゃってますよ！ご主人様、いつもはこんなに怖がりじゃないくせに。
24597	Congratulations! The ${1}*${2} you listed at your Stall was purchased by Buyer ${3} at ${4}. After deducting ${5} in Trade Tax, you earned ${6}.	おめでとうございます！露店に出品した${1}*${2}が${4}に購入者${3}によって購入されました。取引税${5}を差し引いた後、${6}を獲得しました。
24598	Due to the server merge, your listing of [${2}] [${1}] on the Exchange was removed automatically. Please collect the items from the attachments.	サーバー統合に伴い、取引所に出品されていた[${2}] [${1}]が自動的に取り下げられました。添付よりアイテムをお受け取りください。
24599	Oh? Should I learn a “turn stone into gold” spell first, so the two of us don't starve into statues before those solid-gold plates ever show up?	へえ？その純金製の食器がお目見えする前に、アタシたちが飢えて石像になっちまわないよう、まずは「石を金に変える」魔法でも習っておくかい？
24600	C-Captain! That was valuable field data, and this time, I have a flawless product of science. Emotions lead to mistakes, but science never does.	た、隊長！あれは貴重な現場データでしたし、今度こそ科学が生んだ完璧な最高傑作です。感情は過ちを犯しますが、科学は決して嘘をつきません。
24601	Fine. You two stay safe. But Professor, if anything goes wrong again, the Order may have to... temporarily take charge of your personal freedom.	わかった。二人とも気をつけて。だが教授、もしまた何か問題が起きたら、騎士団はあなたの身の自由を…一時的に制限せざるを得なくなるかもしれませんよ。
24602	First, find Antonio for me. He promised to bring the festival banner back from Morroc, but there's still no sign of him. And while you're at it—	まずはアントニオを探してくれ。モロックから祭りの横断幕を持ち帰ると約束したのに、まだ姿を見せないんだ。それとついでに――
24603	Your second Job Advance is a crucial stage in Choosing a Job path. Ask the veterans at the Academy about the unique features of each job branch.	2次転職は進路を決める重要な分岐点です。各職種の特徴について、アカデミーの先輩たちに話を聞いてみましょう。
24604	You mean those Green, hairy bugs? Gross... ^{1}PlayerName^{2}, don't hit them too hard. If you splatter bug juice on me, I'll never forgive you.	あの緑色の毛むくじゃらの虫のこと？ うぇっ…^{1}PlayerName^{2}、あんまり強く叩かないでよね。虫の体液が飛んできたら絶対に許さないから！
24605	All right, as long as everyone's safe. I don't want to spend another second in this wretched place. Pack up—we're returning to camp immediately.	全員無事ならそれでいい。こんな忌々しい場所に一秒たりとも長居したくないんだ。荷物をまとめろ、直ちにキャンプへ引き上げるぞ。
24606	What kind of dangerous experiment are you running this time? If you Hatch some weird tentacle monster, I'll be the first to burn your shop down!	今回は一体どんな危険な実験をしているんだい？ 変な触手モンスターでも孵化させたら、真っ先にあんたの店を焼き払ってやるからね！
24607	If the current difficulty is too high, you can abandon the challenge from the in-stage Event Management screen and select a different difficulty	現在の難易度が高すぎる場合は、ステージ内のイベント管理画面から挑戦を放棄し、別の難易度を選択することができます
24608	Signs of a breakthrough are mounting! Enemy vanguards have appeared on the central district's main road. Prepare to fall back toward the center!	突破されそうだ！ 中央地区の目抜き通りに敵の前衛部隊が出現した。中央に向けて後退の準備をせよ！
24609	Also known as blackfish, snakehead, or fortune fish. Its wide distribution, high yield, and rapid reproduction make it valuable for aquaculture.	ライギョ、スネークヘッド、あるいは吉祥魚とも呼ばれる。分布が広く、収量が多く、繁殖力も高いため、養殖価値が高い。
24610	A Metal block taken from the core of a meteorite. Its exceptional purity and energy make it a precious material for crafting advanced equipment.	隕石の核から採取された金属の塊。並外れた純度とエネルギーを秘めており、上級装備の製作に欠かせない貴重な素材。
24611	A translucent, golden Crystal orb filled with shimmering, dancing starlight. Can be used to craft a Memory Coffer during the Gift of Time event.	輝き揺らめく星明かりが満ちた、半透明の黄金色の水晶玉。「時間の贈り物」イベント期間中に記憶の小箱を製作するのに使用できる。
24612	An arrow made of solid rock and imbued with the power of earth.\n^{1}Equipping Stone Arrow with a bow changes your attack property to Earth.^{2}	固い岩石で作られ、大地の力が込められた矢。\n^{1}ストーンアローを弓に装備すると、攻撃属性が地属性に変化する。^{2}
24613	After casting, deal ATK * ^{1}@{3}%^{2} damage to up to @{2} enemies within a @{1}-meter radius and inflict ^{3}@{4} seconds^{4} of 【Blind】^{5}.	発動後、@{1}m以内の敵最大@{2}体に物理攻撃力*^{1}@{3}%^{2}のダメージを与え、^{3}@{4}秒間^{4}【暗黒】^{5}を付与する。
24614	A lightweight, non-toxic Metal that can be used to Refine all Armor.\n^{1}Effect: Can be used to Refine +@{1} to +@{2} Armor and Accessories^{2}	すべての防具の精錬に使用できる軽量で無害な金属。\n^{1}効果：+@{1}～+@{2}の防具およびアクセサリーの精錬に使用可能^{2}
24615	Summons a barrage of thrusting Spears, dealing ^{1}@{4}%^{2} damage to up to @{3} enemies in a @{1} m x @{2} m area in the designated direction.	指定方向に無数の槍を突き出して召喚し、@{1}m×@{2}m範囲内の敵最大@{3}体に^{1}@{4}%^{2}のダメージを与える。
24616	Launch a musical phrase from ^{1}【Sacrament】^{2} at a designated enemy (ST), dealing Holy ranged magic damage equal to Magic ATK *^{3}${1}%^{4}.	指定した敵単体に^{1}【サクラメント】^{2}の楽節を放ち、魔法攻撃力*^{3}${1}%^{4}の聖属性遠距離魔法ダメージを与える。
24617	Throw sand at the target, dealing Physical ATK *^{1}${2}%+${3}^{2} Earth-property melee Physical damage to the designated ST enemy within ${1}m.	ターゲットに砂を投げつけ、${1}m以内の指定した敵単体に物理攻撃力*^{1}${2}%+${3}^{2}の地属性近接物理ダメージを与える。
24618	Increases the effect radius of 【Shadow Ward】, 【Myriad Shadows】, and 【Circling Shadow】 by @{1} meters and their skill damage multiplier by @{2}%.	【シャドウウォード】、【千影】、【旋影】の効果範囲を@{1}m拡大し、スキルダメージ倍率を@{2}%増加させる。
24619	@{1}.Consume the required items to reroll a selected stat.\n@{2}.Each Divine Art Totem can only be rerolled a limited number of times per Season.	@{1}.必要なアイテムを消費して、選択したステータスをリロールする。\n@{2}.各神術トーテムをリロールできる回数はシーズンごとに制限されている。
24620	Guilds eligible to bid may freely place bids during this phase.\n(However, due to bidding list restrictions, each guild may only bid on one map.)	入札資格を持つギルドはこのフェーズで自由に入札できます。\n（ただし、入札リストの制限により、各ギルドが入札できるマップは1つのみです。）
24621	Test the limits of your damage output in the Training Ground's Extreme Challenge! Reach the required Damage per Second to Claim Clearing Rewards.	訓練場の極限挑戦で自身の火力限界を試そう！ 目標のDPS（秒間ダメージ）を達成してクリア報酬を獲得しよう。
24622	Beast hide marinated with herbs and chili peppers, rolled into a tube, and charcoal-grilled. Grants @{1}%~@{2}% DMG vs Demi-Human for @{3} hours.	香草と唐辛子で漬け込み、筒状に丸めて炭火で焼き上げた野獣の皮。@{3}時間、人間種族へのダメージが@{1}%～@{2}%増加する。
24623	A new version is available! Update before entering the game to receive an <color=#F2A35D>Update Reward</color>! We recommend updating over Wi-Fi.	新しいバージョンが利用可能です！ ゲームに入る前にアップデートして、<color=#F2A35D>アップデート報酬</color>を受け取りましょう！ Wi-Fi環境でのアップデートをおすすめします。
24624	The current server is running the ${1} scenario. You must download the base scenario pack to play. The scenario pack is ${2} MB. Download it now?	現在のサーバーはシナリオ「${1}」を実行中です。プレイするにはベースシナリオパックをダウンロードする必要があります。シナリオパックの容量は${2}MBです。今すぐダウンロードしますか？
24625	Maya summons a ^{1}sand tornado^{2} that continuously uses Launch to send ^{3}small tornadoes outward^{4}. Players must reposition to evade them.	マヤは^{1}砂の竜巻^{2}を召喚し、継続的に放出させて^{3}小型の竜巻を外側へ飛ばす^{4}。プレイヤーは位置を変えて回避する必要がある。
24626	This skill point allocation includes a Skill Upgrade. Once confirmed, the upgraded skill will replace its prerequisite skill. Confirm allocation?	このスキルポイント配分にはスキルアップグレードが含まれています。確定すると、アップグレードされたスキルが前提スキルと置き換わります。配分を確定しますか？
24627	Hmm, whether it's the tranquil morning light, joyous laughter, or a heartfelt embrace, each is a beautiful way to say goodbye before setting out.	ふむ、穏やかな朝の光であれ、楽しげな笑い声であれ、心からの抱擁であれ、旅立ちの前の別れの挨拶としてはどれも美しいものだね。
24628	Go back? But my research is at a critical stage, and the energy readings here are unprecedented! If I stop now, all my work could be for nothing.	戻るだって？ でも私の研究は今まさに正念場なんだ。ここでのエネルギー測定値はかつてないほど高い！ 今やめたら、これまでの研究がすべて水の泡になってしまう。
24629	That ^{1}【poor girl】^{2} hasn't moved at all. Could she be injured? Oh, it's chilly in this cave. Do you have any spare clothes? Please help her.	あの^{1}【可哀想な少女】^{2}、全く動かないわ。怪我でもしているのかしら？ ああ、この洞窟は冷えるわね。着替えの服を持っていない？ 彼女を助けてあげて。
24630	Congratulations! Your server has earned every Progress Reward in the Otherworldly Arrival event. Here's your prize. Please check the attachments!	おめでとうございます！ あなたのサーバーは「異界からの降臨」イベントの全進捗報酬を達成しました。こちらが報酬です。添付のメールをご確認ください！
24631	Ahem... Anyway, I really can't Thank You enough. If you hadn't arrived when you did, I'd probably be a skeleton picked clean in that nest by now.	ゴホン…何はともあれ、本当にお礼の言いようもありません。あなたが来てくれなかったら、今頃あの巣の中で骨の髄までしゃぶり尽くされていたところですよ。
24632	D-Don't bite me! I'm an academic! I'm studying... the population distribution of urban cockroaches! Yes, cockroaches! I'm a cockroach researcher!	か、噛まないでくれ！ 私は学者だ！ 私は…街のゴキブリの生息分布を研究しているんだ！ そう、ゴキブリだ！ 私はゴキブリの研究者なんだ！
24633	We're willing to give you what you want in exchange. But now that you've Discovered our secret, we can't simply let you leave. How about this...?	お望みのものをお渡しする用意はあります。ですが私たちの秘密を知ってしまった以上、ただで帰すわけにはいきません。こうしませんか…？
24634	Only sufficient numbers will let me take my research deeper, and the deeper my research goes, the more amazing your rewards will be. We both win.	十分な数があってこそ研究をより深められる。そして研究が深まれば、あなたへの報酬もより素晴らしいものになる。お互いにとって得な話だろう。
24635	Serve as the party's damage dealer\nPlayers who select this role have exceptional damage-dealing capabilities and must focus on damaging enemies.	パーティのアタッカーを担当する\nこの役割を選択したプレイヤーは高い攻撃能力を持ち、敵へのダメージを与えることに集中する必要があります。
24636	The gates of the Royal Capital are open! It is the ultimate symbol of glory, and only the strongest guild can claim the summit and reign supreme!	王都の城門が開かれた！ それは至高の栄光の象徴であり、最強のギルドのみが頂点に立ち、覇を唱えることができるのだ！
24637	Obtained from Final Trial activities in the Realm of the Gods. A symbol of Honor and glory!! Can be exchanged for Rare rewards in the Trial Shop.	神域の最終試練イベントで獲得できる。名誉と栄光の象徴！！ 試練ショップでレアな報酬と交換できる。
24638	Strikes an enemy with great force, dealing Physical ATK * ^{1}${2}% + ${3}^{2} Neutral melee Physical DMG to a designated ST enemy within ${1} m.	渾身の力で敵を強打し、${1}m以内の指定した敵単体に物理攻撃力*^{1}${2}%+${3}^{2}の無属性近接物理ダメージを与える。
24639	Summons a massive comet from space, dealing ATK * ^{1}@{4}%^{2} damage to up to @{3} enemies in a target area with a @{2} m radius within @{1} m.	宇宙から巨大な彗星を召喚し、@{1}m以内の半径@{2}mの対象エリア内にいる敵最大@{3}体に攻撃力*^{1}@{4}%^{2}のダメージを与える。
24640	Increases your DEX by ^{1}${1}^{2} and AGI by ^{3}${2}^{4}, and reveals ^{5}Hidden^{6} enemies within a Distance of ${3} meters for ${4} seconds.	自身のDEXを^{1}${1}^{2}、AGIを^{3}${2}^{4}増加させ、${4}秒間、${3}m以内の距離にいる^{5}潜伏中^{6}の敵を看破する。
24641	For the next ${1} seconds, increases own Attack Speed by ${2}% and grants Basic Attacks a ${3}% Chance to trigger ^{1}^{2}[Cursed Slash]^{3}^{4}.	次の${1}秒間、自身の攻撃速度が${2}%増加し、通常攻撃時に${3}%の確率で^{1}^{2}[カーススラッシュ]^{3}^{4}が発動する。
24642	B-Bunny ears? A hair band you wear on your head?! (Frantically tugs on the player's sleeve) Did you hear that? It must be a revelation from Odin!	う、うさぎの耳？ 頭につけるヘアバンドですって？！ （必死にプレイヤーの袖を引っ張る） 聞いた？！ オーディン様のお告げに違いないわ！
24643	If the game client encounters an error, you can use this Function to attempt a repair.\n Repairing will close the game. Please reopen it manually.	ゲームクライアントでエラーが発生した場合、この機能を使って修復を試みることができます。\n修復を行うとゲームが終了します。手動で再起動してください。
24644	Baphomet summons demonic stone pillars, then ^{1}uses a targeted skill^{2}. Players must ^{3}hide behind the pillars^{4} to avoid the area damage.	バフォメットは悪魔の石柱を召喚した後、^{1}ターゲットスキルを使用する^{2}。プレイヤーは範囲ダメージを避けるために^{3}石柱の背後に隠れる^{4}必要がある。
24645	The Book of Job Advance ahead records the traits and potential of every job. Young sprout of Midgard, go forth and choose the path that suits you.	この先にある転職の書には、あらゆる職業の特性と潜在能力が記されている。ミッドガルドの新芽よ、進み出て己にふさわしき道を選ぶがよい。
24646	I like you, so I'll give you an honest price! I'd charge anyone else @{1} Copper Coins for this sword, but if you're serious, it's yours for @{2}!	あんたのことは気に入ったから、正直な価格を教えてやるよ！ 他の奴ならこの剣に銅貨@{1}枚はふんだくるところだが、本気で買うなら@{2}枚で譲ってやる！
24647	Heh, to each their own. What a shame. Please accept this small gift as a Thank You for your help earlier. May life always be so... “easy” for you.	ふっ、十人十色だな。残念だよ。さっき助けてくれたお礼に、このささやかな品を受け取ってくれ。君の人生がこれからも…「気楽」なものでありますように。
24648	That's amazing! After your Job Advance, will you be able to carry little Me to victory too? I don't want to hide in the back and cheer every time.	すごーい！ 転職したら、このあたしのことも勝利へ連れていってくれる？ 毎回後ろに隠れて応援するだけなんて嫌だからね。
24649	Creates a spherical area with a radius of @{1} meters at your location. Players within the area are immune to poison zone damage for @{2} seconds.	自身の足元に半径@{1}mの球状エリアを展開する。エリア内のプレイヤーは@{2}秒間、毒エリアのダメージを無効化する。
24650	Launch three musical phrases from ^{1}【Sacrament】^{2}, dealing Holy ranged magic damage equal to Magic ATK * ^{3}${1}%^{4} to the target ST enemy.	^{1}【サクラメント】^{2}の楽節を3つ放ち、対象の敵単体に魔法攻撃力*^{3}${1}%^{4}の聖属性遠距離魔法ダメージを与える。
24651	While active, 【Warg Strike】, 【Warg Bite】, and 【Warg Hunt】 Summon Extra warg companions that deal ${1}% more Physical damage to non-player enemies.	発動中、【ウォーグストライク】、【ウォーグバイト】、【ウォーグハント】で追加のウォーグの仲間を召喚し、プレイヤー以外の敵に与える物理ダメージが${1}%増加する。
24652	When a Debuff/Control-type protection skill scores a HIT, the enemy takes Extra *specified* damage when hit for @{1} sec. (internal CD: @{2} sec.)	デバフ/行動阻害系の保護スキルが命中した際、敵は攻撃を受けたときに@{1}秒間、追加の*指定*ダメージを受ける。（内部CD：@{2}秒）
24653	^{1}^{2}【Magic Crasher】^{3}^{4} and ^{5}^{6}【Napalm Vulcan】^{7}^{8} gain a ^{9}${1}%^{10} skill damage multiplier and ^{11}${2}^{12} fixed damage.	^{1}^{2}【マジッククラッシャー】^{3}^{4}および^{5}^{6}【ナパームバルカン】^{7}^{8}のスキルダメージ倍率が^{9}${1}%^{10}増加し、固定ダメージが^{11}${2}^{12}増加する。
24654	Increases ^{1}Damage Increase by @{1}%^{2} and ^{3}DMG Reduction by @{2}%^{4}, and increases the team's Revive count in the Dungeon by ^{5}@{3}^{6}	^{1}与ダメージが@{1}%増加^{2}、^{3}被ダメージが@{2}%減少^{4}し、ダンジョン内でのチームの復活可能回数が^{5}@{3}回^{6}増加する。
24655	When hit by a player's ST magic skill, reflects @{1}% of the damage taken, up to @{2}% of the attacker's Max Life. Internal Cooldown: @{3} seconds.	プレイヤーの単体魔法スキルを受けた際、受けたダメージの@{1}%を反射する（最大で攻撃側の最大HPの@{2}%まで）。内部クールダウン：@{3}秒。
24656	You can use the instrument to play a variety of songs with powerful support abilities. The notes may sound delightful but they are actually deadly.	楽器を使って強力な支援効果を持つ様々な楽曲を演奏できる。心地よく響く音色だが、実は命取りとなる危険を秘めている。
24657	A doll made to be carried on your head. If you hear a cat meowing from somewhere or feel something moving on your head, it's just your imagination.	頭の上に載せるために作られた人形。どこからか猫の鳴き声が聞こえたり、頭の上で何かが動いた気がしても、それはただの気のせいだ。
24658	Tap here to enable or disable Smart Cast for the corresponding skill. During auto-battle, the System will cast the skill according to this setting.	ここをタップして対応するスキルのスマートキャストの有効/無効を切り替えます。オートバトル中、システムはこの設定に従ってスキルを発動します。
24659	Ask the Item Merchant what's going on. He works with gathered Materials year-round, so he should know more about the monsters' movements than I do.	道具商人に何が起きているのか聞いてみよう。彼は一年中集められた素材を扱っているから、私よりもモンスターの動向に詳しいはずだ。
24660	Odin is the god we serve. He is known as both the God of War and the God of Children. He would even sacrifice one of his own eyes for his children.	オーディンは私たちが仕える神です。戦の神であると同時に子供たちの神としても知られています。我が子のためなら自らの片目さえ捧げるほどなのです。
24661	Don't worry. The Craft process is Easy. Once you have all the required Material, I guarantee I'll make you the sturdiest equipment in all Prontera!	心配いらないよ。製作手順は簡単さ。必要な材料が全部揃えば、プロンテラで一番頑丈な装備を作ってやるよ！
24662	Vendor's Cry\nStep right up! Freshly forged Novice Steel Swords! With one of these, your mom will never worry about you running into a Fabre again!	露天商の呼び込み\nさあさあいらっしゃい！ 鍛え立てのノービス用スチールソードだよ！ これさえあれば、ファブルに出くわしてもお母さんに心配かけずに済むぜ！
24663	Ore containing meteorite that can be refined into a Meteorite Chunk.\nObtainable through ^{1}Life Skill - Miner^{2}. Used to Craft T@{1} Equipment.	精錬して隕石の塊にできる隕石を含んだ鉱石。\n^{1}生活スキル - 採掘^{2}で入手可能。T@{1}装備の製作に使用する。
24664	Splits into three clones to attack a small area, then creates a circular field of moonlight and summons a ring of shadows to attack nearby targets.	3体の分身に分裂して狭い範囲を攻撃した後、円形の月光エリアを展開し、影の輪を召喚して周囲のターゲットを攻撃する。
24665	When I was about fourteen or fifteen, I had a crush on a boy. To get his attention, I picked on his Peco Peco, and we ended up having a huge fight.	私が十四、五歳の頃、ある男の子に片思いしていたの。気を引きたくて彼のペコペコにちょっかいを出したら、大ゲンカになっちゃってね。
24666	After casting 【Meteor Assault】, deals Neutral melee Physical damage equal to Physical ATK * ${3}% to up to ${2} enemies within a ${1}-meter radius.	【メテオアサルト】発動後、${1}m以内の敵最大${2}体に物理攻撃力*${3}%の無属性近接物理ダメージを与える。
24667	For each enemy hit by ^{1}^{2}【Lord of Vermilion】^{3}^{4}, its DMG Bonus increases by ^{5}${1}%^{6}, up to ^{7}${2}%^{8}, for every @{1} enemy hit.	^{1}^{2}【ロードオブヴァーミリオン】^{3}^{4}が敵に命中するごとに、敵@{1}体命中につき与ダメージが^{5}${1}%^{6}増加する（最大^{7}${2}%^{8}まで）。
24668	Use battering rams, siege ladders, cannons, Madogear Pilots, and other siege equipment to breach the defenders' gate and charge into the Inner Area.	破城槌、攻城梯子、大砲、魔導ギアなどの攻城兵器を駆使して防衛側の城門を突破し、内部エリアへ突撃せよ。
24669	A core Member of the Church with greater effectiveness against Undead monsters, making this build better suited for Priest auto-battle in the field.	教会の中核を担う聖職者。不死属性モンスターへの攻撃に優れ、フィールドでプリーストをオートバトルさせるのに適したビルド。
24670	@{1}.Spend Divine Totem Currency to Level-up Divine Totems, enhancing the effects of deployed Divine Totems.\n Divine Totem levels reset each Season	@{1}.ディバイントーテム通貨を消費してディバイントーテムをレベルアップし、配置したディバイントーテムの効果を強化する。\nディバイントーテムのレベルは各シーズンごとにリセットされる
24671	Chance of obtaining a complete S-rank pet: @{1}%\nChance of obtaining a complete A-rank pet: @{2}%\nChance of obtaining a complete B-rank pet: @{3}%	完全なSランクペットの獲得確率：@{1}%\n完全なAランクペットの獲得確率：@{2}%\n完全なBランクペットの獲得確率：@{3}%
24672	Defeating the corresponding monsters on the following maps will count:\n@{1}.【Shipwreck Labyrinth Floor @{2}】\n@{3}.【Shipwreck Labyrinth Floor @{4}】	以下のマップで対応するモンスターを討伐するとカウントされます：\n@{1}.【沈没船の迷宮 @{2}層】\n@{3}.【沈没船の迷宮 @{4}層】
24673	Dried Strawberry and herb leaves slow-simmered into a light red soup with a delicate sweetness. Grants @{1}%-@{2}% DMG vs Demi-Human for @{3} hours.	乾燥イチゴと薬草の葉をとろ火でじっくり煮込んだ、ほんのり甘い薄紅色のスープ。@{3}時間、人間種族へのダメージが@{1}%～@{2}%増加する。
24674	When dealing damage, has a @{1}% Chance to inflict 【Stun】 on the enemy for @{2} sec. Internal Cooldown: @{3} sec. Chance stacks with multiple cards.	ダメージを与えた時、@{1}%の確率で敵に@{2}秒間の【スタン】を付与する。内部クールダウン：@{3}秒。確率は複数枚のカードで重複する。
24675	When dealing damage, has a @{1}% Chance to inflict 【Fear】 on the enemy for @{2} sec. Internal Cooldown: @{3} sec. Chance stacks with multiple cards.	ダメージを与えた時、@{1}%の確率で敵に@{2}秒間の【恐怖】を付与する。内部クールダウン：@{3}秒。確率は複数枚のカードで重複する。
24676	While ^{1}^{2}[Auto Guard]^{3}^{4} is active, taking damage increases your DMG Reduction by ${1}% for ${2} seconds. Internal Cooldown: ${3} seconds.	^{1}^{2}[オートガード]^{3}^{4}の発動中、ダメージを受けると${2}秒間自身の被ダメージが${1}%減少する。内部クールダウン：${3}秒。
24677	Small and delicate, this is perfect for looking cute in front of your sweetheart. A must-have for any handsome young man or beautiful young woman...	小さくて愛らしく、意中の相手の前で可愛く見せるのにぴったり。美男美女には欠かせない必須アイテム…
24678	No current monster Kill activity detected. High-rate Auto Mode will Enter a suspended state and Auto-activate after you Kill a monster in the Field.	現在モンスターの討伐アクティビティが検出されません。高効率自動戦闘モードは一時停止状態となり、フィールドでモンスターを討伐すると自動的に再開されます。
24679	Tell you what—I'll give you a request with a generous reward. Go to ^{1}【Payon】^{2} and help the Elder Lady solve the case of the missing livestock.	そうだ――気前のいい報酬つきの依頼をあげよう。^{1}【フェイヨン】^{2}へ行って、おばあさんの家畜行方不明事件を解決してやってくれないか。
24680	Oh? That old lady with the poor eyesight? This is about the airship, isn't it? Eddga's mane... Yes, that certainly sounds like something she'd need.	おや？ あの目の不自由なおばあさんのことかい？ 飛行船の件だろう？ エドガのたてがみか…うん、確かにあの人が欲しがりそうなものだね。
24681	You're just in time! The concentration of Poison Mushroom spores has more than doubled, and over half the medicinal herbs I've collected are ruined.	いいところに来てくれた！ ポイズンスポアの胞子濃度が2倍以上に膨れ上がって、採集した薬草の半分以上が台無しになってしまったんだ。
24682	But You need to hurry. I've seen more aggressive monsters over the past few months than I did in the previous 3 years combined. That's No good sign.	だが急ぐ必要があるぞ。ここ数ヶ月で見かけた凶暴なモンスターの数は、過去3年間を合わせたよりも多い。不吉な予兆だ。
24683	That's right, little one. But this isn't a Normal outing. We're going to Complete the Commission, and we may face all kinds of danger along the way.	そうだね、坊や。でもこれは普通の遠足じゃないんだ。依頼を達成しに行くんだから、道中どんな危険に遭うかわからないよ。
24684	Summons the holy light of Judex, dealing Holy ranged magic damage equal to your Magic ATK*^{1}${2}%^{2} to a designated ST enemy within ${1} meters.	ジュデックスの聖なる光を召喚し、${1}m以内の指定した敵単体に魔法攻撃力*^{1}${2}%^{2}の聖属性遠距離魔法ダメージを与える。
24685	Angeling summons three Self-Destruct Porings nearby. The Self-Destruct Porings explode after @{1} sec, damaging players in a large surrounding area.	エンジェリングは周囲に自爆ポリンを3体召喚する。自爆ポリンは@{1}秒後に爆発し、周囲の広範囲にいるプレイヤーにダメージを与える。
24686	Launch two musical phrases from ^{1}【Sacrament】^{2}, dealing Holy ranged magic damage equal to Magic ATK * ^{3}${1}%^{4} to the designated ST enemy.	^{1}【サクラメント】^{2}の楽節を2つ放ち、指定した敵単体に魔法攻撃力*^{3}${1}%^{4}の聖属性遠距離魔法ダメージを与える。
24687	Increases the effect radius of 【Shadow Guard】, 【Thousand Shadows】, and 【Circling Shadow】 by @{1} m and their percentage damage multipliers by @{2}%.	【シャドウガード】、【千影】、【旋影】の効果範囲を@{1}m拡大し、割合ダメージ倍率を@{2}%増加させる。
24688	After casting [Dark Illusion], gain @{2}% Movement Speed and @{3} Slow Resistance for @{4} sec. after @{1} sec, and silence the target for @{5} sec.	[ダークイリュージョン]発動後、@{1}秒経過すると@{4}秒間移動速度が@{2}%増加し、減速耐性が@{3}増加する。さらにターゲットを@{5}秒間沈黙させる。
24689	When using [Rolling Cutter], Movement Speed increases by @{1}%, [Rolling Cutter] damage increases by @{2}%, and its radius increases by @{3} meters.	[ローリングカッター]使用時、移動速度が@{1}%増加し、[ローリングカッター]のダメージが@{2}%増加、範囲が@{3}m拡大する。
24690	I'm the technician responsible for Enhancing weapons and armor. Some people say it's trivial work, but that's merely the biased opinion of amateurs.	私は武器や防具の強化を担当している技術者だ。取るに足らない仕事だと言う者もいるが、それは素人の偏見にすぎないよ。
24691	Festival Invitation has begun! In @{1} minutes, the System will select ${1} lucky stars from all Online players across the Entire Server. Get Ready!	祝典の招待が始まりました！ @{1}分後、全サーバーのオンラインプレイヤーの中からシステムがラッキースター${1}名を選出します。準備をお忘れなく！
24692	A vocal part gained from the Song of Suffering. Lasts ${1} seconds and stacks up to ${2} floors. Each floor adds one phrase launched by a Sacrament.	苦痛の声から得られる声部。${1}秒間持続し、最大${2}スタックまで重複する。1スタックごとにサクラメントから放たれる楽節が1つ増加する。
24693	Season Combat Power resets with each Season.\nSeason Breakthrough, Season Refinement, pet Level-up, and Soul Echoes can increase Season Combat Power.	シーズン戦闘力は各シーズンごとにリセットされます。\nシーズン突破、シーズン精錬、ペットのレベルアップ、ソウルエコーによってシーズン戦闘力を上昇させることができます。
24694	When dealing damage, has a @{1}% Chance to inflict 【Blind】 on the enemy for @{2} sec. Internal Cooldown: @{3} sec. Chance stacks with multiple cards.	ダメージを与えた時、@{1}%の確率で敵に@{2}秒間の【暗黒】を付与する。内部クールダウン：@{3}秒。確率は複数枚のカードで重複する。
24695	When dealing damage, has a @{1}% Chance to inflict 【Curse】 on the enemy for @{2} sec. Internal Cooldown: @{3} sec. Chance stacks with multiple cards.	ダメージを与えた時、@{1}%の確率で敵に@{2}秒間の【呪い】を付与する。内部クールダウン：@{3}秒。確率は複数枚のカードで重複する。
24696	When dealing damage, has a @{1}% Chance to inflict 【Sleep】 on the enemy for @{2} sec. Internal Cooldown: @{3} sec. Chance stacks with multiple cards.	ダメージを与えた時、@{1}%の確率で敵に@{2}秒間の【睡眠】を付与する。内部クールダウン：@{3}秒。確率は複数枚のカードで重複する。
24697	While the Orbit persists, allies within a radius of @{1} meters gain increased Movement Speed, while the Madogear Pilot gains @{2}% Damage Reduction.	オービットの持続中、半径@{1}m以内の味方の移動速度が増加し、魔導ギア操縦士の被ダメージが@{2}%減少する。
24698	Using Unstuck will cause your Character to die. This cannot be undone. After death, use Revive to complete Unstuck. Are you sure you want to proceed?	スタック脱出を使用するとキャラクターが死亡します。この操作は取り消せません。死亡後、復活を行うことで脱出が完了します。本当に続行しますか？
24699	Abacus in hand, cart at the ready. A natural gift for business never stops this merchant from turning a pushcart into the perfect battlefield weapon.	片手に算盤、手押し車の準備は万端。持ち前の商才を発揮し、手押し車さえも戦場の完璧な武器へと変貌させる。
24700	When fighting other players, you deal Extra damage to players with a lower Title level, but deal reduced damage to players with a higher Title level.	他プレイヤーとの戦闘時、称号レベルが自身より低いプレイヤーには追加ダメージを与え、称号レベルが自身より高いプレイヤーへの与ダメージは減少する。
24701	A Crown shaped like Thorn branches, adorned with gemstones, tiny osmanthus-like flowers, and dark butterflies. A bow at the back trails long tassels.	茨の枝を模した王冠。宝石やモクセイに似た小花、黒い蝶があしらわれている。後頭部のリボンからは長い房飾りが垂れている。
24702	Transfer guild leadership to <color=#C26B47>${1}</color>?\n(After the transfer is successful, your position will immediately change to Guild Member.)	ギルドマスターの権限を<color=#C26B47>${1}</color>に譲渡しますか？\n（譲渡が成功すると、あなたの役職は即座にギルドメンバーに変更されます。）
24703	Just as every sunset brings a sunrise, Morroc's tireless nomads labor in the shadows to maintain the inexhaustible water supply that sustains Morroc.	日が沈めば必ず朝日が昇るように、モロックの勤勉な流浪者たちは陰ながら汗を流し、モロックを支える尽きることのない水源を守り続けている。
24704	Adventurer, there are still more notes to decipher. If your search leads nowhere, try asking your companions. They may be able to offer some insight.	冒険者よ、解読すべき手記はまだ残されている。手掛かりが見つからなければ、仲間に聞いてみるといい。何かヒントをくれるかもしれない。
24705	Worse yet, the core part I ordered was on that wagon. Without that component, this instrument is nothing but scrap metal. There's no way to start it.	さらに悪いことに、注文した中核部品があの荷車に乗っていたんだ。あの部品がなければ、この装置もただの鉄くず同然。起動させることすらできない。
24706	Go on, but be quick and exercise caution when making Contact. If you Destroy this miracle, the consequences will be far beyond anything you can bear.	行ってくれ。だが迅速に行動し、接触する際はくれぐれも慎重にな。もしこの奇跡を壊してしまえば、君には到底背負いきれない事態になるぞ。
24707	Captain\nThey're probably planning to board us and seize both the crew and cargo. I'll leave the fighting to you while I try to shake these bastards!	船長\n奴らめ、船に乗り込んできて乗組員も積み荷も根こそぎ奪う気配だ。戦いはあんたに任せる。俺はこのクソ野郎どもを振り切ってみせるぜ！
24708	Rumor has it that anyone who understands this fragment can return their attributes to their Initial state.\n^{1}Use: Resets allocated stat points^{2}	この欠片を理解した者は、自身のステータスを初期状態に戻すことができるという噂がある。\n^{1}使用：配分済みステータスポイントをリセット^{2}
24709	The Relic begins to glow, and Pharaoh leaps out, catching everyone off guard. The knights are too busy to help, so they ask you to fight the monster.	遺物が輝き始め、ファラオが不意を突いて飛び出してきた。騎士たちは手が離せないため、あなたにその魔物と戦うよう求めている。
24710	Unleashes flames to incinerate enemies, dealing ATK * ^{1}@{4}%^{2} damage to up to @{3} enemies in a target area with a @{2} m radius within @{1} m.	炎を放って敵を焼き尽くし、@{1}m以内の半径@{2}mの対象エリア内にいる敵最大@{3}体に攻撃力*^{1}@{4}%^{2}のダメージを与える。
24711	Strike the enemy with full force, dealing Physical ATK*^{1}${2}%+${3}^{2} Neutral melee Physical damage to the specified ST enemy within ${1} meters.	渾身の力で敵を強打し、${1}m以内の指定した敵単体に物理攻撃力*^{1}${2}%+${3}^{2}の無属性近接物理ダメージを与える。
24712	Vocal begins singing, healing up to ${3} allies within ${2} meters of its master for a total of the master's ^{1}Adaptive ATK^{2}*^{3}${4}%^{4} Life.	ボーカルが歌い始め、主人の周囲${2}m以内の味方最大${3}体のHPを主人の^{1}適応攻撃力^{2}*^{3}${4}%^{4}分回復する。
24713	Summons a flaming arrow from the sky, dealing a total of Magic ATK*^{1}${2}%+${3}^{2} Fire ranged magic damage to the targeted ST enemy within ${1}m.	上空から火の矢を召喚し、${1}m以内の対象の敵単体に合計で魔法攻撃力*^{1}${2}%+${3}^{2}の火属性遠距離魔法ダメージを与える。
24714	${1} has completed the Summon Ritual! The Starshatter Dragon will descend upon the main city in 30 seconds. Adventurers, come witness its arrival!${2}	${1}が召喚の儀式を完了しました！30秒後、砕星の巨竜がメイン都市に降臨します。冒険者の皆様、ぜひその瞬間をお見届けください！${2}
24715	Soft Plant fibers. Gather them to obtain a Low-grade Plant. ^{1}Used by the Chef Life Skill to make various restorative Potions and Cooking dishes^{2}	柔らかい植物の繊維。採集すると低品質の植物を獲得できる。^{1}生活スキル「料理人」で各種回復ポーションや料理の調理に使用する^{2}
24716	Almagia has recovered its energy. ^{1}Players on its back must escape by sliding down its tail^{2}, then resume the battle when it becomes Weak again.	アルマギアが活力を取り戻した。^{1}背中に乗っているプレイヤーはその尻尾を滑り降りて脱出^{2}し、再び弱体化するのを待って戦いを再開する必要がある。
24717	When dealing damage, has a @{1}% Chance to inflict 【Freeze】 on the enemy for @{2} sec. Internal Cooldown: @{3} sec. Chance stacks with multiple cards.	ダメージを与えた時、@{1}%の確率で敵に@{2}秒間の【凍結】を付与する。内部クールダウン：@{3}秒。確率は複数枚のカードで重複する。
24718	When hit by a player's ST Physical skill, reflects @{1}% of the damage taken, up to @{2}% of the attacker's Max Life. Internal Cooldown: @{3} seconds.	プレイヤーの単体物理スキルを受けた際、受けたダメージの@{1}%を反射する（最大で攻撃側の最大HPの@{2}%まで）。内部クールダウン：@{3}秒。
24719	After every ${1} casts of ^{1}^{2}[Smite]^{3}^{4}, the next ^{5}^{6}[Smite]^{7}^{8}'s percentage damage multiplier and fixed damage increase by ${2}%.	^{1}^{2}[スマイト]^{3}^{4}を${1}回発動するごとに、次の^{5}^{6}[スマイト]^{7}^{8}の割合ダメージ倍率と固定ダメージが${2}%増加する。
24720	^{1}^{2}[Gloria Domini]^{3}^{4} Deals DMG to the locked target an Extra @{1} times, each dealing PATK * ${1}% + ${2} as Neutral Melee Physical damage.	^{1}^{2}[グロリア・ドミニ]^{3}^{4}がロックしたターゲットに追加で@{1}回ダメージを与え、各回ごとに物理攻撃力*${1}%+${2}の無属性近接物理ダメージを与える。
24721	^{1}^{2}【Soul Destroyer】^{3}^{4} Damage Increase: ${1}% to the percentage damage multiplier and ${2} to fixed damage. Variable CT is reduced by ${3}%.	^{1}^{2}【ソウルデストロイヤー】^{3}^{4}の与ダメージ増加：割合ダメージ倍率が${1}%増加、固定ダメージが${2}増加。変動詠唱時間が${3}%短縮される。
24722	Baphomet summons ^{1}demonic stone pillars^{2} that deal damage in a circular area. The pillars then explode, dealing damage in a circular area again.	バフォメットは円形エリアにダメージを与える^{1}悪魔の石柱^{2}を召喚する。その後、石柱が爆発し、再び円形エリアにダメージを与える。
24723	Insufficient Speed-Up Tickets. You need ${1} more to finish instantly. Spend ${2} Sacred Crystals to make up the difference and complete the speed-up?	加速チケットが不足しています。即時完了するにはあと${1}枚必要です。${2}神聖クリスタルを消費して不足分を補い、加速を完了しますか？
24724	Its structure has been Enhanced, giving it greater speed and stealth than an ordinary passenger ship. It's also equipped with basic defensive cannons.	構造が強化されており、通常の客船よりも優れた速力と隠密性を備えている。さらに基本的な防御用の大砲も装備されている。
24725	(Stares at the ground, guilty but defiant) Enough! This old man... I just like standing here and breathing the fresh air! What, do you own this place?	（気まずそうに、しかし反抗的に地面を見つめながら）うるさいな！ ワシは…ただここに立って新鮮な空気を吸っているだけじゃ！ 何だ、ここはあんたの土地とでも言うのか？
24726	Don't worry. The airship has an automatic cruise Function. Human intervention is only needed in special circumstances, so just follow my instructions.	心配いりません。飛行船には自動巡航機能が備わっています。人の手が必要なのは特別な状況の時だけですから、私の指示に従ってください。
24727	That gear looks good. Seems Hollgrehenn didn't slack off this time. Now that your equipment is ready, there's only one thing left that might help you—	いい装備だな。今回はホルグレンの奴も手を抜かなかったようだ。装備が整った今、あとあんたの助けになりそうなものといえば一つだけ――
24728	Since it's so excited, I suppose we can follow our dear investigator. If we follow this scent, we should be able to catch that perverted little thief.	あの子がこんなに興奮しているんだ、名捜査官の後を追ってみようじゃないか。この匂いを辿っていけば、あの変態野郎の小泥棒を捕まえられるはずだ。
24729	Enough nonsense! This is a serious experiment! Hurry—the energy window will only last a few minutes. If we miss it, we'll have to wait until tomorrow.	無駄話はそこまでだ！これは重大な実験なんだぞ！急げ――エネルギー反応が続くのは数分だけだ。逃したら明日まで待つことになる！
24730	If the head trauma poses a risk of Suffocation, would you like me to perform rescue breathing? I am prepared to do so, even at the cost of my dignity.	頭部への衝撃による窒息の恐れがある場合、人工呼吸を行いましょうか？ たとえ私の尊厳が失われようとも、実行する覚悟はできています。
24731	The Gala Invitation has begun! In ${1} minutes, the System will select ${2} lucky stars from among Online players across the Entire Server. Get ready!	祝典の招待が始まりました！ ${1}分後、全サーバーのオンラインプレイヤーの中からシステムがラッキースター${2}名を選出します。準備をお忘れなく！
24732	Bright Red and spicy, it adds heat and aroma to Cooking.\nObtainable through ^{1}Life Skill - Gardener^{2}. Used by the Life Skill - Chef for Cooking.	真っ赤でスパイシー。料理に辛味と香りを加える。\n^{1}生活スキル - 園芸家^{2}で入手可能。生活スキル「料理人」の調理に使用する。
24733	A translucent, deep-blue Crystal orb with what appears to be waves rolling inside. Can be used to craft a Memory Coffer during the Gift of Time event.	内部で波がうねっているかのように見える、半透明の濃紺色の水晶玉。「時間の贈り物」イベント期間中に記憶の小箱を製作するのに使用できる。
24734	A shield used in battle by Gna, an attendant of Frigg, during her time as a Valkyrie. It radiates the fighting spirit of a Valkyrie, a divine warrior.	フリッグの侍女グナーがヴァルキリーだった頃に戦場で使用していた盾。神の戦士たるヴァルキリーの闘気が宿り、輝きを放っている。
24735	Call down an Angel's blessing, increasing STR, DEX, and INT by ^{1}${3}^{2} for you and up to ${2} allies within a ${1}-meter radius for ${4} seconds.	天使の祝福を祈り求め、${4}秒間、自身および半径${1}m以内の味方最大${2}体のSTR、DEX、INTを^{1}${3}^{2}増加させる。
24736	Attacks with psychic power, dealing ranged Magic Damage equal to Magic ATK * ^{1}@{3}%^{2} to an ST enemy within @{1} m and up to @{2} nearby enemies.	念動力で攻撃し、@{1}m以内の敵単体およびその周囲最大@{2}体の敵に魔法攻撃力*^{1}@{3}%^{2}の遠距離魔法ダメージを与える。
24737	Imbues your weapon with rune magic, increasing your ASPD by ^{1}${1}%^{2}. After dealing damage, increases your DEF by ^{3}${2}%^{4} for @{1} seconds.	武器にルーン魔力を宿らせ、自身の攻撃速度を^{1}${1}%^{2}増加させる。ダメージを与えた後、@{1}秒間自身の防御力を^{3}${2}%^{4}増加させる。
24738	Soul Destroyer casting Distance +@{1}. On HIT, Launch two small spherical waves at each of @{2} targets near the target (very, very, very low damage).	ソウルデストロイヤーの射程+@{1}。命中時、ターゲットの周囲@{2}体のターゲットそれぞれに小さな球状の波を2発放つ（ダメージは極めて微小）。
24739	I-I tried... But whenever I think about how close they are to the instructor and how they might mention me to her, I just can't bring myself to ask...	や、やってみたよ…でも、みんなが教官と親しそうにしているところや、私のことを彼女に話すんじゃないかって考えると、どうしても言い出せなくて…
24740	When a shield or control-immunity Protector skill is used, grants [Endure] to up to ${2} allies within a ${1}-meter radius of the master for ${3} sec.	シールド系または妨害無効系の守護スキルを使用時、${3}秒間、主人の周囲半径${1}m以内の味方最大${2}体に[インデュア]を付与する。
24741	Deals Neutral melee ^{5}adaptive damage^{6} equal to the master's ^{1}Adaptive ATK^{2}*^{3}${3}%^{4} to up to ${2} enemies within a ${1}-meter radius.	主人の周囲半径${1}m以内の敵最大${2}体に、主人の^{1}適応攻撃力^{2}*^{3}${3}%^{4}の無属性近接^{5}適応ダメージ^{6}を与える。
24742	Today's guild donor limit has been reached. Further donations will not grant Guild Contribution.\nWe recommend coming back Tomorrow. Continue donating?	本日のギルド寄付上限に達しました。これ以上寄付してもギルド貢献度は獲得できません。\n明日改めて寄付することをおすすめします。寄付を続行しますか？
24743	Weapon—Heavy Cannon:\nPlayers operating the Heavy Cannon can target and bombard parts of Almagia's body.\nSustained bombardment will make Almagia Weak.	兵器――重砲：\n重砲を操作するプレイヤーはアルマギアの体の各部位を狙って砲撃できます。\n砲撃を浴びせ続けることでアルマギアを弱体化させることができます。
24744	【No Chase】Disables chase behavior for this type of skill;\n【Chase】Enables chase behavior for this type of skill and follows its configured chase rules.	【追尾なし】このタイプのスキルの追尾挙動を無効化します。\n【追尾】このタイプのスキルの追尾挙動を有効化し、設定された追尾ルールに従います。
24745	Herbs simmered into soft rice porridge, leaving a lingering bittersweet aroma. Reduces damage taken from Medium monsters by @{1}%~@{2}% for @{3} hours.	薬草をやわらかなお粥にしてじっくり煮込み、ほろ苦く甘い香りを残した一品。@{3}時間、中型モンスターから受けるダメージを@{1}%～@{2}%軽減する。
24746	When dealing damage, has a @{1}% Chance to inflict 【Silence】 on the enemy for @{2} sec. Internal Cooldown: @{3} sec. Chance stacks with multiple cards.	ダメージを与えた時、@{1}%の確率で敵に@{2}秒間の【沈黙】を付与する。内部クールダウン：@{3}秒。確率は複数枚のカードで重複する。
24747	When using ^{1}^{2}[Basic Attack]^{3}^{4} with a Mace, inflicts ^{5}^{6}[Stun]^{7}^{8} on the target for ${1} seconds. Internal Cooldown: ${2} seconds.	メイス装備時に^{1}^{2}[通常攻撃]^{3}^{4}を行うと、ターゲットに${1}秒間の^{5}^{6}[スタン]^{7}^{8}を付与する。内部クールダウン：${2}秒。
24748	Maya summons ^{1}@{1} Petrify Mists^{2} around the target. After a brief delay, the mists move toward the target and damage ^{3}targets they touch^{4}.	マヤはターゲットの周囲に^{1}@{1}個の石化ミスト^{2}を召喚する。少し遅れてミストがターゲットに向かって移動し、^{3}接触したターゲットにダメージを与える^{4}。
24749	Summons a @{2} × @{3} m rectangular magic field within @{1} m, restoring ^{1}@{5}%^{2} Life per sec. to up to @{4} allies within the area for @{6} sec.	@{1}m以内に@{2}×@{3}mの長方形の魔法陣を展開し、@{6}秒間、陣内の味方最大@{4}体のHPを毎秒^{1}@{5}%^{2}回復する。
24750	A jeweled accessory for women. Legend says it was once worn at the wedding of a queen from a certain kingdom. It sharpens the mind while casting magic.	宝石が散りばめられた女性用装身具。伝説によれば、かつてとある王国の王妃の婚礼で身につけられたという。魔法の詠唱時に精神を研ぎ澄ます。
24751	After the merge succeeds, the guild set to Merge into the other guild will be disbanded immediately, and each new Member's position must be reassigned.	合併が成功した後、他のギルドへ合併される側のギルドは即座に解散され、新たな各メンバーの役職は再割り当てする必要があります。
24752	All right, rookie. Excellent work on the mission. The airship is ready, so it's time to meet up with the others. Your true adventure is about to begin!	よし、新人。見事な働きぶりだったぞ。飛行船の準備も整ったことだし、他の連中と合流する時間だ。お前の本当の冒険が今始まるんだ！
24753	Guild 【${1}】 has successfully completed a Merge Guild with this guild. Welcome to all our new friends! Let's unite, support one another, and get along~	ギルド【${1}】が当ギルドとのギルド合併を無事に完了しました。新しい仲間たちを歓迎しよう！ 結束し、支え合って、仲良くやっていこうな～
24754	An Emperium that shines brilliantly. According to ancient texts, it appears only before those destined to change the world. Required to create a guild.	眩い輝きを放つエンペリウム。古代の古文書によると、世界を変える運命にある者の前にのみ現れるという。ギルドの創設に必要。
24755	A translucent, dark-purple Crystal orb containing embers that have yet to burn out. Can be used to craft a Memory Coffer during the Gift of Time event.	まだ燃え尽きていない残り火を宿した、半透明の濃紫色の水晶玉。「時間の贈り物」イベント期間中に記憶の小箱を製作するのに使用できる。
24756	When any ^{1}type of^{2} Primary Battle Skill is cast, the owner gains ^{3}^{4}【Esen's Execution】^{5}^{6}, granting a ${1}% DMG Bonus for ${2} seconds.	いずれかの^{1}種類の^{2}主力戦闘スキルを発動した時、主人は^{3}^{4}【エセンの処刑】^{5}^{6}を獲得し、${2}秒間与ダメージが${1}%増加する。
24757	Unleashes an evil spirit, dealing Neutral melee Physical damage equal to Physical ATK * ^{1}${3}%^{2} to up to ${2} enemies within a ${1}-meter radius.	悪霊を解き放ち、${1}m以内の敵最大${2}体に物理攻撃力*^{1}${3}%^{2}の無属性近接物理ダメージを与える。
24758	After dealing Physical damage, has a @{1}% Chance to trigger an Extra hit that deals Physical damage equal to @{2}% Physical ATK. (Cooldown: @{3} sec.)	物理ダメージを与えた後、@{1}%の確率で追加攻撃が発動し、物理攻撃力の@{2}%に相当する物理ダメージを与える。（クールダウン：@{3}秒）
24759	Monster meat marinated in chili sauce and seared on a griddle until crisp outside and tender within. Increases Physical DEF by @{1}~@{2} for @{3} hours.	チリソースに漬け込んだ魔物の肉を、外はカリッと中は柔らかくなるまで鉄板で焼き上げた料理。@{3}時間、物理防御力が@{1}～@{2}増加する。
24760	The Eden Group has provided special Clues. Adventurers can choose any Misc activity they like and participate to earn commendations from the Eden Group.	楽園団から特別な手がかりが届きました。冒険者は好きなその他アクティビティを選んで参加し、楽園団からの表彰を獲得できます。
24761	You have initiated an Impeachment of Guild Leader ${1}. Selecting Leave Guild will automatically cancel the Impeachment. Are you sure you want to leave?	ギルドマスター${1}に対する弾劾を開始しました。「ギルド脱退」を選択すると弾劾は自動的に取り消されます。本当に脱退しますか？
24762	Summon a barrage of thrusting Spears, dealing ^{1}@{4}%^{2} damage to up to @{3} enemies in a @{1}-meter by @{2}-meter area in the designated direction.	指定方向に無数の槍を突き出して召喚し、@{1}m×@{2}m範囲内の敵最大@{3}体に^{1}@{4}%^{2}のダメージを与える。
24763	Oh? That was fast. Hmm... The materials all meet my standards. Excellent! You're far more capable than that silly boy of mine who does nothing but read.	おや？ 早かったね。ふむ…材料はすべて私の基準を満たしているよ。素晴らしい！ 本ばかり読んでいるうちの出来損ないの息子より、よっぽど頼りになるね。
24764	But enough about that. The Young Man asked me to tell you that if everything's Ready, he'll be waiting by the fountain. Don't keep him waiting too long.	それはさておき、あの若者が、準備がすべて整ったら噴水のそばで待っていると伝えてくれと頼んできたよ。あまり長く待たせないであげておくれ。
24765	When swung, it unleashes a devastating wave of energy that tears across the battlefield. Only a truly fearless hero can master its violent divine power.	ひとたび振るえば、戦場を引き裂く破滅的なエネルギー波を放つ。真に恐れを知らぬ英雄のみが、その猛々しき神の力を制御できるのだ。
24766	A sword forged in a mysterious island nation in the distant East. It is said to be useful not only for combat, but also for cultivating one's character.	遥か東方の神秘的な島国で鍛造された刀剣。戦闘のみならず、己の精神を修養するのにも役立つと言われている。
24767	Increases Physical ATK by ^{1}${1}^{2} and STR by ^{3}${2}^{4}. Increases the duration of Adrenaline Rush, Power Thrust, and Maximize Power by ${3} sec.	物理攻撃力を^{1}${1}^{2}、STRを^{3}${2}^{4}増加させる。アドレナリンラッシュ、オーバートラスト、マキシマイズパワーの持続時間を${3}秒延長する。
24768	Swings the weapon to unleash an energy blade, dealing a total of ATK * ^{1}@{4}%^{2} damage over @{3} hits to up to @{2} enemies within a @{1} m radius.	武器を振るって気刃を放ち、半径@{1}m以内の敵最大@{2}体に合計@{3}回にわたって攻撃力*^{1}@{4}%^{2}のダメージを与える。
24769	Golden Thief Bug summons @{1} Thief Bugs to assist it. Their Basic Attacks inflict 【Paralyze】, reducing the target's Attack Speed by @{2}% for @{3} sec.	黄金蟲は支援のために盗蟲を@{1}体召喚する。その通常攻撃は【麻痺】を付与し、@{3}秒間ターゲットの攻撃速度を@{2}%減少させる。
24770	Our guild successfully cleared ${1} mode of the Nature God Irmata Challenge. After the event ends, please visit the auction to view the Auctioned items.	ギルドが自然の神イルマタの試練の${1}モードをクリアしました！ イベント終了後、オークションを訪れて出品アイテムをご確認ください。
24771	When ^{1}^{2}【Jupitel Thunder】^{3}^{4} hits, it triggers 【Thunderbolt】, dealing Wind Ranged Magic damage equal to MATK*^{5}${1}%+${2}^{6} to the target.	^{1}^{2}【ユピテルサンダー】^{3}^{4}命中時、【サンダーボルト】が発動し、ターゲットに魔法攻撃力*^{5}${1}%+${2}^{6}の風属性遠距離魔法ダメージを与える。
24772	Inflicts Damage over Time on all players and causes every Horong in the arena to move in a circle around the arena's center, damaging players on contact	すべてのプレイヤーに持続ダメージを与え、アリーナ内の全ホロンを中央の周りを円を描くように移動させ、接触したプレイヤーにダメージを与える
24773	Weekly Activity: Guild Members earn Guild Activity by completing guild content. Weekly Guild Activity is the sum of all Guild Members' activity each week	週間活躍度：ギルドメンバーがギルドコンテンツを完了することでギルド活躍度を獲得します。週間ギルド活躍度は全ギルドメンバーの各週の活躍度の合計です
24774	When ^{1}^{2}[Magnus Exorcismus]^{3}^{4} hits a single enemy, its percentage damage multiplier increases by ${1}% and its fixed damage increases by ${2}.	^{1}^{2}[マグヌスエクソシズム]^{3}^{4}が単体の敵に命中した時、割合ダメージ倍率が${1}%増加し、固定ダメージが${2}増加する。
24775	Drake summons ^{1}a massive number of Dynamite Barrels^{2}. Players must evade them according to ^{3}the order in which the Dynamite Barrels explode^{4}.	ドレイクは^{1}大量のダイナマイト樽^{2}を召喚する。プレイヤーは^{3}ダイナマイト樽が爆発する順序^{4}に従って回避しなければならない。
24776	The BOSS repeatedly summons musical currents that lock onto players and deal delayed damage, leaving damaging areas in the arena that players must avoid.	BOSSはプレイヤーをロックオンして遅延ダメージを与える音波の激流を連続で召喚し、アリーナ内にダメージエリアを残すため、プレイヤーは回避する必要がある。
24777	Drake summons^{1}@{1} water tornadoes^{2}. After a while, Drake disperses them,^{3}turning them into @{2} water blades^{4}that damage targets they touch.	ドレイクは^{1}@{1}個の水竜巻^{2}を召喚する。しばらくするとドレイクはそれを拡散させ、^{3}接触したターゲットにダメージを与える@{2}枚の水の刃へと変化させる^{4}。
24778	A backpack specially made for Adventurers who dare to challenge themselves and never give up. Its vivid red matches the fiery spirit burning within them.	挑戦を恐れず決して諦めない冒険者のために特別に作られたバックパック。鮮やかな赤色は、彼らの胸に燃え盛る情熱の炎そのものだ。
24779	Oh, that. Yeah, I lost a fine weapon. A longtime customer left it with me to Enchant. Sigh... I really let them down after they placed their trust in me.	ああ、あれかい。そうなんだ、名刀を失くしてしまってね。常連客からエンチャントを頼まれて預かっていたんだ。はぁ…信じて任せてくれたのに、本当に申し訳ないことをしたよ。
24780	Kafra Battlefield Administrator\nThe Equipment Merchant has appeared on the battlefield! Today's equipment is discounted, so hurry over before it's gone.	カプラ戦場管理人\n戦場に装備商人が現れました！ 本日の装備は割引価格となっておりますので、売り切れる前にお急ぎください。
24781	${1} has completed the summoning ritual. The Starshatter Dragon will descend upon the capital in @{1} seconds. Adventurers are invited to come watch!${2}	${1}が召喚の儀式を完了しました。@{1}秒後に砕星の巨竜が王都に降臨します。冒険者の皆様、ぜひご覧にお越しください！${2}
24782	"When the Fishmen chanted, every storm fell silent. God forged that silence into a blade and carved through the will of seven thousand worlds to resist."	「魚人たちが詠唱を紡ぐと、あらゆる嵐が沈黙した。神はその沈黙を剣へと鍛え上げ、七千の世界が抗おうとする意志を切り裂いた」
24783	An extremely sturdy stone with exceptional hardness, used to make Weapons.\nObtainable through ^{1}Life Skill - Miner^{2}. Used to Craft T@{1} Equipment.	並外れた硬度を誇る極めて頑丈な石。武器の製造に使用される。\n^{1}生活スキル - 採掘^{2}で入手可能。T@{1}装備の製作に使用する。
24784	Some say this dew occasionally forms on the leaves of Yggdrasil. It contains the primal, creative power of Life and can be used for a Pet's Breakthrough.	イグドラシルの葉に時折宿る露だと言われている。命の原初たる創造の力を秘めており、ペットの突破に使用できる。
24785	When casting ^{1}【Healing Skills】^{2}, also removes ^{3}^{4}【Stun】^{5}^{6}, ^{7}^{8}【Freeze】^{9}^{10}, and ^{11}^{12}【Petrify】^{13}^{14} from the target.	^{1}【治癒スキル】^{2}発動時、ターゲットの^{3}^{4}【スタン】^{5}^{6}、^{7}^{8}【凍結】^{9}^{10}、^{11}^{12}【石化】^{13}^{14}も解除する。
24786	Deals Physical ATK * ^{1}${2}% + ${3}^{2} Poison melee Physical DMG to a designated ST enemy within ${1} m and applies ^{3}^{4}【Poisoned】^{5}^{6} damage.	${1}m以内の指定した敵単体に物理攻撃力*^{1}${2}%+${3}^{2}の毒属性近接物理ダメージを与え、^{3}^{4}【毒】^{5}^{6}ダメージを付与する。
24787	Grants Falcon's Eye to allies within @{1} m. Players with Falcon's Eye can see enemies in the ^{1}【Hiding】^{2} state within a @{2} m radius for @{3} sec.	@{1}m以内の味方にファルコンズアイを付与する。ファルコンズアイを得たプレイヤーは@{3}秒間、半径@{2}m以内の^{1}【ハイディング】^{2}状態の敵を視認できる。
24788	Choco lets out an encouraging cheer, increasing the Physical ATK and Magic ATK of up to ${2} allies within ${1} meters by ^{1}${3}%^{2} for ${4} seconds.	チョコが励ましの声をあげ、${4}秒間、${1}m以内の味方最大${2}体の物理攻撃力と魔法攻撃力を^{1}${3}%^{2}増加させる。
24789	Calls down lightning from above, dealing a total of Magic ATK *^{1}${2}% + ${3}^{2} Wind ranged magic damage to a designated ST enemy within ${1} meters.	天より雷を呼び寄せ、${1}m以内の指定した敵単体に合計で魔法攻撃力*^{1}${2}%+${3}^{2}の風属性遠距離魔法ダメージを与える。
24790	The ash tree that blankets the sky,\nWhite dew soaks the mighty tree,\nWhite dew falls and becomes a flood,\nThe evergreen tree that embraces Urd's Well.	天を覆うトネリコの樹、\n白き露が大樹を濡らし、\n白き露が滴り洪水となる、\nウルズの泉を抱く常緑の樹。
24791	Cargo must be placed Above a carpet placement point. The Color and Design of the cargo's placement point must match those of the carpet's placement point.	積み荷は絨毯の配置ポイントの上に置く必要があります。積み荷の配置ポイントの色と模様は、絨毯の配置ポイントと一致していなければなりません。
24792	A reality show hosted by the Kafra Corporation. Participate Solo or as a team, get your opponents Captured, and claim the Grand Prize as the final victor!	カプラコーポレーション主催のリアリティショー。ソロまたはチームで参加し、相手を捕縛して最後の勝者となって豪華報酬を手に入れよう！
24793	When dealing damage, has a @{1}% Chance to inflict 【Immobilize】 on the enemy for @{2} sec. Internal Cooldown: @{3} sec. Chance stacks with multiple cards.	ダメージを与えた時、@{1}%の確率で敵に@{2}秒間の【移動不可】を付与する。内部クールダウン：@{3}秒。確率は複数枚のカードで重複する。
24794	When casting ^{1}^{2}[Spear Throw]^{3}^{4}, you throw one Extra Spear that Deals DMG equal to PATK * ${1}% + ${2} as Extra Neutral Ranged Physical damage.	^{1}^{2}[槍投げ]^{3}^{4}を発動した時、追加で槍を1本投げ、物理攻撃力*${1}%+${2}の追加の無属性遠距離物理ダメージを与える。
24795	Maya repeatedly deals damage in ^{1}circular and ring-shaped areas around herself^{2}, then unleashes ^{3}@{1} large-area Cross Impacts^{4} in succession.	マヤは自身の周囲に^{1}円形およびドーナツ型の範囲ダメージを連続で発生させ^{2}、その後立て続けに^{3}@{1}回の広範囲クロスインパクト^{4}を繰り出す。
24796	Osiris summons ^{1}@{1} Horongs^{2} in the arena. The Horongs damage ^{3}targets they touch^{4} and ^{5}periodically track targets^{6} to change position.	オシリスはアリーナ内に^{1}@{1}体のホロン^{2}を召喚する。ホロンは^{3}接触したターゲットにダメージを与え^{4}、^{5}定期的にターゲットを追尾して^{6}位置を変更する。
24797	Moonlight Flower summons^{1}@{1} clones at the edge of the battlefield^{2}. The clones leap to^{3}the target's surroundings and smash the target area^{4}.	月夜花は戦場の縁に^{1}@{1}体の分身を召喚する^{2}。分身は^{3}ターゲットの周囲へ跳躍し、対象エリアを叩きつける^{4}。
24798	Wow! What a mysterious magical glow... Your head must be filled with stars and arcane runes. Those old scholars in Geffen Tower will be fighting over you!	わあ！ なんて神秘的な魔法の輝き… あなたの頭の中はきっと星や古代のルーンでいっぱいね。ゲフェンタワーの長老学者たちが奪い合いになっちゃうわ！
24799	I'll take care of the lumber! But first, you'll have to drive away those wolves Nearby. Me Porings have been too scared to leave their cages for two days.	木材のことは任せておいて！ でもその前に、近くにいる狼どもを追い払ってほしいんだ。うちのポリンたちが怯えて、2日間も檻から出られないのさ。
24800	We had a little mishap in the desert... Ahem, but our caravan has an excellent Reputation. As soon as we stack this cargo neatly, we can board and depart!	砂漠でちょっとしたハプニングがありましてね…コホン、ですが当隊の評判は折り紙付きです。この積み荷をきちんと積み終え次第、乗船して出発できますよ！
24801	The new Season has officially begun, and everyone is starting from scratch! Hurry to level up and grow stronger, and prepare for the fierce battles ahead!	新シーズンが正式に開幕し、誰もがゼロからのスタートとなります！急いでレベルを上げて強くなり、目の前に迫る激戦に備えましょう！
24802	A lightweight, nontoxic Metal that makes any armor refined with it stronger.\n^{1}Use: Can be used to refine armor and accessories from +@{1} to +@{2}^{2}	精錬された防具をより強固にする、軽量で無毒な金属。\n^{1}使用効果：+@{1}から+@{2}までの防具およびアクセサリーの精錬に使用できます^{2}
24803	A whetstone made using a special process. It improves a Weapon's sharpness.\nObtainable through ^{1}Life Skill - Miner^{2}. Used to Craft T@{1} Equipment.	特殊な製法で作られた砥石。武器の切れ味を高める。\n^{1}生活スキル - 採掘^{2}で入手可能。T@{1}装備の製作に使用する。
24804	On the ^{3}oldest stone bridge^{4} in ^{1}Geffen^{2}, examine the joint in the central support beam. A gift lies within a carefully crafted hidden recess.	^{1}ゲフェン^{2}の^{3}最古の石橋^{4}で、中央の支え梁の継ぎ目を調べよ。精巧に作られた隠し窪みの中に贈り物が眠っている。
24805	A Mage-exclusive heavy strike that deals Physical ATK * ^{1}${2}% + ${3}^{2} Neutral ranged Physical damage to the designated ST enemy within ${1} meters.	マジシャン専用の一撃。${1}m以内の指定した単体の敵に、物理攻撃 * ^{1}${2}% + ${3}^{2}の無属性遠距離物理ダメージを与える。
24806	After casting 【Dark Illusion】, gain ^{1}${1}% Move Speed^{2} and ^{3}${2} Slow Resistance^{4} for ${3} sec. Also ^{5}Silences the target for ${4} sec^{6}.	【ダークイリュージョン】発動後、${3}秒間、^{1}移動速度+${1}%^{2}と^{3}減速耐性+${2}^{4}を獲得する。さらに^{5}対象を${4}秒間沈黙状態にする^{6}。
24807	Gain ${1}% Lifesteal; Normal Attacks trigger Extra damage, dealing damage equal to a Normal Attack to up to @{2} enemies within @{1} meters of the target.	HP吸収+${1}%を獲得する。通常攻撃時に追加ダメージが発生し、対象から@{1}m以内の最大@{2}体の敵に通常攻撃と同等のダメージを与える。
24808	Increases Ghost damage dealt by ^{1}${1}%^{2}, reduces Soul Burst Cooldown by ${2}%, and increases the acquisition rate of Psychic Astral Bodies by ${3}%.	与える念属性ダメージが^{1}${1}%^{2}増加し、【ソウルバースト】のクールダウンを${2}%短縮し、精神星幽体の獲得確率が${3}%増加する。
24809	Grape and Lemon simmered in bitter orange juice for a lingering woody sweetness. Use to increase Demi-Human damage reduction by @{1}%~@{2}% for @{3} hours.	ビターオレンジ果汁でブドウとレモンをじっくり煮込み、木の香りを帯びた甘みを引き出した一品。@{3}時間、人間形モンスターから受けるダメージを@{1}%～@{2}%軽減する。
24810	When ^{1}^{2}【Arrow Shower】^{3}^{4} hits enemies, it deals ${1}%+${2} Extra Neutral Ranged Physical damage to one of them. Internal Cooldown: ${3} seconds.	^{1}^{2}【アローシャワー】^{3}^{4}が敵に命中した時、その中の1体に追加で${1}%+${2}の無属性遠距離物理ダメージを与える。内部クールダウン：${3}秒。
24811	Skill elevated to an art, craftsmanship without limit. A Blacksmith at the pinnacle of the craft wields peerless hands to push forging power to its utmost.	技は芸術の高みへと昇華し、その職人技に限界はない。極致に達したブラックスミスは、比類なき神の手で鍛冶の力を極限まで引き出す。
24812	In the Northern Deep dwells a fish named Kun. Kun is so enormous that no one knows how many thousands of miles it spans... How many grills would that take?	北の深き海に鯤（コン）という魚が棲んでいる。鯤の大きさは幾千里にも及び、誰にも測り知ることはできない……いったい何台の焼き網が必要になるのだろうか？
24813	Professor, be clear. What do you mean by "alive"? What kind of creature did you ship? Don't tell me you've violated the kingdom's safety regulations again!	教授、はっきり言ってください。「生きている」とはどういう意味ですか？いったいどんな生物を輸送したのですか？また王国の安全規定を破ったんじゃないでしょうね！
24814	Meeting someone who has died is essentially impossible. Even if it were possible, their soul would probably have none of the memories they had while alive.	亡くなった人に会うのは、本来なら不可能です。たとえ会えたとしても、その魂には生前の記憶など何一つ残っていないでしょう。
24815	Easy, easy—hear Me out. Ant Hell is really just the outer edge of the ant nest. Maya lives in its deepest reaches, where her brood chamber is also located.	落ち着いて、落ち着いてくれ――俺の話を聞いてくれ。蟻地獄はアントの巣の外縁部にすぎない。マヤはその最深部に棲んでいて、産卵室もそこにあるんだ。
24816	Nicely done. After rescuing someone right from under Maya's nose, you've proven that you have the Eligibility to take on classified Quests of this caliber.	見事な手並みだ。マヤの目の前で人を救い出すとは、このレベルの機密任務を引き受ける資格があることを証明してみせたな。
24817	At least it's Regular food this time. I still haven't forgotten how you snuck a bite of that "chocolate bar" from the litter box. That was so embarrassing.	今回は普通の食べ物でよかったよ。猫砂用トイレにあったあの「チョコバー」を君がこっそりかじった時のことは、今でも忘れられないよ。あれは本当に恥ずかしかったんだから。
24818	Stop! The first floor of the Pyramid has been declared a restricted area. Normal Adventurers are forbidden from entering. It's far too dangerous right now.	止まれ！ピラミッドの1階は立ち入り禁止区域に指定されている。一般の冒険者の立ち入りは禁じられている。今は危険すぎるんだ。
24819	No worries. We're here specifically to deal with that Relic! I'm not afraid of the Monsters here. ^{1}PlayerName^{2} can definitely drive them away, right?	心配いりません。私たちはまさにあの遺物に対処するためにここに来たのです！ここにいるモンスターなんて怖くありません。^{1}PlayerName^{2}が必ず追い払ってくれますよね？
24820	Participate in MVP hunts to receive large quantities of Minted Coins, Cards, and other resources. Rewards have already been sent directly to your Backpack.	MVP狩りに参加すると、大量の鋳造コイン、カード、その他の資源を獲得できます。報酬はすでにバックパックに直接送られました。
24821	Ore containing luminous gold that can be refined into a Luminous Gold Ingot.\nObtainable through ^{1}Life Skill - Miner^{2}. Used to Craft T@{1} Equipment.	発光性の金を含む鉱石。精錬して発光金インゴットにできる。\n^{1}生活スキル - 採掘^{2}で入手可能。T@{1}装備の製作に使用する。
24822	A Magic Arrow imbued with the power of a raging gale and the power of Wind.\n^{1}When Arrow of Wind is equipped on a Bow, attacks become Wind property.^{2}	吹き荒れる突風の力と風の魔力を帯びた魔法の矢。\n^{1}風の矢を弓に装備すると、攻撃が風属性になる。^{2}
24823	Grants Endure to yourself and all allies within a @{1}-meter radius, making them immune to crowd control, knock-up, and knockback effects for @{2} seconds.	自身および周囲@{1}m以内のすべての味方にインデュアを付与し、@{2}秒間、行動妨害、ノックアップ、ノックバック効果を無効化する。
24824	A powerful strike unique to Merchants that deals Physical ATK*^{1}${2}%+${3}^{2} Neutral melee Physical damage to the selected ST enemy within ${1} meters.	マーチャント専用の強力な一撃。${1}m以内の選択した単体の敵に、物理攻撃*^{1}${2}%+${3}^{2}の無属性近接物理ダメージを与える。
24825	You're just one step away from taking on higher-level assignments. Here, this Mount will greatly improve your Move speed, making long journeys much easier.	より上位の任務を引き受けるまであと一歩だ。さあ、この乗り物に乗れば移動速度が大幅に上昇し、長い旅もずっと楽になるはずだ。
24826	The BOSS selects @{1} players and creates @{3} circular AOEs with a @{4}-second warning and a radius of @{5}m every @{2} seconds, for a total of @{6} times	BOSSが@{1}名のプレイヤーを選択し、@{2}秒ごとに@{4}秒の予兆を伴う半径@{5}mの円形範囲攻撃を@{3}個生成する（合計@{6}回）
24827	@{1}.Participate in the mode to earn Currency, which can be used to purchase items from the shop.\n@{2}.You can also earn rewards by reaching a higher rank.	@{1}.このモードに参加して通貨を獲得し、ショップでアイテムを購入できます。\n@{2}.また、より高いランクに到達することで報酬を獲得できます。
24828	After escaping, Nature God Ilmata transformed into its second divine body. It must absorb Almagia's energy to recover—destroy it before it fully recovers!!!	逃走後、自然神イルマタは第二の神体へと姿を変えた。回復のためにアルマギアのエネルギーを吸収しなければならない――完全に回復する前に破壊せよ！！！
24829	Protected by the Sacred Tree Spirit, granting one chance to Instant respawn upon taking fatal damage (excluding deaths caused by certain dungeon mechanics).	世界樹の精霊の加護を受け、致命的なダメージを受けた際に即時復活するチャンスを1回得る（特定のダンジョンギミックによる死亡を除く）。
24830	After taking lethal skill damage, you may choose whether to Revive. After Revive, Life/MP is immediately restored to @{1}%. Internal Cooldown: @{2} minutes.	致命的なスキルダメージを受けた後、復活するかどうかを選択できます。復活後、HP/MPが即座に@{1}%まで回復します。内部クールダウン：@{2}分。
24831	When ^{1}^{2}[Bowling Bash]^{3}^{4} hits only @{1} enemy, it Deals DMG to that enemy equal to an Extra PATK * ${1}% + ${2} as Neutral Melee Physical damage.	^{1}^{2}[ボウリングバッシュ]^{3}^{4}の命中対象が@{1}体のみの場合、その敵に追加で物理攻撃*${1}%+${2}の無属性近接物理ダメージを与える。
24832	Thief is the most agile of all Adventurer classes. Rather than relying on heavy armor to survive, Thieves use their extraordinary reflexes to evade attacks.	シーフはすべての冒険者職業の中で最も俊敏性に優れています。重い防具で耐えるのではなく、並外れた反射神経を駆使して敵の攻撃を回避します。
24833	He shyly asked if I had anything to eat because he was so hungry he could barely walk. Oh my, can you imagine? It was exactly like something out of a novel!	彼はお腹が空いて歩くのもやっとなんだと、恥ずかしそうに何か食べるものはないかと聞いてきたの。まあ、想像できる？まるで小説のワンシーンのようだったわ！
24834	Mmm, you're a quick learner. More skills will become available after you successfully Job Advance, so remember to Learn new skills often and keep improving.	ふむ、飲み込みが早いな。転職に成功するとさらに多くのスキルが解放されるから、こまめに新しいスキルを習得して鍛錬を怠らないようにな。
24835	Haha! I knew something this Easy wouldn't stop you. You stripped that Tree Bark off nice and clean. Looks like you're pretty handy with that Two-Handed Axe!	ハハッ！このくらい簡単なことならお前を止められないと分かってたぜ。樹皮を綺麗さっぱり剥ぎ取ったな。その両手斧の扱いもなかなか堂に入ってるじゃないか！
24836	Hey! Where were you when those snakes surrounded us? You said you'd charge in and rescue us immediately, but I bet you just wanted to stand there and watch!	ちょっと！あの蛇たちに囲まれた時、どこにいたのよ？すぐに突っ込んで助けてくれるって言ったのに、ただ突っ立って見てるつもりだったんでしょう！
24837	I hear you've acquired the Equipment Forging manual. Excellent. Go see Blacksmith Hollgrehenn immediately and Enhance your Weapon and Armor until they glow.	装備鍛造の手引書を手に入れたそうだな。素晴らしい。今すぐ鍛冶屋ホルグレンのところへ行き、武器や防具が輝くまで強化してもらうといい。
24838	I shouldn't send a rookie like you, but you've just completed your Job Advance and seem capable. The Professor can't defend himself, so every second counts.	お前のような新人を送り出すべきではないのだが、転職を終えたばかりの割には頼もしそうだ。教授は自衛ができない、一刻を争うぞ。
24839	Everyone, please, calm down~ Why all the hostility? Since we each have something the other party wants, why don't we resolve this in a more Peaceful manner?	みなさん、どうぞ落ち着いて～どうしてそんなに敵対するのですか？お互いに相手が求めているものを持っているのですから、もっと平和的に解決しませんか？
24840	Congratulations to ${1} for being the first to clear Floor ${2} of the Spirit Tower! All Adventurers can claim the Entire Server reward at the Spirit Tower.	精霊の塔第${2}層の初クリアを達成した${1}様、おめでとうございます！冒険者の皆様は精霊の塔にて全サーバー報酬を受け取ることができます。
24841	When you cast ^{1}【Holy Light】^{2}, reduces the Physical DEF of ^{3}Undead-property^{4} targets and ^{5}Demon Race^{6} targets by ^{7}${1}^{8} for ${2} sec.	^{1}【ホーリーライト】^{2}を発動した時、${2}秒間、^{3}不死属性^{4}の対象および^{5}悪魔系^{6}の対象の物理防御力を^{7}${1}^{8}減少させる。
24842	Reduces a selected ST enemy's AGI by ^{1}${2}^{2} and inflicts a ^{3}${3}%^{4} ^{5}【Slow】^{6} effect for ${4} seconds. The enemy must be within ${1} meters.	${1}m以内の選択した単体の敵のAGIを^{1}${2}^{2}減少させ、${4}秒間、^{3}${3}%^{4}の^{5}【スロー】^{6}効果を付与する。
24843	When healing a player with an ST skill, heals the target and allied units within @{1} meters for an amount equal to (@{2}%) Magic ATK. (Cooldown: @{3} sec.)	単体スキルでプレイヤーを回復する時、対象および@{1}m以内の味方ユニットのHPを、魔法攻撃力の@{2}%に相当する値だけ回復する。（クールダウン：@{3}秒）
24844	After using 【Virus Spread】, deals Poison melee Physical damage equal to Physical ATK × ${3}% to up to ${2} enemies within a ${1}-meter radius of the target.	【ウイルスの蔓延】使用後、対象から半径${1}m以内の最大${2}体の敵に、物理攻撃×${3}%の毒属性近接物理ダメージを与える。
24845	For ${1} seconds after using 【Cloaking】, your next attack deals ${2} Extra hits of Neutral melee Physical damage equal to Physical ATK × ${3}% to the enemy.	【クローキング】使用後${1}秒間、自身の次の攻撃が敵に物理攻撃×${3}%の無属性近接物理追加ダメージを${2}回与える。
24846	Each Kill of <color=#c27b47>1 monster</color> on this map grants <color=#c27b47>1 point</color> and has a Chance to drop a <color=#c27b47>Hunt Medal</color>.	このマップで<color=#c27b47>モンスターを1体</color>討伐するごとに<color=#c27b47>1ポイント</color>を獲得し、確率で<color=#c27b47>狩猟勲章</color>がドロップします。
24847	Load cargo for your guild and dispatch the Guild Caravan's freight wagon to earn abundant Personal Rewards and provide your guild with plenty of Guild Funds!	ギルドのために物資を積み込み、ギルド隊商の貨物馬車を出発させて、豊富な個人報酬を獲得し、ギルドにたっぷりのギルド資金をもたらしましょう！
24848	When making a Physical attack, has a ${1}% Chance to autocast ^{1}^{2}【Bash】 Lv.@{1}^{3}^{4}. Internal Cooldown: ${2} sec. Chance stacks with multiple cards.	物理攻撃時、${1}%の確率で^{1}^{2}【バッシュ】Lv.@{1}^{3}^{4}が自動発動する。内部クールダウン：${2}秒。確率はカードの複数装備で重複する。
24849	The song of a deep-sea whale bears an orchid from a secluded valley. Wherever it carries you, flowers seem to bloom in the sky and stars rise from the water.	深海のクジラの歌が、人里離れた谷の蘭を運んでくる。それがあなたを運ぶところには、空に花が咲き誇り、水面から星が昇るかのようだ。
24850	You did not claim your sweep rewards from the Spirit Tower Yesterday. They have now been reissued through this mail. Please collect them from the attachment.	昨日、精霊の塔のクイッククリア報酬を受け取っていませんでした。本メールにて再配布いたしましたので、添付ファイルよりお受け取りください。
24851	Hahaha! What are you afraid of? I'm here! Even if it costs me my life, I won't let you die before me. All right, Move out. Signal us the moment you find him.	ハハハ！何を怖がっているんだ？俺がいるんだぞ！たとえ命を落とすことになろうと、お前を先に死なせたりはしない。よし、出発だ。彼を見つけたらすぐに合図を送ってくれ。
24852	Go back? You've got to be kidding! We're old man Ryan's assistants, and we're here specifically to protect him. Monsters at this level are no problem at all~	戻る？冗談でしょう！私たちはライアン老人の助手よ、彼を守るためにここに来たんだから。この程度のモンスターなら全く問題ないわ～
24853	●If monsters reduce the seal's durability to 0, the dragon's seal will break, bringing catastrophe to the continent of Midgard and causing the event to fail.	●モンスターによって封印の耐久度が0になると、ドラゴンの封印が解かれ、ミッドガルド大陸に災厄がもたらされてイベントは失敗となります。
24854	When an ^{1}Offensive-type^{2} Primary Battle Skill Deals DMG, it has a ^{3}${1}%^{4} Chance to inflict ^{5}^{6}【Stun】^{7}^{8} on the enemy for ${2} seconds.	^{1}攻撃型^{2}の主戦闘スキルがダメージを与えた時、^{3}${1}%^{4}の確率で敵に${2}秒間^{5}^{6}【スタン】^{7}^{8}を付与する。
24855	The Headless Warrior slams the ground, dealing Neutral melee Physical damage equal to Physical ATK*^{1}${2}%^{2} to a designated ST enemy within ${1} meters.	首なし戦士が地面を叩きつけ、${1}m以内の指定した単体の敵に物理攻撃*^{1}${2}%^{2}の無属性近接物理ダメージを与える。
24856	Leaves a shadow in place. Cast in a selected direction to move ${1} meters in the opposite direction. Cast again within ${2} seconds to return to the shadow.	その場に影を残す。選択した方向に発動すると、逆方向に${1}m移動する。${2}秒以内に再発動すると影の位置に戻る。
24857	Deals Neutral Magic damage equal to MATK * ^{1}${4}%^{2} to up to ${3} Enemy Team targets within a ${2}-meter radius of the target within ${1} meters of You.	自身から${1}m以内の対象から半径${2}m以内の敵チーム最大${3}体に、魔法攻撃 * ^{1}${4}%^{2}の無属性魔法ダメージを与える。
24858	(Eyes sparkling) Could you gather the other materials? (Presses a coin pouch into the player's hands) These are all my savings. You can keep whatever's left!	（目を輝かせて）他の素材を集めてきてくれないかしら？（プレイヤーの手にコイン袋を押し付けながら）これ、私の全財産なの。余った分は取っておいていいから！
24859	While you were unconscious, the Holy See took the Relic away. It's being kept at the Prontera Library for now. If you're interested, you can go see it later.	あなたが気を失っている間に、教皇庁が遺物を持ち去りました。今はプロンテラ図書館に保管されています。興味があるなら、後で見に行ってみるといいでしょう。
24860	When two Guild Members from the same guild are in a party, both gain an Extra bonus: Damage to Bosses +^{1}@{1}%^{2}; damage taken from Bosses -^{3}@{2}%^{4}	同じギルドのギルドメンバー2名がパーティを組んでいる場合、両者が追加ボーナスを獲得：ボスへの与ダメージ+^{1}@{1}%^{2}、ボスからの被ダメージ-^{3}@{2}%^{4}
24861	Several notes are missing from the score shown by the mysterious person. The piece can only be performed successfully after every note puzzle has been solved.	謎の人物から見せられた楽譜にはいくつかの音符が欠けている。すべての音符パズルを解き明かして初めて、この楽曲を完璧に演奏することができる。
24862	Cards in this slot are only active while a <color=#CC762A>two-handed weapon is equipped</color>. This card will be inactive if a one-handed weapon is equipped	このスロットのカードは、<color=#CC762A>両手武器を装備している時</color>のみ有効です。片手武器を装備している場合、このカードは無効になります
24863	Once a pet reaches certain levels, special materials are Required Materials for a breakthrough. After the breakthrough, the pet gains a large number of stats.	ペットが特定のレベルに達すると、突破に特殊素材が必要になる。突破後、ペットのステータスが大幅に上昇します。
24864	I called you all the way out here to show you this! My masterpiece—the 【Pseudogyne Pheromone】! One spritz, and the Giant Ants will treat you like their queen!	わざわざここまで呼んだのは、これを見せるためだよ！私の最高傑作――【擬女王フェロモン】だ！これをひと吹きすれば、ジャイアントアントたちはお前を女王のように扱うだろう！
24865	Honestly, every festival in Prontera is chaotic, but seeing everyone—including an Adventurer like You—pitch in makes me realize what a wonderful city this is.	正直、プロンテラのお祭りはいつも大混乱だけど、あなたのような冒険者も含めてみんなが協力し合っているのを見ると、本当に素敵な街だなって実感するよ。
24866	I can tell from your Battle scars. Recent monster attacks have increased in both frequency and range, perfectly in sync with the tower's magical fluctuations.	君の戦傷を見れば分かるよ。最近のモンスターの襲撃は頻度も範囲も増しており、塔の魔力の揺らぎと完全に一致しているんだ。
24867	You're here. Perfect timing. Let me introduce you. This is Alton, Captain of the White Dove. We'll be relying on his enormous vessel to take us to the desert.	来てくれたな。ちょうどいい。紹介しよう、こちらは貨物飛行船「白鳩号」の船長、アルトンだ。砂漠へ行くには、彼の大型飛行船に乗せてもらうことになる。
24868	A-Are you with the Eden Group? Help Me! The airship is about to depart, but our Party Leader and all our cargo ran into trouble over by the Desert Crossroads!	あ、あなたは楽園団の方ですか？助けてください！飛行船が間もなく出発するのですが、砂漠の十字路の近くでパーティリーダーと積み荷がトラブルに巻き込まれてしまって！
24869	So you're with that deranged scholar... Hmph. I can't believe they're allowing an outsider from Juno to tamper with something vital to the kingdom's security.	あのイカれた学者と一緒か……ふん。ジュノーから来た部外者に王国の安全に関わる重要事項をいじらせるなんて、信じられんよ。
24870	All right. You're wearing Fine equipment, so you must be capable. In that case, could you do Me a favor? My comrades should be fighting the Monsters Nearby...	いいだろう。立派な装備を身につけているようだし、腕は立つのだろう。それなら頼みを聞いてくれないか？近くで私の仲間たちがモンスターと戦っているはずなんだ……
24871	The dungeon is not yet complete. Exit the dungeon?\n<color=#B05142>The first Adventurer to exit the dungeon</color> will receive a dungeon matchmaking penalty	ダンジョンはまだクリアされていません。ダンジョンから退出しますか？\n<color=#B05142>最初にダンジョンを退出した冒険者</color>には、ダンジョンマッチングのペナルティが科されます
24872	Shield skill. Throw your Shield, dealing Neutral Melee Physical DMG equal to PATK * ^{1}${2}%^{2} + *^{3}${3}^{4} to the selected ST enemy within ${1} meters.	盾スキル。盾を投擲し、${1}m以内の選択した単体の敵に物理攻撃 * ^{1}${2}%^{2} + *^{3}${3}^{4}の無属性近接物理ダメージを与える。
24873	Condenses ice and unleashes a freezing mist, dealing ATK * ^{1}@{4}%^{2} damage to up to @{3} enemies in a designated area with a @{2} m radius within @{1} m.	氷を凝縮させて凍てつく霧を放ち、@{1}m以内の指定された半径@{2}mの範囲内の最大@{3}体の敵に、攻撃力 * ^{1}@{4}%^{2}のダメージを与える。
24874	When an ^{1}Offensive-type^{2} or ^{3}Control-type^{4} Primary Battle Skill scores a Kill, restores the owner's HP by ^{5}Adaptive Attack^{6} * ^{7}${1}%^{8}.	^{1}攻撃型^{2}または^{3}行動妨害型^{4}の主戦闘スキルで敵を倒した時、主人のHPを^{5}適応攻撃力^{6}*^{7}${1}%^{8}回復する。
24875	When casting ^{1}any type^{2} of Primary Battle Skill, grants the owner ^{3}【Divine Hope】^{4}, increasing Physical DEF and MDEF by ^{5}${1}%^{6} for ${2} sec.	^{1}任意のタイプ^{2}の主戦闘スキルを発動した時、自身に^{3}【神聖な希望】^{4}を付与し、${2}秒間、物理防御力および魔法防御力を^{5}${1}%^{6}増加させる。
24876	Increases the skill multiplier of each hit of 【Tetra Vortex】 by ^{1}${1}%^{2}. After casting it, You gain ${2} stacks of ^{3}^{4}Elemental Attunement^{5}^{6}.	【テトラボルテックス】の各ヒットのスキル倍率を^{1}${1}%^{2}増加させる。発動後、^{3}^{4}エレメンタルアチューンメント^{5}^{6}を${2}スタック獲得する。
24877	Summon an Auto vending cart Nearby. Items can be purchased from it to resupply the party, potentially reversing an equipment disadvantage at a critical moment.	近くに自動露店カートを召喚する。そこからアイテムを購入してパーティに補給を行うことができ、土壇場での装備の劣勢を覆せる可能性がある。
24878	The "Angel Wing Ears," "Evil Wing Ears," and "Pipe" are collectively known as the "Big Spender's Set," occupying the head, face, and mouth slots, respectively.	「天使の羽耳」「悪魔の羽耳」「パイプタバコ」は総称して「富豪セット」と呼ばれ、それぞれ頭・顔・口のスロットに装備される。
24879	Anyway, we need to get moving. The Eden Group Captain is still waiting at the ^{1}Airship Port in Izlude^{2}. If we take any longer, she's going to be furious.	とにかく、急いで移動しよう。楽園団長が^{1}イズルードの飛行船発着場^{2}でまだ待っているんだ。これ以上遅れたら、ものすごく怒られちゃうよ。
24880	We have reclaimed the following expired items:\n${1}\nYou will receive the following refunded resources:\n${2}\nThank You for your support, and enjoy the game!	以下の期限切れアイテムを回収いたしました：\n${1}\n以下の返還資源を受け取ります：\n${2}\nご支援いただきありがとうございます。引き続きゲームをお楽しみください！
24881	Because your character has been restricted from using the Trade Market, your listed items were automatically delisted. Please collect them from the attachment.	取引所の利用制限が課されたため、出品されていたアイテムが自動的に出品取り消しとなりました。添付ファイルよりお受け取りください。
24882	The caravan was attacked again? By Baphomet? Peace has been hard to come by in that area lately. Professor, did you have more important equipment shipped here?	隊商がまた襲われたのか？バフォメットにか？最近あの辺りは平穏とは程遠いな。教授、また重要な装置をあそこに運ばせていたのか？
24883	Ever since I was chosen, I've been wondering which class to choose. For 3 months, I've changed my answer every day. Today, the moment of truth is finally here.	選ばれてからというもの、どの職業を選ぶべきかずっと悩んでいたんだ。3ヶ月間、毎日答えを変えていたよ。今日、ついに運命の時がやってきたんだ。
24884	Don't call it an "enormous vessel." This is a precision machine. We were supposed to take off in half an hour, but now... 30% of the cargo hold is still empty.	「巨大な船」なんて呼ぶな。これは精密機械だ。30分後に出航する予定だったというのに、今は……貨物倉の3割がまだ空のままだ。
24885	Ore from the dwarven realm of Vartalheim, blessed by a legendary armorsmith.\n^{1}Use: Used to refine armor. On failure, the Refine Level will not decrease^{2}	伝説の防具鍛冶職人の祝福を受けた、ドワーフの王国ヴァルタルヘイムの鉱石。\n^{1}使用効果：防具の精錬に使用する。失敗しても精錬値は低下しない^{2}
24886	A round Purple fruit that can be made into fine wine or desserts.\nObtainable through ^{1}Life Skill - Gardener^{2}. Used by the Life Skill - Chef for Cooking.	上質なワインやデザートに使える丸い紫色の果実。\n^{1}生活スキル - 園芸家^{2}で入手可能。生活スキル - 料理人が調理に使用する。
24887	A precious gemstone that gleams like a cat's eye and radiates a beautiful light.\nObtainable through ^{1}Life Skill - Miner^{2}. Used to Craft T@{1} Equipment.	キャッツアイのように輝き、美しい光を放つ貴石。\n^{1}生活スキル - 採掘^{2}で入手可能。T@{1}装備の製作に使用する。
24888	A Rare Material used to Advance titles.\nIt can also be Combined into a higher-Rarity ^{1}Crest of Venture^{2}, which is used to Advance higher-ranking titles.	称号の昇格に使用される貴重な素材。\nより高レアリティの^{1}冒険の紋章^{2}に合成することもでき、上位の称号の昇格に使用される。
24889	A branch steeped in countless years of suffering and bound by a blood pact. It can summon more powerful monsters. (This item can only be used on certain maps.)	幾重もの苦難に浸され、血の盟約によって縛られた小枝。より強力なモンスターを召喚できる。（このアイテムは特定のマップでのみ使用可能。）
24890	Sprays its stomach acid, applying a high-damage DoT to all players within @{1} meters for @{2}s. Contact with 【Unidentified Digestive Matter】 removes this buff	胃酸を噴射し、@{1}m以内のすべてのプレイヤーに@{2}秒間、大ダメージのDoT（持続ダメージ）を付与する。【未確認の消化物】に接触するとこのデバフは解除される
24891	A powerful strike unique to Archer classes that deals Physical ATK*^{1}${2}%+${3}^{2} Neutral ranged Physical damage to a target enemy (ST) within ${1} meters.	アーチャー系専用の強力な一撃。${1}m以内の対象の敵（単体）に、物理攻撃*^{1}${2}%+${3}^{2}の無属性遠距離物理ダメージを与える。
24892	(Scowls) There's nothing to discuss! There's plenty of room here. This old woman just likes sitting in the sun and knitting. That's not against the law, is it?	（顔をしかめて）話し合うことなんて何もないよ！ここは十分広いじゃないか。このばあさんは日向ぼっこしながら編み物をするのが好きなだけさ。違法じゃないだろう？
24893	After ^{1}^{2}【Fire Ball】^{3}^{4} hits the primary target, it has a ^{5}${1}%^{6} Chance to trigger ^{7}^{8}【Fire Bolt】^{9}^{10} Lv. ^{11}${2}^{12} @{1} times.	^{1}^{2}【ファイアボール】^{3}^{4}が主目標に命中した後、^{5}${1}%^{6}の確率で^{7}^{8}【ファイアボルト】^{9}^{10}Lv.^{11}${2}^{12}を@{1}回発動する。
24894	The System will automatically use Increase Bid in fixed increments (@{1}%, @{2}%, @{3}%, @{4}%, @{5}%, and @{6}%). Once all bids are used, it will stop bidding.	システムは一定の増分（@{1}%、@{2}%、@{3}%、@{4}%、@{5}%、@{6}%）で自動的に入札額を引き上げます。すべての入札が使用されると、入札を停止します。
24895	When hit by a magic attack, has a @{1}% Chance to nullify its damage. Internal Cooldown: @{2} seconds. (Boss instant-kill skills can bypass this card's effect.)	魔法攻撃を受けた時、@{1}%の確率でそのダメージを無効化する。内部クールダウン：@{2}秒。（ボスの即死スキルはこのカードの効果を無視する。）
24896	Gain Divine Blessing: Increases Damage Increase by @{1}% and DMG Reduction by @{2}%, and increases the number of party Revives available in the Dungeon by @{3}.	神の加護を獲得：与ダメージ増加が@{1}%、被ダメージ軽減が@{2}%増加し、ダンジョン内でパーティが使用可能な復活回数が@{3}回増加する。
24897	^{1}^{2}[High Speed Cart Ram]^{3}^{4} gains ${2}% DMG Bonus against targets below ${1}% HP, and its Chance to inflict ^{5}^{6}[Stun]^{7}^{8} increases by ${3}%.	^{1}^{2}[カートハイアクセル]^{3}^{4}はHP${1}%未満の対象への与ダメージが${2}%増加し、^{5}^{6}[スタン]^{7}^{8}を付与する確率が${3}%増加する。
24898	Flame and hammer define a Blacksmith's life—the power of tempering not only forges keen blades, but also empowers the party to Sweep Attack through enemy lines.	炎と槌がブラックスミスの生涯を定義する――焼き入れの力は鋭き刃を鍛え上げるだけでなく、パーティが敵陣をなぎ払う力をも授けるのだ。
24899	Summon a massive comet from space, dealing ATK * ^{1}@{4}%^{2} damage to up to @{3} enemies within a targeted @{2}-meter-radius area located within @{1} meters.	宇宙から巨大な彗星を召喚し、@{1}m以内の対象となった半径@{2}mの範囲内の最大@{3}体の敵に攻撃力 * ^{1}@{4}%^{2}のダメージを与える。
24900	But I recommend waiting for the captain to return before taking action. The situation down there is far worse than we imagined. Going in alone would be suicide.	だが、行動を起こす前に隊長の帰りを待つことをお勧めする。下の状況は我々の想像をはるかに超えて悲惨だ。単身で突入するのは自殺行為だ。
24901	Go. Follow the Guides to improve your skills. Once you've mastered these Basic fundamentals, I'll have a top-secret commission of the utmost importance for you.	行け。ガイドに従って己の腕を磨くのだ。これらの基本を身につけたら、お前に最重要の極秘任務を授けよう。
24902	We're here to protect Professor Ryan. Once we accept a request, we see it through to the end. We also rescued several of your colleagues just now. They're safe.	我々はライアン教授を護衛するためにここにいる。一度引き受けた依頼は最後までやり遂げる。それに、先ほど君の同僚たち数名も救出した。彼らは無事だ。
24903	If the Challenge difficulty is too high, Guild Management can abandon the challenge from the in-stage Event Management screen and select a different difficulty.	挑戦の難易度が高すぎる場合、ギルド管理者はステージ内のイベント管理画面から挑戦を放棄し、別の難易度を選択することができます。
24904	Spend Zeny to launch a powerful attack at a target within @{1} m, dealing ATK * ^{1}@{4}%^{2} damage to up to @{3} enemies within a @{2} m radius of the target.	ゼニーを消費して@{1}m以内の対象に強力な攻撃を放ち、対象から半径@{2}m以内の最大@{3}体の敵に攻撃力 * ^{1}@{4}%^{2}のダメージを与える。
24905	Commands the Falcon to scan the area, revealing all enemies' locations on the Mini Map to you and your teammates for @{1} sec. Skill cooldown: ^{1}@{2}^{2} sec.	ファルコンに周囲を索敵させ、@{1}秒間、自身およびチームメンバーのミニマップ上にすべての敵の位置を表示する。スキルクールダウン：^{1}@{2}^{2}秒。
24906	Summons a radiant magic circle, granting allied units within ${1} meters Endure and immunity to crowd control, knock-up, and knockback effects for ${2} seconds.	輝く魔法陣を召喚し、${1}m以内の味方ユニットに${2}秒間、インデュアおよび行動妨害、ノックアップ、ノックバック効果への耐性を付与する。
24907	A powerful strike unique to Swordsman classes that deals Physical ATK*^{1}${2}%+${3}^{2} Neutral melee Physical DMG to a designated ST enemy within ${1} meters.	ソードマン系専用の強力な一撃。${1}m以内の指定した単体の敵に物理攻撃*^{1}${2}%+${3}^{2}の無属性近接物理ダメージを与える。
24908	A powerful strike unique to Thief classes that deals Physical ATK*^{1}${2}%+${3}^{2} Neutral melee Physical damage to the specified ST enemy within ${1} meters.	シーフ系専用の強力な一撃。${1}m以内の指定した単体の敵に物理攻撃*^{1}${2}%+${3}^{2}の無属性近接物理ダメージを与える。
24909	Launches a rain of arrows within @{1} m, dealing ^{1}@{4}%^{2} damage and inflicting @{5} m of ^{3}【Knockback】^{4} to up to @{3} enemies within a @{2} m radius.	@{1}m以内で矢の雨を降らせ、半径@{2}m以内の最大@{3}体の敵に^{1}@{4}%^{2}のダメージを与え、@{5}mの^{3}【ノックバック】^{4}を付与する。
24910	Lemon slices steeped in orangewood sap, creating a clear, light drink with a citrus aroma. Grants @{1}%~@{2}% Increased Damage to Medium Monsters for @{3} hours.	オレンジの木の樹液にレモンスライスを浸した、柑橘の香りが広がるすっきりとした飲み物。@{3}時間、中型モンスターへの与ダメージが@{1}%～@{2}%増加する。
24911	A specially treated fish that can be held in your mouth. It smells slightly fishy, but never spoils.\nDefeated monsters have a low chance to drop a "Tasty Fish."	口にくわえることができる特殊加工された魚。ほんのり生臭いが、決して腐ることはない。\nモンスター討伐時、低確率で「おいしい魚」がドロップする。
24912	Here, this certificate proves that you passed the Novice Trial. Take it to the Chief Job Advance Mentor in the city, and he'll conduct your Job Advance ceremony.	ほら、これはノービストライアルに合格した証明書だ。街にいる転職指導教官の元へ持っていけば、転職の儀式を執り行ってくれるだろう。
24913	Such dazzling light... (Strokes beard) It seems we're about to witness the birth of a new legend. Congratulations on completing your Job Advance, new Adventurer.	なんとも眩い光だ……（顎髭を撫でながら）新たな伝説の誕生に立ち会えそうだな。転職おめでとう、新米冒険者よ。
24914	Boya, wait here for a moment. I'll give you the repaired gyroscope. ^{1}PlayerName^{2}, this Card is for you. It should be very helpful on your adventures ahead.	ボヤ、ちょっとここで待っていてくれ。修理したジャイロスコープを渡そう。^{1}PlayerName^{2}、このカードは君のものだ。これからの冒険路で大いに役立つはずだ。
24915	Hahaha! Welcome back to the land of the living! After that crash, I thought you'd be getting up close and personal with the sand for three days and three nights!	ハハハ！生者の世界へようこそ！あの墜落のあと、三日三晩砂と熱烈なキスを交わすことになるんじゃないかと思ったぜ！
24916	Anyway, getting the weapon back is wonderful news! I, Hollgrehenn, won't forget what you've done. Next time you need equipment refined, I'll give you a discount!	とにかく、武器が戻ってきたのは素晴らしい知らせだ！このホルグレン、あんたの恩は決して忘れないぜ。今度装備を精錬する時は割引してやるからな！
24917	Here's a Basic commission for you: clear out @{1} monsters Nearby the South Gate. Also, take this Weapon Box provided by the Eden Group for Beginner Adventurers.	基本的な依頼を1つ頼もう。南門の近くにいるモンスターを@{1}体討伐してくれ。それと、初心者冒険者向けに楽園団から支給されたこの武器箱も受け取ってくれ。
24918	Hmph! Serves you right! Weren't you acting all clever just now? Why are you cowering like a turtle now? Hand over the tickets, or I'll claw your face to ribbons!	ふん！いい気味ね！さっきまで散々偉そうにしていたくせに、今になって亀みたいに縮こまるなんてどういうつもり？切符を渡しなさい、さもないと顔をズタズタに引っ掻いてやるわ！
24919	Unforgivable... The Church clearly promised to protect the research equipment, and look what happened! I spent three years calibrating that precision instrument!	許せない……教会は研究機材を守るとはっきり約束したのに、この有様だ！あの精密機器の調整に3年も費やしたんだぞ！
24920	That damned Baphomet descended from the sky, and even fighting for our lives did no good. He scattered the cargo everywhere, and now no one dares to retrieve it.	あの忌々しいバフォメットが空から降りてきて、命がけで戦っても歯が立たなかった。あいつが積み荷をそこら中に撒き散らしたせいで、今は誰も回収に行けないんだ。
24921	Adorned with a golden dragon fragment that controls time and space and a Crystal orb brimming with immense magic. It looks impressive, but it's incredibly heavy.	時空を操る金龍の破片と、強大な魔力を秘めた水晶玉があしらわれている。見た目は見事だが、信じられないほど重い。
24922	${1} gave <color=#cc762a>${2}</color> <color=#cc762a>${3}</color> to ${4}, granting ${5} ${6} Star Points and increasing the current Tavern's Popularity by ${7}.	${1}が${4}に<color=#cc762a>${2}</color>の<color=#cc762a>${3}</color>を贈り、${5}個の${6}スターポイントを付与し、現在の酒場の人気度を${7}増加させました。
24923	Recite the Three Bells Sutra, granting you and up to ${2} allies within a ${1}-meter radius ^{1}${3}^{2} Physical DEF and ^{3}${4}^{4} Max Life for ${5} seconds.	三鐘経を唱え、${5}秒間、自身および半径${1}m以内の最大${2}名の味方の物理防御力を^{1}${3}^{2}、最大HPを^{3}${4}^{4}増加させる。
24924	Launches an electric orb, dealing MATK * ^{1}${2}% + ${3}^{2} Wind ranged Magic DMG to a designated ST enemy within ${1} m and ^{3}knocking them back^{4} ${4} m.	電撃のオーブを放ち、${1}m以内の指定した単体の敵に魔法攻撃 * ^{1}${2}% + ${3}^{2}の風属性遠距離魔法ダメージを与え、${4}m^{3}ノックバック^{4}させる。
24925	Controls the Madogear Pilot to charge @{1} meters, ^{1}knocking back^{2} enemies in its path and dealing ^{3}@{3}%^{4} damage to up to @{2} enemies within range.	魔導ギアを操って@{1}m突進し、進路上の敵を^{1}ノックバック^{2}させ、範囲内の最大@{2}体の敵に^{3}@{3}%^{4}のダメージを与える。
24926	Deals Neutral ranged ^{5}adaptive damage^{6} equal to ^{1}Adaptive ATK^{2}*^{3}${3}%^{4} to up to ${2} enemies within a ${1}-meter radius of the target location.	目標地点から半径${1}m以内の最大${2}体の敵に、^{1}適応攻撃力^{2}*^{3}${3}%^{4}に相当する無属性遠距離^{5}適応ダメージ^{6}を与える。
24927	Casting ^{1}【Focused Arrow Strike】^{2} ${1} times will Enhance the next ^{3}【Focused Arrow Strike】^{4}, causing it to deal ^{5}${2}%^{6} Neutral Physical damage.	^{1}【シャープシューティング】^{2}を${1}回発動すると、次回の^{3}【シャープシューティング】^{4}が強化され、^{5}${2}%^{6}の無属性物理ダメージを与えるようになる。
24928	While equipped with a Katar-type weapon, increases Physical ATK by ^{1}${1}^{2} and increases the damage multiplier of [Assassin Normal Attack] by ^{3}${2}%^{4}.	カタール系武器の装備中、物理攻撃力が^{1}${1}^{2}増加し、[アサシン通常攻撃]のダメージ倍率が^{3}${2}%^{4}増加する。
24929	Summons a Frost Arrow from the sky, dealing Water-property ranged magic damage equal to Magic ATK*^{1}${2}%+${3}^{2} to the targeted ST enemy within ${1} meters.	天空からフロストアローを召喚し、${1}m以内の対象となった単体の敵に魔法攻撃*^{1}${2}%+${3}^{2}の水属性遠距離魔法ダメージを与える。
24930	^{1}^{2}【Cart Boost】^{3}^{4} maximum Cooldown is reduced by ${1} sec. Gain ^{9}^{10}【Immunity】^{11}^{12} for ${2} sec. after casting ^{5}^{6}【Cart Boost】^{7}^{8}.	^{1}^{2}【カートブースト】^{3}^{4}の最大クールダウンが${1}秒短縮される。^{5}^{6}【カートブースト】^{7}^{8}発動後、${2}秒間^{9}^{10}【状態異常無効】^{11}^{12}を獲得する。
24931	When ^{1}^{2}[Grand Cross]^{3}^{4} is cast, triggers [Cross Thrust] on @{1} random targets within the area, dealing PATK*${1}%+${2} Neutral melee Physical damage.	^{1}^{2}[グランドクロス]^{3}^{4}発動時、範囲内のランダムな@{1}体の対象に[クロススラスト]が発動し、物理攻撃*${1}%+${2}の無属性近接物理ダメージを与える。
24932	When a Two-Handed Sword is equipped, casting ^{1}^{2}[Basic Attack]^{3}^{4} has a ${1}% Chance to increase ASPD by ${2}% for ${3} seconds. Cooldown: ${4} seconds.	両手剣の装備時、^{1}^{2}[通常攻撃]^{3}^{4}を行うと${1}%の確率で${3}秒間ASPDが${2}%増加する。クールダウン：${4}秒。
24933	Mistress summons a ^{1}swarm of bees^{2} around herself, dealing damage first in a circular area and then in a ring while also summoning ^{3}charging Hornets^{4}.	ミストレスが自身の周囲に^{1}蜂の群れ^{2}を召喚し、円形範囲、次いでドーナツ状範囲にダメージを与えつつ、^{3}突進するホーネット^{4}を召喚する。
24934	Moonlight Flower summons^{1}@{1} clones at the edge of the battlefield^{2}. The clones quickly leap to^{3}the target's surroundings and smash the target area^{4}.	月夜花が戦場の端に^{1}@{1}体の分身を召喚する^{2}。分身は素早く^{3}対象の周囲へ跳躍し、対象エリアを叩き潰す^{4}。
24935	Drake summons^{1}a large number of Dynamite charges^{2}. When the countdown ends, Dynamite rapidly falls @{1} times in succession^{3}on and around the player^{4}.	ドレイクが^{1}大量のダイナマイト^{2}を召喚する。カウントダウン終了時、ダイナマイトが^{3}プレイヤーの頭上および周囲^{4}へ目まぐるしく@{1}回連続で落下する。
24936	The soul of a Swordsman burns within you! A Lion lives in your heart, courage is your blade, and protection is your shield. Go forth—the Prontera Chivalry awaits!	ソードマンの魂がお前の中で燃え上がっている！心には獅子を、勇気を刃とし、守護を盾とせよ。行け――プロンテラ騎士団がお前を待っているぞ！
24937	Your guild was the final guild to occupy the Royal City this Season. The guild and every Member will each receive @{1} ^{1}“Realm Starlight”^{2}. Congratulations!	あなたのギルドが今シーズン、王城を最後に占領したギルドとなりました。ギルドおよび全メンバーに^{1}「王国の星光」^{2}がそれぞれ@{1}個配布されます。おめでとうございます！
24938	${1} already owns the Chronicle of Fate, so the gift could not be sent. You can use the Chronicle Transfer Scroll from your Backpack to send it to another player.	${1}はすでに運命の年代記を所持しているため、プレゼントを送信できませんでした。バックパック内の年代記譲渡の巻物を使用することで、他のプレイヤーに譲渡できます。
24939	That young man sitting over there... He's been staring at the refining machine for hours. It looks like he's lost all his weapons and only has a small knife left?	あそこに座っている若者……何時間も精錬機を見つめているな。すべての武器を失って、小さなナイフしか残っていないようだが？
24940	My injury isn't serious, but it's making the helm difficult to operate. If anything unexpected happens during the rest of the journey, I'll need you to take over.	傷は大したことないが、操舵が難しくなっている。残りの旅路で何か不測の事態が起きたら、君に引き継いでもらう必要がある。
24941	I'm the poor sap Hawke sent to Find the Professor and collect samples along the way. Allow Me to introduce myself. My name is Fiennes, and I'm an alchemy scholar.	私はホークに言われて、教授を探しながら道中でサンプルを採取させられている哀れな男さ。自己紹介させてくれ。私の名前はフィエンヌ、錬金術の学者だ。
24942	Sir, a strange Stone platform suddenly appeared in the Pyramid area this morning! The Monsters there have also become unusually agitated and extremely aggressive!	隊長、今朝ピラミッド地域に奇妙な石舞台が突如出現しました！現地のモンスターたちも異常に興奮し、非常に攻撃的になっています！
24943	Join a guild and attend evening guild events to unlock the Guild Auction.\n\nParticipants share an Auction Dividend - the higher the sales, the larger the payout.	ギルドに加入し、夜のギルドイベントに参加してギルドオークションを解放しましょう。\n\n参加者はオークション配当金を山分けします。売上が高ければ高いほど、より多くの配当金を受け取れます。
24944	Shield skill. Throw your Shield, dealing Neutral Melee Physical DMG equal to your PATK * ^{1}${3}%^{2} + ^{3}${4}^{4} to the selected ST enemy within ${1} meters.	盾スキル。盾を投擲し、${1}m以内の選択した単体の敵に自身の物理攻撃 * ^{1}${3}%^{2} + ^{3}${4}^{4}の無属性近接物理ダメージを与える。
24945	Increases damage against Brute, Plant, and Fish Race enemies by ^{1}${1}%^{2}, and reduces damage taken from Brute, Plant, and Fish Race enemies by ^{3}${2}%^{4}.	動物系、植物系、魚貝系の敵に対する与ダメージが^{1}${1}%^{2}増加し、動物系、植物系、魚貝系の敵から受ける被ダメージが^{3}${2}%^{4}軽減される。
24946	Restores ^{1}${3}%^{2} of Max ^{3}Life^{4} to you and up to ${2} allies within ${1}m, and increases all targets' ^{5}Movement Speed by ${4}%^{6} for ^{7}${5} sec.	自身および${1}m以内の最大${2}名の味方の最大^{3}HP^{4}を^{1}${3}%^{2}回復し、^{7}${5}秒間、全対象の^{5}移動速度を${4}%^{6}増加させる。
24947	Ah! You must be Professor Levin's honored guest! He asked us to prepare a quiet room by the window on the second floor. The professor said you needed a good rest.	ああ！あなたがレビン教授の大切なお客様ですね！2階の窓際にある静かな部屋を用意するよう頼まれております。教授は、あなたには十分な休息が必要だとおっしゃっていました。
24948	When dual-wielding daggers, Basic Attacks have a @{1}% Chance to deal damage twice (additional skill effect).\nWhen a katar is equipped, gain an Extra @{2}% Crit.	短剣二刀流の時、通常攻撃が@{1}%の確率で2回ダメージを与える（追加スキル効果）。\nカタールを装備している場合、追加でクリティカル+@{2}%を獲得する。
24949	When a shield/buff-type protection skill is cast, the master recovers *value description* Life upon taking damage (internal cooldown: @{1} seconds) for x seconds.	シールド／バフタイプの守護スキルを発動した時、x秒間、主人がダメージを受けると*数値説明*のHPを回復する（内部クールダウン：@{1}秒）。
24950	Congratulations on completing your Job Advance! Here's a quick overview of the changes: you've gained new skills and can now allocate Stat Points and Skill Points.	転職完了おめでとうございます！変更点の概要です：新たなスキルを習得し、ステータスポイントとスキルポイントを自由に振り分けられるようになりました。
24951	This will reset all Stars in every Constellation and automatically unequip their Star Cores\nContinue? (<color=#cc762a>${1}</color> Astral Points will be refunded)	すべての星座の全星がリセットされ、装着されていた星核が自動的に解除されます\n続行しますか？（<color=#cc762a>${1}</color>アストラルポイントが返還されます）
24952	Become Super Giant for @{1} sec. During this time, damage dealt increases by @{2}%, damage taken increases by @{3}%, and you recover @{5}% Max Life every @{4} sec.	@{1}秒間、超巨大化する。効果時間中、与ダメージが@{2}%増加、被ダメージが@{3}%増加し、@{4}秒ごとに最大HPの@{5}%を回復する。
24953	^{1}^{2}【Blitz Beat】^{3}^{4}'s damage radius increases to ${1} meters, the number of targets increases by ${2}, and its skill damage multiplier increases by ${3}%.	^{1}^{2}【ブリッツビート】^{3}^{4}のダメージ半径が${1}mに拡大し、対象数が${2}増加し、スキルのダメージ倍率が${3}%増加する。
24954	When ^{1}^{2}【Turn Undead】^{3}^{4} hits an enemy, it deals ${1} Extra hit(s) of Ranged Holy Magic damage equal to MATK * ${2}% + ${3}. Internal Cooldown: ${4} sec.	^{1}^{2}【ターンアンデッド】^{3}^{4}が敵に命中した時、魔法攻撃 * ${2}% + ${3}の聖属性遠距離魔法追加ダメージを${1}回与える。内部クールダウン：${4}秒。
24955	Ilmata plays the roar of the deep, summoning ^{1}four colossal musical beasts that charge fiercely at players^{2}. The beasts' wide-area attacks deal heavy damage.	イルマタが深淵の咆哮を奏で、^{1}プレイヤーに向かって猛然と突進する4体の巨大な幻獣を召喚する^{2}。幻獣の広範囲攻撃は大ダメージを与える。
24956	Magical glasses that make constantly spinning patterns appear before your eyes.\nWearing them causes Stun, though to everyone else they look like ordinary glasses.	目の前で模様が絶えず回転し続ける不思議な眼鏡。\n装着するとスタン状態に陥るが、周りからは普通の眼鏡をかけているようにしか見えない。
24957	Here's a tip, bo! Every @{1} hours, Rift Gates randomly appear in different areas, filled with treasure for you to claim. Keep an eye out for System announcements~	耳寄りな情報だよ！@{1}時間ごとに、様々なエリアに亀裂の門がランダムで出現し、お宝が手に入るんだ。システム告知を見逃さないようにね～
24958	Dear Player,\nYour purchase on the Exchange at ${8} [Item: ${1}, Trade Amount: ${5} ] has been completed.\nPlease collect your purchased item from the attachments.	プレイヤー様へ\n${8}における取引所でのご購入［アイテム：${1}、取引数量：${5}］が完了いたしました。\n添付ファイルより購入したアイテムをお受け取りください。
24959	You did not claim last week's activity dividend before you chose to Leave Guild. It has now been reissued through this mail. Please collect it from the attachment.	ギルド脱退を選択する前に、先週のアクティビティ配当金を受け取っていませんでした。本メールにて再配布いたしましたので、添付ファイルよりお受け取りください。
24960	Jack's the one who hired you, isn't he? Don't worry, I already have a plan! Rockers love Whispering Flowers. We can use them to lure the Rockers out into the wild!	君を雇ったのはジャックだな？心配いらない、すでに策はある！ロッカーは「ささやきの花」が大好物なんだ。それを使ってロッカーたちを野外へ誘い出せばいい！
24961	However, the power of your skills comes from within. Only a stronger physique or deeper magical power will let you use these techniques to their fullest potential.	だが、スキルの力は己の内面より湧き出るものだ。より強靭な肉体、あるいはより深遠な魔力があってこそ、これらの技の真価を遺憾なく発揮できるのだ。
24962	Breathing is normal, but there's no consciousness... Most likely... a protective coma caused by a concussion? If we wait a little longer, they'll wake up... right?	呼吸は正常だが、意識がない……おそらく……脳震盪による一時的な意識消失か？もう少し待てば目を覚ます……よね？
24963	Constantly refresh Shadow Flow for Movement while maintaining combos to resist crowd control, then unleash Invincible Slash amid groups of enemies for Burst damage	行動妨害に耐えつつコンボを維持するために移動技「シャドウフロー」を絶えず更新し、敵の集団の真ん中で「無敵斬り」を放って瞬間火力を叩き出せ
24964	Shield skill. Attack with your Shield, dealing Neutral Melee Physical DMG equal to PATK * ^{1}${2}%^{2} + ^{3}${3}^{4} to the selected ST enemy within ${1} meters.	盾スキル。盾で攻撃し、${1}m以内の選択した単体の敵に物理攻撃 * ^{1}${2}%^{2} + ^{3}${3}^{4}の無属性近接物理ダメージを与える。
24965	Reduces damage taken from the Demon Race and Holy-property attacks by ^{1}${2}%^{2} for yourself and up to ${3} allies within a ${1}-meter radius for ${4} seconds.	自身および半径${1}m以内の最大${3}名の味方が悪魔系および聖属性攻撃から受ける被ダメージを、${4}秒間^{1}${2}%^{2}軽減する。
24966	Controls the Madogear Pilot to slam the ground, dealing ^{1}@{3}%^{2} damage to up to @{2} enemies within @{1} meters and inflicting ^{3}Slow^{4} for @{4} seconds.	魔導ギアを操って地面を叩きつけ、@{1}m以内の最大@{2}体の敵に^{1}@{3}%^{2}のダメージを与え、@{4}秒間^{3}減速^{4}を付与する。
24967	Extends the duration of your ^{1}【Holy Spirit Surge】^{2} to ${1} seconds. During this time, ^{3}【Part】^{4} will remain at its maximum Floors and cannot be removed.	自身の^{1}【聖霊の奔流】^{2}の持続時間を${1}秒に延長する。この間、^{3}【パート】^{4}は最大スタック数を維持し、解除されなくなる。
24968	Launch a shockwave at a designated ST enemy within ${1} meters, dealing Neutral ranged Physical damage equal to Physical ATK*^{1}${2}%^{2}+Magic ATK*^{3}${3}%^{4}.	${1}m以内の指定した単体の敵に衝撃波を放ち、物理攻撃*^{1}${2}%^{2}+魔法攻撃*^{3}${3}%^{4}の無属性遠距離物理ダメージを与える。
24969	Can be unlocked by using the corresponding appearance item purchased or obtained from the Costume Shop. Once unlocked, the appearance will be added to the Wardrobe.	コスチュームショップで購入または獲得した対応する外見アイテムを使用することで解放できます。解放された外見はワードローブに追加されます。
24970	The BOSS summons ^{1}[Harp] and [Trumpet] Musical Instruments of different colors^{2}. ^{3}Players with the matching color^{4} must destroy the Musical Instruments.	BOSSが異なる色の^{1}楽器［ハープ］と［トランペット］を召喚する^{2}。^{3}対応する色を持つプレイヤー^{4}がその楽器を破壊しなければならない。
24971	Pharaoh summons the ^{1}Hand of the Dead^{2}, dealing damage in a circular area at the target location while creating ^{3}Hands of the King at random locations^{4}.	ファラオが^{1}死者の手^{2}を召喚し、目標地点の円形範囲にダメージを与えつつ、^{3}ランダムな位置に王の手を生成する^{4}。
24972	Baphomet summons a ^{1}spirit^{2} that deals damage in a circular area at the target's location while also creating ^{3}spirits at fixed locations in the arena^{4}.	バフォメットが^{1}死霊^{2}を召喚し、対象の位置の円形範囲にダメージを与えつつ、^{3}エリア内の固定位置にも死霊を生成する^{4}。
24973	Collect ^{1}@{1} pieces of 【Sticky Mucus】^{2} from the Porings you defeat. Make sure the texture is uniform, as impurities will affect the Medicine's effectiveness.	討伐したポリンから^{1}【粘着性の粘液】を@{1}個^{2}集めてきてくれ。不純物が混ざると薬の効き目に影響するから、均質なものを選んでくれよ。
24974	Congratulations on successfully creating the ${1} guild! Under your leadership, we're sure it will continue to prosper and become a close-knit, welcoming community.	ギルド「${1}」の結成、誠におめでとうございます！あなたの指導の下で、ギルドが今後ますます繁栄し、固い絆で結ばれた温かいコミュニティとなることを祈念いたします。
24975	At the entrance to Southeast Payon, there's a bridge connecting the desert and the forest. You can see every kind of Poring there—it's an absolutely adorable place.	フェイヨン南東の入り口に、砂漠と森をつなぐ橋があるんだ。そこではあらゆる種類のポリンを見ることができてね――本当に可愛らしい場所だよ。
24976	If you want to become an experienced Adventurer, you need EXP handling unexpected situations in the Field. Go on. Once you've gathered everything, meet us up ahead.	一人前の冒険者になりたいのなら、フィールドでの不測の事態に対処する経験が必要だ。さあ行きなさい。すべて集め終わったら、先で合流しましょう。
24977	This isn't just a Normal sidekick. It can help you in Battle, boost your stats, and even accompany you into high-Difficulty towers later on. It's incredibly useful!	これはただの相棒じゃないぞ。戦闘を手助けしてくれたり、ステータスを底上げしてくれたり、後々は高難易度の塔にだって連れていける。ものすごく頼りになるんだ！
24978	Increases ^{3}Magic Recovery Speed^{4} by ^{1}${3}%^{2} and ^{7}Magic ATK^{8} by ^{5}${4}^{6} for you and up to ${2} allies within a ${1}-meter radius for ${5} sec.	自身および半径${1}m以内の最大${2}名の味方の^{3}魔法回復速度^{4}を^{1}${3}%^{2}、^{7}魔法攻撃力^{8}を^{5}${4}^{6}、${5}秒間増加させる。
24979	Mastery of shields increases damage reduction from monsters by ^{1}${1}%^{2} while a shield is equipped. Does not stack with other monster damage reduction effects.	盾の修練により、盾を装備している間、モンスターから受けるダメージが^{1}${1}%^{2}軽減される。他のモンスターダメージ軽減効果とは重複しない。
24980	Deviling marks multiple players. After @{1} sec, a dark magic circle appears beneath each marked player, dealing damage every second to players inside for @{2} sec.	デビルリングが複数のプレイヤーに印を付与する。@{1}秒後、印をつけられた各プレイヤーの足元に闇の魔法陣が出現し、範囲内のプレイヤーに@{2}秒間、毎秒ダメージを与える。
24981	^{1}【Myriad Stars Chase the Moon】^{2} skill duration increases by ${2} seconds. When the skill ends, it deals one instance of ^{3}${3}%^{4} Neutral Physical damage.	^{1}【星羅棋布】^{2}のスキル持続時間が${2}秒増加する。スキル終了時、敵に1回^{3}${3}%^{4}の無属性物理ダメージを与える。
24982	Spear-exclusive skill. Deals Neutral Ranged Physical damage totaling PATK * ^{3}${3}%+${4}^{4} over ^{1}${2}^{2} hits to the designated ST enemy within ${1} meters.	槍専用スキル。${1}m以内の指定した単体の敵に、^{1}${2}^{2}回に分けて合計で物理攻撃 * ^{3}${3}%+${4}^{4}の無属性遠距離物理ダメージを与える。
24983	I want to give Instructor Boya a gift to thank her for helping me train. But she's often away on assignments, so I hardly ever see her, much less get to know her...	修練を助けてくれたお礼に、ボヤ教官にプレゼントを贈りたいの。でも教官は任務で留守にしていることが多くて、顔を合わせることすら滅多にないし、仲良くなるなんてとても……
24984	Deals Water-property ranged magic damage equal to Magic Attack*^{1}${1}%+${2}^{2}. Hitting an enemy affected by ^{3}^{4}【Frozen】^{5}^{6} does not remove the effect.	魔法攻撃*^{1}${1}%+${2}^{2}の水属性遠距離魔法ダメージを与える。^{3}^{4}【凍結】^{5}^{6}状態の敵に命中しても、その効果は解除されない。
24985	The BOSS casts @{1} rectangular AOEs in front and @{2} behind, spaced @{3} meters apart, with a @{4}-second warning, then casts them again in the opposite direction	BOSSが前方@{1}箇所、後方@{2}箇所に@{3}m間隔で@{4}秒の予兆を伴う長方形範囲攻撃を放ち、その後逆方向に向かって再び放つ
24986	Hello. I'm almost finished repairing the equipment those blasted little thieves damaged, but first I need your help. It's extremely urgent, so come see me right now!	こんにちは。あの小癪な盗賊たちに壊された装備の修理はもうすぐ終わるのですが、その前に手を貸していただきたいのです。緊急を要しますので、今すぐ私の元へ来てください！
24987	^{1}^{2}[Rapid Smiting]^{3}^{4} has a ${1}% Chance to Deals DMG to the target an Extra @{1} times, each dealing PATK * ${2}% + ${3} as Neutral Melee Physical damage.	^{1}^{2}[シールドチェイン]^{3}^{4}発動時、${1}%の確率で対象に追加で@{1}回ダメージを与え、1回ごとに物理攻撃力*${2}%+${3}の無属性近接物理ダメージを与える。
24988	After Mistress ^{1}targets random players^{2}, several warning zones appear. When the warnings end, she summons Hornets that deal ^{3}damage in eight directions^{4}.	ミストレスが^{1}ランダムなプレイヤーを捕捉した^{2}後、複数の警告エリアが出現する。警告終了時、ホーネットを召喚して^{3}8方向にダメージを与える^{4}。
24989	Tempered by even greater holy trials, Paladins Enhance the core mechanics of each Crusader path, further defining the class traits of the "Attacker" and "Protector."	より崇高なる聖なる試練によって鍛え上げられたパラディンは、クルセイダーの各ルートのコアメカニクスを強化し、「アタッカー」と「プロテクター」の職業特性を一層明確なものとする。
24990	^{1}PlayerName^{2}, You place the Whispering Flower. I'll build them a little stage at the destination. Once we lure them out, they'll need somewhere to settle down.	^{1}PlayerName^{2}、君は「ささやきの花」を配置してくれ。俺は目的地に小さなステージを作っておくよ。誘い出した後、やつらを落ち着かせる場所が必要だからな。
24991	I don't know why, but they've made themselves at home in my yard and wreak havoc every day. Forget the pants—they've even gnawed a hole through the base of the wall!	なぜだか分からないが、庭を勝手に棲み処にされて毎日大暴れされているんだ。ズボンどころか、壁の根元にまで穴をかじり開けられちまった！
24992	An ancient tome on magic once mentioned that Legend says the Yggdrasil Leaf, seeds, and fruit that shaped this world are closely connected to all Life in creation...	かつて古代の魔導書に記されていたのだが、世界を形作ったとされるイグドラシルの葉、種、そして実は、森羅万象すべての生命と密接に結びついているという伝説がある……
24993	All done! Here are the @{1} snake eggs, @{2} portions of Tree Bark, @{3} Snake King eggs, and @{4} Tiger Pelts you asked for. Hand over the tickets—we're in a hurry.	全部揃ったぜ！注文通りの蛇の卵@{1}個、樹皮@{2}個、蛇王の卵@{3}個、トラの毛皮@{4}個だ。急いでるんだ、さっさと切符を渡しな。
24994	Thank goodness you're all right. That Spatial Distortion caused quite a commotion. I was afraid you'd been pulled into Pharaoh's dimension and wouldn't make it back.	無事で本当によかった。あの空間の歪みは大騒ぎを引き起こしましたからね。ファラオの異次元に引きずり込まれて二度と戻ってこられないのではないかと心配しましたよ。
24995	Good to see you again, Adventurer. You've managed to Level-up your equipment incredibly quickly. You must have been fighting for your life out there. Excellent work!	また会えて嬉しいぞ、冒険者よ。信じられないほどの速さで装備をレベルアップさせたな。外では死に物狂いで戦ってきたに違いない。実に見事だ！
24996	Serve as the party's healer\nPlayers who select this role have powerful Life recovery abilities and must keep their teammates healthy and provide Revive when needed.	パーティのヒーラーを担当する\nこの役割を選択したプレイヤーは強力なHP回復能力を持ち、味方の体力を維持し、必要に応じて復活を行わなければならない。
24997	White Herb: Its pure White leaves add a subtle herbal aroma to Cooking.\nObtainable through ^{1}Life Skill - Gardener^{2}. Used by the Life Skill - Chef for Cooking.	ホワイトハーブ：純白の葉が料理に繊細なハーブの香りを添える。\n^{1}生活スキル - 園芸家^{2}で入手可能。生活スキル - 料理人が調理に使用する。
24998	A dense Meteor Metal block compressed using a special process. Its energy purity and strength have reached their peak, making it ideal for crafting advanced weapons.	特殊な製法によって圧縮された高密度の隕鉄ブロック。エネルギーの純度と強度が極限に達しており、高度な武器の製作に最適である。
24999	Creates a three-dimensional space with a radius of @{1} meters at your location. Players within the space are immune to poison zone damage for ^{1} @{2}^{2} seconds.	自身の位置に半径@{1}mの立体空間を展開する。空間内のプレイヤーは^{1}@{2}^{2}秒間、毒沼ダメージを無効化する。
25000	Angeling marks multiple players. After @{1} sec, a light magic circle appears beneath each marked player, dealing damage every second to players inside for @{2} sec.	エンジェリングが複数のプレイヤーに印を付与する。@{1}秒後、印をつけられた各プレイヤーの足元に光の魔法陣が出現し、範囲内のプレイヤーに@{2}秒間、毎秒ダメージを与える。
