Index	English	Japanese_Translation
22001	Wow! What an exquisite treasure chest! Hurry and see what goodies are inside!	わあ！なんて立派な宝箱！早く中身を見てみよう！
22002	You need to learn how to configure Auto-Potion. This Demon can't Fortify you.	オートポーションの設定方法を習得する必要があります。このデーモンでは強化できません。
22003	Only @{1} steps to go. For step @{2}, tap this item to place it on the board.	あと@{1}ステップ。ステップ@{2}では、このアイテムをタップして盤面に配置します。
22004	Curious about this place? Feel free to look around. I'll be waiting up ahead.	ここが気になる？自由に見て回っていいよ。先で待ってる。
22005	You removed [${1}] from the Exchange. Please collect it from the attachments.	[${1}]を取引所から取り下げました。添付から受け取ってください。
22006	What do you say, Adventurer? This is a rare opportunity—how about buying one?	どうだ、冒険者？めったにない機会だ。1つ買っていかないか？
22007	Where has that boy run off to now? He can't even stay home for a single hour!	あの子、今度はどこへ行ったの？1時間だって家にいられないんだから！
22008	There are so many trees and flowers here. They seem to fill me with strength.	木も花もたくさんある。見ているだけで力が湧いてくるみたい。
22009	Ugh, why did I choose a partner like this? I'd be better off doing it myself.	もう、どうしてこんな相棒を選んだんだろう。自分でやったほうがマシだよ。
22010	When we were young, this gate wasn't nearly this big. They expanded it later.	若い頃は、この門もこんなに大きくなかった。あとから拡張されたんだ。
22011	Touch the Book of Job Advance ahead and choose the path that's right for You.	前方の転職の書に触れて、自分に合う道を選ぼう。
22012	<color=#F8B453>Go to the teleportation portal to enter the Inner Area</color>	<color=#F8B453>転送ポータルへ向かい、内部エリアに入る</color>
22013	Watch the bubbles' paths and keep bubbles of different colors from colliding.	バブルの軌道を見て、違う色のバブル同士がぶつからないようにしよう。
22014	Almachia is attacking! Watch out for the Blackhole in the center of the area!	アルマキアが攻撃中！エリア中央のブラックホールに注意！
22015	${2} from Guild ${1} activated Experimental Puppet Σ! Adventurers, watch out!	ギルド${1}の${2}が実験用パペットΣを起動！冒険者のみんな、気をつけて！
22016	${2} from Guild ${1} Defeated Experimental Puppet Σ! Let the cheers ring out!	ギルド${1}の${2}が実験用パペットΣを撃破！歓声を上げよう！
22017	Activate four Safe Zones simultaneously. ${1} seconds until the beat explodes	4つのセーフゾーンを同時に起動。ビート爆発まで${1}秒
22018	Ghost ships will arrive in ${1} seconds! Destroy them with explosive barrels!	ゴーストシップが${1}秒後に到着！爆発樽で破壊しよう！
22019	${1} spent ${2} Guild Contribution to Level-up the ${3} building to Lv. ${4}.	${1}がギルド貢献度${2}を消費し、${3}施設をLv. ${4}にレベルアップしました。
22020	^{1}[${1}]^{2} added a high-quality accelerant, replacing [${2}] with [${3}].	^{1}[${1}]^{2}が高品質促進剤を追加し、[${2}]を[${3}]に置き換えました。
22021	Bobo\nThe great king has arrived! All you monsters and fiends, clear the way!	ボボ\n大王様のお出ましだ！モンスターも悪党も道を開けろー！
22022	Soldier\nReporting, Commander! Something unusual is happening at the Pyramid!	兵士\n報告します、隊長！ピラミッドで異変が起きています！
22023	^{1}The summit isn't the end. It's where you first glimpse the next peak.^{2}	^{1}頂上は終点じゃない。次の高みが初めて見える場所だ。^{2}
22024	Use a Treasure Map @{1} times (use a Standard Treasure Map from the Backpack)	宝の地図を@{1}回使用（バックパック内の通常宝の地図を使用）
22025	Activate the Nine-Tone Mantra matching Theme Headwear Appearance (Permanent).	九音真言のおそろいテーマ頭装備外見を有効化（永久）
22026	Open to receive @{1} Card: Whisper, @{2} Blue Card Shards, and @{3} Diamonds.	開くとカード：ウィスパーを@{1}枚、青カードの欠片を@{2}個、ダイヤを@{3}個獲得。
22027	Plant fluff that drifts on the wind. It can be gathered and used as stuffing.	風に舞う植物の綿毛。採集して詰め物に利用できる。
22028	Ornate Tier @{1} Purple Equipment, clearly crafted by the Moonlit Challenger.	月夜の挑戦者が作ったと思われる、華麗なTier @{1}紫装備。
22029	A Madogear Pilot made of exceptionally Rare mithril with incredible hardness.	非常に希少なミスリルで作られた、驚異的な硬度を誇る魔導ギアパイロット。
22030	A sword made specifically for "fighting." Its hilt has a distinctive S shape.	「戦う」ために作られた剣。柄が特徴的なS字型をしている。
22031	<color=#CC762A>Members with insufficient Reward Count are shown first</color>	<color=#CC762A>報酬回数が不足しているメンバーを優先表示</color>
22032	Event Period: During the Ignition Test, opens Friday from @{1}:@{2}~@{3}:@{4}	イベント期間：点火テスト中、金曜日 @{1}:@{2}～@{3}:@{4} に開催
22033	Event Period: During the Ignition Test, opens Sunday from @{1}:@{2}~@{3}:@{4}	イベント期間：点火テスト中、日曜日 @{1}:@{2}～@{3}:@{4} に開催
22034	<color=#CC762A>60 minutes</color> of Bonus Time is restored daily at midnight	<color=#CC762A>60分</color>のボーナスタイムが毎日0時に回復
22035	Players removed from the tavern are automatically added to the room's Blocks.	酒場から退出させられたプレイヤーは、自動的にルームのブロックリストへ追加されます。
22036	Cannot reset the [Cart Use] skill while there are items in the Cart Merchant.	カート商人にアイテムがある間は[カート使用]スキルをリセットできません。
22037	The field goes dark. Each player can see one glowing Bell and must follow it.	フィールドが暗転。各プレイヤーには光るベルが1つ見えるので、それを追いかけよう。
22038	Allies within ${1} meters of the supply cart gain ${2}% ATK for ${3} seconds.	補給カートから${1}m以内の味方は、${3}秒間ATK +${2}%。
22039	Increases damage against Brute Race and Insect Race enemies by ^{1}${1}%^{2}.	動物形・昆虫形の敵へのダメージ +^{1}${1}%^{2}。
22040	Orc Hero surrounds himself with blades, continuously damaging nearby players.	オークヒーローが周囲に刃を展開し、近くのプレイヤーへ継続ダメージを与える。
22041	Unlock the [Premium Pass] to receive <color=#ff993f>${1}</color> more rewards	[プレミアムパス]を解放すると、さらに<color=#ff993f>${1}</color>個の報酬を獲得
22042	Hehe, clothes really do make the Adventurer. You look much more reliable now!	ふふ、やっぱり服装って大事ね。ずいぶん頼もしく見えるようになった！
22043	On our fortieth anniversary, he went out to buy me a ring and never returned.	40周年の日、指輪を買いに出かけたまま帰ってこなかったの。
22044	If you're here, stop wasting time and show me the equipment you want refined!	来たならぼーっとしてないで、精錬したい装備を見せな！
22045	The shadow left behind by 【Move Back Afterimage】 mimics your 【Shadow Pierce】.	【後退残像】で残した影が、あなたの【シャドウピアース】を模倣する。
22046	Increases Attack Speed. Normal Attacks have a Chance to trigger Cursed Slash.	攻撃速度が上昇。通常攻撃時、確率で呪いの斬撃を発動。
22047	Log in for a total of 7 days during the event to unlock all check-in rewards!	イベント期間中に累計7日ログインすると、すべてのログイン報酬を解放！
22048	Increases Magic ATK based on DEX. Every ${1} DEX increases Magic ATK by ${2}.	DEXに応じて魔法ATKが増加。DEX${1}ごとに魔法ATK +${2}。
22049	Increases Magic ATK based on INT. Every ${1} INT increases Magic ATK by ${2}.	INTに応じて魔法ATKが増加。INT${1}ごとに魔法ATK +${2}。
22050	The Headgear Merchant sets the terms for the exchange. Hear what Allen thinks.	交換条件は頭装備商人が決めている。アレンの意見を聞いてみよう。
22051	\n${1} was your most frequent activity, adding a splash of color to your life.	\n${1}が最も頻繁に行った活動で、あなたの生活に彩りを添えました。
22052	Includes information such as player name, Guild name, Guild emblem, and Trophy	プレイヤー名、ギルド名、ギルドエンブレム、トロフィーなどの情報を含みます
22053	This player is in Blocks. Remove them from Blocks before selecting Add Friend.	このプレイヤーはブロック中です。フレンド追加前にブロックを解除してください。
22054	Canceling the response will cause guild creation to fail. Cancel the response?	応答を取り消すとギルド作成に失敗します。応答を取り消しますか？
22055	Guild Member ${1} has initiated an Impeachment. You may Respond to Impeachment	ギルドメンバー${1}が弾劾を開始しました。弾劾に応答できます。
22056	Enrage time remaining after clearing the dungeon does not meet the requirement	ダンジョンクリア後の激怒残り時間が条件を満たしていません
22057	^{1}^{2}【Maximum Over Thrust】^{3}^{4}increases Physical damage dealt by ${1}%.	^{1}^{2}【オーバートラストマックス】^{3}^{4}により与える物理ダメージ +${1}%。
22058	Ignores monster Size. Damage against Small, Medium, and Large monsters +@{1}%.	モンスターサイズを無視。小型・中型・大型モンスターへのダメージ +@{1}%。
22059	While ^{1}^{2}[Battle Chant]^{3}^{4} is active, your Max HP increases by ${1}.	^{1}^{2}[ゴスペル]^{3}^{4}中、最大HP +${1}。
22060	For every ${1} additional skills on this Divine Arts Totem, Physical ATK +${2}	この神術トーテムに追加スキルが${1}個あるごとに、物理ATK +${2}
22061	For every ${1} Stunts on equipped gear, Physical ATK +${2} (up to ${3} Stunts)	装備中のアクション${1}個ごとに物理ATK +${2}（最大${3}個）
22062	Baphomet summons a ^{1}charging illusion^{2} that damages targets in its path.	バフォメットが^{1}突進する幻影^{2}を召喚し、進路上の対象にダメージ。
22063	There are still pets Not Deployed. Are you sure you want to Enter Battlefield?	未配置のペットがいます。このまま戦場へ入りますか？
22064	A very old-fashioned television set that can surprisingly still play programs.	とても古風なテレビ。驚くことに、今でも番組を映せる。
22065	You have not met this map's Unlock Requirement. Keep working on your Level-up!	このマップの解放条件を満たしていません。引き続きレベルアップしましょう！
22066	In Ragnarok Online, equipping a "Katar" sets your critical hit Chance to @{1}.	Ragnarok Onlineでは「カタール」を装備すると、クリティカル率が@{1}になります。
22067	After defeating an MVP, the letters "MVP" will appear above the player's head.	MVPを倒すと、プレイヤーの頭上に「MVP」の文字が表示されます。
22068	Press the directional key corresponding to the direction of Luna's Dance Move.	ルナのダンス方向に対応する方向キーを押そう。
22069	Complete all quests to advance your title and earn a grand advancement reward.	すべてのクエストを完了して称号を昇格し、豪華な昇格報酬を獲得しよう。
22070	Come, extend your hand and let this great prophet guide you to your true path!	さあ、手を差し出しなさい。この偉大なる預言者が、真の道へ導いてあげよう！
22071	Ta-da! The Crystal of Fate has revealed your result! Let's see... Oh? Not bad!	ジャジャーン！運命のクリスタルが結果を示したよ！どれどれ…おっ、悪くない！
22072	Wulf knows this ship inside and out. Don't worry—he's a dependable old friend.	ウルフはこの船のことなら隅々まで知っている。心配いらない、頼れる古い友人だ。
22073	Purchase successful! The item has been delivered. Please check your inventory!	購入成功！アイテムを届けました。バッグを確認してください！
22074	O-Of course! Science is about constantly challenging and surpassing tradition.	も、もちろん！科学とは、常識へ挑み、乗り越え続けるものだからな。
22075	Hello! I'm an Alchemist, a class that Merchants can reach through Job Advance.	こんにちは！私はアルケミスト。マーチャントから転職できる職業よ。
22076	I'd definitely recognize you... Go... Get out of here! Can't you see I'm busy?	君なら絶対に分かるはず…ほら…出ていって！忙しいのが見えないのか？
22077	After walking all morning, she's finally willing to Sit down and take a break.	朝から歩きっぱなしで、ようやく座って休む気になったようだ。
22078	I'll just sit for one minute. Just one minute. I really can't keep fighting...	1分だけ座らせて。ほんの1分。もう戦えないよ…
22079	Shh... I'm calculating this week's profits. Let's see, we sold @{1} potions...	しーっ…今週の利益を計算してるの。ええと、ポーションを@{1}個売って…
22080	Hmph. Don't think this will make me forget how you stood by and did nothing...	ふん。これで、あの時見て見ぬふりしたことを忘れると思わないでよ…
22081	So don't worry so much. Just follow Me, and I'll bring all of you back safely.	だからそんなに心配しなくていい。私についてくれば、みんな無事に連れ帰る。
22082	Those two are probably fighting Phreeoni Nearby, so I doubt they can get away.	あの2人は近くでフリオニと戦ってるはずだから、逃げる余裕はないだろう。
22083	Understood. The Relic should be in this direction. I've marked it on your map.	了解。遺物はこの方向にあるはずだ。マップに印を付けておいた。
22084	Successfully transformed into ${1} Lv. ${2}! The winner's reward has increased	${1} Lv. ${2}への変身成功！勝者報酬が増加しました
22085	Players with the corresponding notes must Kill the matching Musical Instrument	対応する音符を持つプレイヤーは、同じ音符の楽器を倒してください
22086	Activate three Safe Zones simultaneously. ${1} seconds until the beat explodes	3つのセーフゾーンを同時に起動。ビート爆発まで${1}秒
22087	Deviling\nThe Treasure Island is about to sink! Warriors, escape immediately!!	デビルリング\n宝島が沈むぞ！戦士たちよ、すぐに脱出しろ！！
22088	Deviling\n[Pirate King] dropped a ^{1}[Surprise Chest]^{2} on the battlefield!	デビルリング\n[海賊王]が戦場に^{1}[サプライズチェスト]^{2}を落とした！
22089	${1} successfully impeached Guild Leader ${2} and became the new Guild Leader.	${1}がギルドマスター${2}の弾劾に成功し、新たなギルドマスターになりました。
22090	Now for an exciting moment! Who will be the lucky winner?\nThird Prize Drawing	さあ、ドキドキの瞬間です！幸運をつかむのは誰だ？\n3等抽選
22091	Too few players joined the party, so the Troublemaker Poring took the rewards!	パーティ参加者が少なすぎたため、いたずらポリンが報酬を持っていきました！
22092	Gain the Big Head effect and choose You or an Other player to give a big head.	ビッグヘッド効果を獲得し、自分または他のプレイヤーを大頭にできます。
22093	Bobo\nI heard Maya's minions built an underground kingdom for her. Is this it?	ボボ\nマヤーの配下が地下王国を作ったって聞いたけど…ここなのかな？
22094	Bobo\nCould that little thief be inside the Culvert? Let's hurry over and see~	ボボ\nあの小泥棒、地下水路にいるのかな？早く見に行こう～
22095	Monster Research Adventurer\nDamn it, these blasted Chonchons! Please Help Me!	モンスター研究冒険者\nくそっ、このチョンチョンども！お願いだ、助けてくれ！
22096	Bobo\nI feel irritated whenever we Enter the Pyramid. Is the Relic causing it?	ボボ\nピラミッドに入るとイライラするんだ。これも遺物のせいかな？
22097	Activate the Nine-Tone Mantra matching Theme Mouthwear Appearance (Permanent).	九音真言のおそろいテーマ口装備外見を有効化（永久）
22098	Tender animal meat that can be grilled or stewed for a variety of meat dishes.	やわらかな獣肉。焼いたり煮込んだり、さまざまな肉料理に使える。
22099	Points obtained by defeating monsters in the ^{1}Pharos Lighthouse^{2} region.	^{1}ファロス灯台^{2}地域でモンスターを倒すと獲得できるポイント。
22100	Learning Skills will <color=#c26b47>randomly replace an existing skill</color>	スキルを習得すると、<color=#c26b47>既存スキルがランダムに置き換わります</color>
22101	The airship takes off. As you look outside, the people of Izlude wave goodbye.	飛行船が離陸する。外を見ると、イズルードの人々が手を振って見送っている。
22102	Switching modes requires restarting the game. Are you sure you want to switch?	モード切替にはゲームの再起動が必要です。切り替えますか？
22103	You or a teammate must defeat a total of ${1} other players in Kafra Survival.	カプラ・サバイバルバトルで、自分またはチームメイトが他プレイヤーを合計${1}人倒す必要があります。
22104	This server is temporarily unable to purchase items from the Instance Auction.	現在、このサーバーではインスタンスオークションの商品を購入できません。
22105	A similar skill effect is already active in this area. Please try again later.	このエリアでは類似のスキル効果がすでに有効です。時間をおいて再試行してください。
22106	Invitation failed. The target guild has reached its limit for received invites	招待失敗。対象ギルドが受信可能な招待数の上限に達しています
22107	The recruitment text cannot consist entirely of numbers. Please enter it again	募集文を数字だけにすることはできません。入力し直してください
22108	Whether the current dungeon has a subsequent dungeon in the challenge sequence	現在のダンジョンに、チャレンジ順で次のダンジョンが存在するかどうか
22109	Once learned, Mechanics can ride a Madogear in battle and use Madogear skills.	習得すると、メカニックは戦闘中に魔導ギアへ搭乗し、魔導ギアスキルを使用できます。
22110	Once learned, Mechanics can use the Kinetic Battle Axe and its related skills.	習得すると、メカニックはキネティックバトルアックスと関連スキルを使用できます。
22111	Deals ATK * ^{1}@{3}%^{2} damage to up to @{2} enemies within a @{1} m radius.	@{1}m以内の最大@{2}体の敵にATK * ^{1}@{3}%^{2}のダメージ。
22112	^{1}【Focused Arrow Strike】^{2}'s damage multiplier increases by ^{3}${1}%^{4}.	^{1}【集中アローストライク】^{2}のダメージ倍率 +^{3}${1}%^{4}。
22113	Increases the percentage damage multiplier of ^{1}【Bash】^{2} by ^{3}${1}%^{4}.	^{1}【バッシュ】^{2}の割合ダメージ倍率 +^{3}${1}%^{4}。
22114	After casting Meteor Assault, cast a mini Meteor Assault at the same location.	メテオアサルト使用後、同じ位置に小型メテオアサルトを発動。
22115	Server instability detected. Please try starting the conversation again later.	サーバーが不安定です。時間をおいて会話を開始し直してください。
22116	All right. You seem like a rather capable Adventurer. Could I ask you a favor?	よし。なかなか腕の立つ冒険者みたいだな。ひとつ頼みを聞いてくれないか？
22117	Please decide whether to transfer to the Adventure Group's server before ${1}.	${1}までに冒険グループのサーバーへ移動するか決めてください。
22118	Party member ${1} did not confirm participation. This match has been canceled.	パーティメンバー${1}が参加確認しなかったため、マッチをキャンセルしました。
22119	No playstyle builds available. Use Get Help to obtain one from another player.	利用可能なプレイスタイルビルドがありません。「ヘルプを求める」で他プレイヤーから取得してください。
22120	Hidden and cannot be seen or targeted\nRevealed after taking damage @{1} times	隠密状態となり、視認・ターゲット不可\n@{1}回ダメージを受けると解除
22121	^{1}^{2}【Mystical Amplification】^{3}^{4} grants ^{5}${1}^{6} Extra Cast Speed.	^{1}^{2}【ミスティカルアンプリフィケーション】^{3}^{4}で詠唱速度 +^{5}${1}^{6}。
22122	Increases the damage of ^{1}Offensive-type^{2} Primary Battle Skills by ${1}%.	^{1}攻撃型^{2}メイン戦闘スキルのダメージ +${1}%。
22123	The character's maximum Life. The character dies when current Life reaches @{1}	キャラクターの最大HP。現在HPが@{1}になると死亡します
22124	Affects the critical damage of the character's Damage Skills and healing skills	キャラクターのダメージスキル・回復スキルのクリティカルダメージに影響
22125	A specially trained Peco Peco, exclusively used as a combat mount by Crusaders.	クルセイダー専用の戦闘用として特別に訓練されたペコペコ。
22126	The Arcane Crystal is fully charged. The unknown beyond will arrive after ${1}…	アーケインクリスタルの充填が完了。${1}後、未知なるものが到来します…
22127	Activating this attribute will <color=#FF1515>decrease Power</color>. Continue?	この属性を有効化すると<color=#FF1515>戦力が低下</color>します。続行しますか？
22128	This Trade violated the Trade rules. The System has automatically taken action.	この取引は取引規約に違反しました。システムが自動的に処理しました。
22129	A teammate's ID Tag. Use it or take it to an ambulance to Revive that teammate.	チームメイトのIDタグ。使用するか救護車へ持っていくと、そのチームメイトを復活できます。
22130	Auto-Bid is currently active. Bidding manually will disable Auto-Bid. Continue?	自動入札が有効です。手動で入札すると自動入札が無効になります。続行しますか？
22131	Weekly Active rating: There are 4 Active rating tiers based on Weekly Activity:	週間アクティブ評価：週間アクティビティに応じて4段階の評価があります：
22132	Gain ${1}% damage reduction and one chance to Respawn upon taking fatal damage.	ダメージ軽減 +${1}%、致死ダメージ時に1回復活できます。
22133	Grants permanent 【Endure】 (immune to knockback, knock-up, and hitstun effects).	永続【インデュア】を獲得（ノックバック、打ち上げ、のけぞり無効）。
22134	^{1}^{2}【Sharp Shooting】^{3}^{4} gains ${1}% Crit Chance but no longer pierces.	^{1}^{2}【シャープシューティング】^{3}^{4}のクリティカル率 +${1}%、ただし貫通しなくなる。
22135	Camera controls conflict with the Select/Move key bindings. Please change them.	カメラ操作と選択/移動キー設定が競合しています。設定を変更してください。
22136	A new version of the game is available. Please update it through the app store.	新しいバージョンがあります。アプリストアから更新してください。
22137	Physical damage dealt to Brute and Insect monsters +${1}%; Movement Speed ${2}%	動物形・昆虫形モンスターへの物理ダメージ +${1}%；移動速度 ${2}%
22138	^{1}^{2}[Envenomed Blade]^{3}^{4}'s ricochet effect gains an Extra ${1} bounce.	^{1}^{2}[エンベノムブレイド]^{3}^{4}の跳弾回数 +${1}。
22139	Each CRIT with ^{1}^{2}【Advanced Katar Mastery】^{3}^{4} now grants ${1} Floors.	^{1}^{2}【上級カタールマスタリー】^{3}^{4}でクリティカルするたび${1}スタック獲得。
22140	Mistress summons ^{1}Hornets^{2} that charge at players from random directions.	ミストレスが^{1}ホーネット^{2}を召喚し、ランダム方向からプレイヤーへ突進させる。
22141	Drake quickly charges, then damages^{1}fan-shaped areas in @{1} directions^{2}.	ドレイクが素早く突進し、^{1}@{1}方向の扇形範囲^{2}にダメージ。
22142	Burrow through the earth in the designated direction, moving up to @{1} meters.	指定方向へ地中を進み、最大@{1}m移動。
22143	You can't travel there during the current activity. Please leave and try again.	現在のアクティビティ中は移動できません。退出してから再試行してください。
22144	He is the sun; He has no need to look up.\nWorldscorch Feather · Theme Headwear	彼こそ太陽。見上げる必要などない。\nワールドスコーチフェザー・テーマ頭装備
22145	Solo dungeons cannot be entered as a party. Leave your party and Enter Dungeon?	ソロダンジョンにはパーティで入れません。パーティを脱退して入場しますか？
22146	In RO, "++" means asking an Acolyte to cast both Blessing and Increase Agility.	ROで「++」は、アコライトにブレッシングと速度増加の両方をかけてほしいという意味です。
22147	"Costume Enchant" only costs a fixed amount of Zeny and grants special effects.	「コスチュームエンチャント」は固定量のゼニーだけを消費し、特殊効果を付与します。
22148	Your Stall was open for XX. You listed XX items and earned XX. Close the Stall?	露店をXX開いていました。XX個出品し、XX獲得しました。露店を閉じますか？
22149	Levin, glasses, poor eyesight... Is he from Payon? And didn't he study in Juno?	レビン、眼鏡、目が悪い…フェイヨン出身？それにジュノーで学んでなかった？
22150	Your guild placed ${1} in this event. Here are the prizes. Please collect them!	ギルドはこのイベントで${1}位になりました。報酬を受け取ってください！
22151	Take a gander at this 【Iron-Slicing Sword】! Look at that grain! Hear that ring!	この【鉄斬りの剣】を見てみな！この刃紋、この響き！
22152	H-Honey, it's just a figure of speech! It's all to make money, to make money...	あ、あなた！ただの言い回しよ！全部お金を稼ぐため、お金のためなの…
22153	The signal tower? Oh! That! Theoretically, I finished calibrating it last week.	信号塔？ああ、あれか！理論上は先週調整を終えたはずだ。
22154	I'm counting to @{1}. If he still hasn't apologized by then, we're breaking up!	@{1}まで数える。それまでに謝らなかったら別れるから！
22155	All I did was ask, “How much longer are we going to shop?” and she got Angry...	「あとどれくらい買い物するの？」って聞いただけなのに怒られた…
22156	Thank you for asking me to dance. The truth is, I've liked you for a long time.	ダンスに誘ってくれてありがとう。本当は、ずっとあなたのことが好きだったの。
22157	Nothing matters more than making money. What, a conscience? Hah! Can I sell it?	金儲けより大事なものなんてない。良心？ふん、それ売れるのか？
22158	Trust in science, you little devil of a Poring. Hurry back—I guarantee results!	科学を信じろ、このいたずらポリンめ。早く戻ってこい、結果は保証する！
22159	You're the ones who stole the Professor's things! Who's really despicable here?	教授の物を盗んだのはお前たちだろ！本当に卑怯なのはどっちだ！
22160	My name is Bragis Skjald, a bard... and the chronicler of this timeline's epic.	私の名はブラギス・スカルド。吟遊詩人であり…この時間軸の叙事詩を記す者だ。
22161	${1} is short by ${2}. Combine this item? You can currently combine ${3} items.	${1}が${2}不足しています。このアイテムを合成しますか？現在${3}個合成できます。
22162	The stage is set for the grand finale. The ultimate showdown is about to begin!	舞台は整った。いよいよグランドフィナーレ、究極の決戦が始まる！
22163	Attention, Audience! The show is about to begin, and the fun is about to start!	観客の皆さん、注目！ショーの幕開けです。楽しい時間が始まります！
22164	${1} has started the Dragon Crafting quest and invites all Adventurers to help!	${1}がドラゴンクラフトクエストを開始し、冒険者のみんなに協力を求めています！
22165	Congratulations to all Adventurers for successfully resolving this Rift Crisis.	冒険者のみなさん、リフトクライシス解決おめでとうございます！
22166	Captain\nAim before You fire! Conserve ammo and target their engines and sails!	船長\n撃つ前によく狙え！弾を節約して、エンジンと帆を狙うんだ！
22167	Bobo\nThe device is over there. Let's hurry and bring it back to the Professor.	ボボ\n装置はあそこだ。早く教授のところへ持ち帰ろう。
22168	Reach @{1} progress for collecting all Monster Hunt rewards in the Payon Region	フェイヨン地域のモンスターハント報酬収集進捗を@{1}まで上げる
22169	Open to obtain @{1} Card: Eclipse, @{2} Blue Card Fragments, and @{3} Diamonds.	開くとカード：エクリプスを@{1}枚、青カードの欠片を@{2}個、ダイヤを@{3}個獲得。
22170	A precision mold carved from Ironwood, used to make strong yet resilient rings.	アイアンウッドから削り出した精密な型。丈夫でしなやかなリング作りに使う。
22171	A by-product of alchemical Pet Hatching. Dismantle to receive @{1} Proficiency.	ペット孵化の錬金過程で生じる副産物。分解すると熟練度@{1}を獲得。
22172	Level-up is only available after all prerequisite talent nodes reach Max level.	前提タレントノードがすべて最大Lv.になった後にレベルアップできます。
22173	An Astral Sign imbued with mysterious power. Can be used for Equipment Forging.	神秘的な力を宿すアストラルサイン。装備製造に使用可能。
22174	An Undead katar made from the bones of Osiris and shrouded in an aura of death.	オシリスの骨で作られ、死の気配をまとった不死属性のカタール。
22175	Guild Contribution used by Guild Members to purchase items from the Guild Shop.	ギルドメンバーがギルドショップでアイテム購入に使用するギルド貢献度。
22176	Bidding begins after this <color=#FDAB5B>Dungeon Settlement is complete</color>	この<color=#FDAB5B>ダンジョン精算完了後</color>に入札開始
22177	Go forth and explore, seeking every source of power across these ancient lands.	進め、探索せよ。この古き大地に眠るあらゆる力の源を探し出せ。
22178	For players familiar with PC MMORPGs such as Justice Online and Moonlight Blade	Justice OnlineやMoonlight Bladeなど、PC MMORPGに慣れたプレイヤー向け
22179	This Adventurer Guild Card has already been unlocked. Do not Repeat the unlock.	この冒険者ギルドカードはすでに解放済みです。重複して解放しないでください。
22180	The number of Elites does not meet the requirements for instant group formation	精鋭人数が即時グループ編成の条件を満たしていません
22181	The selected preset is invalid because it contains an item that does not exist.	存在しないアイテムを含むため、選択したプリセットは無効です。
22182	After a @{1}-sec warning, deals damage in a circular area with an @{2}m radius.	@{1}秒の予告後、半径@{2}mの円形範囲にダメージ。
22183	After Gitan finds bracelet, Gitan will find that snake. Bad snake killed Gitan.	ギタンが腕輪を見つければ、そのヘビも見つかる。悪いヘビがギタンを殺した。
22184	Are you done gathering your materials too? Let's go trade them to the merchant.	素材集めは終わった？じゃあ商人のところへ交換しに行こう。
22185	I-I'd like to learn more about her. Like what she likes and what she doesn't...	か、彼女のことをもっと知りたいんだ。好きなものとか、嫌いなものとか…
22186	Your current server, [${1}], differs from the Adventure Group's server, [${2}].	現在のサーバー[${1}]は冒険グループのサーバー[${2}]と異なります。
22187	Otherwise, you will automatically leave the Adventure Group when time runs out.	それ以外の場合、時間切れになると自動的に冒険グループを脱退します。
22188	This slot is reserved for Adventure skills. Skills cannot be inserted manually.	このスロットは冒険スキル専用です。手動でスキルを入れることはできません。
22189	Reduces the Cooldown of 【Hiding】, 【Back Slide】, and 【Cloaking】 by ${1} seconds.	【ハイディング】【バックスライド】【クローキング】のクールダウンを${1}秒短縮。
22190	Spear proficiency increases Physical ATK by @{1} when using Spear-type weapons.	槍系武器装備時、槍熟練度により物理ATK +@{1}。
22191	Sword proficiency increases Physical ATK by @{1} when using sword-type weapons.	剣系武器装備時、剣熟練度により物理ATK +@{1}。
22192	No playstyle builds available. Create a build for another player to obtain one.	利用可能なプレイスタイルビルドがありません。他プレイヤー用のビルドを作成すると取得できます。
22193	Reduces Movement Speed by @{1}% and increases Ghost magic damage taken by @{2}%	移動速度 -@{1}%、受ける念属性魔法ダメージ +@{2}%
22194	Talk to the Professor and learn that he is researching memory entity technology.	教授と話し、記憶実体技術を研究していることを知る。
22195	When you receive a critical hit, reduces its critical damage multiplier by ${1}%	クリティカルを受けたとき、そのクリティカルダメージ倍率を${1}%軽減。
22196	A highest-ranking cleric with greatly improved survivability and AoE protection.	生存力と範囲防護能力が大幅に向上した最高位の聖職者。
22197	A bright Red Healing Potion that instantly restores @{1} HP. Cooldown: @{2} sec.	鮮やかな赤の回復ポーション。HPを即座に@{1}回復。クールダウン：@{2}秒。
22198	The Initiator will become the new Guild Master if the Impeachment is successful.	弾劾に成功すると、発起人が新しいギルドマスターになります。
22199	You have initiated an impeachment against Guild Leader ${1}. Cancel Impeachment?	ギルドマスター${1}への弾劾を開始しました。弾劾を取り消しますか？
22200	When attacked, the Melody Bubble gradually expands and explodes, dealing damage.	攻撃を受けるとメロディバブルが徐々に膨らみ、爆発してダメージを与える。
22201	Reduces Movement Speed by @{1}% and CRIT, Attack Speed, and Cast Speed by @{2}%.	移動速度 -@{1}%、CRIT・攻撃速度・詠唱速度 -@{2}%。
22202	Every @{1} sec, loses HP equal to @{2}% of the applier's Poison Physical Damage.	@{1}秒ごとに、付与者の毒属性物理ダメージの@{2}%分のHPを失う。
22203	Gain Accelerate and continuously deal DMG to nearby characters, inflicting Slow.	加速を獲得し、周囲のキャラクターへ継続ダメージを与え、鈍足を付与。
22204	Mistress summons a ^{1}Hornet Army^{2} to perform ^{3}@{1}^{4} map-wide thrusts.	ミストレスが^{1}ホーネット軍団^{2}を召喚し、マップ全体へ^{3}@{1}^{4}回突進。
22205	Switching Skill Builds will reset your current skill point allocation. Continue?	スキルビルドを切り替えると現在のスキルポイント割り振りがリセットされます。続行しますか？
22206	Cannot go to your Stall while in a Dungeon, Cross-server Location, or while dead	ダンジョン・クロスサーバーエリア・死亡中は露店へ移動できません
22207	The Void Rift is unstable. Clear out the monsters inside as quickly as possible.	ヴォイドリフトが不安定です。中のモンスターをできるだけ早く一掃してください。
22208	Appoint Position: <color=#594E3D>${1} (<color=#C26B47>${2}</color>/${3})</color>	役職任命：<color=#594E3D>${1} (<color=#C26B47>${2}</color>/${3})</color>
22209	All Utility Slots are full. Remove a pet or drag another pet here to replace it.	ユーティリティスロットがすべて埋まっています。ペットを外すか、別のペットをここへドラッグして入れ替えてください。
22210	Stat Bonus Overview provided to the Adventurer by all currently unlocked entries	現在解放済みの全項目によって冒険者に付与されるステータスボーナス概要
22211	Join your guildmates at the bonfire event to earn lots of EXP and other rewards.	ギルドメンバーと焚き火イベントに参加して、大量のEXPなどの報酬を獲得しよう。
22212	Select Extreme Challenge mode. You can unleash your full potential in this mode!	極限チャレンジモードを選択。このモードでは全力を発揮できます！
22213	Hello, I'm Rhine. I'm responsible for recording and evaluating the Novice Trial.	こんにちは、ラインです。ノービス試練の記録と評価を担当しています。
22214	Good work. Your combat record shows that you handled yourself consistently well.	お疲れさま。戦闘記録を見る限り、安定して立ち回れていました。
22215	I'm the proprietor NPC. I don't know where the black market merchant is, either.	私は店主NPCです。闇市商人がどこにいるかは私にも分かりません。
22216	Well, rookie? This is your first time seeing the view from an airship, isn't it?	よう、ルーキー。飛行船から景色を見るのは初めてだろ？
22217	Your guild occupied the stronghold and earned an Extra reward. Please accept it!	ギルドが拠点を占領し、追加報酬を獲得しました。受け取ってください！
22218	Your timing is perfect. Jack just got a sound thrashing from ^{1}PlayerName^{2}!	ちょうどいいところだ。ジャックはさっき^{1}PlayerName^{2}にこっぴどくやられたぞ！
22219	Oh... Are you out for a walk too? This is a rather strange place for a stroll...	あら…あなたも散歩？こんな場所で散歩なんて、ちょっと変わってるけど…
22220	Animal headwear still sells best. Guess there are a lot of furry fans out there.	やっぱり動物系の頭装備が一番売れるね。モフモフ好きが多いんだろうな。
22221	The Woman thrusts the item into your hand before you have a chance to Reject it.	女性は拒否する間もなく、アイテムをあなたの手に押し込んだ。
22222	What are you staring at, you weirdo?! Don't Approach Me! And... I'm not his Pet!	何見てるの、この変人！近づかないで！それに…私はあいつのペットじゃない！
22223	Once an administrator starts the challenge, each Guild Member can Enter Dungeon.	管理者がチャレンジを開始すると、各ギルドメンバーがダンジョンへ入場できます。
22224	You have already claimed the Stage ${1} reward. Skip the stages with no rewards?	ステージ${1}の報酬は受取済みです。報酬のないステージをスキップしますか？
22225	You rummage through the bushes and Discover a stick of Dynamite left by Dracula.	茂みを探ると、ドラキュラが置いていったダイナマイトを1本見つけた。
22226	Congratulations to player 【${2}】 for defeating 【${1}】 and earning a Rare reward!	プレイヤー【${2}】が【${1}】を撃破し、レア報酬を獲得しました！
22227	${1}, ${2}, and ${3} founded the guild together. This is where the dream begins!	${1}、${2}、${3}が力を合わせてギルドを設立。夢はここから始まる！
22228	The adorable monsters can't wait any longer! Enjoy this fun-filled game—\n【${1}】	かわいいモンスターたちはもう待ちきれない！楽しいゲームを満喫しよう—\n【${1}】
22229	${1} successfully raided another Guild's Supply Cart and obtained ${2} supplies!	${1}が他ギルドの補給カートを襲撃し、物資${2}を獲得！
22230	Enemy forces are gathering south of Prontera. All defenders, prepare for battle!	敵軍がプロンテラ南部に集結中。守備隊は戦闘準備を！
22231	Quickly press the arrow key corresponding to the direction of Luna's Dance Move.	ルナのダンス方向に対応する矢印キーを素早く押そう。
22232	Melody of the God of Nature. Complete the weekly challenge to obtain Rare items.	自然神の旋律。週間チャレンジを完了するとレアアイテムを獲得できます。
22233	Event Text Event Text Event Text Event Text Event Text Event Text Event Text Two	イベントテキスト イベントテキスト イベントテキスト イベントテキスト 2
22234	Event Text Event Text Event Text Event Text Event Text Event Text Event Text One	イベントテキスト イベントテキスト イベントテキスト イベントテキスト 1
22235	Activate the Silverwing Covenant matching Theme Backwear Appearance (Permanent).	シルバーウィングの盟約のおそろいテーマ背中装備外見を有効化（永久）
22236	Open to obtain a Tier @{1} Weapon Blueprint and the required Crafting Materials.	開くとTier @{1}武器設計図と必要な製作素材を獲得。
22237	White crystals used as a basic seasoning to enhance the savory flavor of dishes.	料理の旨味を引き立てる基本調味料として使われる白い結晶。
22238	Brilliant Orange Equipment with impressive offensive and defensive capabilities.	攻防ともに優れた、鮮やかなオレンジ品質装備。
22239	Maya's loyal servant. It can smell its master even from thousands of miles away.	マヤーに忠実な従者。何千里離れていても主の匂いを嗅ぎ分ける。
22240	A faintly glowing Crystal shield. Use to permanently increase Magic DEF by @{1}.	淡く光るクリスタルシールド。使用すると魔法DEFを永久に@{1}増加。
22241	Restores the character's Life, instantly restoring @{1}% HP. Cooldown: @{2} sec.	HPを即座に@{1}%回復。クールダウン：@{2}秒。
22242	An enormous axe so massive and heavy that even "oversized" fails to describe it.	あまりにも巨大で重く、「特大」という言葉すら足りないほどの大斧。
22243	A massive two-handed sword that subdues enemies with its weight and swing speed.	重量と振りの速さで敵を制圧する巨大な両手剣。
22244	Event Period: Monday through Thursday, Saturday, and Sunday, @{1}:@{2}~@{3}:@{4}	イベント期間：月～木・土・日 @{1}:@{2}～@{3}:@{4}
22245	Event Period: During the Ignition Test, opens Wednesday from @{1}:@{2}~@{3}:@{4}	イベント期間：点火テスト中、水曜日 @{1}:@{2}～@{3}:@{4} に開催
22246	The maximum number of Adventurer Groups for the current Season has been reached.	今シーズンの冒険グループ数が上限に達しました。
22247	Invitation failed. The other party will not accept your invites for @{1} minutes	招待失敗。相手は@{1}分間あなたからの招待を受け付けません
22248	During the event, each player can receive Monster Kill Rewards up to @{1} times.	イベント中、各プレイヤーが受け取れるモンスター討伐報酬は最大@{1}回です。
22249	When dismantling items, the number of Coins obtained increases by ^{1}${1}%^{2}.	アイテム分解時に獲得するコイン量 +^{1}${1}%^{2}。
22250	Your Guild's forces are currently garrisoned in 【${1}】. Redeploy them to 【${2}】?	ギルド部隊は現在【${1}】に駐屯しています。【${2}】へ再配置しますか？
22251	Deals 2 hits of High Damage to the target area, with a Chance to inflict Frozen.	対象エリアに高ダメージを2回与え、確率で凍結を付与。
22252	Gains DMG Reduction, periodically Deals DMG to nearby enemies and inflicts Burn.	ダメージ軽減を獲得し、定期的に周囲の敵へダメージを与えて火傷を付与。
22253	Revive up to @{2} fallen allies within a @{1}-meter radius with @{3}% HP and MP.	半径@{1}m以内の戦闘不能の味方を最大@{2}人、HP・MP@{3}%で復活。
22254	High Orc slashes the enemy, dealing ^{1}${1}%^{2} Neutral melee Physical damage.	ハイオークが敵を斬り、^{1}${1}%^{2}の無属性近接物理ダメージを与える。
22255	Target an enemy at a Distance of ${1} cells, dealing ${4}% melee Physical damage	${1}セル離れた敵を対象に、${4}%の近接物理ダメージ。
22256	Target an enemy at a Distance of ${1} cells and deal ${7}% melee Physical damage	${1}セル離れた敵を対象に、${7}%の近接物理ダメージ。
22257	Target an enemy at a Distance of ${1} cells and deal ${8}% melee Physical damage	${1}セル離れた敵を対象に、${8}%の近接物理ダメージ。
22258	Target an enemy at a Distance of ${1} cells, dealing ${9}% melee Physical damage	${1}セル離れた敵を対象に、${9}%の近接物理ダメージ。
22259	Deals ranged Wind magic damage equal to your MATK * ^{1}${1}%^{2} to the target.	対象にMATK * ^{1}${1}%^{2}の風属性遠距離魔法ダメージ。
22260	So it's him. I can't believe the Queen is letting someone from Juno handle this.	あいつか。女王がジュノーの人間に任せるなんて信じられない。
22261	Upon entering combat, Physical DEF and Magic DEF increase by @{1}% for @{2} sec.	戦闘開始時、物理DEF・魔法DEFが@{2}秒間@{1}%増加。
22262	Movement Speed decreases by ${1}%, and Physical and Magic ATK decrease by ${2}%.	移動速度 -${1}%、物理・魔法ATK -${2}%。
22263	Movement Speed increases by ${1}%, and Physical and Magic ATK increase by ${2}%.	移動速度 +${1}%、物理・魔法ATK +${2}%。
22264	Invite all responding Members to a party and begin creating the Adventure Group?	応答したメンバー全員をパーティに招待し、冒険グループを作成しますか？
22265	A Peco Peco captured the Party Leader! Is it planning to feed them to its chicks?	ペコペコがパーティリーダーをさらった！ヒナの餌にするつもりなのか？
22266	Check that your siege equipment, potions, gear, and skills are properly prepared.	攻城兵器、ポーション、装備、スキルの準備が整っているか確認しよう。
22267	Protect the Glorious Metal from destruction until time runs out to claim victory!	時間切れまで栄光の金属を守り抜けば勝利！
22268	Survey Ends:<sprite name="icon_questionnaire_time_03"><color=#63a22b>${1}</color>	アンケート終了：<sprite name="icon_questionnaire_time_03"><color=#63a22b>${1}</color>
22269	Professor Ryan seems to have something very important to tell You. Go talk to him	ライアン教授が重要な話をしたがっています。話しかけよう
22270	Clear the client's local Data? After the game closes, please restart it manually.	クライアントのローカルデータを削除しますか？ゲーム終了後、手動で再起動してください。
22271	Keep up to 20 Purchase History and Sales History entries. Updates may be delayed.	購入履歴・販売履歴をそれぞれ最大20件保存します。更新に時間がかかる場合があります。
22272	Sorry, your purchase was unsuccessful. The Trade amount will be refunded by mail.	購入に失敗しました。取引金額はメールで返金されます。
22273	Save your current outfit to an outfit preset so you can change looks more easily.	現在の衣装をプリセットに保存すると、外見を簡単に切り替えられます。
22274	Customize your Character, Background, Stickers, and more through Profile editing.	プロフィール編集でキャラクター、背景、ステッカーなどをカスタマイズできます。
22275	You are participating in a Guild event. Are you sure you want to leave this area?	ギルドイベント参加中です。このエリアから退出しますか？
22276	You can only bet on one Lucky Star during each event. Confirm your bet on [${1}]?	イベントごとに投票できるラッキースターは1人だけです。[${1}]に投票しますか？
22277	When you land a critical hit, your next instance of damage is increased by @{1}%.	クリティカル時、次に与えるダメージ +@{1}%。
22278	Every @{1} sec, loses HP equal to @{2}% of the applier's Neutral Physical Damage.	@{1}秒ごとに、付与者の無属性物理ダメージの@{2}%分のHPを失う。
22279	You are within the Sonic Barrier and will not take damage from Jellyfish Requiem.	ソニックバリア内ではジェリーフィッシュレクイエムのダメージを受けません。
22280	Gains DMG Reduction and continuously Deals DMG to nearby targets, inflicting Burn	ダメージ軽減を獲得し、周囲へ継続ダメージを与えて火傷を付与。
22281	Failed to load the game. Please check your network connection. (Error Code: ${1})	ゲームの読み込みに失敗しました。ネットワーク接続を確認してください。（エラーコード：${1}）
22282	When Marin dies, it has a @{1}% Chance to create @{2}-@{3} Transformation Manuals	マリン死亡時、@{1}%の確率で変身マニュアルを@{2}～@{3}個生成。
22283	Baphomet unleashes ^{1}@{1} scythe slashes^{2} that damage targets in their path.	バフォメットが^{1}@{1}回の大鎌斬撃^{2}を放ち、進路上の対象へダメージ。
22284	A beautiful Hat with unusual patterns. Wearing it somehow makes you feel smarter.	珍しい模様の美しい帽子。かぶるとなんだか頭が良くなった気がする。
22285	"Losing Dumby" means dying after receiving Dumby's buff, causing it to disappear.	「ダンビーを失う」とは、ダンビーのバフを受けた後に死亡してバフが消えること。
22286	Join a guild to participate in evening events and auctions and receive Dividends.	ギルドに加入すると夜のイベントやオークションに参加でき、配当も受け取れます。
22287	After selecting an area, you'll see its monsters here. Click to go hunt them, bo!	エリアを選ぶと、ここに出現モンスターが表示されるよ。クリックして狩りに行こう、ボ！
22288	Before entering Prontera, you'll need to pass the Novice Trial at the South Gate.	プロンテラに入る前に、南門でノービス試練を突破する必要があります。
22289	Hahaha, of course I'm here for work. It's been a while, Hawke. How have you been?	ははは、もちろん仕事で来たんだ。久しぶりだな、ホーク。元気だったか？
22290	Actually, before that, could you do me a favor? Look over there, in the corner...	その前に、ひとつ頼めるか？ほら、あそこの隅を見てくれ…
22291	And what you just experienced was but one insignificant note in a grand symphony.	そして今の体験も、大いなる交響曲の中のほんの小さな一音にすぎない。
22292	The old king has been missing for years. Isn't it time to choose a new successor?	先王が何年も行方不明だ。そろそろ新しい後継者を選ぶべきじゃないか？
22293	When I was young, every monster in this Field would take a detour when it saw me.	若い頃は、このフィールドのモンスターは俺を見ると遠回りしたもんだ。
22294	Hehe, now that we're this strong, the next set of Quests will be a piece of cake!	ふふ、ここまで強くなったなら、次のクエストも楽勝だね！
22295	Agreed. We should leave as soon as possible to prevent any further complications.	賛成だ。これ以上面倒が起きる前に、すぐ出発しよう。
22296	We have to go down another floor? What the heck is at the end of this Culvert...?	まだ下の階があるの？この地下水路の奥には一体何があるんだ…？
22297	Hey, Fervor, why did you stop again? Did you smell something Delicious this time?	ねえファーヴァー、また止まったの？今度は何かおいしい匂いでもした？
22298	Farewell, my friend. When you're ready, we'll meet again, and I'll tell you more.	さらば、友よ。準備ができたらまた会おう。その時に続きを話す。
22299	Stay out of my research, you black sootball freak! I'm asking ^{1}PlayerName^{2}!	私の研究に口を出すな、この黒い煤玉め！私は^{1}PlayerName^{2}に聞いている！
22300	Dragon seal successfully defended. Enter the Inner Area and challenge the dragon.	ドラゴン封印の防衛に成功。内部エリアへ入り、ドラゴンに挑戦しよう。
22301	Consume to gain <color=#63a22b>${1}</color> points of <color=#C27B47>${2}</color>	使用すると<color=#63a22b>${1}</color>ポイントの<color=#C27B47>${2}</color>を獲得
22302	[Evil Eye Messenger] will spawn a ^{1}[Surprise Chest]^{2} nearby in ${1} seconds	[邪眼の使者]が${1}秒後、近くに^{1}[サプライズチェスト]^{2}を出現させます
22303	Kafra Battlefield Administrator\nThe Equipment Merchant has left the battlefield.	カプラ戦場管理人\n装備商人は戦場から退出しました。
22304	Thanks to everyone's tireless efforts, the Bonfire has reached the maximum level!	みんなの努力のおかげで、焚き火が最大Lv.に到達しました！
22305	Watch out!\nThe mischievous little monsters are getting restless below the stage!	注意！\nいたずらモンスターたちがステージ下で騒ぎ始めています！
22306	Bobo\nWow! Fighting together makes such a difference! I think we're going to win~	ボボ\nわあ！一緒に戦うと全然違うね！勝てそうだよ～
22307	Wuller\nHey, rookie! You handle the small fry over here! We'll stop their leader!	ウーレ\nおい、ルーキー！こっちの雑魚は任せた！リーダーは俺たちが止める！
22308	Mysterious Boy\nProfessional Job Advance tests! Step right up and don't miss out!	謎の少年\n上位転職試験だよ！さあさあ、見逃さないで！
22309	Guild ^{1}${1}^{2} used ^{3}${2}^{4} on Our Guild, causing a ^{5}${3}^{6} effect!	ギルド^{1}${1}^{2}が味方ギルドに^{3}${2}^{4}を使用し、^{5}${3}^{6}効果を与えました！
22310	Our Guild used ^{1}${2}^{2} on Guild ^{3}${1}^{4}, causing a ^{5}${3}^{6} effect!	味方ギルドがギルド^{3}${1}^{4}に^{1}${2}^{2}を使用し、^{5}${3}^{6}効果を与えました！
22311	A Space Rift has appeared on the Midgard Continent. Seal it to earn Rare rewards!	ミッドガルド大陸に時空の裂け目が出現。封印してレア報酬を獲得しよう！
22312	Your guild has not been assigned a division and cannot participate in the league.	ギルドに部門が割り当てられていないため、リーグに参加できません。
22313	Deprecated. If you see this text, please report the issue to the pet system lead.	廃止予定。このテキストが表示された場合はペットシステム担当へ報告してください。
22314	Armor plating treated to Enhance its strength, providing intermediate protection.	強度を高める加工を施した装甲板。中級の防護性能を備える。
22315	A semi-finished silk material for footwear. Used to craft fine footwear or armor.	靴用の半製品シルク素材。高品質な靴や防具の製作に使う。
22316	A block of Sacred Wood that emits a faint glow, used to craft advanced equipment.	淡い光を放つ聖木の塊。上級装備の製作に使用。
22317	An unusual salt with large grains. One of the Materials used to create a Pet Egg.	粒の大きい珍しい塩。ペットの卵を作る素材のひとつ。
22318	A sword embedded in a stone. It chooses its own wielder and possesses holy power.	石に刺さった剣。自ら使い手を選び、聖なる力を宿す。
22319	Used to offset Net Victory Points deducted in Battle of Dragon Coffin Island Misc	ドラゴンコフィン島の戦いで差し引かれた純勝利ポイントの相殺に使用。
22320	${1} does not meet the requirements to open this dungeon, so it cannot be opened.	${1}がこのダンジョンの解放条件を満たしていないため、開けません。
22321	Successfully crafting an orange engraving has a @{1}% Chance to double the output	オレンジ刻印の製作成功時、@{1}%の確率で産出量が2倍。
22322	The savior foretold in prophecy, the morning star that still shines amid despair.	予言に記された救世主。絶望の中でも輝く明けの明星。
22323	(Strokes chin) Looks like I'll have to sell Baphomet skewers to recoup my losses.	（顎をなでる）こうなったらバフォメット串でも売って損を取り戻すしかないな。
22324	Week ${2}, Day ${3} after the Entire Server First Clear of 10-Player Dungeon ${1}	10人ダンジョン${1}の全サーバー初回クリアから第${2}週・${3}日目
22325	Gains Accelerate, periodically Deals low DMG to nearby enemies and inflicts Slow.	加速を獲得し、周囲へ定期的に小ダメージを与えて鈍足を付与。
22326	Deals Water ranged magic damage equal to Magic ATK * ^{1}${1}%^{2} to the target.	対象に魔法ATK * ^{1}${1}%^{2}の水属性遠距離魔法ダメージ。
22327	Deals Earth ranged magic damage equal to Magic ATK * ^{1}${1}%^{2} to the target.	対象に魔法ATK * ^{1}${1}%^{2}の地属性遠距離魔法ダメージ。
22328	The future belongs to the young. There's no place left for us old-timers anymore.	未来は若者のものさ。もう俺たち老人の居場所はないよ。
22329	Hello. This area is very dangerous right now, so civilians aren't allowed inside.	こんにちは。今はとても危険なので、一般人は立ち入り禁止です。
22330	While in 【Frenzy】, immediately gains @{1} floors of Enhance Hundred Spear charge.	【フレンジー】中、強化ハンドレッドスピアのチャージを即座に@{1}スタック獲得。
22331	The shield granted by the Ancient Tree absorbs damage equal to ${1}% of Max Life.	エンシェントツリーのシールドは最大HPの${1}%分のダメージを吸収。
22332	Inflicted by the Death Witch. Reduces this unit's Magic DEF and healing received.	デスウィッチによる効果。魔法DEFと受ける回復量を低下。
22333	Damages all allies within a @{2}-meter radius every @{1} seconds for @{3} seconds	@{3}秒間、@{1}秒ごとに半径@{2}m以内の全味方へダメージ。
22334	You cannot participate again during this session. Please Wait for the next event.	このセッション中は再参加できません。次のイベントをお待ちください。
22335	Follow Bobo to learn about the Trade Exchange (where valuable items are Tradeable)	ボボについて取引所を学ぶ（高価なアイテムを取引できる場所）
22336	Reduces damage from the target's Extra attacks and attacks when calculating damage	ダメージ計算時、対象の追加攻撃・追撃から受けるダメージを軽減
22337	Reduces damage you take from the target's Physical Skills or Basic Attacks by ${1}	対象の物理スキルまたは通常攻撃から受けるダメージを${1}軽減
22338	The Deniro seems interested in the fluorescent substance. Gather some and feed it.	デニーロが蛍光物質に興味を示している。集めて与えてみよう。
22339	Some equipment cannot be used by your current class. Appraise ${1} item(s) anyway?	現在の職業では使えない装備が含まれています。それでも${1}個鑑定しますか？
22340	The Divine Realm is now open. Rewards can be exchanged at the Donor Shop for ${1}.	神域が開放されました。${1}を使って寄付ショップで報酬と交換できます。
22341	Cumulative Charge for Entire Server: <size=#32><color=#d385f5>${1}%</color></size>	全サーバー累計チャージ：<size=#32><color=#d385f5>${1}%</color></size>
22342	Rent a Madogear Pilot (available after you Learn the Madogear Pilot License skill)	魔導ギアパイロットをレンタル（魔導ギアパイロットライセンス習得後に利用可能）
22343	After canceling the Pre-purchase, your payment will be returned by mail. Continue?	事前購入をキャンセルすると、支払額はメールで返金されます。続行しますか？
22344	A deep crimson Healing Potion that instantly restores @{1} HP. Cooldown: @{2} sec.	深い紅色の回復ポーション。HPを即座に@{1}回復。クールダウン：@{2}秒。
22345	After initiating an Impeachment, the initiator must rally Guild Members to respond	弾劾開始後、発起人はギルドメンバーに応答を呼びかける必要があります
22346	^{1}^{2}[Adrenaline Rush]^{3}^{4} grants the Blacksmith Class an Extra ${1}% ASPD.	^{1}^{2}[アドレナリンラッシュ]^{3}^{4}によりブラックスミスのASPD +${1}%。
22347	${1} Adventure Begins! Today is day <color=#c27b47>${2}</color> of your adventure!	${1}の冒険開始！今日は冒険<color=#c27b47>${2}</color>日目！
22348	When ^{1}^{2}[Impositio Manus]^{3}^{4} reaches Lv. ${1}, Physical/Magic ATK +${2}.	^{1}^{2}[イムポシティオマヌス]^{3}^{4}がLv. ${1}になると、物理/魔法ATK +${2}。
22349	Awakening Potions grant characters extremely high movement speed for a short time.	覚醒ポーションを使うと、短時間キャラクターの移動速度が大幅に上昇。
22350	To successfully use "Emergency Call," you must complete its full @{1}-second cast.	「緊急招集」を成功させるには、@{1}秒間の詠唱を完了する必要があります。
22351	The "Azoth" has a low Chance to transform monsters it attacks into other monsters.	「アゾート」は攻撃したモンスターを低確率で別のモンスターへ変身させます。
22352	Monsters in the Guild Dungeon grant exactly the same EXP as monsters in the field.	ギルドダンジョンのモンスターEXPはフィールドの同種モンスターと同じです。
22353	Only the Core Passive effects of pets in lower-numbered Utility slots take effect.	番号の小さいユーティリティスロットにいるペットのコアパッシブ効果のみ有効。
22354	Bobo knows how this works! First, tap here or press and hold to drag and place it.	ボボはやり方知ってるよ！まずここをタップするか、長押しでドラッグして配置して。
22355	People often suffer from heatstroke in the desert, so make sure you stay hydrated!	砂漠では熱中症になりやすいから、しっかり水分を取ってね！
22356	Honestly, I think I should've come sooner. I'm the most talented of my generation!	もっと早く来るべきだったな。なんたって私は同世代で一番の天才だから！
22357	Boya, calm down. Sir, a contract is a contract. What you're doing is dishonorable.	ボヤ、落ち着け。旦那、契約は契約です。そんなやり方は卑怯ですよ。
22358	All right, no more questions, right? Take your ticket, rookie. Get ready to board.	よし、もう質問はないな？チケットを持っていけ、ルーキー。搭乗準備だ。
22359	Let's go! This guy's crazy. The Professor went that way, so let's get out of here!	行こう！こいつはおかしい。教授はあっちへ行った、ここを離れよう！
22360	That crazy alchemist? He actually gave you a gift? He's not after Me again, is he?	あの変人アルケミストが？本当にプレゼントをくれたの？また私を狙ってるんじゃ…
22361	Stronghold Battle ends in ^{1}${2}^{2} minutes. Make the most of your last chance!	拠点戦終了まで^{1}${2}^{2}分。最後のチャンスを活かせ！
22362	The area is swarming with jellyfish! Use the rapid-fire cannon to shoot them down!	クラゲが大量発生中！速射砲で撃ち落とせ！
22363	Attention, all defenders! Final Settlement is imminent! Hold the central defenses!	守備隊に告ぐ！最終精算間近！中央防衛線を死守せよ！
22364	Bobo\nIt's so big, but surprisingly Agile! Maybe I should recruit it as my minion!	ボボ\nこんなに大きいのに意外と素早い！手下にしたいかも！
22365	Louie\nA bet's a bet, Martha. This investigator is truly skilled. We admit defeat.	ルイ\n賭けは賭けだ、マーサ。この調査員は本物だ。私たちの負けだよ。
22366	Relive the classic RO PC game's thrilling monster-grinding and Level-up experience	RO PC版ならではの爽快なモンスター狩りとレベルアップを追体験
22367	Event Text Event Text Event Text Event Text Event Text Event Text Event Text Three	イベントテキスト イベントテキスト イベントテキスト イベントテキスト 3
22368	A unique Season dungeon—gather your companions and take on the challenge together!	シーズン限定ダンジョン。仲間を集めて一緒に挑もう！
22369	A small glass bead often used as a toy by children. Can be exchanged for Headwear.	子どもの玩具によく使われる小さなガラス玉。頭装備と交換できる。
22370	A sparkling, translucent green seed. Use to permanently increase Max Life by @{1}.	きらめく半透明の緑色の種。使用すると最大HPを永久に@{1}増加。
22371	Once you select a role, it will be used by default for matching in [Phantom Realm]	ロールを選択すると、[ファントムレルム]のマッチングでデフォルト使用されます
22372	Has a @{1}% Chance to obtain a Gathering Set Mystery Box from a gathering resource	採集資源から@{1}%の確率で採集セットミステリーボックスを獲得
22373	Use failed. The Benefits Pack can only be used in the guild where it was purchased	使用失敗。特典パックは購入したギルド内でのみ使用できます
22374	Participate in one Guild League and earn more than ^{1}@{1}^{2} individual points.	ギルドリーグに1回参加し、個人ポイントを^{1}@{1}^{2}以上獲得。
22375	Sing~ Sing~\nThe song of Debuha Moni~\nO Tree of Life~\nThe World Tree, evergreen,	歌おう～歌おう～\nデブハ・モニの歌を～\n生命の樹よ～\n常緑の世界樹よ、
22376	I joined the Eden Group afterward because I hoped I'd get to see her more often...	その後、もっと彼女に会えるかもしれないと思って楽園団に入ったんだ…
22377	But you are the most extraordinary of all—an 【Adventurer】 from a higher dimension.	でも君はその中でも特別だ――高次元から来た【冒険者】なんだ。
22378	Offensive/Recovery Master Protection skills can be used while under crowd control.	攻撃/回復系のマスター防護スキルは行動妨害中でも使用できます。
22379	Go to Ant Hell and bring back the Professor, who is engrossed in his investigation.	蟻地獄へ向かい、調査に夢中になっている教授を連れ戻そう。
22380	Every @{1} VIT grants @{2} Life, @{3}% Max Life, and a certain amount of HP recover	VIT@{1}ごとにHP +@{2}、最大HP +@{3}%、さらに一定量のHP回復を獲得
22381	Reduces damage you take from the target's Physical Skills or Basic Attacks by ${1}%	対象の物理スキルまたは通常攻撃から受けるダメージを${1}%軽減
22382	Another specially trained Peco Peco, exclusively used as a combat mount by Knights.	ナイト専用戦闘マウントとして特別に訓練されたペコペコ。
22383	The Mechanic's exclusive Madogear Pilot. Climb aboard and unleash a fierce assault!	メカニック専用の魔導ギアパイロット。乗り込んで猛攻を仕掛けよう！
22384	The Void Rift is unstable. Kill the boss within @{1} minutes to receive the reward.	ヴォイドリフトが不安定です。@{1}分以内にボスを倒すと報酬を獲得できます。
22385	You've contributed <color=#CC762A>${1}</color> Crystal Energy to the Entire Server!	全サーバーに<color=#CC762A>${1}</color>クリスタルエネルギーを貢献しました！
22386	In some game modes and maps, HP bar display rules take priority over these settings	一部のゲームモードやマップでは、HPバー表示ルールがこの設定より優先されます
22387	A vibrant Green Healing Potion that instantly restores @{1} HP. Cooldown: @{2} sec.	鮮やかな緑の回復ポーション。HPを即座に@{1}回復。クールダウン：@{2}秒。
22388	A golden Yellow Healing Potion that instantly restores @{1} HP. Cooldown: @{2} sec.	黄金色の回復ポーション。HPを即座に@{1}回復。クールダウン：@{2}秒。
22389	^{1}^{2}【Maximize Power】^{3}^{4}is Active for up to ${2} allies within ${1} meters.	^{1}^{2}【マキシマイズパワー】^{3}^{4}が${1}m以内の最大${2}人の味方に有効。
22390	Reduces Movement Speed by @{1}% and Physical DEF, Magic DEF, and CRIT RES by @{2}%.	移動速度 -@{1}%、物理DEF・魔法DEF・CRIT耐性 -@{2}%。
22391	Immune to Knockback, Launch, Stun, Freeze, Petrify, Silence, Immobilize, and Blind.	ノックバック、打ち上げ、スタン、凍結、石化、沈黙、移動不能、暗闇を無効化。
22392	Casts ^{1}^{2}【Falcon Assault】^{3}^{4} ${1} times. Internal Cooldown: ${2} seconds.	^{1}^{2}【ファルコンアサルト】^{3}^{4}を${1}回発動。内部クールダウン：${2}秒。
22393	^{1}^{2}[Holy Cross]^{3}^{4} casts ${1}% faster, but is no longer affected by ASPD.	^{1}^{2}[ホーリークロス]^{3}^{4}の詠唱速度 +${1}%、ただしASPDの影響を受けなくなる。
22394	When Drops dies, there is a @{1}% Chance to create @{2}-@{3} Transformation Manuals	ドロップス死亡時、@{1}%の確率で変身マニュアルを@{2}～@{3}個生成。
22395	Stage lights focus on designated areas. Enemies outside the spotlights take damage.	指定エリアにスポットライトが当たる。スポットライト外の敵はダメージを受ける。
22396	A headband adorned with a beautiful kitten doll. The lace trim makes it even cuter.	かわいい子猫人形を飾ったカチューシャ。レースの縁取りでさらにキュート。
22397	In RO, the "boss" of a "Boss Party" is usually a powerful PvE damage-dealing class.	ROで「ボスパーティ」の「ボス役」は、通常は強力なPvE火力職を指します。
22398	The main battle skill's star rating increases when the pet's star rating increases.	ペットの星ランクが上がると、メイン戦闘スキルの星ランクも上昇します。
22399	Defeat monsters using Auto Mode in the Field to earn EXP, Cards, and other rewards.	フィールドでオートモードを使ってモンスターを倒し、EXPやカードなどを獲得しよう。
22400	Battle Royale Tournament—fight on equal footing. Going Well—chicken dinner tonight!	バトルロイヤル大会――同条件で勝負。順調順調、今夜はドン勝だ！
22401	Go on, claim it! If you get something good, remember to give me a proper Thank You.	ほら、受け取って！いい物が出たら、ちゃんとお礼してよね。
22402	Open your Backpack and check the equipment you just put on. There's something good!	バックパックを開いて、さっき装備したものを確認してみて。いいものがあるよ！
22403	What kind of Ranger doesn't have a Demonic Wolf Mount? I'll get you one. Follow me!	デモニックウルフのマウントを持たないレンジャーなんてありえない！用意するからついてきて！
22404	Guild Member ${1} canceled the impeachment of Guild Leader ${2}. Failed Impeachment	ギルドメンバー${1}がギルドマスター${2}への弾劾を取り消しました。弾劾失敗
22405	Items removed from your Stall have been sent by mail. Please check the attachments!	露店から取り下げたアイテムをメールで送りました。添付を確認してください！
22406	You received an unsold item from the auction for ${1}. Please check the attachment.	オークションで売れなかった${1}を返送しました。添付を確認してください。
22407	Excellent—a wise choice! Welcome to the Fighters' Guild. Here's your signing bonus!	素晴らしい、賢い選択だ！ファイターズギルドへようこそ。契約金を受け取ってくれ！
22408	Donate all ^{1}${1}^{2} Magic Crystals? You will receive ^{3}${2}^{4} Donor Badges.	^{1}${1}^{2}個の魔力クリスタルをすべて寄付しますか？^{3}${2}^{4}寄付バッジを獲得します。
22409	You can make a tidy profit by hunting monsters and selling their loot to merchants!	モンスターを狩って戦利品を商人へ売れば、しっかり稼げるぞ！
22410	...When are the items I ordered finally going to arrive? I'm starting to get angry!	…注文した品、いつ届くの？そろそろ腹が立ってきたんだけど！
22411	Unfortunately, that Blacksmith has left Prontera, and no one knows where they went.	残念ですが、そのブラックスミスはプロンテラを離れ、行方も分かっていません。
22412	I've seen countless sights, but I still haven't found a place where I want to stay.	いろんな景色を見てきたけど、まだ腰を落ち着けたい場所には出会えていない。
22413	Remember, never let your guard down. The sky is every bit as dangerous as the land.	覚えておけ。決して油断するな。空も地上と同じくらい危険だ。
22414	Smart choice! Try anything like that again, and I'll chop your stall into firewood.	賢明な判断だ！また同じことをしたら、露店ごと薪にしてやるからな。
22415	I can't believe it... The investigator is a dog! Can that Knight really be trusted?	信じられない…調査員が犬だって？あのナイト、本当に信用できるのか？
22416	Huh? What's wrong, Fervor? Isn't that just some passerby? Why are you stopping him?	ん？どうした、ファーヴァー？ただの通行人だろ？なんで止めるんだ？
22417	Today, I also want to tell you about a special event called the Commendation Vault.	今日はもうひとつ、表彰保管庫という特別なイベントも教えてあげよう。
22418	Some items selected for dismantling are included in a preset. Continue dismantling?	分解対象の一部がプリセットに含まれています。このまま分解しますか？
22419	The most exciting grand prize is about to be revealed!\nPlayers in 【${1}】, rejoice!	ついに注目の大賞発表です！\n【${1}】のプレイヤーのみなさん、盛り上がって！
22420	Attention, everyone! The intensity of the Goddess's invasion has increased to ${1}!	みなさん注目！女神侵攻の強度が${1}に上昇しました！
22421	Bobo\nYou're finally here! Any later and you would've lost the world's Cutest Bobo!	ボボ\nやっと来た！もっと遅かったら世界一かわいいボボを失うところだったよ！
22422	(Clutches lower back) Owww... I feel like every bone in my body is falling apart...	（腰を押さえる）いたたた…体中の骨がバラバラになりそうだ…
22423	Louis\nCongratulations, you got it right! Let's go again—this time it'll be harder!	ルイ\nおめでとう、正解！もう一回いこう。次はもっと難しいよ！
22424	Vendor's Cry\nOne bottle perks you up, two keep fatigue away! Limited-time special!	売り子の声\n1本で元気、2本で疲れ知らず！今だけ特価！
22425	Job Advance quests unlock after Level Increased. Complete the quest to Job Advance.	レベルアップ後に転職クエストが解放されます。クエストを完了して転職しましょう。
22426	Are you sure you want to begin this journey via  ${1}?\n<color=#cc762a>${2}</color>	${1}経由でこの旅を始めますか？\n<color=#cc762a>${2}</color>
22427	A five-player party dungeon with random challenges where you can obtain Rare items.	ランダムなチャレンジに挑み、レアアイテムを獲得できる5人パーティダンジョン。
22428	Reach higher Guild Store levels to unlock access to more advanced guild gift packs.	ギルドショップLv.を上げると、より上級のギルドギフトパックが解放されます。
22429	Friend Message System Hint (xxx is now a friend; xxx joined or left the Group Chat)	フレンドメッセージシステムのヒント（xxxとフレンドになった／xxxがグループチャットに参加・退出など）
22430	Simple Hyperlink (text-only hyperlink; hyperlink clicks must be handled separately)	シンプルハイパーリンク（テキストのみ。クリック処理は別途必要）
22431	Reach @{1} progress toward collecting all Monster Hunt rewards in the Geffen region	ゲフェン地域のモンスターハント報酬収集進捗を@{1}まで上げる
22432	A hard beak obtained from a Flying monster or Brute. Can be exchanged for Headwear.	飛行モンスターや動物形から取れる硬いくちばし。頭装備と交換できる。
22433	Use on a map where Caravan Escort is active to Go to Map's nearest Teleport station	キャラバン護衛開催中のマップで使用すると、最寄りの転送ステーションへ移動
22434	A staff jointly created by the Mage Guild and the Church for ascetic practitioners.	メイジギルドと教会が共同製作した、修行者向けのスタッフ。
22435	Supplies used by guilds to bid in War of Emperium, obtained through convoy escorts.	攻城戦の入札に使うギルド物資。輸送護衛で入手できる。
22436	<color=#63A22B>(Unlocks on day ${1} after the Current Server's First Clear)</color>	<color=#63A22B>（現在のサーバーで初回クリア後${1}日目に解放）</color>
22437	Changes the main product quantity range to @{1}–@{2}\n(This skill effect is unique)	主製品の数量範囲を@{1}～@{2}に変更\n（このスキル効果は固有）
22438	The match was canceled because not enough players confirmed Placement confirmation.	配置確認したプレイヤーが不足したため、マッチをキャンセルしました。
22439	Increases Fire resistance, reducing Fire and Neutral damage taken by ^{1}${1}%^{2}.	火属性耐性が上昇し、受ける火・無属性ダメージ -^{1}${1}%^{2}。
22440	Enrages itself and all Thief Bugs, increasing their Attack Speed and Movement Speed	自身とすべての盗蟲を激怒させ、攻撃速度と移動速度を上昇。
22441	Detonates the greatswords on the ground, dealing heavy damage to players near them.	地面の大剣を起爆し、周囲のプレイヤーに大ダメージ。
22442	Reduces the Cooldown of ^{1}Healing-type^{2} Primary Battle Skills by ${1} seconds.	^{1}回復型^{2}メイン戦闘スキルのクールダウンを${1}秒短縮。
22443	Lock onto an enemy at a Distance of ${1} cells and deal ${6}% melee Physical damage	${1}セル離れた敵をロックし、${6}%の近接物理ダメージ。
22444	Increases your Neutral, Ghost, Fire, Water, Wind, and Earth damage by ^{1}${1}%^{2}	無・念・火・水・風・地属性ダメージ +^{1}${1}%^{2}
22445	(Quietly) She's not my girlfriend... I'll take the Bunny Hair Band. How much is it?	（小声）彼女は恋人じゃない…バニーヘアバンドをもらおう。いくら？
22446	The battle is still underway. You will be penalized if you leave now. Are you sure?	戦闘はまだ続いています。今退出するとペナルティがあります。退出しますか？
22447	The Guild Auction has officially begun. Visit the Auction House to place your bids.	ギルドオークションが正式に開始しました。オークションハウスで入札できます。
22448	Check for teammates within 5 meters, then Launch your Kunai at them to deal damage.	5m以内のチームメイトを確認し、クナイを投げてダメージ。
22449	Inflicted by the Fox Fairy. Reduces this unit's Wind damage dealt by ^{1}${1}%^{2}.	狐仙による効果。与える風属性ダメージ -^{1}${1}%^{2}。
22450	Increases Physical ATK based on DEX. Every ${1} DEX increases Physical ATK by ${2}.	DEXに応じて物理ATKが増加。DEX${1}ごとに物理ATK +${2}。
22451	Increases Physical ATK based on LUK. Every ${1} LUK increases Physical ATK by ${2}.	LUKに応じて物理ATKが増加。LUK${1}ごとに物理ATK +${2}。
22452	Increases Physical ATK based on AGI. Every ${1} AGI increases Physical ATK by ${2}.	AGIに応じて物理ATKが増加。AGI${1}ごとに物理ATK +${2}。
22453	Increases Physical ATK based on STR. Every ${1} STR increases Physical ATK by ${2}.	STRに応じて物理ATKが増加。STR${1}ごとに物理ATK +${2}。
22454	Head to the center of the territory, Collect Live Coals, and add them to the bonfire	領地中央へ向かい、燃えさしを集めて焚き火へ追加しよう
22455	Follow the Head Job Advance Mentor's guidance and touch the Book of Job Advancement.	上位職教官の案内に従い、転職の書に触れよう。
22456	The professor's supplies were seized at the North Gate. Head there and recover them.	教授の物資が北門で奪われました。現地へ向かい回収しよう。
22457	The outpost has detected the supply cart your party is escorting. Quick, take cover!	前哨基地が、パーティで護衛中の補給カートを検知した。急いで隠れろ！
22458	Successful crafting has a @{1}% Chance to refund @{2} random types of materials used	製作成功時、@{1}%の確率で使用した素材のうち@{2}種類をランダム返却
22459	Guild Management can Trade Military Supplies here, using Guild Funds as the Currency	ギルド管理者はここで、ギルド資金を使って軍需物資を取引できます
22460	The Grand Celebration invitations have already begun, so no more bets can be placed!	大祝典の招待がすでに始まっているため、これ以上ベットできません！
22461	When hit during Auto Guard, has a @{1}% Chance to Stun the attacker for @{2} seconds	オートガード中に攻撃を受けると、@{1}%の確率で攻撃者を@{2}秒スタン。
22462	Gain Divine Blessing: Increases Damage Increase by @{1}% and DMG Reduction by @{2}%.	神聖な祝福を獲得：与ダメージ増加 +@{1}%、ダメージ軽減 +@{2}%。
22463	Skills cost no SP, skill cooldowns and CT are reduced, and Attack Speed is increased	スキルのSP消費なし、クールダウンとCT短縮、攻撃速度上昇
22464	^{1}^{2}[Cart Revolution]^{3}^{4}'s percentage damage multiplier increases by ${1}%.	^{1}^{2}[カートレボリューション]^{3}^{4}の割合ダメージ倍率 +${1}%。
22465	The Stun and Blind Chance of ^{1}^{2}【Meteor Assault】^{3}^{4} is increased by ${1}%.	^{1}^{2}【メテオアサルト】^{3}^{4}のスタン・暗闇付与率 +${1}%。
22466	When a Split Drops dies, it has a @{1}% Chance to create @{2} Transformation Manuals	分裂ドロップス死亡時、@{1}%の確率で変身マニュアルを@{2}個生成
22467	Baphomet summons a ^{1}lightning strike^{2} that damages targets in a circular area.	バフォメットが^{1}落雷^{2}を召喚し、円形範囲の対象へダメージ。
22468	This Quick Challenge cleared through Floor ${1}. You received the following rewards:	クイックチャレンジで${1}Fまでクリアしました。以下の報酬を獲得：
22469	A strip of cloth worn over the eyes, though it is sometimes used for other purposes.	目を覆う布。ほかの用途に使われることもあるらしい。
22470	In RO, War of Emperium: Second Edition (the new WoE) is usually held every Saturday.	ROの攻城戦SE（新攻城戦）は通常、毎週土曜日に開催されます。
22471	"Main Gauche" is RO's iconic @{1}-slot weapon, famous for its maximum card capacity.	「マインゴーシュ」はROを代表する@{1}スロット武器で、カード装着数の多さで有名です。
22472	"Shadow Lock" is an advanced movement technique developed using the Fire Wall skill.	「シャドウロック」はファイアーウォールを応用した高度な移動テクニックです。
22473	After allocating skill points, drag a skill icon to the skill bar below to equip it.	スキルポイント割り振り後、スキルアイコンを下のスキルバーへドラッグして装備。
22474	This is the recommended monster for AFK farming. Click it to travel to its location.	AFK狩りのおすすめモンスターです。クリックすると生息地へ移動します。
22475	Complete all quests to advance your badge title and earn a grand advancement reward!	すべてのクエストを完了してバッジ称号を昇格し、豪華な昇格報酬を獲得！
22476	Oh? Eikuni, long time no see! Are you here in the desert to Complete the Commission?	おや？アイクニ、久しぶり！砂漠へ依頼をこなしに来たの？
22477	You're awake. It brought you back here after all... somewhat sooner than I expected.	目が覚めたか。やはりここへ戻されたんだな…思ったより早かったが。
22478	Wh... what? You're accusing that... that Siamese cat with pupils as clear as amber?!	な…何？あの…琥珀みたいに澄んだ瞳のシャム猫を疑ってるの？！
22479	Our valiant knights will sweep away every villain who threatens the kingdom's peace!	勇敢な騎士たちが、王国の平和を脅かす悪党を一掃する！
22480	Oh my, what a chatterbox! She'll talk a stranger's ear off without a second thought.	まあ、おしゃべりな子！初対面の相手にも延々と話し続けそうね。
22481	If you feel a connection, toss me a coin. If not, you're welcome to stand and watch.	縁を感じたならコインを投げて。そうでなくても見ているだけでいいわ。
22482	This price includes two packets. One is usually enough, but the second is insurance.	この価格には2袋分が含まれます。普通は1袋で十分だけど、2袋目は念のため。
22483	Hehe, I made a special trip to Juno University and spent ages searching the Library.	ふふ、ジュノー大学まで足を運んで、図書館をずいぶん探し回ったの。
22484	Ptooey! What a crooked merchant, bullying the weak and cowering before the strong...	ぺっ！なんて卑怯な商人だ。弱い者いじめをして、強い相手にはへこへこして…
22485	Quiet! You there—the black... soot sprite. Stay away from my experimental equipment.	静かに！そこの黒い…すす玉。実験装置に近づくな。
22486	Hey! That's it? Aren't you going to praise us? We just fought a bull-headed Monster!	おい！それだけ？褒めてくれないの？牛頭のモンスターと戦ってきたんだぞ！
22487	Professor Ryan, we're carrying out official duties. This has nothing to do with you.	ライアン教授、こちらは公務中です。あなたには関係ありません。
22488	The road ahead is under construction and temporarily closed. Please come back later.	この先は工事中につき一時通行止めです。後ほどお越しください。
22489	Baphomet is about to unleash a Full-screen attack! Quick, get behind a stone pillar!	バフォメットが全画面攻撃を放つ！急いで石柱の後ろへ！
22490	“…But the clouds here really do look like cotton candy. I wish I could take a bite…”	「…でもここの雲、本当に綿あめみたい。ひと口食べてみたいな…」
22491	They must be planning to board the ship and take us and the cargo in one fell swoop.	奴らは船に乗り込み、私たちも荷物もまとめて奪うつもりだ。
22492	The Battle of the Producers event has begun. Players are welcome to Participate Now.	プロデューサー討伐イベントが始まりました。ぜひご参加ください。
22493	Mirko is about to unleash the final movement, destroying everything in ${1} seconds!	ミルコが最終楽章を放とうとしている。${1}秒後、すべてを破壊します！
22494	Your friend ${1} has become today's Festival Invitation LUK Star! Go check them out!	フレンド${1}が本日の祭典招待LUKスターになりました！見に行こう！
22495	Moonlight Flower\nYou're pretty good at hide-and-seek! Play with me a little longer!	月夜花\nかくれんぼ上手だね！もう少し遊ぼうよ！
22496	Bobo\nHuh? Someone over there is waving at us~ I guess we can go see what they want!	ボボ\nん？あっちで誰か手を振ってる～。行ってみようか！
22497	Bobo\nIzlude may be right next to Prontera, but the scenery is completely different.	ボボ\nイズルードはプロンテラのすぐ隣なのに、景色が全然違うね。
22498	A sea urchin covered in spiky armor. Handle it carefully, or it may prick your hand.	トゲだらけの殻を持つウニ。扱いを誤ると手を刺されるので注意。
22499	A canine tooth obtained from a creature called an Orc. Available from the Collector.	オークという生物から取れる犬歯。コレクターから入手可能。
22500	Obtain a full set of Tier @{1} Equipment Crafting Blueprints and Crafting Materials.	Tier @{1}装備製作設計図一式と製作素材一式を獲得。
22501	A superb Fountain of Life. Instantly restores @{1}+@{2}% HP. Cooldown: @{3} seconds.	極上の生命の泉。HPを即座に@{1}+@{2}%回復。クールダウン：@{3}秒。
22502	A katar said to have been created by a Lich who gathered the resentment of the dead.	死者の怨念を集めたリッチが作り上げたとされるカタール。
22503	Successfully crafting a cloth item has a @{1}% Chance to increase the output by @{2}	布製品の製作成功時、@{1}%の確率で生産数が@{2}増加
22504	Successfully crafting a Metal item has a @{1}% Chance to increase the output by @{2}	金属製品の製作成功時、@{1}%の確率で生産数が@{2}増加
22505	A storm powerful enough to consume heaven and earth is gathering beyond the horizon.	天地を呑み込むほどの嵐が、地平線の彼方で渦巻いている。
22506	A mysterious Potion that can cure nearly every Status Effect. Cooldown: @{1} seconds	ほぼすべての状態異常を治せる不思議なポーション。クールダウン：@{1}秒
22507	Your character is temporarily unable to purchase items at Stalls. Unseal time: ${1}.	現在このキャラクターは一時的に露店で購入できません。解除時刻：${1}。
22508	Once learned, allows you to rent a Pushcart and use various Pushcart-related skills.	習得するとプッシュカートをレンタルし、各種カート関連スキルを使用できる。
22509	Increases Attack Speed by ^{1}${1}%^{2} and Physical and Magic DEF by ^{3}${2}%^{4}.	攻撃速度が^{1}${1}%^{2}、物理・魔法DEFが^{3}${2}%^{4}増加。
22510	Summon an Earthshatter Formation, inflicting Stun on enemies within ${1}m for ${2}s.	大地震砕陣を召喚し、${1}m以内の敵を${2}秒間スタンさせる。
22511	Lock on to an enemy at a Distance of ${1} cells and deal ${2}% melee Physical damage	${1}セル以内の敵をロックオンし、${2}%の近接物理ダメージを与える
22512	Target an enemy within a Distance of ${1} cells and deal ${3}% melee Physical damage	${1}セル以内の敵を対象に、${3}%の近接物理ダメージを与える
22513	Lock on to an enemy at a Distance of ${1} cells and deal ${5}% melee Physical damage	${1}セル以内の敵をロックオンし、${5}%の近接物理ダメージを与える
22514	Clear any Realm of the Gods Dungeon with ^{1}@{1} Guild Members^{2} from your guild.	ギルドの^{1}@{1}人のメンバー^{2}と任意の神々の領域ダンジョンをクリア。
22515	Dark Pulse will be unleashed in ${1} seconds! Use Dark Pulse to destroy the Horongs!	${1}秒後にダークパルス発動！ダークパルスでホロンを破壊しよう！
22516	Dungeon matchmaking decline penalty I: Cannot join dungeon matchmaking for @{1} sec.	ダンジョンマッチング辞退ペナルティI：@{1}秒間ダンジョンマッチングに参加できません。
22517	Takes damage every @{1} seconds. Each stack reduces Healing Volume received by @{2}%	@{1}秒ごとにダメージを受ける。1スタックごとに受ける回復量が@{2}%減少
22518	The BOSS casts a circular AOE with a @{1}-second warning and a radius of @{2} meters	BOSSが@{1}秒の予告後、半径@{2}mの円形範囲攻撃を発動
22519	Another specially trained Peco Peco, exclusively used as a combat mount by Crusaders.	クルセイダー専用の戦闘騎乗用に特別訓練されたペコペコ。
22520	Leaving the map will abandon the escort cart. Are you sure you want to leave the map?	マップを離れると護衛カートを放棄します。本当に退出しますか？
22521	The selected target is outside the Auto Combat range. A new target has been selected.	選択した対象がオート戦闘範囲外です。新しい対象を選択しました。
22522	You are already on the map where the monster is located. Explore the area to find it.	すでに対象モンスターがいるマップです。周辺を探索して探してください。
22523	Incomplete client cache files were detected. Clear the cache and Download them again?	不完全なクライアントキャッシュを検出しました。キャッシュを削除して再ダウンロードしますか？
22524	Refine Level<color=#ff6161>-${1}</color>   Success Rate <color=#76c233>+${2}%</color>	精錬レベル<color=#ff6161>-${1}</color>   成功率 <color=#76c233>+${2}%</color>
22525	\nIn between growing and having fun, you also ran your own small ventures, including:	\n成長と遊びの合間に、こんな小さな商売も営みました：
22526	Deals damage using Cart Revolution while providing buffs to themselves and the party.	カートレボリューションでダメージを与えつつ、自身とパーティを強化する。
22527	Once Talent Tree ${1} is Activated, you can allocate points to Battle Pledge talents.	タレントツリー${1}を有効化すると、バトルプレッジのタレントにポイントを割り振れます。
22528	Immune to knockback, knock-up, Stun, Freeze, Petrify, Silence, Immobilize, and Blind.	ノックバック、打ち上げ、スタン、凍結、石化、沈黙、移動不能、暗闇を無効化。
22529	While ^{1}^{2}【True Sight】^{3}^{4} is Active, STR, AGI, VIT, INT, DEX, and LUK +${1}.	^{1}^{2}【トゥルーサイト】^{3}^{4}中、STR・AGI・VIT・INT・DEX・LUK +${1}。
22530	When HP is below ${1}%, increases Physical DEF and Magic DEF by 【Character Lv.*${2}】.	HPが${1}%未満のとき、物理・魔法DEFが【キャラクターLv.*${2}】増加。
22531	【Fire Bolt】, 【Cold Bolt】, 【Lightning Bolt】, and 【Earth Spike】 deal ${1}% more damage.	【ファイアーボルト】【コールドボルト】【ライトニングボルト】【アーススパイク】のダメージ +${1}%。
22532	When a Jet Goblin dies, there is a @{1}% Chance to create @{2} Transformation Manuals	ジェットゴブリン死亡時、@{1}%の確率で変身マニュアルを@{2}個生成
22533	Uses a bow to excel at ranged attacks and can knock enemies back at critical moments.	弓による遠距離攻撃に優れ、要所では敵をノックバックできる。
22534	Excels at close-range combat, wielding a sword with a balance of offense and defense.	剣を操り、攻守のバランスに優れた近接戦闘を得意とする。
22535	Current Effect: <color=#97e553>${1}</color><color=#00FFFF> (Next Level: ${2})</color>	現在の効果：<color=#97e553>${1}</color><color=#00FFFF>（次Lv.：${2}）</color>
22536	A fluffy, long-haired rabbit wearing a purple bow. It's incredibly cute when it runs.	紫のリボンをつけた、ふわふわの長毛ウサギ。走る姿がとても可愛い。
22537	You cannot reset skills or Job Advance while your Stall is open. Go close your Stall?	露店営業中はスキルリセットや転職ができません。露店を閉じますか？
22538	Use WASD or click the ground with your Mouse to Move... This Demon is falling asleep.	WASDまたはマウスで地面をクリックして移動しよう…この悪魔、眠くなってきた。
22539	Completing the Job Advance unlocks brand-new Job Advance skills. Advance to ${1}${2}?	転職すると新しい転職スキルが解放されます。${1}${2}へ転職しますか？
22540	All right, you've completed every test. Please wait while I determine your results...	よし、すべての試験が終わりました。結果を判定するので少し待ってください…
22541	A massive Grand Prize with rich-text support ended everyone's ^{1}50^{2}-kill streak!	豪華大賞が全員の^{1}50^{2}連続キルを止めた！
22542	J-Just you wait! You have no idea who you're messing with! I've got powerful friends!	ま、待ってろ！誰を敵に回したか分かってないな！俺には強い仲間がいるんだ！
22543	(Overjoyed) Wise! Incomparably wise! Come with me—our future begins with this dinner!	（大喜びで）賢い！なんて賢いんだ！さあ一緒に来い――未来はこの食事から始まる！
22544	No worries. It's just a make-up exam. It's perfectly normal—lots of people take them.	気にしないで。追試なだけだよ。珍しくないし、受ける人も多いから。
22545	Ryan... Glasses, poor eyesight... Is he from Payon? Did he also study abroad in Juno?	ライアン…眼鏡、視力が悪い…フェイヨン出身？ジュノーへの留学経験もあるのか？
22546	Excellent! This Material is incredibly fresh! Watch closely—this is advanced alchemy!	素晴らしい！この素材は鮮度抜群だ！よく見て――これが上級錬金術だ！
22547	(Looks eagerly toward the Teleport portal Nearby) Woof, woof! Woof, woof, woof, woof!	（近くの転送ポータルを期待に満ちた目で見る）ワン、ワン！ワンワンワンワン！
22548	As your thoughts wander, drowsiness overtakes you, and at last you close your eyes...	考えを巡らせるうちに眠気が押し寄せ、やがて目を閉じた…
22549	Successfully transformed into ${1} Lv. ${2} and earned eligibility for the prize draw	${1} Lv.${2}への転職に成功し、抽選参加資格を獲得
22550	Melkor is about to perform the Final Movement and destroy everything in @{1} seconds!	メルコルが最終楽章を演奏し、@{1}秒後にすべてを破壊しようとしている！
22551	Congratulations to ${1}'s team on the First Clear of ${2}!! First Clear Members: ${3}	${1}チーム、${2}初回クリアおめでとう！！初回クリアメンバー：${3}
22552	Block the bubbles strategically to prevent bubbles of different colors from colliding	泡をうまく遮り、異なる色の泡同士が衝突しないようにしよう
22553	Grants full-map vision, allowing you to view every warrior's location on the Mini Map	マップ全域の視界を得て、ミニマップ上ですべての戦士の位置を確認できる
22554	It's time for the grand finale! Get ready for the ultimate showdown—\n【MVP Challenge】	いよいよクライマックス！究極の決戦に備えよう――\n【MVPチャレンジ】
22555	Bobo\n(A splat, as if something was hit) Aaaaah! What is this stuff? It's all sticky!	ボボ\n（何かにぶつかったようなベチャッという音）うわぁぁ！何これ！？ベタベタする！
22556	Rhine\nHey, Adventurer! Are you here to take the Novice Trial? Please come over here.	ライン\nやあ、冒険者！ノービス試練を受けに来たの？こっちへ来て。
22557	Option B Event Text Event Text Event Text Event Text Event Text Event Text Event Text	選択肢B イベントテキスト イベントテキスト イベントテキスト イベントテキスト イベントテキスト イベントテキスト イベントテキスト
22558	Option A Event Text Event Text Event Text Event Text Event Text Event Text Event Text	選択肢A イベントテキスト イベントテキスト イベントテキスト イベントテキスト イベントテキスト イベントテキスト イベントテキスト
22559	Open to obtain @{1} Spirit Pact Stones, @{2} Pet Training Diary I, and @{3} Diamonds.	開くと精霊契約石@{1}個、ペット訓練日記I@{2}個、ダイヤ@{3}個を獲得。
22560	A clear, colorless liquid used in cooking to remove unwanted odors and enhance aroma.	料理で臭みを取り、香りを引き立てる無色透明の液体。
22561	Restores the character's Life by @{1} HP per second for @{2} sec. Cooldown: @{3} sec.	@{2}秒間、毎秒HPを@{1}回復。クールダウン：@{3}秒。
22562	A knee-length coat that protects against the cold, though it gets very hot in summer.	寒さを防ぐ膝丈のコート。夏はかなり暑い。
22563	Learning Skills will <color=#c26b47>replace the original skill or add 1 skill</color>	スキル習得時、<color=#c26b47>元のスキルを置換、またはスキルを1つ追加</color>
22564	Your current settings haven't been saved. Are you sure you want to close this screen?	現在の設定は保存されていません。この画面を閉じますか？
22565	The host has disabled microphones. Players in the mic queue temporarily cannot speak.	ホストがマイクを無効化しました。マイク待機列のプレイヤーは一時的に発言できません。
22566	I'm so sorry. The Professor paid us so much, and we still let the cargo get stolen...	本当にごめんなさい。教授からあれだけ報酬をもらったのに、貨物を盗まれてしまって…
22567	Rapidly restores Life, recovering a total of ^{1}@{2}% of Max Life^{2} over @{1} sec.	素早くHPを回復し、@{1}秒間で最大HPの合計^{1}@{2}%^{2}を回復。
22568	Increases the percentage damage coefficient of ^{1}【Blitz Beat】^{2} by ^{3}${1}%^{4}.	^{1}【ブリッツビート】^{2}のダメージ倍率が^{3}${1}%^{4}増加。
22569	Your edits haven't been saved. Are you sure you want to revert and clear all changes?	編集内容が保存されていません。変更をすべて破棄して元に戻しますか？
22570	Lock on to an enemy at a Distance of ${1} cells and deal ${10}% melee Physical damage	${1}セル以内の敵をロックオンし、${10}%の近接物理ダメージを与える
22571	The target is in a special Location and cannot be invited or accepted into the party.	対象が特殊エリアにいるため、パーティへ招待・受諾できません。
22572	Sharing Materials reduced the Blacksmith's Craft time for high-tier equipment by 10s.	素材共有により、ブラックスミスの高Tier装備製作時間が10秒短縮。
22573	After a player Kill, Magic ATK increases by @{1}% for @{2} sec. (Cooldown: @{3} sec.)	プレイヤー撃破後、@{2}秒間魔法ATK +@{1}%。（クールダウン：@{3}秒）
22574	You've reached today's limit for sending request messages. Please try again tomorrow.	本日の申請メッセージ送信上限に達しました。明日またお試しください。
22575	The System has detected unusual Trade activity on your account. You cannot list items.	アカウントで異常な取引を検出しました。アイテムを出品できません。
22576	Carrying one of Fafnir's scales, which can be used to build a Dragon Scale Shield Wall	ファフニールの鱗を所持中。ドラゴンスケイルシールドウォールの構築に使用できる
22577	While ^{1}^{2}【Wind Walker】^{3}^{4} is Active, MSPD +${1}% and duration +${2} seconds.	^{1}^{2}【ウィンドウォーカー】^{3}^{4}中、移動速度 +${1}%、持続時間 +${2}秒。
22578	^{1}^{2}[Heal]^{3}^{4} restores an Extra MATK*${2}%+${3} HP to targets below ${1}% HP.	HP${1}%未満の対象に、^{1}^{2}[ヒール]^{3}^{4}でMATK*${2}%+${3}のHPを追加回復。
22579	Increases the maximum Floors of the Physical Damage buff on the current Totem by ${1}.	現在のトーテムの物理ダメージバフ最大階層 +${1}。
22580	When Poporing dies, there is a @{1}% Chance to create @{2}~@{3} Transformation Manuals	ポポリン死亡時、@{1}%の確率で変身マニュアルを@{2}～@{3}個生成
22581	When a Split Marin dies, there is a @{1}% Chance to create @{2} Transformation Manuals	分裂マリン死亡時、@{1}%の確率で変身マニュアルを@{2}個生成
22582	Mistress summons ^{1}advancing Hornets^{2} that ^{3}knock back^{4} enemies they touch.	ミストレスが^{1}突進するホーネット^{2}を召喚し、触れた敵を^{3}ノックバック^{4}させる。
22583	Maya repeatedly deals damage in ^{1}circular and ring-shaped areas around herself^{2}.	マヤーが自身の周囲の^{1}円形・リング状範囲^{2}に繰り返しダメージを与える。
22584	Resetting this skill will also reset the following dependent skills from other stages.	このスキルをリセットすると、他段階の以下の派生スキルもリセットされます。
22585	The once-frail Super Picky has become incredibly brave, carrying an Adventurer onward.	かつて弱々しかったスーパーピッキが勇敢に成長し、冒険者を乗せて進む。
22586	RO's original War of Emperium (WoE) spans @{1} cities, with five castles in each city.	RO原作の攻城戦（WoE）は@{1}都市で行われ、各都市に5つの砦がある。
22587	【Guild Rally】<color=#FCAA5B>${1}</color> (Responses: <color=#FCAA5B>${2}</color>/${3})	【ギルド集結】<color=#FCAA5B>${1}</color>（応答：<color=#FCAA5B>${2}</color>/${3}）
22588	Complete your Third Class Advancement to enjoy a brand-new class and Build experience.	3次転職を完了して、新たな職業とビルドを体験しよう。
22589	All done! As long as you have enough potions, you won't have to worry about dying, bo.	完了！ポーションが十分あれば、倒される心配はないよ、ボ。
22590	Drag skill icons onto the wheel on the right to equip them. (Tap anywhere to continue)	スキルアイコンを右のホイールへドラッグして装備。（どこかをタップして続行）
22591	Tap the skill slot lock to unlock it, then you can rearrange the skills in your slots~	スキルスロットのロックをタップして解除すると、スキルを並べ替えられるよ～
22592	Look! Crafting Orange or Red Quality equipment may grant a Stunt, bobo! Give it a try!	見て！オレンジや赤品質の装備を製作するとアクションが付くことがあるよ、ボボ！試してみよう！
22593	Hello, rookie. The supplies have been inventoried. We can board whenever you're ready.	やあ、新人。物資の確認は済んだ。準備できたらいつでも乗船できるぞ。
22594	You successfully won the bid to participate in the Stronghold War. Prepare for battle!	拠点戦参加権の入札に成功しました。戦闘準備を！
22595	This is the reward from your Event Period gift. Please collect it from the attachment.	イベント期間ギフトの報酬です。添付から受け取ってください。
22596	I'll talk to my old friends too and tell them to stop helping Jack bully decent folks!	昔の仲間にも話して、ジャックが善良な人をいじめる手助けをやめさせるよ！
22597	This is the place. Look, they're still poking their heads out! They've got some nerve!	ここだ。見ろ、まだ顔を出してる！いい度胸だな！
22598	I'm a traveler who loves journeying from country to country. It certainly is hot here.	国から国へ旅するのが好きな旅人です。それにしても、ここは暑いですね。
22599	...But the clouds here really do look like cotton candy. I wish I could take a bite...	…でも、ここの雲は本当に綿あめみたい。ひと口食べてみたいな…
22600	Welcome to the Oak Inn! Are you here for a meal or a room? Or perhaps a little drink~?	オークインへようこそ！お食事？ご宿泊？それとも一杯飲んでいく～？
22601	Use the movement wheel or the A and D keys to steer. Be careful to avoid the ant eggs.	移動ホイールまたはA・Dキーで方向を操作。アリの卵を避けて進もう。
22602	Bobo\nSeriously... I hope this Clue is actually useful. Let's hurry and follow Fervor.	ボボ\nまったく…この手がかり、本当に役立つといいけど。急いでファーヴァーを追おう。
22603	Bobo\nLook! That's a Peco Peco nest over there, right? And there are two people there!	ボボ\n見て！あれ、ペコペコの巣だよね？しかも人が2人いる！
22604	Participate in the Battle of Dragon Coffin Island or Kafra: Survivor Battle @{1} times	ドラゴンコフィン島の戦い、またはカプラ：サバイバルバトルに@{1}回参加
22605	Activate the Nine-Tone Mantra matching Theme Character Effects Appearance (Permanent).	九音真言の対応テーマ・キャラクターエフェクト外見を永久解放。
22606	Armor plating made from an alloy blessed by holy light, providing advanced protection.	聖なる光の祝福を受けた合金製の装甲板。高度な防護性能を持つ。
22607	A roll of sacred cloth radiating intense holy light. Used to craft advanced equipment.	強い聖光を放つ聖なる布のロール。上級装備の製作に使用する。
22608	Woolen material used to line clothing or armor, providing Extra warmth and cushioning.	衣服や防具の裏地に使う毛織素材。保温性とクッション性を高める。
22609	A special moss that grows in damp areas. It can be gathered and spun into warm fibers.	湿地に生える特殊な苔。採集して暖かな繊維に紡ぐことができる。
22610	An Ironwood outer layer used to wrap equipment, improving its durability and handling.	装備を覆うアイアンウッド製の外装。耐久性と扱いやすさを向上させる。
22611	A mysterious compass given to you by a mysterious woman. It clearly hides some secret!	謎の女性から渡された不思議なコンパス。明らかに何か秘密がありそうだ！
22612	A cloak that dramatically increases the wearer's chances of survival in any situation.	どんな状況でも着用者の生存力を大きく高めるマント。
22613	A staff said to have been created by a great mage. Its power approaches that of a god.	偉大な魔術師が作ったとされる杖。その力は神にも迫るという。
22614	A massive two-handed axe with an enormous blade that strikes fear into all who see it.	巨大な刃を備えた大振りの両手斧。見る者を圧倒する威圧感を放つ。
22615	Current Equipment has a Unique Enchant. This will replace the existing Unique Enchant.	現在の装備には固有エンチャントがあります。実行すると既存の固有エンチャントを置換します。
22616	When both professions are crafting professions, crafting Vigor cost is reduced by @{1}	両方の職業が製作系の場合、製作時の活力消費を@{1}軽減
22617	Are you sure you want to consume Soul Echoes of Orange Quality or higher for Level-up?	オレンジ品質以上のソウルエコーを消費してレベルアップしますか？
22618	Cart-exclusive skill. Merchants gain ^{1}${1}^{2} Extra slots while operating a Stall.	カート専用スキル。マーチャントが露店営業中、追加スロットを^{1}${1}^{2}個獲得。
22619	Removes ^{1}【Silence】^{2} and ^{3}【Blind】^{4} from a designated ST ally within ${1} m.	${1}m以内の指定した味方単体から^{1}【沈黙】^{2}と^{3}【暗闇】^{4}を解除。
22620	Max Life increases by ^{1}${1}^{2}, and Holy damage taken is reduced by ^{3}${2}%^{4}.	最大HP +^{1}${1}^{2}、受ける聖属性ダメージ -^{3}${2}%^{4}。
22621	Participate in Guild activities and make a Donation of supplies to repel the invasion.	ギルド活動に参加して物資を寄付し、侵攻を退けよう。
22622	Charge forward with the supply cart, knocking back and Stunning enemies along the way.	補給カートで突進し、進路上の敵をノックバックさせてスタンさせる。
22623	After using 【Soul Destroyer】 ${1} times, damage dealt increases by ${2}% for ${3} sec.	【ソウルデストロイヤー】を${1}回使用後、${3}秒間与ダメージ +${2}%。
22624	Deals ranged Fire magic damage equal to ^{1}${1}%^{2} of your Magic ATK to the target.	対象に魔法ATKの^{1}${1}%^{2}分の遠距離火属性魔法ダメージを与える。
22625	We eventually got married, but he always felt guilty for not giving me a wedding ring.	結局私たちは結婚したけど、彼は結婚指輪を贈れなかったことをずっと気にしていた。
22626	Matchmaking is already underway for another mode. You cannot initiate new matchmaking.	別モードのマッチング中です。新しいマッチングは開始できません。
22627	Cannot be seen or targeted. Revealed after taking damage @{1} times or dealing damage.	視認・ターゲット不可。@{1}回ダメージを受けるか、自身がダメージを与えると解除。
22628	Reduces Movement Speed by @{1}% and increases damage taken from all elements by @{2}%.	移動速度 -@{1}%、全属性から受けるダメージ +@{2}%。
22629	Everyone is gathering around the Bonfire, chatting as they wait for the event to begin.	みんな焚き火の周りに集まり、イベント開始を待ちながら談笑している。
22630	You must Join a guild to participate in this event.\nWould you like to go Join a guild?	このイベントに参加するにはギルド加入が必要です。\nギルド加入へ向かいますか？
22631	\nYou defeated ^{1}${1}^{2} monster Bosses. Even the mightiest beings bow at your feet.	\nモンスターBOSSを^{1}${1}^{2}体倒しました。どんな強者もあなたの前にひれ伏すでしょう。
22632	Following the mysterious figure's hints will reveal Clues to @{1} missing-note puzzles.	謎の人物のヒントを追うと、@{1}個の欠けた音符パズルの手がかりが見つかる。
22633	Cannot reset the [Cart Use] skill. Please Clear all items from the Cart Merchant first.	[カート使用]スキルはリセットできません。先にカート内のアイテムをすべて整理してください。
22634	Join the Bonfire Party at the Guild Base during the Event Period to complete the quest.	イベント期間中にギルド拠点の焚き火パーティへ参加してクエストを完了。
22635	If guilds submit the same bid, the guild with more total escort deliveries ranks higher	同額入札の場合、護衛配送の累計回数が多いギルドが上位になります
22636	Each stack reduces Movement Speed by @{1}%. At @{2} stacks, inflicts Stun for @{3} sec.	1スタックごとに移動速度 -@{1}%。@{2}スタックで@{3}秒間スタン。
22637	The new Skill Build is blank. You must manually allocate skill points and equip skills.	新しいスキルビルドは空です。手動でスキルポイントを割り振り、スキルを装備してください。
22638	You must wait for the countdown to reach zero and the quest to begin before proceeding.	カウントダウンが0になりクエストが開始するまで待ってください。
22639	This Crown sharpens the wearer's mind and contains magic that bolsters mental strength.	着用者の思考を研ぎ澄まし、精神力を高める魔力を宿した王冠。
22640	A bizarre-looking mask. Its frightening appearance makes it perfect for playing pranks.	奇妙な見た目の仮面。その恐ろしい外見はいたずらにぴったり。
22641	Among RO players, the "South Gate Field" is the largest Trade hub on the Entire Server.	ROプレイヤーの間では「南門フィールド」は全サーバー最大の取引拠点として知られている。
22642	Allocate talent points to improve your abilities and define your class characteristics.	タレントポイントを割り振り、能力を高めて職業の特徴を伸ばそう。
22643	Challenge a Boss alongside multiple teammates to earn Rare equipment and other rewards.	仲間と協力してBOSSに挑み、レア装備などの報酬を獲得しよう。
22644	Wow, a golden Legend! Rare gold-quality equipment can undergo one Extra stat appraisal~	わあ、黄金のレジェンド！希少な金品質装備は追加で1回ステータス鑑定できるよ～
22645	Baby pets hatch from eggs. Bobo will show you how to hatch one step by step~ Follow me!	ペットの赤ちゃんは卵から生まれるよ。ボボが孵化のやり方を順番に教えるね～ついてきて！
22646	Want to create a better Preset for your class Build? Bobo will show you how. Follow me~	職業ビルドに合ったもっと良いプリセットを作りたい？ボボが教えるよ。ついてきて～
22647	Thousands of years ago, the continent of Midgard suffered an unprecedented catastrophe.	数千年前、ミッドガルド大陸は未曾有の大災害に見舞われた。
22648	I want to cherish my precious son, but my wife says we need to discipline him strictly.	大切な一人息子を可愛がりたいんだが、妻は厳しくしつけるべきだと言うんだ。
22649	I heard that the Diamond of Ruin, one of those four gems, suddenly appeared recently...	あの4つの宝石のひとつ「破滅のダイヤ」が最近突然現れたらしい…
22650	(whispering) My money's on the prince of House Bart. That Young Man is quite ambitious.	（小声で）私はバート家の王子に賭けるね。あの若者はなかなか野心的だ。
22651	There sure have been a lot of petty thieves around lately. What is the world coming to?	最近はこそ泥が増えたな。まったく世も末だよ。
22652	Great! ^{1}PlayerName^{2}, now we can finally start adventuring to our hearts' content!	やった！^{1}PlayerName^{2}、これでようやく思い切り冒険できるね！
22653	All right, All right, go ahead and Receive it~ I'm no villain, merely a wandering Bard.	分かった分かった、受け取りな～。私は悪党じゃない、ただの旅の吟遊詩人さ。
22654	Wah... You big dummy! You scared Bobo half to death! Bobo thought you'd hurt your head!	わあ…この大バカ！ボボ、心臓が止まるかと思った！頭をケガしたのかと思ったよ！
22655	Let me show you how to Insert these echoes into the compass. Awaken its true potential.	このエコーをコンパスに入れる方法を教えよう。本来の力を目覚めさせるんだ。
22656	Territory War escort Trade has begun. Please proceed to the corresponding Trade screen.	領地戦の護衛取引が始まりました。対応する取引画面へ進んでください。
22657	A group of troublemakers has arrived at the venue. Repel them!\nRepel the Troublemakers	会場にならず者の一団が現れた。撃退せよ！\nならず者を撃退
22658	The Goddess's army has begun its invasion! Head to Prontera immediately and fight back!	女神軍の侵攻が始まった！すぐプロンテラへ向かい、迎撃せよ！
22659	Bobo\nIt seems to know exactly where it's going. Is there something special over there?	ボボ\n行き先が分かってるみたい。あっちに何か特別なものがあるのかな？
22660	^{1}The road behind you now winds like poetry, but the story ahead is longer still.^{2}	^{1}歩んできた道は今や詩のように連なり、これからの物語はさらに長く続いていく。^{2}
22661	^{1}Your name has become the favorite spice in every tale told at a certain tavern.^{2}	^{1}ある酒場で語られるどんな物語にも、今では君の名が欠かせない彩りになっている。^{2}
22662	A roll of coarse Cotton cloth used to make common cloth equipment and for basic sewing.	一般的な布装備や基礎的な裁縫に使う粗い綿布のロール。
22663	Not only is it sufficiently hard, but it is also easier to work with than other Metals.	十分な硬さを持ちながら、ほかの金属より加工しやすい。
22664	Rewards for completing Guild Quests, accumulated to claim weekly guild activity chests.	ギルドクエスト完了で獲得。貯めると週間ギルド活動チェストを受け取れる。
22665	Select Divine Art Totems of the same quality from the list on the left to combine them.	左側の一覧から同品質の神術トーテムを選択して合成。
22666	Do not have Permission (not the Guild Leader and no voice chat management permissions).	権限がありません（ギルドマスターではなく、ボイスチャット管理権限もありません）。
22667	A Member of the party is on cooldown for another ${1} seconds. Unable to Enter Dungeon.	パーティメンバーのクールダウンがあと${1}秒残っています。ダンジョンに入れません。
22668	The recipient has already accepted a gift from someone else and cannot receive another.	受取人はすでに別の人からギフトを受け取っているため、追加で受け取れません。
22669	The maximum number of players assisting this player has been reached. Unable to assist.	このプレイヤーを支援中の人数が上限に達しているため支援できません。
22670	Deals ATK * ^{1}@{4}%^{2} damage to up to @{3} enemies in a @{1} m * @{2} m area ahead.	前方@{1}m×@{2}m範囲内の最大@{3}体にATK * ^{1}@{4}%^{2}のダメージを与える。
22671	Extends the Buff duration of ^{1}Debuff-type^{2} Primary Battle Skills by ${1} seconds.	^{1}デバフ型^{2}メイン戦闘スキルのバフ持続時間 +${1}秒。
22672	You are in a special Location and cannot Initiate a party, submit a Request, or Follow.	特殊エリアにいるため、パーティ作成・申請・追従はできません。
22673	You cannot match for Solo Mode while in a party. Leave the party and start matchmaking?	パーティ参加中はソロモードのマッチングができません。パーティを抜けて開始しますか？
22674	Not bad, youngster. Thanks to you, the mission to protect the Professor went perfectly.	やるじゃないか、若者。お前のおかげで教授護衛任務は完璧だった。
22675	Healing increased by @{1}%. Each Floor of a healing buff grants an Extra @{2}% healing.	回復量 +@{1}%。回復バフ1階層ごとにさらに回復量 +@{2}%。
22676	Healing and healing received decrease by @{1}%, and Crit Resistance decreases by @{2}%.	回復量・受ける回復量 -@{1}%、クリティカル耐性 -@{2}%。
22677	Inflicted by Evilheart Hunter Eve. Reduces Physical DEF and Magic DEF by ^{1}${1}%^{2}.	イビルハートハンター・イヴによる効果。物理・魔法DEF -^{1}${1}%^{2}。
22678	While active, [Warg Strike], [Warg Bite], and [Warg Hunt] summon Extra Warg companions.	効果中、[ウォーグストライク]・[ウォーグバイト]・[ウォーグハント]で追加のウォーグを召喚。
22679	Deals ranged Wind magic damage equal to Magic ATK * ^{1}${1}% + ${2}^{2} to the target.	対象に魔法ATK * ^{1}${1}% + ${2}^{2}の遠距離風属性魔法ダメージを与える。
22680	${1} has begun the Starshatter Dragon summoning ritual. Adventurers, go lend a hand!${2}	${1}がスターシャッタードラゴン召喚儀式を開始しました。冒険者のみんな、手を貸そう！${2}
22681	This chapter's journey is complete. Head to the next chapter to continue your adventure~	この章の旅は完了！次の章へ進んで冒険を続けよう～
22682	Extra attacks triggered when dealing magic damage ignore damage reduction from Magic DEF	魔法ダメージ時に発動する追加攻撃は、魔法DEFによるダメージ軽減を無視
22683	\n^{1}Thank You for every moment along the way. We hope you enjoy the journey ahead!^{2}	\n^{1}ここまで共に歩んでくれてありがとう。これからの旅も楽しんでください！^{2}
22684	Successfully crafting an orange Metal item has a @{1}% Chance to grant @{2} Extra copies	オレンジ品質の金属製品の製作成功時、@{1}%の確率で追加で@{2}個獲得
22685	Successfully crafting an orange cloth item has a @{1}% Chance to grant @{2} Extra copies	オレンジ品質の布製品の製作成功時、@{1}%の確率で追加で@{2}個獲得
22686	Party members cannot follow you in this area. Please enter a public area to summon them.	このエリアではパーティメンバーが追従できません。共通エリアへ移動して召喚してください。
22687	Surrounded by lightning, shocking up to @{1} nearby enemies every second to deal damage.	雷をまとい、毎秒周囲の最大@{1}体の敵に電撃ダメージを与える。
22688	Temporarily increases all base stats by @{1}, HIT by @{2}, and Physical Damage by @{3}%.	一時的に全基本ステータス +@{1}、HIT +@{2}、物理ダメージ +@{3}%。
22689	For every @{1} enemy hit by 【Napalm Vulcan】, its damage increases by ${1}%, up to ${2}%.	【ナパームバルカン】が敵@{1}体に命中するごとにダメージ +${1}%、最大${2}%。
22690	Pharaoh's Pyramid fires ^{1}beams that track targets^{2}, with ^{3}more beams fired^{4}.	ファラオのピラミッドが^{1}対象を追尾するビーム^{2}を放ち、^{3}発射数が増加^{4}する。
22691	When you become a little kitty, you'll discover Happiness in its purest, most Easy form.	小さな子猫になれば、いちばん素朴で純粋な幸せが分かるよ。
22692	You've resumed using Bonus Time. Killing Field Monsters can now yield plentiful rewards.	ボーナスタイムの使用を再開しました。フィールドモンスター撃破で豊富な報酬を獲得できます。
22693	Summon <color=#fdab5b><size=36>${1}</size></color>/${2} times to guarantee an S-rank pet	召喚<color=#fdab5b><size=36>${1}</size></color>/${2}回でSランクペット確定
22694	This little kitty has been working for so long. Can I go out and play for a while, meow?	この子猫、ずっと働いてるニャ。少し外で遊んできてもいいかニャ？
22695	I'm the veteran Adventurer NPC. I don't know where the black market merchant is, either.	俺はベテラン冒険者NPCだ。闇市商人の居場所は俺にも分からない。
22696	Huh? Where did this... giant talking Chonchon come from? Or is it a living ball of soot?	え？この…しゃべる巨大チョンチョン、どこから来たんだ？それとも生きた煤玉か？
22697	You received an item that went unsold at auction. Please collect it from the attachment.	オークションで落札されなかったアイテムが返却されました。添付から受け取ってください。
22698	What?! You got me! But this isn't over! You can have this turf—I'll find somewhere else!	なにっ！？やられた！でもこれで終わりじゃない！ここはくれてやる、別の場所を探す！
22699	I've wanted to rest for ages, but she said there was still one more street to explore...	ずっと休みたかったのに、あの子が「もう一本だけ通りを見よう」って…
22700	The upside is that there's less stock left, so there'll be less pressure to sell it all.	まあ在庫が減った分、売り切るプレッシャーも少なくなるのは救いだな。
22701	Hey, Master! Hold on to me tight! If Bobo falls, there'll be no one left to wake you up!	師匠、しっかりボボにつかまって！ボボが落ちたら、起こしてくれる人がいなくなるよ！
22702	Of course we finished it! But ^{1}PlayerName^{2} is hurt! What do we do? Please help us!	もちろん終わったよ！でも^{1}PlayerName^{2}がケガしてる！どうしよう？助けて！
22703	That was fast. Looks like you did well on the Battle assessment. You didn't let me down.	早かったな。戦闘評価も上々だったようだ。期待を裏切らなかったな。
22704	After switching Life Skills, you will Keep the level and EXP of your previous Life Skill	生活スキル切替後も、切替前の生活スキルのレベルとEXPは保持されます
22705	“Hey, Master! Hold on tight to me! If Bobo falls, no one will be around to wake you up!”	「師匠、しっかりボボにつかまって！ボボが落ちたら、起こしてくれる人がいなくなるよ！」
22706	^{1}^{2}${1}^{3} spared no expense at the Auction House to obtain ${2}. Congratulations!	^{1}^{2}${1}^{3}がオークションハウスで惜しみなく資金を投じ、${2}を獲得！おめでとう！
22707	The Festival Invitation will select @{2} LUK Stars in @{1} minutes. Everyone, get Ready!	祭典招待で@{1}分後に@{2}人のラッキースターを選出します。みんな準備して！
22708	Supply Transport has begun! A fierce battle is about to unfold on the Territory War map.	物資輸送が始まった！領地戦マップで激戦が始まろうとしている。
22709	Hey, you'd better hold on tight to me! If Bobo falls, there'll be no one to wake you up!	ほら、しっかりボボにつかまって！ボボが落ちたら、起こしてくれる人がいなくなるよ！
22710	Air Pirate Boss\nAll right, boys! Charge! Take this ship, and everything aboard is ours!	空賊のボス\nよし野郎ども、突撃だ！この船も積荷も全部いただくぞ！
22711	Bobo\nHey, there's another chest over there. Waaah—!! M-Master, help! Is that Baphomet?!	ボボ\nねえ、あそこにも箱があるよ。うわぁー！！し、師匠、助けて！あれバフォメット！？
22712	^{1}A one-of-a-kind path often begins with ten million ordinary swings of the sword.^{2}	^{1}唯一無二の道も、最初は千万回の平凡な素振りから始まる。^{2}
22713	<color=#FDAB5B>${1}</color> has invited you to Join a guild: <color=#FDAB5B>${2}</color>	<color=#FDAB5B>${1}</color>からギルド加入招待：<color=#FDAB5B>${2}</color>
22714	The highest honor reserved for those who achieve outstanding merit in the Territory War.	領地戦で特に優れた功績を挙げた者だけに贈られる最高の栄誉。
22715	Open this gift box to randomly obtain one of the following Divine Art Totem Skill Books.	開くと以下の神術トーテムスキルブックからランダムで1冊獲得。
22716	Fabric used to line sacred equipment, providing a blessing bonus and greater protection.	聖なる装備の裏地に使う布。祝福効果と防護性能を高める。
22717	A wooden rune imbued with holy light that can add powerful magical effects to equipment.	聖光を宿した木製ルーン。装備に強力な魔法効果を付与できる。
22718	Hide from a blue Pegasus said to exist only in Legend!\nIt's warm and soft to the touch.	伝説にしか存在しないとされる青いペガサスから身を隠せ！\n触れると暖かくて柔らかい。
22719	A pink gemstone from Daidai's Collector's collection. Can be used for prize wheel draws.	ダイダイのコレクター所蔵のピンク色の宝石。抽選ホイールに使用できる。
22720	A four-leaf Lucky Clover. Legend says it brings good LUK. Can be exchanged for Headwear.	四つ葉のラッキークローバー。幸運を呼ぶと伝えられている。頭装備と交換可能。
22721	A superb Green Healing Potion. Instantly restores @{1}+@{2}% HP. Cooldown: @{3} seconds.	極上のグリーンヒーリングポーション。HPを即座に@{1}+@{2}%回復。クールダウン：@{3}秒。
22722	A symbolic shield bearing the will of God, bestowed directly through a divine messenger.	神の意志を宿す象徴的な盾。神の使者を通じて直接授けられたもの。
22723	Successfully crafting an engraved item has a @{1}% Chance to increase the output by @{2}	刻印アイテムの製作成功時、@{1}%の確率で生産数が@{2}増加
22724	Because you are under @{1}, the anti-addiction System prevents you from making purchases	@{1}未満のため、依存防止システムにより購入できません
22725	Unable to switch Life Skills. The maximum number of active Life Skills has been reached.	有効な生活スキル数が上限に達しているため切り替えられません。
22726	Someone declined the match. You have returned to matchmaking at the front of the Lineup.	辞退者が出たため、待機列の先頭に戻ってマッチングを再開しました。
22727	A razor-sharp blade with an icy gleam. Use to permanently increase Physical ATK by @{1}.	氷のような輝きを放つ鋭利な刃。使用すると物理ATKが永久に@{1}増加。
22728	This skill is not in the skill tree, so skill points cannot be allocated to it manually.	このスキルはスキルツリー外のため、手動でスキルポイントを割り振れません。
22729	Summons Sight around you, revealing hidden targets within a ${2} m radius over ${1} sec.	自身の周囲にサイトを展開し、${1}秒間、半径${2}m以内の隠れた対象を可視化。
22730	The dragon leaps to the edge of the arena and summons a wall of fire that moves forward.	ドラゴンがアリーナ端へ跳び、前進する火炎の壁を召喚する。
22731	Geographer spins rapidly, dealing ^{1}${1}%^{2} Neutral melee Magic damage to the enemy.	ジオグラファーが高速回転し、敵に^{1}${1}%^{2}の無属性近接魔法ダメージを与える。
22732	Um... I want to give her something she'll like. Do you know what would make a good gift?	えっと…彼女が喜ぶものを贈りたいんだ。何がいいと思う？
22733	After a player Kill, Physical ATK increases by @{1}% for @{2} sec. (Cooldown: @{3} sec.)	プレイヤー撃破後、@{2}秒間物理ATK +@{1}%。（クールダウン：@{3}秒）
22734	Draws power from Rune Runes, increasing Physical ATK by @{1}% and Attack Speed by @{2}%.	ルーンの力を引き出し、物理ATK +@{1}%、攻撃速度 +@{2}%。
22735	After many twists and turns, you've finally found the Professor. Return to camp and rest.	紆余曲折の末、ついに教授を発見した。キャンプへ戻って休もう。
22736	A dangerous passage lies beneath the vortex. Make your way through as safely as possible.	渦の下には危険な通路が続いている。できるだけ安全に進もう。
22737	Leaving the party will abandon the escort cart. Are you sure you want to leave the party?	パーティを抜けると護衛カートを放棄します。本当に退出しますか？
22738	You have been flagged as AFK. If the timer expires, you will be forced to return to town!	AFK判定されています。タイマー終了時に強制的に街へ戻されます！
22739	Deals damage using High Speed Cart Ram while providing buffs to themselves and the party.	ハイスピードカートラムでダメージを与えつつ、自身とパーティを強化する。
22740	Changing the price requires another Trade review, just like relisting the item. Continue?	価格変更には再出品と同様に再審査が必要です。続行しますか？
22741	You cannot Teleport to the quiz Location while in a Cross-server area, Dungeon, or plane.	クロスサーバーエリア、ダンジョン、飛行中はクイズ地点へテレポートできません。
22742	^{1}^{2}【Maximum Over Thrust】^{3}^{4} is Active for up to ${2} allies within ${1} meters.	${1}m以内の最大${2}人の味方に^{1}^{2}【オーバートラストマックス】^{3}^{4}が有効。
22743	Spear mastery increases Crit by @{1}, Crit Resistance by @{2}, and Attack Speed by @{3}%.	スピアマスタリーでCRIT +@{1}、クリティカル耐性 +@{2}、攻撃速度 +@{3}%。
22744	Reduces damage taken from monsters by @{1}% and increases Physical and Magic DEF by @{2}%	モンスターからの被ダメージ -@{1}%、物理・魔法DEF +@{2}%
22745	Immune to Knockback, Launch, Stun, Freeze, Petrify, Silence, Immobilize, Blind, and Slow.	ノックバック、打ち上げ、スタン、凍結、石化、沈黙、移動不能、暗闇、鈍足を無効化。
22746	A close friend is in the party. Life +@{1}%, Physical Attack +@{2}%, Magic Attack +@{3}%.	親しいフレンドがパーティにいる。HP +@{1}%、物理ATK +@{2}%、魔法ATK +@{3}%。
22747	Fight near an allied Madogear Pilot to gain its protection and continuously restore Life.	味方の魔導ギアパイロット付近で戦うと守護を受け、HPを継続回復。
22748	At Season Settlement, if you remain at rank ${1}, you will receive the following rewards.	シーズン精算時に順位${1}を維持していると、以下の報酬を獲得。
22749	${1}% Chance to deal a double critical hit. Double critical hits are affected by CRIT DMG	${1}%の確率でダブルクリティカルが発生。ダブルクリティカルはCRITダメージの影響を受ける
22750	Grants ${1} Hunting Skill, plus an Extra ${2} Hunting Skill for each skill on this Totem.	狩猟スキルを${1}獲得し、このトーテムのスキル1つにつき狩猟スキルを追加で${2}獲得。
22751	Increases healing by ${1}%. Each Floor of the Healing buff grants an Extra ${2}% healing.	回復量 +${1}%。回復バフ1階層ごとにさらに回復量 +${2}%。
22752	When 【Gravitation Field】 ends, inflicts 【Immobilize】 on enemies in the area for ${1} sec.	【グラビテーションフィールド】終了時、範囲内の敵に${1}秒間【移動不能】を付与。
22753	When a Split Poporing dies, there is a @{1}% Chance to create @{2} Transformation Manuals	分裂ポポリン死亡時、@{1}%の確率で変身マニュアルを@{2}個生成
22754	Baphomet ^{1}repeatedly summons charging illusions^{2} that damage targets in their path.	バフォメットが^{1}突進する幻影を繰り返し召喚^{2}し、進路上の対象にダメージを与える。
22755	Drag skills from the left to the skill bar. Drag a skill to an empty area to unassign it.	左側のスキルをスキルバーへドラッグ。空き領域へドラッグすると装備解除できます。
22756	<u><color=#62af5e><link="jumpskillpos/${1}">[Go to Prerequisite Skill]</link></color></u>	<u><color=#62af5e><link="jumpskillpos/${1}">[前提スキルへ移動]</link></color></u>
22757	Black glasses that can shield your eyes from the sun or serve as a fashionable accessory.	日差しから目を守り、ファッションにも使える黒いサングラス。
22758	Quick, tap here! You can team up with your friends for a challenge. It's tons of fun, bo!	早くここをタップ！フレンドとチームを組んで挑戦できるよ。すっごく楽しい、ボ！
22759	Jack says he knows a pest-control expert who can drive away the Rockers. What can you do?	ジャックはロッカーを追い払える害虫駆除の専門家を知っているらしい。どうする？
22760	There are so many Adventurers here! I guess that's to be expected in a kingdom's capital!	冒険者がこんなにたくさん！さすが王国の首都だね！
22761	When the weather's nice, it's more comfortable to stay out in the Field than in the city.	天気のいい日は、街よりフィールドにいるほうが気持ちいいな。
22762	Ask not what your guild can do for you. Ask what you can contribute to the guild storage.	ギルドが何をしてくれるかではなく、ギルド倉庫に何を貢献できるかを考えよう。
22763	Wait a minute~ Why are we always charging in while you stand back here playing Commander?	ちょっと待って～。なんでいつも私たちが突っ込んで、あなたは後ろで指揮官ごっこなの？
22764	Yes. We're looking for a middle-aged man with glasses and Yellow hair. Have you seen him?	はい。眼鏡をかけた黄色い髪の中年男性を探しています。見ませんでしたか？
22765	Why don't we call out his name? Maybe he'll come out when he hears us. What do you think?	名前を呼んでみない？聞こえたら出てきてくれるかも。どう思う？
22766	${1} turned in ${2} Military Supplies, further increasing the Guild's strategic reserves!	${1}が軍需物資${2}を納品し、ギルドの戦略備蓄がさらに増加！
22767	Signs of enemy activity have been discovered near the Library. All defenders, stay alert!	図書館付近で敵の活動痕跡を発見。防衛隊は全員警戒せよ！
22768	...But the clouds up here really do look like Cotton candy. I wish I could take a bite...	…でも、ここの雲って本当に綿あめみたい。ひと口食べてみたいな…
22769	Bobo\nThey just keep coming~ This egg-stealing request is both dangerous and unethical...	ボボ\nまだ来るよ～。卵を盗む依頼なんて危険だし、良くないことだよね…
22770	Rough hemp leaves found in the wilderness, used to weave coarse cloth or make basic yarn.	野外で採れる粗い麻の葉。粗布や基本的な糸の材料になる。
22771	A Hand of God imbued with profound religious significance. Can be exchanged for Headwear.	深い宗教的意味を持つ「神の手」。頭装備と交換可能。
22772	Steel boots designed with protection in mind, without regard for practicality or comfort.	実用性や履き心地より防護性能を優先して作られた鋼鉄のブーツ。
22773	A Spear with such a large blade that it is hard to tell whether it is a sword or a Spear.	剣なのか槍なのか分からないほど巨大な刃を持つ槍。
22774	A versatile two-handed greatsword with a thick blade suited for both offense and defense.	攻守どちらにも使える厚い刃を持つ汎用性の高い両手大剣。
22775	A medal obtained by defeating monsters. Can be exchanged for various rewards in the shop.	モンスター討伐で得られるメダル。ショップで各種報酬と交換可能。
22776	Points awarded for GVG victories, losses, and Kills, measuring a guild's combat strength.	GVGの勝敗や撃破で獲得するポイント。ギルドの戦闘力を示す指標。
22777	A reward for participating in Competition Misc. Can be exchanged for rewards in the shop.	競技コンテンツ参加で得られる報酬。ショップで各種報酬と交換可能。
22778	Oh? You actually collected everything. I'm impressed. Let me process the materials first.	おや？本当に全部集めたのか。やるじゃないか。まず素材を加工しておこう。
22779	Failed to list the item. The server's maximum number of active listings has been reached.	出品に失敗しました。サーバーの同時出品数が上限に達しています。
22780	A guild building is currently undergoing a Level-up. Please try again when it is complete	ギルド施設をレベルアップ中です。完了後に再試行してください
22781	Reduces prices by ^{1}${1}%^{2} when purchasing items with Minted Coins in certain shops.	一部ショップで鋳造コインを使って購入する際、価格が^{1}${1}%^{2}割引。
22782	Burrow in the specified direction, moving up to @{1} m. Skill cooldown: ^{1}@{2}^{2} sec.	指定方向へ地中移動し、最大@{1}m進む。スキルクールダウン：^{1}@{2}^{2}秒。
22783	Extends the Debuff duration of ^{1}Debuff-type^{2} Primary Battle Skills by ${1} seconds.	^{1}デバフ型^{2}メイン戦闘スキルのデバフ持続時間 +${1}秒。
22784	Extends the Buff duration of ^{1}Buff-type^{2} Primary Battle Skills by ^{3}${1}^{4} sec.	^{1}バフ型^{2}メイン戦闘スキルのバフ持続時間 +^{3}${1}^{4}秒。
22785	Master swordsmanship. When equipped with a sword, Physical ATK increases by ^{1}${1}^{2}.	剣術を極める。剣装備時、物理ATK +^{1}${1}^{2}。
22786	Maya is summoning quicksand again! Hide behind a stone pillar so you don't get pulled in!	マヤーがまた流砂を召喚している！吸い込まれないよう石柱の後ろへ隠れろ！
22787	Endure. Increases HIT by @{1} and Physical ATK by @{2}, but reduces Physical DEF by @{3}.	インデュア。HIT +@{1}、物理ATK +@{2}、物理DEF -@{3}。
22788	On HIT, ^{1}${1}%^{2} Chance to reduce the enemy target's Movement Speed by ^{3}${2}%^{4}	命中時、^{1}${1}%^{2}の確率で敵対象の移動速度を^{3}${2}%^{4}低下
22789	Adventurers whose <color=#987f53>${1}</color> attribute exceeds <color=#63a22b>50%</color>	<color=#987f53>${1}</color>属性が<color=#63a22b>50%</color>を超える冒険者
22790	Earn points through Kill/Assist/Destroying Escort Carts/Escorting Carts and other actions.	撃破・アシスト・護衛カート破壊・護衛などの行動でポイントを獲得。
22791	Don't rush! Take a moment to calm down before asking your teammates for help again (*^_^*)	焦らないで！少し落ち着いてから、もう一度仲間に助けを求めよう (*^_^*)
22792	Use High Burst to strike the backline, with two Stealth abilities ensuring the first move.	高い瞬間火力で後衛を狙い、2種のステルス能力で先手を取る。
22793	When taking melee Physical damage, deals damage to the attacker based on your Physical ATK	近接物理ダメージを受けると、自身の物理ATKに応じたダメージを攻撃者へ返す
22794	When using an instant recovery item, there is a @{1}% Chance its effect increases by @{2}%	即時回復アイテム使用時、@{1}%の確率で効果 +@{2}%
22795	For the Arch Mage job, every @{1} INT increases Magic ATK by @{2}, up to a maximum of @{3}	アークメイジはINT@{1}ごとに魔法ATK +@{2}、最大@{3}
22796	Allows use of ^{1}^{2}Hiding Lv. @{1}^{3}^{4} and ^{5}^{6}Sightless Mind Lv. @{2}^{7}^{8}.	^{1}^{2}ハイディング Lv.@{1}^{3}^{4}と^{5}^{6}サイトレスマインド Lv.@{2}^{7}^{8}を使用可能。
22797	Draw and replace affixes when adding an accelerant to the bonfire during the Bonfire Phase	焚き火フェーズ中に促進剤を投入すると、オプションを抽選して置換
22798	Monster transformation cards grant special effects when socketed in the corresponding slot	モンスター変身カードは対応スロットに装着すると特殊効果を発揮
22799	Legend has it that this apple was struck by an ancient Sniper from an incredible Distance.	古代のスナイパーが遥か遠方から撃ち抜いたリンゴだと伝えられている。
22800	Once a keeper of Order across this continent, now all that's left to do is enjoy the game.	かつて大陸の秩序を守った者。今はただゲームを楽しむだけだ。
22801	1. ${1} restores ${2} minutes of field combat time daily, up to a maximum of ${3} minutes.	1. ${1}は毎日フィールド戦闘時間を${2}分回復し、最大${3}分まで蓄積できます。
22802	Draw <color=#63a22b><size=30>${1}</size></color> more times to guarantee a Starlight Stone	あと<color=#63a22b><size=30>${1}</size></color>回抽選するとスターライトストーン確定
22803	What happened just now? You suddenly froze up and even broke the thoughtform storage vial!	今のは何だったの？急に固まって、思念体保存瓶まで壊しちゃったよ！
22804	Huh? You felt it too? The flow of Elements in Geffen has definitely seemed strange Recent.	え？君も感じた？最近、ゲフェンの属性の流れが明らかにおかしいんだ。
22805	Somewhere in this land, a tremendous power is beginning to reveal itself in subtle ways...	この地のどこかで、途方もない力が静かに姿を現し始めている…
22806	Yesterday, I folded a huge boat for Mom. She said, "Thank You," and patted me on the head!	昨日、お母さんのために大きな船を折ったんだ。「ありがとう」って頭をなでてくれたよ！
22807	I can submit another evaluation Request in a month. A month is plenty of time to practice.	次の評価申請は1か月後に出せる。1か月あれば十分練習できるさ。
22808	You know... the kind that gives you an upset stomach. It won't cause any real harm, right?	ほら…お腹を壊す程度のやつ。本当に大事にはならないよね？
22809	Marriage is about looking forward to a happy future. Is there someone you'd like to marry?	結婚は幸せな未来を思い描くもの。結婚したい相手はいる？
22810	The Guild Leader led another team to defeat an incredibly powerful monster today! Amazing!	今日もギルドマスターが別チームを率いて、とんでもなく強いモンスターを倒したんだ！すごい！
22811	Congratulations on clearing this stage! When you're ready, head forward to the next stage.	ステージクリアおめでとう！準備ができたら次のステージへ進もう。
22812	Not bad. You've recovered nicely. It looks like you've mastered how to use Healing on You.	悪くない。しっかり回復できてる。自分への回復の使い方は身についたようだね。
22813	What? We have to crawl into a hole?! Oh my gosh, it's not going to be full of ants, is it?	えっ、穴に入るの！？まさか中がアリだらけなんてことないよね！？
22814	Uh... right! According to the Gold four-minute rule, we must intervene. Knight, you're up!	えっと…そうだ！ゴールド4分ルールによれば、介入しないと。騎士さん、出番だ！
22815	Life Skill titles and their corresponding skill data will be reset when the Season changes	生活スキル称号と対応するスキルデータはシーズン切替時にリセットされます
22816	[Drake], carrying a ^{1}[Surprise Chest]^{2}, will appear in the Location in ${1} seconds.	^{1}[サプライズチェスト]^{2}を持った[ドレイク]が${1}秒後に出現します。
22817	Bobo\nThis famous port city lives up to its reputation! I can already feel the sea breeze!	ボボ\nさすが有名な港町！もう潮風を感じるよ！
22818	Bobo\nThe Party Leader who was carried off by a bird? Could it be that Peco Peco up ahead?	ボボ\n鳥にさらわれたパーティリーダー？もしかして前にいるあのペコペコ？
22819	The auction is underway. If you Leave Guild, you will not receive any dividends. Continue?	オークション開催中です。ギルドを脱退すると配当を受け取れません。続行しますか？
22820	Silk material used to line clothing or armor, providing both comfort and Extra cushioning.	衣服や防具の裏地に使う絹素材。着心地とクッション性を高める。
22821	Brilliant Tier @{1} Orange Equipment with impressive offensive and defensive capabilities.	攻守に優れた輝かしいTier @{1}オレンジ装備。
22822	A strangely shaped Green, root-like object. One of the Materials used to create a Pet Egg.	奇妙な形をした緑色の根のような物体。ペットの卵を作る素材のひとつ。
22823	Battle of Dragon Coffin Island Misc Net Victory Points (Victory Points), used for Level-up	ドラゴンコフィン島の戦い・勝利ポイント差（勝利ポイント）。レベルアップに使用
22824	Use Soul Destroyer from a safe Distance for steady damage, then evade enemies with stealth	安全な距離からソウルデストロイヤーで安定したダメージを与え、ステルスで敵をかわす。
22825	It revealed no illusion, but the calamity that the continent of Midgard will one day face—	映し出されたのは幻ではなく、いつかミッドガルド大陸を襲う災厄だった――
22826	Participate in any Misc activity in the Treasure Vault to earn an Eden Group Commendation.	宝物庫の任意のコンテンツに参加して、楽園団表彰を獲得。
22827	You recently chose to Leave Guild. Please Wait ${1} before attempting to Join a new guild.	最近ギルドを脱退しました。新しいギルドに加入するには${1}お待ちください。
22828	This cosmetic is already unlocked and cannot be obtained again through Repeat acquisition.	この外見は解放済みのため、重複入手できません。
22829	Increases the LUK of up to ${2} allies within a ${1}m radius by ^{1}${3}^{2} for ${4} sec.	半径${1}m以内の最大${2}人の味方のLUKを${4}秒間^{1}${3}^{2}増加。
22830	Unload the Supply Cart. While unloaded, it increases the DEF of allies within @{1} meters.	補給カートを展開。展開中、@{1}m以内の味方のDEFが増加。
22831	The dragon takes flight and prepares to bombard both sides of the arena with fiery breath.	ドラゴンが飛翔し、アリーナ両側へ炎のブレスを浴びせる準備をする。
22832	I’m working hard studying ciphers today just to experience that feeling... I’m so proud...	あの感覚を味わうために、今日も暗号の勉強を頑張ってる…自分でも誇らしいよ…
22833	No, we can't do that! If they get hurt, we'll never be able to afford their medical bills.	ダメ、そんなことできない！ケガでもされたら治療費なんて払えないよ。
22834	Hey, friend! Settle this for us! These old folks were obviously hired to hold these spots!	おい、あんた！決着をつけてくれ！この老人たち、どう見ても場所取りで雇われてるだろ！
22835	Immune to Knockback, Launch, Stun, Freeze, Petrify, Silence, Immobilize, and Blind effects	ノックバック、打ち上げ、スタン、凍結、石化、沈黙、移動不能、暗闇を無効化
22836	Enters Delusion, greatly increasing ATK and Attack Speed, but also increasing damage taken	妄想状態になり、ATKと攻撃速度が大幅増加する代わりに被ダメージも増加
22837	You have no favorite actions. Tap Edit to enter Edit Mode and add actions to your favorites	お気に入りアクションがありません。「編集」をタップして編集モードに入り、追加してください
22838	Ki introduces himself as the Guide of Time and Space and tells you of the mission you bear.	キは時空の導き手と名乗り、あなたが背負う使命を告げる。
22839	Adds an attack when dealing Physical damage that ignores damage reduction from Physical DEF	物理ダメージ時、物理DEFによるダメージ軽減を無視する追加攻撃を付与
22840	A heavily-armored, fully-equipped Grand Peco. It is the battle mount exclusive for Paladin.	重装備で武装したグランペコ。パラディン専用の戦闘マウント。
22841	Switching can be initiated after ${1} seconds without attacking another player (Deprecated)	他プレイヤーを攻撃せず${1}秒経過すると切替可能（廃止予定）
22842	An advanced cleric of the Church with further improved damage and auto-battle capabilities.	攻撃力とオート戦闘能力がさらに向上した教会の上級聖職者。
22843	Successfully crafting an orange engraved item has a @{1}% Chance to grant @{2} Extra copies	オレンジ品質の刻印アイテム製作成功時、@{1}%の確率で追加で@{2}個獲得
22844	The following materials will be consumed to establish a Siege Camp at your current location	現在地に攻城キャンプを設置するため、以下の素材を消費します
22845	For every @{1} enemies hit by ^{1}^{2}[Hammer Fall]^{3}^{4}, DMG Bonus +${1}%, up to ${2}%.	^{1}^{2}[ハンマーフォール]^{3}^{4}が敵@{1}体に命中するごとにダメージボーナス +${1}%、最大${2}%。
22846	Grants ${1} DMG vs All Job, plus an Extra ${2} DMG vs All Job for each skill on this Totem.	全職業へのダメージ +${1}。このトーテムのスキル1つにつきさらに +${2}。
22847	Magic damage +${1}%. Each Floor of the Magic Damage buff grants an Extra ${2}% Magic damage	魔法ダメージ +${1}%。魔法ダメージバフ1階層ごとにさらに +${2}%
22848	Pharaoh summons ^{1}Pharaoh's Coffins^{2} in sequence, dealing damage in cone-shaped areas.	ファラオが^{1}ファラオの棺^{2}を順番に召喚し、扇形範囲にダメージを与える。
22849	Osiris commands^{1}all Horongs^{2}to^{3}lash the target's location twice with bandages^{4}.	オシリスが^{1}すべてのホロン^{2}に命じ、^{3}対象地点を包帯で2回打ち据える^{4}。
22850	${1} is the Skill Upgrade for ${2}. After allocating points, ${3} will be replaced by ${4}.	${1}は${2}のスキル強化です。ポイント割り振り後、${3}は${4}に置き換わります。
22851	Damage dealt to ${1} Resonance\nincreases by ${2}%\nDamage taken from it decreases by ${3}%	${1}共鳴への与ダメージ\n+${2}%\nそこから受けるダメージ -${3}%
22852	A Pipe that holds a cigarette. Its built-in filter helps reduce the harm caused by smoking.	タバコを差して使うパイプ。内蔵フィルターで喫煙による害を軽減する。
22853	"Divine Light" (Heal) not only restores HP, but can also be used to damage Undead monsters.	「ディバインライト」（ヒール）はHP回復だけでなく、不死属性モンスターへの攻撃にも使える。
22854	"Direct Fire" refers to casting fire skills directly at a target without switching targets.	「ダイレクトファイア」とは、対象を切り替えず直接火属性スキルを使用すること。
22855	I hope you will follow their example and press onward along the path to mastering your job.	彼らを手本に、職業を極める道をこれからも進んでほしい。
22856	Guild Member ${1} successfully impeached Guild Master ${2} and became the new Guild Master!	ギルドメンバー${1}がギルドマスター${2}の弾劾に成功し、新ギルドマスターになりました！
22857	Dear Player, your frozen funds have been unfrozen. Please collect them from the attachment.	凍結されていた資金が解除されました。添付から受け取ってください。
22858	Help... Help me... Water... Just one sip... The desert... shows no mercy to the careless...	助けて…水を…ひと口だけ…砂漠は…油断した者に容赦しない…
22859	I'm making potions. A quiet place really does feel like it improves the chances of success.	ポーションを作ってるんだ。静かな場所だと本当に成功しやすい気がするよ。
22860	So don't worry. Not even the blazing sun or the terrifying desert sandstorms could stop me~	だから心配しないで。灼熱の太陽も恐ろしい砂嵐も、私を止められないよ～
22861	House Kavo Barlög still has the best chance, doesn't it? After all, the current ruler is...	やっぱりカヴォ・バルログ家が一番有力じゃない？何しろ今の統治者は…
22862	Now that you're all right, let's hurry back. The airship has been waiting for you for ages!	無事なら急いで戻ろう。飛行船がずっと待ってるよ！
22863	A set of Clothes and a pair of Shoes are lying on the ground. They look kind of familiar...	地面に服と靴が落ちている。どこか見覚えがある…
22864	The Behemoth Altar has been activated, and a Behemoth is advancing toward the stronghold!!!	ベヒーモスの祭壇が起動し、ベヒーモスが拠点へ進軍中！！！
22865	“Check the safety rope three times, and keep your weapon within reach. Those are the rules.	「安全ロープは3回確認し、武器は手の届く場所に置く。それがルールだ。
22866	Bobo\nThere are more crates ahead. Let's see if any of the Professor's supplies are inside!	ボボ\n前にも箱があるよ。教授の物資が入ってないか見てみよう！
22867	Bobo\n(Shakes head) No, no, no! He has to be okay! We still need him to pay our commission!	ボボ\n（首を振る）ダメダメ！教授には無事でいてもらわないと！まだ報酬を払ってもらってないんだから！
22868	Check the safety ropes three times, and keep your weapon within reach. Those are the rules.	安全ロープは3回確認し、武器は手の届く場所に置く。それがルールだ。
22869	Bobo\nI've got a bad feeling whenever this lousy compass lights up. Hurry and check it, bo!	ボボ\nこのポンコツコンパスが光るたび嫌な予感がするよ。早く確認して、ボ！
22870	Bobo\nWhy did he stop next to the Culvert inlet? The thief couldn't be inside, could they?!	ボボ\nなんで地下水路の入口で止まったんだ？まさか泥棒、中にいるの！？
22871	^{1}Is it lonely at the top? No—the top has the best views and the strongest opponents.^{2}	^{1}頂点は孤独？いや、最高の景色と最強の相手が待っている。^{2}
22872	You can reenter from the Guild Events screen after leaving. Are you sure you want to leave?	退出後もギルドイベント画面から再入場できます。本当に退出しますか？
22873	A small, common Basilac Clam that is easy to catch almost anywhere. Sometimes used as bait.	どこでも比較的簡単に捕れる小型の一般的なバジラック貝。餌に使われることもある。
22874	Obtained by dismantling Purple Cards. Can be used for the Level-up of red and Orange Cards.	紫カードの解体で入手。赤・オレンジカードのレベルアップに使用できる。
22875	A superb deep Red Healing Potion. Instantly restores @{1}+@{2}% HP. Cooldown: @{3} seconds.	極上の深紅ヒーリングポーション。HPを即座に@{1}+@{2}%回復。クールダウン：@{3}秒。
22876	A staff made from the skull of a powerful Lich. An aura of Curse continually pours from it.	強大なリッチの頭蓋骨で作られた杖。絶えず呪いの気配を放っている。
22877	AGI Swordsman can deliver rapid Normal Attacks, dealing considerable damage with high ASPD.	AGI型ソードマンは高ASPDによる高速通常攻撃で大きなダメージを与える。
22878	Use Movement to approach the target, then quickly Kill them with devastating critical hits.	移動で対象へ接近し、強烈なクリティカルで一気に仕留める。
22879	You are currently in an instance. Leaving the party will also remove you from the instance.	現在インスタンス内です。パーティを抜けるとインスタンスからも退出します。
22880	<color=#CC762A>${1}</color>'s party <color=#CC762A>activated it with a First Clear!</color>	<color=#CC762A>${1}</color>のパーティが<color=#CC762A>初回クリアで起動しました！</color>
22881	Stronghold War - Guild is not eligible to participate in the current state's Stronghold War	拠点戦 - ギルドは現在の州の拠点戦参加資格を満たしていません
22882	Poring blows a bubble, creating a ^{1}Bubble Shield^{2} for its master that lasts ${2} sec.	ポリンが泡を吹き、主人に${2}秒間持続する^{1}バブルシールド^{2}を付与。
22883	You've reached the stockpiling limit for the Premium Monthly Pass and cannot purchase more.	プレミアム月間パスのストック上限に達しているため、これ以上購入できません。
22884	Now I have my own caravan and live comfortably, but the shadow of that day still haunts me.	今では自分のキャラバンを持ち、楽に暮らしている。でもあの日の影は今も消えない。
22885	The Professor really trusts you now. The latest request specifically names you for the job!	教授はすっかり君を信頼している。今回の依頼は名指しで君をご指名だ！
22886	Damage taken from monsters reduced by @{1}% and damage taken from players reduced by @{2}%.	モンスターからの被ダメージ -@{1}%、プレイヤーからの被ダメージ -@{2}%。
22887	Damage taken from monsters reduced by @{1}%, and Physical and Magic DEF increased by @{2}%.	モンスターからの被ダメージ -@{1}%、物理・魔法DEF +@{2}%。
22888	This quest embodies the tireless efforts of countless predecessors and grants unlimited EXP.	無数の先人のたゆまぬ努力が込められたクエスト。EXPを無制限に獲得できる。
22889	Complete the Battle of Dragon Coffin Island once with ^{1}@{1} Member(s)^{2} from your guild	ギルドの^{1}@{1}人のメンバー^{2}とドラゴンコフィン島の戦いを1回クリア
22890	@{1}.Random events may occur during the match. Seize these opportunities to become stronger.	@{1}.対戦中にランダムイベントが発生することがあります。好機を活かして強くなろう。
22891	Delete search history?\nThis will permanently clear all search history and cannot be undone.	検索履歴を削除しますか？\nすべての検索履歴が完全に削除され、元に戻せません。
22892	Find powerful MVP Monsters in the Field and participate in an MVP Kill to earn Rare rewards!	フィールドの強力なMVPモンスターを探し、MVP討伐に参加してレア報酬を獲得！
22893	You have fewer supplies than the minimum listing quantity of ${1}. Unable to post the Trade.	物資が最低出品数量${1}未満のため出品できません。
22894	Vehicle shield activated, granting a shield equal to ${1}% of the vehicle's HP for ${2} sec.	車両シールド起動。${2}秒間、車両HPの${1}%分のシールドを付与。
22895	When using an instant recovery item, there is a ${1}% Chance to increase its effect by ${2}%	即時回復アイテム使用時、${1}%の確率で効果 +${2}%
22896	When equipped with a dagger, increases Attack Speed by ^{1}${1}^{2} and AGI by ^{3}${2}^{4}.	短剣装備時、攻撃速度 +^{1}${1}^{2}、AGI +^{3}${2}^{4}。
22897	For every @{1} enemy hit by 【Lord of Vermilion】, its damage increases by ${1}%, up to ${2}%.	【ロードオブヴァーミリオン】が敵@{1}体に命中するごとにダメージ +${1}%、最大${2}%。
22898	A tiny kun hidden in the deep sea. Someday, it will slowly grow and soar into the heavens...	深海に潜む小さな鯤。いつかゆっくり成長し、天へ羽ばたくという…
22899	After High-Rate AFK Mode is disabled, it will automatically reactivate at 5:00 the next day.	高倍率AFKモード無効化後、翌日5:00に自動で再有効化されます。
22900	Compared to the White Potion sold in shops, "Tasty Fish" has the advantage of weighing less.	店売りのホワイトポーションと比べ、「おいしい魚」は重量が軽いのが利点。
22901	Once the Merge Guild process begins, the guilds will be merged at 5:00 the following morning	ギルド統合処理開始後、翌朝5:00にギルドが統合されます
22902	Utility-slot pets activate Passive Skills\nOnly 1 core Passive Skill can be active at a time	ユーティリティスロットのペットはパッシブスキルを発動\nコアパッシブスキルは同時に1つだけ有効
22903	An S-Rank Pet is guaranteed within <color=#fdab5b><size=36>${1}</size></color> more searches	あと<color=#fdab5b><size=36>${1}</size></color>回以内の検索でSランクペット確定
22904	You can also drag skills onto the Auto-Battle Wheel to equip them. (Tap anywhere to finish.)	スキルをオートバトルホイールへドラッグして装備することもできます。（どこかをタップして終了）
22905	After your Job Advance, you can choose job talent skills. Come learn about them with me, bo~	転職後は職業タレントスキルを選べるよ。一緒に見てみよう、ボ～
22906	Good luck. Remember, if you encounter Eddga, approach it carefully. That beast is ferocious.	健闘を祈る。エドガに遭遇したら慎重に近づけ。あいつは凶暴だ。
22907	Here is the reward you earned in the Rift Crisis event. Please claim it from the attachment.	リフトクライシスイベントで獲得した報酬です。添付から受け取ってください。
22908	Well, I'll be... Those little rascals really came! Look how happily they're bouncing around!	まあ…あのちびたち、本当に来たよ！あんなに楽しそうに跳ね回って！
22909	Wh-What?! W-Where did you say? The Black Forest?! Baphomet?! No, no, no! This is a disaster!	な、何だって！？ど、どこだって？黒い森！？バフォメット！？ダメだダメだ、大惨事だ！
22910	Something unusual? Now that you ask... Yes, there was! I think I had... a fateful encounter!	変わったこと？そう言われてみれば…あった！たぶん…運命の出会いをしたんだ！
22911	Hey, my friend! You're back! Judging by the look on your face, do you have good news for me?	おお、友よ！戻ったか！その顔を見ると、いい知らせがあるみたいだな？
22912	I understand! You must be trying to protect someone, right? Just like in the knightly tales~	分かった！誰かを守ろうとしてるんだね？騎士物語みたい～
22913	They say you can make lots of friends in a guild. Could such a wonderful place really exist?	ギルドに入れば友達がたくさんできるんだって。そんな素敵な場所、本当にあるのかな？
22914	This fruit comes straight from our orchard. If it isn't delicious, it's free! Come try some!	うちの果樹園直送だよ。おいしくなかったらタダ！さあ食べてみて！
22915	Swordsmen don't need any other skills—just one punch! Bash! Bash! Bash! That's all it takes!	ソードマンに他のスキルなんていらない！一撃あるのみ！バッシュ！バッシュ！バッシュ！それで十分！
22916	Welcome! You've come to the Stile family shop, renowned for making the 【Stop Sign Headgear】.	いらっしゃい！ここは【ストップサイン頭装備】で有名なスタイル家のお店です。
22917	Hoho! It's been ages since the Knights joined an event like this. What a lively celebration!	ほほう！騎士団がこんな催しに参加するのは久しぶりじゃ。にぎやかな祭りじゃのう！
22918	Hey, we could use a strong, reliable partner like You. So, are you interested in Joining us?	なあ、君みたいに強くて頼れる仲間が欲しいんだ。どうだ、俺たちと組まないか？
22919	Heh-heh, dummy! After seeing how you handled that crisis, I fully acknowledge your strength.	へへっ、このおバカ！あの危機を乗り越えたのを見て、君の強さは認めるよ。
22920	(Sticks out his tongue, about to lick the "Treasure" in the cardboard box) Woof, woof, woof!	（舌を出し、段ボール箱の「お宝」を舐めようとする）ワン、ワン、ワン！
22921	Hahaha! Yes, exactly. Since you're okay, I'll be going. I still have a mission to carry out.	ハハハ！その通りだ。無事なら私は行くよ。まだ任務が残っているからね。
22922	The fun and good fortune keep coming! It's time for the prize drawing!\nSecond Prize Drawing	楽しさと幸運はまだ続く！いよいよ抽選タイム！\n2等抽選
22923	@{1} of our ^{1}Elite Treasure Carts^{2} are under attack!^{3}^{4}^{5}Rescue Now^{6}^{7}^{8}	味方の^{1}エリート宝物カート^{2}@{1}台が攻撃されています！^{3}^{4}^{5}今すぐ救援^{6}^{7}^{8}
22924	The central defenses are under heavy attack! If they fall, Prontera will quickly be overrun!	中央防衛線が猛攻を受けている！ここが落ちればプロンテラは一気に制圧されるぞ！
22925	Terrible news... Prontera's central defenses have been breached, and the capital has fallen!	最悪の知らせだ…プロンテラ中央防衛線が突破され、首都が陥落した！
22926	A card album used to store cards. It's so old that it's hard to tell which cards are inside.	カードを保管するカードアルバム。古すぎて中に何のカードが入っているか分からない。
22927	Open to obtain Card: Golden Thief Bug, a large amount of Zeny, and some Blue Card Fragments.	開くとカード：黄金蟲、大量のゼニー、青カードの欠片を獲得。
22928	A transparent jellyfish with a moon-shaped marking on its head. It is said to glow at night.	頭に月形の模様がある透明なクラゲ。夜になると光るという。
22929	An amphibian with incredible jumping ability. Its slippery body makes it difficult to catch.	驚異的な跳躍力を持つ両生類。体がぬるぬるしていて捕まえにくい。
22930	A crustacean with five pairs of legs. It turns pink when cooked and is absolutely delicious.	5対の脚を持つ甲殻類。加熱するとピンク色になり、とてもおいしい。
22931	A roll of woolen cloth that provides good insulation, commonly used to Craft Fine equipment.	保温性に優れた毛織布のロール。上質な装備の製作によく使われる。
22932	Pure wood taken from the heart of solid timber, offering exceptional resilience and support.	丈夫な木材の芯から切り出した純木。優れた弾力性と支持力を持つ。
22933	Distance until S1 Season officially begins: <color=#ede79d><size=72>${1}</size></color> days	S1シーズン正式開始まで：<color=#ede79d><size=72>${1}</size></color>日
22934	Made of sturdy fabric, this cloak covers the neck, shoulders, and back for added protection.	丈夫な布で作られ、首・肩・背中を覆って防護力を高めるマント。
22935	Once Peak Challenge begins, attempts for other five-player dungeons will no longer increase.	ピークチャレンジ開始後、他の5人ダンジョンの挑戦回数は増加しません。
22936	After gathering any type of resource @{1} times, gain @{2} Extra corresponding main products	任意の資源を@{1}回採集するごとに、対応する主産物を追加で@{2}個獲得
22937	You or a party member must obtain ${1}-quality equipment ${2} times in Kafra Survival Battle	カプラ・サバイバルバトルで自身またはパーティメンバーが${1}品質装備を${2}回獲得
22938	Auto-Bid has already been initiated. Another Pre-purchase at the same price is Not Required.	自動入札は開始済みです。同価格で再度事前購入する必要はありません。
22939	Master the Spear. When equipped with a Spear weapon, increases Physical ATK by ^{1}${1}^{2}.	槍術を極める。槍装備時、物理ATK +^{1}${1}^{2}。
22940	Reduces damage taken from Undead property monsters and Demon Race monsters by ^{1}${1}%^{2}.	不死属性モンスター・悪魔形モンスターからの被ダメージ -^{1}${1}%^{2}。
22941	Grants Endure, making you immune to crowd control, knock-up, and knockback for ${1} seconds.	インデュアを付与し、${1}秒間行動妨害・打ち上げ・ノックバックを無効化。
22942	Damage dealt to enemies afflicted with ^{1}status effects^{2} is increased by ^{3}${1}%^{4}.	^{1}状態異常^{2}中の敵への与ダメージ +^{3}${1}%^{4}。
22943	You've reached the stockpiling limit for the Standard Monthly Pass and cannot purchase more.	通常月間パスのストック上限に達しているため、これ以上購入できません。
22944	Take part in the <color=#ff993f>Dummy Challenge</color> and push your limit to earn rewards.	<color=#ff993f>ダミーチャレンジ</color>に参加し、限界に挑んで報酬を獲得しよう。
22945	Extends bandages from its body and lashes downward, creating @{1} rectangular AOEs around it	体から包帯を伸ばして叩きつけ、周囲に@{1}個の長方形範囲攻撃を生成
22946	Summons many Mummies around the arena. Players can group up and defeat them with AOE attacks	アリーナ周囲に多数のマミーを召喚。プレイヤーは集まって範囲攻撃で倒せる
22947	Casts several large AOEs at random locations in the arena, leaving a Horong at each location	アリーナ内のランダム地点に複数の大型範囲攻撃を放ち、各地点にホロンを残す
22948	Non-Conquerors receive <color=#fdab5b>Veteran Rewards</color> based on their guild's ranking.	征服者以外はギルド順位に応じた<color=#fdab5b>ベテラン報酬</color>を獲得。
22949	The attackers on the road were the Guild Members' family members. Hear what they have to say.	道で襲ってきたのはギルドメンバーの家族だった。話を聞いてみよう。
22950	【Challenge】 Clear any Phantom Realm with at least @{1} other Members of your Adventure Party.	【チャレンジ】冒険グループのほかのメンバー@{1}人以上と任意のファントムレルムをクリア。
22951	Talent Upgrade increases the character's relevant stats and allows you to select Job Talents.	タレント強化で関連ステータスが上昇し、職業タレントを選択できるようになります。
22952	Another guild building is currently undergoing Level-up. Please try again once it is complete	別のギルド施設をレベルアップ中です。完了後に再試行してください
22953	At Season Settlement, if you remain ranked ${1}-${2}, you will receive the following rewards.	シーズン精算時に順位${1}-${2}を維持していると、以下の報酬を獲得。
22954	When a minor monster (fleeing monster) with subtype @{1} dies, create a Transformation Manual	サブタイプ@{1}の小型モンスター（逃走モンスター）死亡時、変身マニュアルを生成
22955	Only one card that changes armor elemental properties can be socketed. Already socketed: ${1}	防具の属性を変更するカードは1枚のみ装着可能です。装着済み：${1}
22956	Special buff. When dealing Weapon Damage, there is a Chance to increase Weapon Damage by 50%.	特殊バフ。武器ダメージを与えると、確率で武器ダメージ +50%。
22957	In the early days of the original RO, players relied primarily on Strawberries to restore SP.	RO原作初期では、SP回復手段として主にイチゴが使われていた。
22958	The Guild Store determines the level of Benefits that can be purchased for all Guild Members.	ギルドショップのレベルにより、全ギルドメンバーが購入できる特典レベルが決まります。
22959	Rally Guild Members to defeat giant monsters, participate in auctions, and receive Dividends.	ギルドメンバーを集めて巨大モンスターを倒し、オークションに参加して配当を受け取ろう。
22960	The higher your Hatchery's level, the better your chance of hatching a high-quality baby pet~	孵化場レベルが高いほど、高品質なペットの赤ちゃんが生まれやすくなるよ～
22961	The Trade Exchange is unlocked! It's a treasure trove that's sure to have something you want.	取引所解放！欲しいものがきっと見つかる宝の山だよ。
22962	Wh-Whoa... M-M-Master! Doesn't that mean we're standing on the lid of one giant cooking pot?!	う、うわ…し、師匠！ってことは、今ボクたち巨大な鍋のフタの上に立ってるの！？
22963	Congratulations! You finished ${1} in this event. Here are your rewards. Please collect them!	おめでとう！このイベントで${1}を達成しました。報酬を受け取ってください！
22964	You're on! My research will never lose to some bird! PlayerName, let's head to the racetrack.	望むところだ！私の研究が鳥なんかに負けるものか！PlayerName、競技場へ行こう。
22965	So it's a pet cat. Professor, what were you thinking? Why didn't you transport it by airship?	ペットの猫だったのか。教授、何を考えてたんだ？どうして飛行船で運ばなかった？
22966	Oh, Crystal donations require the support of a guild... Go find some like-minded adventurers!	ああ、クリスタル寄付にはギルドの協力が必要なんだ…志を同じくする冒険者を探そう！
22967	Every day feels so rewarding... Joining the Chivalry was definitely the right choice! Hahaha!	毎日充実してる…騎士団に入って本当によかった！ハハハ！
22968	Hm? You mean the cave in the mountain behind us? What's happening there has everyone worried.	ん？後ろの山にある洞窟のことか？そこで起きてることをみんな心配してるよ。
22969	Check the securing ropes three times, and keep your weapon within reach. Those are the rules.	固定ロープは3回確認し、武器は手の届く場所に置く。それがルールだ。
22970	Finally! I thought that fat bird was going to carry me off as a snack. Thank You, Adventurer.	やっとだ！あの太った鳥におやつとして連れ去られるかと思ったよ。ありがとう、冒険者。
22971	Well... it simply materialized out of nowhere, almost as if a divine miracle had descended...	そうだな…突然何もないところから現れたんだ。まるで神の奇跡が舞い降りたように…
22972	Wule\n^{1}PlayerName^{2}, quick! The red circle marks Eddga's attack range. Get out of there!	ウーレ\n^{1}PlayerName^{2}、早く！赤い円はエドガの攻撃範囲だ。そこから離れて！
22973	Bobo\n(Shakes head) I feel awful as soon as I get near this place... Is the Relic causing it?	ボボ\n（首を振る）ここに近づくだけで気分が悪くなる…遺物のせいなのかな？
22974	Bobo\nYou rotten thieves! You're the ones who stole the Professor's instruments, aren't you?!	ボボ\nこの泥棒ども！教授の楽器を盗んだのはお前たちだろ！？
22975	Only affects the story experience. <color=#ff993f>Does not affect progression rewards</color>	ストーリー体験にのみ影響します。<color=#ff993f>進行報酬には影響しません</color>
22976	Obtain Green and Blue Headgear Materials, plus one random Purple or Orange Headgear Material.	緑・青品質の頭装備素材と、紫またはオレンジ品質の頭装備素材をランダムで1つ獲得。
22977	A top-quality fish used in many dishes. Its high price makes it difficult to enjoy regularly.	さまざまな料理に使われる最高級の魚。高価なので日常的にはなかなか食べられない。
22978	A wooden rune imbued with spiritual power that can add Extra magical properties to equipment.	霊力を宿した木製ルーン。装備に追加の魔法属性を付与できる。
22979	Mysterious powder infused with magical energy. An essential material for Enchant and alchemy.	魔力を帯びた不思議な粉。エンチャントや錬金術に欠かせない素材。
22980	A Tiger's Footskin said to be very beneficial to one's health. Can be exchanged for Headwear.	健康に良いとされる虎の足皮。頭装備と交換可能。
22981	Distance until S1 Season officially begins: <color=#ede79d><size=72>${1}</size></color> hours	S1シーズン正式開始まで：<color=#ede79d><size=72>${1}</size></color>時間
22982	A Fly Wing imbued with spatial Magic. Use it to Move to a random location on the current map.	空間魔法を宿したハエの羽。使用すると現在のマップ内のランダム地点へ移動する。
22983	A superb bright Red Healing Potion. Instantly restores @{1}+@{2}% HP. Cooldown: @{3} seconds.	極上の鮮紅ヒーリングポーション。HPを即座に@{1}+@{2}%回復。クールダウン：@{3}秒。
22984	Current Equipment has a high-quality Enchant. Enchanting may replace it and result in a loss.	現在の装備には高品質エンチャントがあります。再エンチャントで置換され、失われる可能性があります。
22985	Chase the bright moon and behold Dunhuang.\nExclusive Duo Action for the Nine-Tone Mantra set	明月を追い、敦煌を望む。\n九音真言セット専用デュオアクション
22986	Axe Tornado Listener - Remove Movement Speed Boost and Crowd Control Immunity When Skill Ends	アックストルネード監視 - スキル終了時に移動速度上昇と行動妨害無効を解除
22987	Unleashes the weapon's full potential, increasing Physical DMG by ^{1}${2}%^{2} for ${1} sec.	武器の力を完全に引き出し、${1}秒間物理ダメージ +^{1}${2}%^{2}。
22988	Camouflages the Supply Cart for ${1} sec. Taking damage while camouflaged will not reveal it.	補給カートを${1}秒間カモフラージュ。効果中にダメージを受けても解除されない。
22989	Increases the direct Healing of ^{1}Recovery-type^{2} Primary Battle Skills by ^{3}${1}%^{4}.	^{1}回復型^{2}メイン戦闘スキルの直接回復量 +^{3}${1}%^{4}。
22990	On HIT, deals an Extra instance of ranged Holy magic damage equal to Magic ATK *^{1}${1}%^{2}	命中時、魔法ATK *^{1}${1}%^{2}の遠距離聖属性魔法ダメージを追加で1回与える
22991	The Party Leader is in a special Location and cannot invite or accept players into the party.	パーティリーダーが特殊エリアにいるため、プレイヤーを招待・受諾できません。
22992	Quicksand will appear in ${1} seconds! Hide behind a stone pillar so you don't get pulled in!	${1}秒後に流砂が出現！吸い込まれないよう石柱の後ろへ隠れろ！
22993	Quicksand will strike in ${1} seconds! Hide behind a stone pillar so you don't get pulled in!	${1}秒後に流砂が襲来！吸い込まれないよう石柱の後ろへ隠れろ！
22994	After casting 【Envenomed Blade】 ${1} times, triggers 【Venom】 damage ${2} times on the target.	【エンベノムブレイド】を${1}回使用後、対象に【ヴェノム】ダメージを${2}回発動。
22995	Immune to Slow. Increases ST Normal Attack damage by @{1}% and Spiral Pierce damage by @{2}%.	鈍足無効。単体通常攻撃ダメージ +@{1}%、スパイラルピアースダメージ +@{2}%。
22996	Physical ATK increased by @{1}%, and 【Aimed Shot】 skill damage multiplier increased by @{2}%.	物理ATK +@{1}%、【エイムドボルト】のスキルダメージ倍率 +@{2}%。
22997	The Professor's supplies were seized at Prontera's North Gate. Go there and recover the cargo.	教授の物資がプロンテラ北門で奪われた。現地へ向かい貨物を取り戻そう。
22998	Restore the saved attributes? This will overwrite the equipment's current smelting attributes.	保存済み属性を復元しますか？装備の現在の精錬属性は上書きされます。
22999	If your bid is knocked off the rankings, Our Guild will place an Auto bid within ${1} seconds.	入札がランキング圏外になった場合、味方ギルドが${1}秒以内に自動入札します。
23000	The Impeachment is failed if the Initiator leaves the Guild voluntarily during the impeachment	弾劾中に発起人が自主的にギルドを脱退すると、弾劾は失敗します
